ISO-10303-21;
HEADER;
FILE_DESCRIPTION(('Open CASCADE Model'),'2;1');
FILE_NAME('Open CASCADE Shape Model','2024-03-26T23:15:02',('Author'),(
    'Open CASCADE'),'Open CASCADE STEP processor 7.5','Open CASCADE 7.5'
  ,'Unknown');
FILE_SCHEMA(('AUTOMOTIVE_DESIGN { 1 0 10303 214 1 1 1 1 }'));
ENDSEC;
DATA;
#1 = APPLICATION_PROTOCOL_DEFINITION('international standard',
  'automotive_design',2000,#2);
#2 = APPLICATION_CONTEXT(
  'core data for automotive mechanical design processes');
#3 = SHAPE_DEFINITION_REPRESENTATION(#4,#10);
#4 = PRODUCT_DEFINITION_SHAPE('','',#5);
#5 = PRODUCT_DEFINITION('design','',#6,#9);
#6 = PRODUCT_DEFINITION_FORMATION('','',#7);
#7 = PRODUCT('PCB','PCB','',(#8));
#8 = PRODUCT_CONTEXT('',#2,'mechanical');
#9 = PRODUCT_DEFINITION_CONTEXT('part definition',#2,'design');
#10 = SHAPE_REPRESENTATION('',(#11,#15,#19,#23,#27,#31,#35,#39,#43,#47),
  #51);
#11 = AXIS2_PLACEMENT_3D('',#12,#13,#14);
#12 = CARTESIAN_POINT('',(0.,0.,0.));
#13 = DIRECTION('',(0.,0.,1.));
#14 = DIRECTION('',(1.,0.,-0.));
#15 = AXIS2_PLACEMENT_3D('',#16,#17,#18);
#16 = CARTESIAN_POINT('',(0.,0.,0.));
#17 = DIRECTION('',(0.,0.,1.));
#18 = DIRECTION('',(1.,0.,-0.));
#19 = AXIS2_PLACEMENT_3D('',#20,#21,#22);
#20 = CARTESIAN_POINT('',(0.,0.,0.));
#21 = DIRECTION('',(0.,0.,1.));
#22 = DIRECTION('',(1.,0.,-0.));
#23 = AXIS2_PLACEMENT_3D('',#24,#25,#26);
#24 = CARTESIAN_POINT('',(0.,0.,0.));
#25 = DIRECTION('',(0.,0.,1.));
#26 = DIRECTION('',(1.,0.,-0.));
#27 = AXIS2_PLACEMENT_3D('',#28,#29,#30);
#28 = CARTESIAN_POINT('',(0.,0.,0.));
#29 = DIRECTION('',(0.,0.,1.));
#30 = DIRECTION('',(1.,0.,-0.));
#31 = AXIS2_PLACEMENT_3D('',#32,#33,#34);
#32 = CARTESIAN_POINT('',(0.,0.,0.));
#33 = DIRECTION('',(0.,0.,1.));
#34 = DIRECTION('',(1.,0.,-0.));
#35 = AXIS2_PLACEMENT_3D('',#36,#37,#38);
#36 = CARTESIAN_POINT('',(0.,0.,0.));
#37 = DIRECTION('',(0.,0.,1.));
#38 = DIRECTION('',(1.,0.,-0.));
#39 = AXIS2_PLACEMENT_3D('',#40,#41,#42);
#40 = CARTESIAN_POINT('',(0.,0.,0.));
#41 = DIRECTION('',(0.,0.,1.));
#42 = DIRECTION('',(1.,0.,-0.));
#43 = AXIS2_PLACEMENT_3D('',#44,#45,#46);
#44 = CARTESIAN_POINT('',(0.,0.,0.));
#45 = DIRECTION('',(0.,0.,1.));
#46 = DIRECTION('',(1.,0.,-0.));
#47 = AXIS2_PLACEMENT_3D('',#48,#49,#50);
#48 = CARTESIAN_POINT('',(0.,0.,0.));
#49 = DIRECTION('',(0.,0.,1.));
#50 = DIRECTION('',(1.,0.,-0.));
#51 = ( GEOMETRIC_REPRESENTATION_CONTEXT(3) 
GLOBAL_UNCERTAINTY_ASSIGNED_CONTEXT((#55)) GLOBAL_UNIT_ASSIGNED_CONTEXT(
(#52,#53,#54)) REPRESENTATION_CONTEXT('Context #1',
  '3D Context with UNIT and UNCERTAINTY') );
#52 = ( LENGTH_UNIT() NAMED_UNIT(*) SI_UNIT(.MILLI.,.METRE.) );
#53 = ( NAMED_UNIT(*) PLANE_ANGLE_UNIT() SI_UNIT($,.RADIAN.) );
#54 = ( NAMED_UNIT(*) SI_UNIT($,.STERADIAN.) SOLID_ANGLE_UNIT() );
#55 = UNCERTAINTY_MEASURE_WITH_UNIT(LENGTH_MEASURE(5.E-06),#52,
  'distance_accuracy_value','confusion accuracy');
#56 = PRODUCT_RELATED_PRODUCT_CATEGORY('part',$,(#7));
#57 = SHAPE_DEFINITION_REPRESENTATION(#58,#64);
#58 = PRODUCT_DEFINITION_SHAPE('','',#59);
#59 = PRODUCT_DEFINITION('design','',#60,#63);
#60 = PRODUCT_DEFINITION_FORMATION('','',#61);
#61 = PRODUCT('Board','Board','',(#62));
#62 = PRODUCT_CONTEXT('',#2,'mechanical');
#63 = PRODUCT_DEFINITION_CONTEXT('part definition',#2,'design');
#64 = SHAPE_REPRESENTATION('',(#11,#65),#69);
#65 = AXIS2_PLACEMENT_3D('',#66,#67,#68);
#66 = CARTESIAN_POINT('',(0.,0.,-0.41148));
#67 = DIRECTION('',(0.,0.,1.));
#68 = DIRECTION('',(1.,0.,-0.));
#69 = ( GEOMETRIC_REPRESENTATION_CONTEXT(3) 
GLOBAL_UNCERTAINTY_ASSIGNED_CONTEXT((#73)) GLOBAL_UNIT_ASSIGNED_CONTEXT(
(#70,#71,#72)) REPRESENTATION_CONTEXT('Context #1',
  '3D Context with UNIT and UNCERTAINTY') );
#70 = ( LENGTH_UNIT() NAMED_UNIT(*) SI_UNIT(.MILLI.,.METRE.) );
#71 = ( NAMED_UNIT(*) PLANE_ANGLE_UNIT() SI_UNIT($,.RADIAN.) );
#72 = ( NAMED_UNIT(*) SI_UNIT($,.STERADIAN.) SOLID_ANGLE_UNIT() );
#73 = UNCERTAINTY_MEASURE_WITH_UNIT(LENGTH_MEASURE(1.E-07),#70,
  'distance_accuracy_value','confusion accuracy');
#74 = ADVANCED_BREP_SHAPE_REPRESENTATION('',(#11,#75),#755);
#75 = MANIFOLD_SOLID_BREP('',#76);
#76 = CLOSED_SHELL('',(#77,#119,#150,#183,#214,#247,#278,#311,#333,#366,
    #399,#432,#465,#498,#531,#564,#597,#630,#663,#709));
#77 = ADVANCED_FACE('',(#78),#114,.T.);
#78 = FACE_BOUND('',#79,.T.);
#79 = EDGE_LOOP('',(#80,#90,#99,#107));
#80 = ORIENTED_EDGE('',*,*,#81,.T.);
#81 = EDGE_CURVE('',#82,#84,#86,.T.);
#82 = VERTEX_POINT('',#83);
#83 = CARTESIAN_POINT('',(2.5,0.,0.));
#84 = VERTEX_POINT('',#85);
#85 = CARTESIAN_POINT('',(2.5,0.,0.41148));
#86 = LINE('',#87,#88);
#87 = CARTESIAN_POINT('',(2.5,0.,0.));
#88 = VECTOR('',#89,1.);
#89 = DIRECTION('',(0.,0.,1.));
#90 = ORIENTED_EDGE('',*,*,#91,.T.);
#91 = EDGE_CURVE('',#84,#92,#94,.T.);
#92 = VERTEX_POINT('',#93);
#93 = CARTESIAN_POINT('',(0.,2.5,0.41148));
#94 = CIRCLE('',#95,2.499204736999);
#95 = AXIS2_PLACEMENT_3D('',#96,#97,#98);
#96 = CARTESIAN_POINT('',(2.49920461043,2.49920461043,0.41148));
#97 = DIRECTION('',(0.,0.,-1.));
#98 = DIRECTION('',(3.182570673083E-04,-0.999999949356,0.));
#99 = ORIENTED_EDGE('',*,*,#100,.F.);
#100 = EDGE_CURVE('',#101,#92,#103,.T.);
#101 = VERTEX_POINT('',#102);
#102 = CARTESIAN_POINT('',(0.,2.5,0.));
#103 = LINE('',#104,#105);
#104 = CARTESIAN_POINT('',(0.,2.5,0.));
#105 = VECTOR('',#106,1.);
#106 = DIRECTION('',(0.,0.,1.));
#107 = ORIENTED_EDGE('',*,*,#108,.F.);
#108 = EDGE_CURVE('',#82,#101,#109,.T.);
#109 = CIRCLE('',#110,2.499204736999);
#110 = AXIS2_PLACEMENT_3D('',#111,#112,#113);
#111 = CARTESIAN_POINT('',(2.49920461043,2.49920461043,0.));
#112 = DIRECTION('',(0.,0.,-1.));
#113 = DIRECTION('',(3.182570673083E-04,-0.999999949356,0.));
#114 = CYLINDRICAL_SURFACE('',#115,2.499204736999);
#115 = AXIS2_PLACEMENT_3D('',#116,#117,#118);
#116 = CARTESIAN_POINT('',(2.49920461043,2.49920461043,0.));
#117 = DIRECTION('',(0.,0.,-1.));
#118 = DIRECTION('',(3.182570673083E-04,-0.999999949356,0.));
#119 = ADVANCED_FACE('',(#120),#145,.T.);
#120 = FACE_BOUND('',#121,.T.);
#121 = EDGE_LOOP('',(#122,#123,#131,#139));
#122 = ORIENTED_EDGE('',*,*,#100,.T.);
#123 = ORIENTED_EDGE('',*,*,#124,.T.);
#124 = EDGE_CURVE('',#92,#125,#127,.T.);
#125 = VERTEX_POINT('',#126);
#126 = CARTESIAN_POINT('',(-2.22044604925E-16,17.5,0.41148));
#127 = LINE('',#128,#129);
#128 = CARTESIAN_POINT('',(0.,2.5,0.41148));
#129 = VECTOR('',#130,1.);
#130 = DIRECTION('',(0.,1.,0.));
#131 = ORIENTED_EDGE('',*,*,#132,.F.);
#132 = EDGE_CURVE('',#133,#125,#135,.T.);
#133 = VERTEX_POINT('',#134);
#134 = CARTESIAN_POINT('',(-2.22044604925E-16,17.5,0.));
#135 = LINE('',#136,#137);
#136 = CARTESIAN_POINT('',(-2.22044604925E-16,17.5,0.));
#137 = VECTOR('',#138,1.);
#138 = DIRECTION('',(0.,0.,1.));
#139 = ORIENTED_EDGE('',*,*,#140,.F.);
#140 = EDGE_CURVE('',#101,#133,#141,.T.);
#141 = LINE('',#142,#143);
#142 = CARTESIAN_POINT('',(0.,2.5,0.));
#143 = VECTOR('',#144,1.);
#144 = DIRECTION('',(0.,1.,0.));
#145 = PLANE('',#146);
#146 = AXIS2_PLACEMENT_3D('',#147,#148,#149);
#147 = CARTESIAN_POINT('',(0.,2.5,0.));
#148 = DIRECTION('',(-1.,0.,0.));
#149 = DIRECTION('',(0.,1.,0.));
#150 = ADVANCED_FACE('',(#151),#178,.T.);
#151 = FACE_BOUND('',#152,.T.);
#152 = EDGE_LOOP('',(#153,#154,#163,#171));
#153 = ORIENTED_EDGE('',*,*,#132,.T.);
#154 = ORIENTED_EDGE('',*,*,#155,.T.);
#155 = EDGE_CURVE('',#125,#156,#158,.T.);
#156 = VERTEX_POINT('',#157);
#157 = CARTESIAN_POINT('',(2.5,20.,0.41148));
#158 = CIRCLE('',#159,2.499205346845);
#159 = AXIS2_PLACEMENT_3D('',#160,#161,#162);
#160 = CARTESIAN_POINT('',(2.49920522047,17.50079477953,0.41148));
#161 = DIRECTION('',(0.,0.,-1.));
#162 = DIRECTION('',(-0.999999949434,-3.180128959337E-04,-0.));
#163 = ORIENTED_EDGE('',*,*,#164,.F.);
#164 = EDGE_CURVE('',#165,#156,#167,.T.);
#165 = VERTEX_POINT('',#166);
#166 = CARTESIAN_POINT('',(2.5,20.,0.));
#167 = LINE('',#168,#169);
#168 = CARTESIAN_POINT('',(2.5,20.,0.));
#169 = VECTOR('',#170,1.);
#170 = DIRECTION('',(0.,0.,1.));
#171 = ORIENTED_EDGE('',*,*,#172,.F.);
#172 = EDGE_CURVE('',#133,#165,#173,.T.);
#173 = CIRCLE('',#174,2.499205346845);
#174 = AXIS2_PLACEMENT_3D('',#175,#176,#177);
#175 = CARTESIAN_POINT('',(2.49920522047,17.50079477953,0.));
#176 = DIRECTION('',(0.,0.,-1.));
#177 = DIRECTION('',(-0.999999949434,-3.180128959337E-04,-0.));
#178 = CYLINDRICAL_SURFACE('',#179,2.499205346845);
#179 = AXIS2_PLACEMENT_3D('',#180,#181,#182);
#180 = CARTESIAN_POINT('',(2.49920522047,17.50079477953,0.));
#181 = DIRECTION('',(0.,0.,-1.));
#182 = DIRECTION('',(-0.999999949434,-3.180128959337E-04,-0.));
#183 = ADVANCED_FACE('',(#184),#209,.T.);
#184 = FACE_BOUND('',#185,.T.);
#185 = EDGE_LOOP('',(#186,#187,#195,#203));
#186 = ORIENTED_EDGE('',*,*,#164,.T.);
#187 = ORIENTED_EDGE('',*,*,#188,.T.);
#188 = EDGE_CURVE('',#156,#189,#191,.T.);
#189 = VERTEX_POINT('',#190);
#190 = CARTESIAN_POINT('',(17.5,20.,0.41148));
#191 = LINE('',#192,#193);
#192 = CARTESIAN_POINT('',(2.5,20.,0.41148));
#193 = VECTOR('',#194,1.);
#194 = DIRECTION('',(1.,0.,0.));
#195 = ORIENTED_EDGE('',*,*,#196,.F.);
#196 = EDGE_CURVE('',#197,#189,#199,.T.);
#197 = VERTEX_POINT('',#198);
#198 = CARTESIAN_POINT('',(17.5,20.,0.));
#199 = LINE('',#200,#201);
#200 = CARTESIAN_POINT('',(17.5,20.,0.));
#201 = VECTOR('',#202,1.);
#202 = DIRECTION('',(0.,0.,1.));
#203 = ORIENTED_EDGE('',*,*,#204,.F.);
#204 = EDGE_CURVE('',#165,#197,#205,.T.);
#205 = LINE('',#206,#207);
#206 = CARTESIAN_POINT('',(2.5,20.,0.));
#207 = VECTOR('',#208,1.);
#208 = DIRECTION('',(1.,0.,0.));
#209 = PLANE('',#210);
#210 = AXIS2_PLACEMENT_3D('',#211,#212,#213);
#211 = CARTESIAN_POINT('',(2.5,20.,0.));
#212 = DIRECTION('',(0.,1.,0.));
#213 = DIRECTION('',(1.,0.,0.));
#214 = ADVANCED_FACE('',(#215),#242,.T.);
#215 = FACE_BOUND('',#216,.T.);
#216 = EDGE_LOOP('',(#217,#218,#227,#235));
#217 = ORIENTED_EDGE('',*,*,#196,.T.);
#218 = ORIENTED_EDGE('',*,*,#219,.T.);
#219 = EDGE_CURVE('',#189,#220,#222,.T.);
#220 = VERTEX_POINT('',#221);
#221 = CARTESIAN_POINT('',(20.,17.5,0.41148));
#222 = CIRCLE('',#223,2.499205956692);
#223 = AXIS2_PLACEMENT_3D('',#224,#225,#226);
#224 = CARTESIAN_POINT('',(17.500794169489,17.500794169489,0.41148));
#225 = DIRECTION('',(0.,0.,-1.));
#226 = DIRECTION('',(-3.177687245105E-04,0.999999949512,0.));
#227 = ORIENTED_EDGE('',*,*,#228,.F.);
#228 = EDGE_CURVE('',#229,#220,#231,.T.);
#229 = VERTEX_POINT('',#230);
#230 = CARTESIAN_POINT('',(20.,17.5,0.));
#231 = LINE('',#232,#233);
#232 = CARTESIAN_POINT('',(20.,17.5,0.));
#233 = VECTOR('',#234,1.);
#234 = DIRECTION('',(0.,0.,1.));
#235 = ORIENTED_EDGE('',*,*,#236,.F.);
#236 = EDGE_CURVE('',#197,#229,#237,.T.);
#237 = CIRCLE('',#238,2.499205956692);
#238 = AXIS2_PLACEMENT_3D('',#239,#240,#241);
#239 = CARTESIAN_POINT('',(17.500794169489,17.500794169489,0.));
#240 = DIRECTION('',(0.,0.,-1.));
#241 = DIRECTION('',(-3.177687245105E-04,0.999999949512,0.));
#242 = CYLINDRICAL_SURFACE('',#243,2.499205956692);
#243 = AXIS2_PLACEMENT_3D('',#244,#245,#246);
#244 = CARTESIAN_POINT('',(17.500794169489,17.500794169489,0.));
#245 = DIRECTION('',(0.,0.,-1.));
#246 = DIRECTION('',(-3.177687245105E-04,0.999999949512,0.));
#247 = ADVANCED_FACE('',(#248),#273,.T.);
#248 = FACE_BOUND('',#249,.T.);
#249 = EDGE_LOOP('',(#250,#251,#259,#267));
#250 = ORIENTED_EDGE('',*,*,#228,.T.);
#251 = ORIENTED_EDGE('',*,*,#252,.T.);
#252 = EDGE_CURVE('',#220,#253,#255,.T.);
#253 = VERTEX_POINT('',#254);
#254 = CARTESIAN_POINT('',(20.,2.5,0.41148));
#255 = LINE('',#256,#257);
#256 = CARTESIAN_POINT('',(20.,17.5,0.41148));
#257 = VECTOR('',#258,1.);
#258 = DIRECTION('',(0.,-1.,0.));
#259 = ORIENTED_EDGE('',*,*,#260,.F.);
#260 = EDGE_CURVE('',#261,#253,#263,.T.);
#261 = VERTEX_POINT('',#262);
#262 = CARTESIAN_POINT('',(20.,2.5,0.));
#263 = LINE('',#264,#265);
#264 = CARTESIAN_POINT('',(20.,2.5,0.));
#265 = VECTOR('',#266,1.);
#266 = DIRECTION('',(0.,0.,1.));
#267 = ORIENTED_EDGE('',*,*,#268,.F.);
#268 = EDGE_CURVE('',#229,#261,#269,.T.);
#269 = LINE('',#270,#271);
#270 = CARTESIAN_POINT('',(20.,17.5,0.));
#271 = VECTOR('',#272,1.);
#272 = DIRECTION('',(0.,-1.,0.));
#273 = PLANE('',#274);
#274 = AXIS2_PLACEMENT_3D('',#275,#276,#277);
#275 = CARTESIAN_POINT('',(20.,17.5,0.));
#276 = DIRECTION('',(1.,0.,-0.));
#277 = DIRECTION('',(0.,-1.,0.));
#278 = ADVANCED_FACE('',(#279),#306,.T.);
#279 = FACE_BOUND('',#280,.T.);
#280 = EDGE_LOOP('',(#281,#282,#291,#299));
#281 = ORIENTED_EDGE('',*,*,#260,.T.);
#282 = ORIENTED_EDGE('',*,*,#283,.T.);
#283 = EDGE_CURVE('',#253,#284,#286,.T.);
#284 = VERTEX_POINT('',#285);
#285 = CARTESIAN_POINT('',(17.5,-2.22044604925E-16,0.41148));
#286 = CIRCLE('',#287,2.499205346845);
#287 = AXIS2_PLACEMENT_3D('',#288,#289,#290);
#288 = CARTESIAN_POINT('',(17.50079477953,2.49920522047,0.41148));
#289 = DIRECTION('',(0.,0.,-1.));
#290 = DIRECTION('',(0.999999949434,3.180128959341E-04,0.));
#291 = ORIENTED_EDGE('',*,*,#292,.F.);
#292 = EDGE_CURVE('',#293,#284,#295,.T.);
#293 = VERTEX_POINT('',#294);
#294 = CARTESIAN_POINT('',(17.5,-2.22044604925E-16,0.));
#295 = LINE('',#296,#297);
#296 = CARTESIAN_POINT('',(17.5,-2.22044604925E-16,0.));
#297 = VECTOR('',#298,1.);
#298 = DIRECTION('',(0.,0.,1.));
#299 = ORIENTED_EDGE('',*,*,#300,.F.);
#300 = EDGE_CURVE('',#261,#293,#301,.T.);
#301 = CIRCLE('',#302,2.499205346845);
#302 = AXIS2_PLACEMENT_3D('',#303,#304,#305);
#303 = CARTESIAN_POINT('',(17.50079477953,2.49920522047,0.));
#304 = DIRECTION('',(0.,0.,-1.));
#305 = DIRECTION('',(0.999999949434,3.180128959341E-04,0.));
#306 = CYLINDRICAL_SURFACE('',#307,2.499205346845);
#307 = AXIS2_PLACEMENT_3D('',#308,#309,#310);
#308 = CARTESIAN_POINT('',(17.50079477953,2.49920522047,0.));
#309 = DIRECTION('',(0.,0.,-1.));
#310 = DIRECTION('',(0.999999949434,3.180128959341E-04,0.));
#311 = ADVANCED_FACE('',(#312),#328,.T.);
#312 = FACE_BOUND('',#313,.T.);
#313 = EDGE_LOOP('',(#314,#315,#321,#322));
#314 = ORIENTED_EDGE('',*,*,#292,.T.);
#315 = ORIENTED_EDGE('',*,*,#316,.T.);
#316 = EDGE_CURVE('',#284,#84,#317,.T.);
#317 = LINE('',#318,#319);
#318 = CARTESIAN_POINT('',(17.5,0.,0.41148));
#319 = VECTOR('',#320,1.);
#320 = DIRECTION('',(-1.,0.,0.));
#321 = ORIENTED_EDGE('',*,*,#81,.F.);
#322 = ORIENTED_EDGE('',*,*,#323,.F.);
#323 = EDGE_CURVE('',#293,#82,#324,.T.);
#324 = LINE('',#325,#326);
#325 = CARTESIAN_POINT('',(17.5,0.,0.));
#326 = VECTOR('',#327,1.);
#327 = DIRECTION('',(-1.,0.,0.));
#328 = PLANE('',#329);
#329 = AXIS2_PLACEMENT_3D('',#330,#331,#332);
#330 = CARTESIAN_POINT('',(17.5,0.,0.));
#331 = DIRECTION('',(0.,-1.,0.));
#332 = DIRECTION('',(-1.,0.,0.));
#333 = ADVANCED_FACE('',(#334),#361,.T.);
#334 = FACE_BOUND('',#335,.F.);
#335 = EDGE_LOOP('',(#336,#346,#353,#354));
#336 = ORIENTED_EDGE('',*,*,#337,.T.);
#337 = EDGE_CURVE('',#338,#340,#342,.T.);
#338 = VERTEX_POINT('',#339);
#339 = CARTESIAN_POINT('',(3.2,7.5,0.));
#340 = VERTEX_POINT('',#341);
#341 = CARTESIAN_POINT('',(3.2,7.5,0.41148));
#342 = LINE('',#343,#344);
#343 = CARTESIAN_POINT('',(3.2,7.5,0.));
#344 = VECTOR('',#345,1.);
#345 = DIRECTION('',(0.,0.,1.));
#346 = ORIENTED_EDGE('',*,*,#347,.T.);
#347 = EDGE_CURVE('',#340,#340,#348,.T.);
#348 = CIRCLE('',#349,0.45);
#349 = AXIS2_PLACEMENT_3D('',#350,#351,#352);
#350 = CARTESIAN_POINT('',(2.75,7.5,0.41148));
#351 = DIRECTION('',(0.,0.,1.));
#352 = DIRECTION('',(1.,0.,-0.));
#353 = ORIENTED_EDGE('',*,*,#337,.F.);
#354 = ORIENTED_EDGE('',*,*,#355,.F.);
#355 = EDGE_CURVE('',#338,#338,#356,.T.);
#356 = CIRCLE('',#357,0.45);
#357 = AXIS2_PLACEMENT_3D('',#358,#359,#360);
#358 = CARTESIAN_POINT('',(2.75,7.5,0.));
#359 = DIRECTION('',(0.,0.,1.));
#360 = DIRECTION('',(1.,0.,-0.));
#361 = CYLINDRICAL_SURFACE('',#362,0.45);
#362 = AXIS2_PLACEMENT_3D('',#363,#364,#365);
#363 = CARTESIAN_POINT('',(2.75,7.5,0.));
#364 = DIRECTION('',(-0.,-0.,-1.));
#365 = DIRECTION('',(1.,0.,-0.));
#366 = ADVANCED_FACE('',(#367),#394,.T.);
#367 = FACE_BOUND('',#368,.F.);
#368 = EDGE_LOOP('',(#369,#379,#386,#387));
#369 = ORIENTED_EDGE('',*,*,#370,.T.);
#370 = EDGE_CURVE('',#371,#373,#375,.T.);
#371 = VERTEX_POINT('',#372);
#372 = CARTESIAN_POINT('',(3.6,2.5,0.));
#373 = VERTEX_POINT('',#374);
#374 = CARTESIAN_POINT('',(3.6,2.5,0.41148));
#375 = LINE('',#376,#377);
#376 = CARTESIAN_POINT('',(3.6,2.5,0.));
#377 = VECTOR('',#378,1.);
#378 = DIRECTION('',(0.,0.,1.));
#379 = ORIENTED_EDGE('',*,*,#380,.T.);
#380 = EDGE_CURVE('',#373,#373,#381,.T.);
#381 = CIRCLE('',#382,1.1);
#382 = AXIS2_PLACEMENT_3D('',#383,#384,#385);
#383 = CARTESIAN_POINT('',(2.5,2.5,0.41148));
#384 = DIRECTION('',(0.,0.,1.));
#385 = DIRECTION('',(1.,0.,-0.));
#386 = ORIENTED_EDGE('',*,*,#370,.F.);
#387 = ORIENTED_EDGE('',*,*,#388,.F.);
#388 = EDGE_CURVE('',#371,#371,#389,.T.);
#389 = CIRCLE('',#390,1.1);
#390 = AXIS2_PLACEMENT_3D('',#391,#392,#393);
#391 = CARTESIAN_POINT('',(2.5,2.5,0.));
#392 = DIRECTION('',(0.,0.,1.));
#393 = DIRECTION('',(1.,0.,-0.));
#394 = CYLINDRICAL_SURFACE('',#395,1.1);
#395 = AXIS2_PLACEMENT_3D('',#396,#397,#398);
#396 = CARTESIAN_POINT('',(2.5,2.5,0.));
#397 = DIRECTION('',(-0.,-0.,-1.));
#398 = DIRECTION('',(1.,0.,-0.));
#399 = ADVANCED_FACE('',(#400),#427,.T.);
#400 = FACE_BOUND('',#401,.F.);
#401 = EDGE_LOOP('',(#402,#412,#419,#420));
#402 = ORIENTED_EDGE('',*,*,#403,.T.);
#403 = EDGE_CURVE('',#404,#406,#408,.T.);
#404 = VERTEX_POINT('',#405);
#405 = CARTESIAN_POINT('',(3.2,10.04,0.));
#406 = VERTEX_POINT('',#407);
#407 = CARTESIAN_POINT('',(3.2,10.04,0.41148));
#408 = LINE('',#409,#410);
#409 = CARTESIAN_POINT('',(3.2,10.04,0.));
#410 = VECTOR('',#411,1.);
#411 = DIRECTION('',(0.,0.,1.));
#412 = ORIENTED_EDGE('',*,*,#413,.T.);
#413 = EDGE_CURVE('',#406,#406,#414,.T.);
#414 = CIRCLE('',#415,0.45);
#415 = AXIS2_PLACEMENT_3D('',#416,#417,#418);
#416 = CARTESIAN_POINT('',(2.75,10.04,0.41148));
#417 = DIRECTION('',(0.,0.,1.));
#418 = DIRECTION('',(1.,0.,-0.));
#419 = ORIENTED_EDGE('',*,*,#403,.F.);
#420 = ORIENTED_EDGE('',*,*,#421,.F.);
#421 = EDGE_CURVE('',#404,#404,#422,.T.);
#422 = CIRCLE('',#423,0.45);
#423 = AXIS2_PLACEMENT_3D('',#424,#425,#426);
#424 = CARTESIAN_POINT('',(2.75,10.04,0.));
#425 = DIRECTION('',(0.,0.,1.));
#426 = DIRECTION('',(1.,0.,-0.));
#427 = CYLINDRICAL_SURFACE('',#428,0.45);
#428 = AXIS2_PLACEMENT_3D('',#429,#430,#431);
#429 = CARTESIAN_POINT('',(2.75,10.04,0.));
#430 = DIRECTION('',(-0.,-0.,-1.));
#431 = DIRECTION('',(1.,0.,-0.));
#432 = ADVANCED_FACE('',(#433),#460,.T.);
#433 = FACE_BOUND('',#434,.F.);
#434 = EDGE_LOOP('',(#435,#445,#452,#453));
#435 = ORIENTED_EDGE('',*,*,#436,.T.);
#436 = EDGE_CURVE('',#437,#439,#441,.T.);
#437 = VERTEX_POINT('',#438);
#438 = CARTESIAN_POINT('',(7.74,16.75,0.));
#439 = VERTEX_POINT('',#440);
#440 = CARTESIAN_POINT('',(7.74,16.75,0.41148));
#441 = LINE('',#442,#443);
#442 = CARTESIAN_POINT('',(7.74,16.75,0.));
#443 = VECTOR('',#444,1.);
#444 = DIRECTION('',(0.,0.,1.));
#445 = ORIENTED_EDGE('',*,*,#446,.T.);
#446 = EDGE_CURVE('',#439,#439,#447,.T.);
#447 = CIRCLE('',#448,0.45);
#448 = AXIS2_PLACEMENT_3D('',#449,#450,#451);
#449 = CARTESIAN_POINT('',(7.29,16.75,0.41148));
#450 = DIRECTION('',(0.,0.,1.));
#451 = DIRECTION('',(1.,0.,-0.));
#452 = ORIENTED_EDGE('',*,*,#436,.F.);
#453 = ORIENTED_EDGE('',*,*,#454,.F.);
#454 = EDGE_CURVE('',#437,#437,#455,.T.);
#455 = CIRCLE('',#456,0.45);
#456 = AXIS2_PLACEMENT_3D('',#457,#458,#459);
#457 = CARTESIAN_POINT('',(7.29,16.75,0.));
#458 = DIRECTION('',(0.,0.,1.));
#459 = DIRECTION('',(1.,0.,-0.));
#460 = CYLINDRICAL_SURFACE('',#461,0.45);
#461 = AXIS2_PLACEMENT_3D('',#462,#463,#464);
#462 = CARTESIAN_POINT('',(7.29,16.75,0.));
#463 = DIRECTION('',(-0.,-0.,-1.));
#464 = DIRECTION('',(1.,0.,-0.));
#465 = ADVANCED_FACE('',(#466),#493,.T.);
#466 = FACE_BOUND('',#467,.F.);
#467 = EDGE_LOOP('',(#468,#478,#485,#486));
#468 = ORIENTED_EDGE('',*,*,#469,.T.);
#469 = EDGE_CURVE('',#470,#472,#474,.T.);
#470 = VERTEX_POINT('',#471);
#471 = CARTESIAN_POINT('',(5.2,16.75,0.));
#472 = VERTEX_POINT('',#473);
#473 = CARTESIAN_POINT('',(5.2,16.75,0.41148));
#474 = LINE('',#475,#476);
#475 = CARTESIAN_POINT('',(5.2,16.75,0.));
#476 = VECTOR('',#477,1.);
#477 = DIRECTION('',(0.,0.,1.));
#478 = ORIENTED_EDGE('',*,*,#479,.T.);
#479 = EDGE_CURVE('',#472,#472,#480,.T.);
#480 = CIRCLE('',#481,0.45);
#481 = AXIS2_PLACEMENT_3D('',#482,#483,#484);
#482 = CARTESIAN_POINT('',(4.75,16.75,0.41148));
#483 = DIRECTION('',(0.,0.,1.));
#484 = DIRECTION('',(1.,0.,-0.));
#485 = ORIENTED_EDGE('',*,*,#469,.F.);
#486 = ORIENTED_EDGE('',*,*,#487,.F.);
#487 = EDGE_CURVE('',#470,#470,#488,.T.);
#488 = CIRCLE('',#489,0.45);
#489 = AXIS2_PLACEMENT_3D('',#490,#491,#492);
#490 = CARTESIAN_POINT('',(4.75,16.75,0.));
#491 = DIRECTION('',(0.,0.,1.));
#492 = DIRECTION('',(1.,0.,-0.));
#493 = CYLINDRICAL_SURFACE('',#494,0.45);
#494 = AXIS2_PLACEMENT_3D('',#495,#496,#497);
#495 = CARTESIAN_POINT('',(4.75,16.75,0.));
#496 = DIRECTION('',(-0.,-0.,-1.));
#497 = DIRECTION('',(1.,0.,-0.));
#498 = ADVANCED_FACE('',(#499),#526,.T.);
#499 = FACE_BOUND('',#500,.F.);
#500 = EDGE_LOOP('',(#501,#511,#518,#519));
#501 = ORIENTED_EDGE('',*,*,#502,.T.);
#502 = EDGE_CURVE('',#503,#505,#507,.T.);
#503 = VERTEX_POINT('',#504);
#504 = CARTESIAN_POINT('',(16.45,8.25,0.));
#505 = VERTEX_POINT('',#506);
#506 = CARTESIAN_POINT('',(16.45,8.25,0.41148));
#507 = LINE('',#508,#509);
#508 = CARTESIAN_POINT('',(16.45,8.25,0.));
#509 = VECTOR('',#510,1.);
#510 = DIRECTION('',(0.,0.,1.));
#511 = ORIENTED_EDGE('',*,*,#512,.T.);
#512 = EDGE_CURVE('',#505,#505,#513,.T.);
#513 = CIRCLE('',#514,0.45);
#514 = AXIS2_PLACEMENT_3D('',#515,#516,#517);
#515 = CARTESIAN_POINT('',(16.,8.25,0.41148));
#516 = DIRECTION('',(0.,0.,1.));
#517 = DIRECTION('',(1.,0.,-0.));
#518 = ORIENTED_EDGE('',*,*,#502,.F.);
#519 = ORIENTED_EDGE('',*,*,#520,.F.);
#520 = EDGE_CURVE('',#503,#503,#521,.T.);
#521 = CIRCLE('',#522,0.45);
#522 = AXIS2_PLACEMENT_3D('',#523,#524,#525);
#523 = CARTESIAN_POINT('',(16.,8.25,0.));
#524 = DIRECTION('',(0.,0.,1.));
#525 = DIRECTION('',(1.,0.,-0.));
#526 = CYLINDRICAL_SURFACE('',#527,0.45);
#527 = AXIS2_PLACEMENT_3D('',#528,#529,#530);
#528 = CARTESIAN_POINT('',(16.,8.25,0.));
#529 = DIRECTION('',(-0.,-0.,-1.));
#530 = DIRECTION('',(1.,0.,-0.));
#531 = ADVANCED_FACE('',(#532),#559,.T.);
#532 = FACE_BOUND('',#533,.F.);
#533 = EDGE_LOOP('',(#534,#544,#551,#552));
#534 = ORIENTED_EDGE('',*,*,#535,.T.);
#535 = EDGE_CURVE('',#536,#538,#540,.T.);
#536 = VERTEX_POINT('',#537);
#537 = CARTESIAN_POINT('',(16.45,5.71,0.));
#538 = VERTEX_POINT('',#539);
#539 = CARTESIAN_POINT('',(16.45,5.71,0.41148));
#540 = LINE('',#541,#542);
#541 = CARTESIAN_POINT('',(16.45,5.71,0.));
#542 = VECTOR('',#543,1.);
#543 = DIRECTION('',(0.,0.,1.));
#544 = ORIENTED_EDGE('',*,*,#545,.T.);
#545 = EDGE_CURVE('',#538,#538,#546,.T.);
#546 = CIRCLE('',#547,0.45);
#547 = AXIS2_PLACEMENT_3D('',#548,#549,#550);
#548 = CARTESIAN_POINT('',(16.,5.71,0.41148));
#549 = DIRECTION('',(0.,0.,1.));
#550 = DIRECTION('',(1.,0.,-0.));
#551 = ORIENTED_EDGE('',*,*,#535,.F.);
#552 = ORIENTED_EDGE('',*,*,#553,.F.);
#553 = EDGE_CURVE('',#536,#536,#554,.T.);
#554 = CIRCLE('',#555,0.45);
#555 = AXIS2_PLACEMENT_3D('',#556,#557,#558);
#556 = CARTESIAN_POINT('',(16.,5.71,0.));
#557 = DIRECTION('',(0.,0.,1.));
#558 = DIRECTION('',(1.,0.,-0.));
#559 = CYLINDRICAL_SURFACE('',#560,0.45);
#560 = AXIS2_PLACEMENT_3D('',#561,#562,#563);
#561 = CARTESIAN_POINT('',(16.,5.71,0.));
#562 = DIRECTION('',(-0.,-0.,-1.));
#563 = DIRECTION('',(1.,0.,-0.));
#564 = ADVANCED_FACE('',(#565),#592,.T.);
#565 = FACE_BOUND('',#566,.F.);
#566 = EDGE_LOOP('',(#567,#577,#584,#585));
#567 = ORIENTED_EDGE('',*,*,#568,.T.);
#568 = EDGE_CURVE('',#569,#571,#573,.T.);
#569 = VERTEX_POINT('',#570);
#570 = CARTESIAN_POINT('',(10.95,16.75,0.));
#571 = VERTEX_POINT('',#572);
#572 = CARTESIAN_POINT('',(10.95,16.75,0.41148));
#573 = LINE('',#574,#575);
#574 = CARTESIAN_POINT('',(10.95,16.75,0.));
#575 = VECTOR('',#576,1.);
#576 = DIRECTION('',(0.,0.,1.));
#577 = ORIENTED_EDGE('',*,*,#578,.T.);
#578 = EDGE_CURVE('',#571,#571,#579,.T.);
#579 = CIRCLE('',#580,0.45);
#580 = AXIS2_PLACEMENT_3D('',#581,#582,#583);
#581 = CARTESIAN_POINT('',(10.5,16.75,0.41148));
#582 = DIRECTION('',(0.,0.,1.));
#583 = DIRECTION('',(1.,0.,-0.));
#584 = ORIENTED_EDGE('',*,*,#568,.F.);
#585 = ORIENTED_EDGE('',*,*,#586,.F.);
#586 = EDGE_CURVE('',#569,#569,#587,.T.);
#587 = CIRCLE('',#588,0.45);
#588 = AXIS2_PLACEMENT_3D('',#589,#590,#591);
#589 = CARTESIAN_POINT('',(10.5,16.75,0.));
#590 = DIRECTION('',(0.,0.,1.));
#591 = DIRECTION('',(1.,0.,-0.));
#592 = CYLINDRICAL_SURFACE('',#593,0.45);
#593 = AXIS2_PLACEMENT_3D('',#594,#595,#596);
#594 = CARTESIAN_POINT('',(10.5,16.75,0.));
#595 = DIRECTION('',(-0.,-0.,-1.));
#596 = DIRECTION('',(1.,0.,-0.));
#597 = ADVANCED_FACE('',(#598),#625,.T.);
#598 = FACE_BOUND('',#599,.F.);
#599 = EDGE_LOOP('',(#600,#610,#617,#618));
#600 = ORIENTED_EDGE('',*,*,#601,.T.);
#601 = EDGE_CURVE('',#602,#604,#606,.T.);
#602 = VERTEX_POINT('',#603);
#603 = CARTESIAN_POINT('',(13.49,16.75,0.));
#604 = VERTEX_POINT('',#605);
#605 = CARTESIAN_POINT('',(13.49,16.75,0.41148));
#606 = LINE('',#607,#608);
#607 = CARTESIAN_POINT('',(13.49,16.75,0.));
#608 = VECTOR('',#609,1.);
#609 = DIRECTION('',(0.,0.,1.));
#610 = ORIENTED_EDGE('',*,*,#611,.T.);
#611 = EDGE_CURVE('',#604,#604,#612,.T.);
#612 = CIRCLE('',#613,0.45);
#613 = AXIS2_PLACEMENT_3D('',#614,#615,#616);
#614 = CARTESIAN_POINT('',(13.04,16.75,0.41148));
#615 = DIRECTION('',(0.,0.,1.));
#616 = DIRECTION('',(1.,0.,-0.));
#617 = ORIENTED_EDGE('',*,*,#601,.F.);
#618 = ORIENTED_EDGE('',*,*,#619,.F.);
#619 = EDGE_CURVE('',#602,#602,#620,.T.);
#620 = CIRCLE('',#621,0.45);
#621 = AXIS2_PLACEMENT_3D('',#622,#623,#624);
#622 = CARTESIAN_POINT('',(13.04,16.75,0.));
#623 = DIRECTION('',(0.,0.,1.));
#624 = DIRECTION('',(1.,0.,-0.));
#625 = CYLINDRICAL_SURFACE('',#626,0.45);
#626 = AXIS2_PLACEMENT_3D('',#627,#628,#629);
#627 = CARTESIAN_POINT('',(13.04,16.75,0.));
#628 = DIRECTION('',(-0.,-0.,-1.));
#629 = DIRECTION('',(1.,0.,-0.));
#630 = ADVANCED_FACE('',(#631),#658,.T.);
#631 = FACE_BOUND('',#632,.F.);
#632 = EDGE_LOOP('',(#633,#643,#650,#651));
#633 = ORIENTED_EDGE('',*,*,#634,.T.);
#634 = EDGE_CURVE('',#635,#637,#639,.T.);
#635 = VERTEX_POINT('',#636);
#636 = CARTESIAN_POINT('',(18.6,17.5,0.));
#637 = VERTEX_POINT('',#638);
#638 = CARTESIAN_POINT('',(18.6,17.5,0.41148));
#639 = LINE('',#640,#641);
#640 = CARTESIAN_POINT('',(18.6,17.5,0.));
#641 = VECTOR('',#642,1.);
#642 = DIRECTION('',(0.,0.,1.));
#643 = ORIENTED_EDGE('',*,*,#644,.T.);
#644 = EDGE_CURVE('',#637,#637,#645,.T.);
#645 = CIRCLE('',#646,1.1);
#646 = AXIS2_PLACEMENT_3D('',#647,#648,#649);
#647 = CARTESIAN_POINT('',(17.5,17.5,0.41148));
#648 = DIRECTION('',(0.,0.,1.));
#649 = DIRECTION('',(1.,0.,-0.));
#650 = ORIENTED_EDGE('',*,*,#634,.F.);
#651 = ORIENTED_EDGE('',*,*,#652,.F.);
#652 = EDGE_CURVE('',#635,#635,#653,.T.);
#653 = CIRCLE('',#654,1.1);
#654 = AXIS2_PLACEMENT_3D('',#655,#656,#657);
#655 = CARTESIAN_POINT('',(17.5,17.5,0.));
#656 = DIRECTION('',(0.,0.,1.));
#657 = DIRECTION('',(1.,0.,-0.));
#658 = CYLINDRICAL_SURFACE('',#659,1.1);
#659 = AXIS2_PLACEMENT_3D('',#660,#661,#662);
#660 = CARTESIAN_POINT('',(17.5,17.5,0.));
#661 = DIRECTION('',(-0.,-0.,-1.));
#662 = DIRECTION('',(1.,0.,-0.));
#663 = ADVANCED_FACE('',(#664,#674,#677,#680,#683,#686,#689,#692,#695,
    #698,#701),#704,.T.);
#664 = FACE_BOUND('',#665,.T.);
#665 = EDGE_LOOP('',(#666,#667,#668,#669,#670,#671,#672,#673));
#666 = ORIENTED_EDGE('',*,*,#108,.T.);
#667 = ORIENTED_EDGE('',*,*,#140,.T.);
#668 = ORIENTED_EDGE('',*,*,#172,.T.);
#669 = ORIENTED_EDGE('',*,*,#204,.T.);
#670 = ORIENTED_EDGE('',*,*,#236,.T.);
#671 = ORIENTED_EDGE('',*,*,#268,.T.);
#672 = ORIENTED_EDGE('',*,*,#300,.T.);
#673 = ORIENTED_EDGE('',*,*,#323,.T.);
#674 = FACE_BOUND('',#675,.F.);
#675 = EDGE_LOOP('',(#676));
#676 = ORIENTED_EDGE('',*,*,#355,.T.);
#677 = FACE_BOUND('',#678,.F.);
#678 = EDGE_LOOP('',(#679));
#679 = ORIENTED_EDGE('',*,*,#388,.T.);
#680 = FACE_BOUND('',#681,.F.);
#681 = EDGE_LOOP('',(#682));
#682 = ORIENTED_EDGE('',*,*,#421,.T.);
#683 = FACE_BOUND('',#684,.F.);
#684 = EDGE_LOOP('',(#685));
#685 = ORIENTED_EDGE('',*,*,#454,.T.);
#686 = FACE_BOUND('',#687,.F.);
#687 = EDGE_LOOP('',(#688));
#688 = ORIENTED_EDGE('',*,*,#487,.T.);
#689 = FACE_BOUND('',#690,.F.);
#690 = EDGE_LOOP('',(#691));
#691 = ORIENTED_EDGE('',*,*,#520,.T.);
#692 = FACE_BOUND('',#693,.F.);
#693 = EDGE_LOOP('',(#694));
#694 = ORIENTED_EDGE('',*,*,#553,.T.);
#695 = FACE_BOUND('',#696,.F.);
#696 = EDGE_LOOP('',(#697));
#697 = ORIENTED_EDGE('',*,*,#586,.T.);
#698 = FACE_BOUND('',#699,.F.);
#699 = EDGE_LOOP('',(#700));
#700 = ORIENTED_EDGE('',*,*,#619,.T.);
#701 = FACE_BOUND('',#702,.F.);
#702 = EDGE_LOOP('',(#703));
#703 = ORIENTED_EDGE('',*,*,#652,.T.);
#704 = PLANE('',#705);
#705 = AXIS2_PLACEMENT_3D('',#706,#707,#708);
#706 = CARTESIAN_POINT('',(9.999999933796,9.999999933796,0.));
#707 = DIRECTION('',(-0.,-0.,-1.));
#708 = DIRECTION('',(-1.,0.,0.));
#709 = ADVANCED_FACE('',(#710,#720,#723,#726,#729,#732,#735,#738,#741,
    #744,#747),#750,.F.);
#710 = FACE_BOUND('',#711,.F.);
#711 = EDGE_LOOP('',(#712,#713,#714,#715,#716,#717,#718,#719));
#712 = ORIENTED_EDGE('',*,*,#91,.T.);
#713 = ORIENTED_EDGE('',*,*,#124,.T.);
#714 = ORIENTED_EDGE('',*,*,#155,.T.);
#715 = ORIENTED_EDGE('',*,*,#188,.T.);
#716 = ORIENTED_EDGE('',*,*,#219,.T.);
#717 = ORIENTED_EDGE('',*,*,#252,.T.);
#718 = ORIENTED_EDGE('',*,*,#283,.T.);
#719 = ORIENTED_EDGE('',*,*,#316,.T.);
#720 = FACE_BOUND('',#721,.T.);
#721 = EDGE_LOOP('',(#722));
#722 = ORIENTED_EDGE('',*,*,#347,.T.);
#723 = FACE_BOUND('',#724,.T.);
#724 = EDGE_LOOP('',(#725));
#725 = ORIENTED_EDGE('',*,*,#380,.T.);
#726 = FACE_BOUND('',#727,.T.);
#727 = EDGE_LOOP('',(#728));
#728 = ORIENTED_EDGE('',*,*,#413,.T.);
#729 = FACE_BOUND('',#730,.T.);
#730 = EDGE_LOOP('',(#731));
#731 = ORIENTED_EDGE('',*,*,#446,.T.);
#732 = FACE_BOUND('',#733,.T.);
#733 = EDGE_LOOP('',(#734));
#734 = ORIENTED_EDGE('',*,*,#479,.T.);
#735 = FACE_BOUND('',#736,.T.);
#736 = EDGE_LOOP('',(#737));
#737 = ORIENTED_EDGE('',*,*,#512,.T.);
#738 = FACE_BOUND('',#739,.T.);
#739 = EDGE_LOOP('',(#740));
#740 = ORIENTED_EDGE('',*,*,#545,.T.);
#741 = FACE_BOUND('',#742,.T.);
#742 = EDGE_LOOP('',(#743));
#743 = ORIENTED_EDGE('',*,*,#578,.T.);
#744 = FACE_BOUND('',#745,.T.);
#745 = EDGE_LOOP('',(#746));
#746 = ORIENTED_EDGE('',*,*,#611,.T.);
#747 = FACE_BOUND('',#748,.T.);
#748 = EDGE_LOOP('',(#749));
#749 = ORIENTED_EDGE('',*,*,#644,.T.);
#750 = PLANE('',#751);
#751 = AXIS2_PLACEMENT_3D('',#752,#753,#754);
#752 = CARTESIAN_POINT('',(9.999999933796,9.999999933796,0.41148));
#753 = DIRECTION('',(-0.,-0.,-1.));
#754 = DIRECTION('',(-1.,0.,0.));
#755 = ( GEOMETRIC_REPRESENTATION_CONTEXT(3) 
GLOBAL_UNCERTAINTY_ASSIGNED_CONTEXT((#759)) GLOBAL_UNIT_ASSIGNED_CONTEXT
((#756,#757,#758)) REPRESENTATION_CONTEXT('Context #1',
  '3D Context with UNIT and UNCERTAINTY') );
#756 = ( LENGTH_UNIT() NAMED_UNIT(*) SI_UNIT(.MILLI.,.METRE.) );
#757 = ( NAMED_UNIT(*) PLANE_ANGLE_UNIT() SI_UNIT($,.RADIAN.) );
#758 = ( NAMED_UNIT(*) SI_UNIT($,.STERADIAN.) SOLID_ANGLE_UNIT() );
#759 = UNCERTAINTY_MEASURE_WITH_UNIT(LENGTH_MEASURE(1.E-07),#756,
  'distance_accuracy_value','confusion accuracy');
#760 = SHAPE_DEFINITION_REPRESENTATION(#761,#74);
#761 = PRODUCT_DEFINITION_SHAPE('','',#762);
#762 = PRODUCT_DEFINITION('design','',#763,#766);
#763 = PRODUCT_DEFINITION_FORMATION('','',#764);
#764 = PRODUCT('Open CASCADE STEP translator 7.5 1.1.1',
  'Open CASCADE STEP translator 7.5 1.1.1','',(#765));
#765 = PRODUCT_CONTEXT('',#2,'mechanical');
#766 = PRODUCT_DEFINITION_CONTEXT('part definition',#2,'design');
#767 = CONTEXT_DEPENDENT_SHAPE_REPRESENTATION(#768,#770);
#768 = ( REPRESENTATION_RELATIONSHIP('','',#74,#64) 
REPRESENTATION_RELATIONSHIP_WITH_TRANSFORMATION(#769) 
SHAPE_REPRESENTATION_RELATIONSHIP() );
#769 = ITEM_DEFINED_TRANSFORMATION('','',#11,#65);
#770 = PRODUCT_DEFINITION_SHAPE('Placement','Placement of an item',#771
  );
#771 = NEXT_ASSEMBLY_USAGE_OCCURRENCE('1','','',#59,#762,$);
#772 = PRODUCT_RELATED_PRODUCT_CATEGORY('part',$,(#764));
#773 = CONTEXT_DEPENDENT_SHAPE_REPRESENTATION(#774,#776);
#774 = ( REPRESENTATION_RELATIONSHIP('','',#64,#10) 
REPRESENTATION_RELATIONSHIP_WITH_TRANSFORMATION(#775) 
SHAPE_REPRESENTATION_RELATIONSHIP() );
#775 = ITEM_DEFINED_TRANSFORMATION('','',#11,#15);
#776 = PRODUCT_DEFINITION_SHAPE('Placement','Placement of an item',#777
  );
#777 = NEXT_ASSEMBLY_USAGE_OCCURRENCE('2','','',#5,#59,$);
#778 = PRODUCT_RELATED_PRODUCT_CATEGORY('part',$,(#61));
#779 = SHAPE_DEFINITION_REPRESENTATION(#780,#786);
#780 = PRODUCT_DEFINITION_SHAPE('','',#781);
#781 = PRODUCT_DEFINITION('design','',#782,#785);
#782 = PRODUCT_DEFINITION_FORMATION('','',#783);
#783 = PRODUCT('R4','R4','',(#784));
#784 = PRODUCT_CONTEXT('',#2,'mechanical');
#785 = PRODUCT_DEFINITION_CONTEXT('part definition',#2,'design');
#786 = SHAPE_REPRESENTATION('',(#11,#787),#791);
#787 = AXIS2_PLACEMENT_3D('',#788,#789,#790);
#788 = CARTESIAN_POINT('',(5.49999961853,11.500001525879,0.));
#789 = DIRECTION('',(-0.,0.,1.));
#790 = DIRECTION('',(1.19248806385E-08,-1.,0.));
#791 = ( GEOMETRIC_REPRESENTATION_CONTEXT(3) 
GLOBAL_UNCERTAINTY_ASSIGNED_CONTEXT((#795)) GLOBAL_UNIT_ASSIGNED_CONTEXT
((#792,#793,#794)) REPRESENTATION_CONTEXT('Context #1',
  '3D Context with UNIT and UNCERTAINTY') );
#792 = ( LENGTH_UNIT() NAMED_UNIT(*) SI_UNIT(.MILLI.,.METRE.) );
#793 = ( NAMED_UNIT(*) PLANE_ANGLE_UNIT() SI_UNIT($,.RADIAN.) );
#794 = ( NAMED_UNIT(*) SI_UNIT($,.STERADIAN.) SOLID_ANGLE_UNIT() );
#795 = UNCERTAINTY_MEASURE_WITH_UNIT(LENGTH_MEASURE(5.E-06),#792,
  'distance_accuracy_value','confusion accuracy');
#796 = SHAPE_DEFINITION_REPRESENTATION(#797,#803);
#797 = PRODUCT_DEFINITION_SHAPE('','',#798);
#798 = PRODUCT_DEFINITION('design','',#799,#802);
#799 = PRODUCT_DEFINITION_FORMATION('','',#800);
#800 = PRODUCT('Res_Vishay_CRCW06033M90FKEC_eec',
  'Res_Vishay_CRCW06033M90FKEC_eec','',(#801));
#801 = PRODUCT_CONTEXT('',#2,'mechanical');
#802 = PRODUCT_DEFINITION_CONTEXT('part definition',#2,'design');
#803 = SHAPE_REPRESENTATION('',(#11,#804,#808,#812,#816,#820),#824);
#804 = AXIS2_PLACEMENT_3D('',#805,#806,#807);
#805 = CARTESIAN_POINT('',(0.,0.,0.));
#806 = DIRECTION('',(0.,0.,1.));
#807 = DIRECTION('',(1.,0.,0.));
#808 = AXIS2_PLACEMENT_3D('',#809,#810,#811);
#809 = CARTESIAN_POINT('',(0.,0.,0.));
#810 = DIRECTION('',(0.,0.,1.));
#811 = DIRECTION('',(1.,0.,0.));
#812 = AXIS2_PLACEMENT_3D('',#813,#814,#815);
#813 = CARTESIAN_POINT('',(0.,0.,0.));
#814 = DIRECTION('',(0.,0.,1.));
#815 = DIRECTION('',(1.,0.,0.));
#816 = AXIS2_PLACEMENT_3D('',#817,#818,#819);
#817 = CARTESIAN_POINT('',(0.471317163226,0.30361378597,0.4001));
#818 = DIRECTION('',(-2.636779683485E-16,3.885780586188E-16,1.));
#819 = DIRECTION('',(1.,-1.942890293094E-16,2.636779683485E-16));
#820 = AXIS2_PLACEMENT_3D('',#821,#822,#823);
#821 = CARTESIAN_POINT('',(0.47888994212,0.299755610714,0.4001));
#822 = DIRECTION('',(-5.551115123126E-17,-5.20417042793E-18,1.));
#823 = DIRECTION('',(1.,5.898059818321E-17,5.551115123126E-17));
#824 = ( GEOMETRIC_REPRESENTATION_CONTEXT(3) 
GLOBAL_UNCERTAINTY_ASSIGNED_CONTEXT((#828)) GLOBAL_UNIT_ASSIGNED_CONTEXT
((#825,#826,#827)) REPRESENTATION_CONTEXT('Context #1',
  '3D Context with UNIT and UNCERTAINTY') );
#825 = ( LENGTH_UNIT() NAMED_UNIT(*) SI_UNIT(.MILLI.,.METRE.) );
#826 = ( NAMED_UNIT(*) PLANE_ANGLE_UNIT() SI_UNIT($,.RADIAN.) );
#827 = ( NAMED_UNIT(*) SI_UNIT($,.STERADIAN.) SOLID_ANGLE_UNIT() );
#828 = UNCERTAINTY_MEASURE_WITH_UNIT(LENGTH_MEASURE(5.E-06),#825,
  'distance_accuracy_value','confusion accuracy');
#829 = SHAPE_REPRESENTATION('',(#11,#830,#1384),#1938);
#830 = MANIFOLD_SOLID_BREP('',#831);
#831 = CLOSED_SHELL('',(#832,#874,#905,#947,#1010,#1084,#1116,#1140,
    #1165,#1189,#1220,#1237,#1268,#1292,#1318,#1330,#1347,#1372));
#832 = ADVANCED_FACE('',(#833),#869,.F.);
#833 = FACE_BOUND('',#834,.F.);
#834 = EDGE_LOOP('',(#835,#845,#854,#862));
#835 = ORIENTED_EDGE('',*,*,#836,.F.);
#836 = EDGE_CURVE('',#837,#839,#841,.T.);
#837 = VERTEX_POINT('',#838);
#838 = CARTESIAN_POINT('',(-0.705,0.425,0.45));
#839 = VERTEX_POINT('',#840);
#840 = CARTESIAN_POINT('',(-0.705,-0.425,0.45));
#841 = LINE('',#842,#843);
#842 = CARTESIAN_POINT('',(-0.705,0.425,0.45));
#843 = VECTOR('',#844,1.);
#844 = DIRECTION('',(1.088453945711E-16,-1.,0.));
#845 = ORIENTED_EDGE('',*,*,#846,.F.);
#846 = EDGE_CURVE('',#847,#837,#849,.T.);
#847 = VERTEX_POINT('',#848);
#848 = CARTESIAN_POINT('',(-0.725,0.425,0.43));
#849 = CIRCLE('',#850,2.E-02);
#850 = AXIS2_PLACEMENT_3D('',#851,#852,#853);
#851 = CARTESIAN_POINT('',(-0.705,0.425,0.43));
#852 = DIRECTION('',(-1.343011723337E-16,1.,0.));
#853 = DIRECTION('',(-0.707106781187,-9.496526967845E-17,0.707106781187)
  );
#854 = ORIENTED_EDGE('',*,*,#855,.F.);
#855 = EDGE_CURVE('',#856,#847,#858,.T.);
#856 = VERTEX_POINT('',#857);
#857 = CARTESIAN_POINT('',(-0.725,-0.425,0.43));
#858 = LINE('',#859,#860);
#859 = CARTESIAN_POINT('',(-0.725,0.425,0.43));
#860 = VECTOR('',#861,1.);
#861 = DIRECTION('',(-1.088453945711E-16,1.,0.));
#862 = ORIENTED_EDGE('',*,*,#863,.F.);
#863 = EDGE_CURVE('',#839,#856,#864,.T.);
#864 = CIRCLE('',#865,2.E-02);
#865 = AXIS2_PLACEMENT_3D('',#866,#867,#868);
#866 = CARTESIAN_POINT('',(-0.705,-0.425,0.43));
#867 = DIRECTION('',(2.686023446674E-16,-1.,0.));
#868 = DIRECTION('',(-0.707106781187,-1.899305393569E-16,0.707106781187)
  );
#869 = CYLINDRICAL_SURFACE('',#870,2.E-02);
#870 = AXIS2_PLACEMENT_3D('',#871,#872,#873);
#871 = CARTESIAN_POINT('',(-0.705,0.425,0.43));
#872 = DIRECTION('',(-1.088453945711E-16,1.,0.));
#873 = DIRECTION('',(-0.707106781187,-7.696531660215E-17,0.707106781187)
  );
#874 = ADVANCED_FACE('',(#875),#900,.F.);
#875 = FACE_BOUND('',#876,.T.);
#876 = EDGE_LOOP('',(#877,#878,#886,#894));
#877 = ORIENTED_EDGE('',*,*,#855,.F.);
#878 = ORIENTED_EDGE('',*,*,#879,.F.);
#879 = EDGE_CURVE('',#880,#856,#882,.T.);
#880 = VERTEX_POINT('',#881);
#881 = CARTESIAN_POINT('',(-0.725,-0.425,7.E-02));
#882 = LINE('',#883,#884);
#883 = CARTESIAN_POINT('',(-0.725,-0.425,2.5E-02));
#884 = VECTOR('',#885,1.);
#885 = DIRECTION('',(0.,0.,1.));
#886 = ORIENTED_EDGE('',*,*,#887,.F.);
#887 = EDGE_CURVE('',#888,#880,#890,.T.);
#888 = VERTEX_POINT('',#889);
#889 = CARTESIAN_POINT('',(-0.725,0.425,7.E-02));
#890 = LINE('',#891,#892);
#891 = CARTESIAN_POINT('',(-0.725,0.425,7.E-02));
#892 = VECTOR('',#893,1.);
#893 = DIRECTION('',(1.088453945711E-16,-1.,0.));
#894 = ORIENTED_EDGE('',*,*,#895,.F.);
#895 = EDGE_CURVE('',#847,#888,#896,.T.);
#896 = LINE('',#897,#898);
#897 = CARTESIAN_POINT('',(-0.725,0.425,2.5E-02));
#898 = VECTOR('',#899,1.);
#899 = DIRECTION('',(0.,0.,-1.));
#900 = PLANE('',#901);
#901 = AXIS2_PLACEMENT_3D('',#902,#903,#904);
#902 = CARTESIAN_POINT('',(-0.725,0.425,5.E-02));
#903 = DIRECTION('',(-1.,-1.088453945711E-16,0.));
#904 = DIRECTION('',(0.,0.,1.));
#905 = ADVANCED_FACE('',(#906),#942,.T.);
#906 = FACE_BOUND('',#907,.T.);
#907 = EDGE_LOOP('',(#908,#919,#927,#936));
#908 = ORIENTED_EDGE('',*,*,#909,.T.);
#909 = EDGE_CURVE('',#910,#912,#914,.T.);
#910 = VERTEX_POINT('',#911);
#911 = CARTESIAN_POINT('',(-0.775,-0.425,0.48));
#912 = VERTEX_POINT('',#913);
#913 = CARTESIAN_POINT('',(-0.755,-0.425,0.5));
#914 = CIRCLE('',#915,2.E-02);
#915 = AXIS2_PLACEMENT_3D('',#916,#917,#918);
#916 = CARTESIAN_POINT('',(-0.755,-0.425,0.48));
#917 = DIRECTION('',(-2.686023446674E-16,1.,0.));
#918 = DIRECTION('',(-0.707106781187,-1.899305393569E-16,0.707106781187)
  );
#919 = ORIENTED_EDGE('',*,*,#920,.T.);
#920 = EDGE_CURVE('',#912,#921,#923,.T.);
#921 = VERTEX_POINT('',#922);
#922 = CARTESIAN_POINT('',(-0.755,0.425,0.5));
#923 = LINE('',#924,#925);
#924 = CARTESIAN_POINT('',(-0.755,0.2125,0.5));
#925 = VECTOR('',#926,1.);
#926 = DIRECTION('',(0.,1.,0.));
#927 = ORIENTED_EDGE('',*,*,#928,.T.);
#928 = EDGE_CURVE('',#921,#929,#931,.T.);
#929 = VERTEX_POINT('',#930);
#930 = CARTESIAN_POINT('',(-0.775,0.425,0.48));
#931 = CIRCLE('',#932,2.E-02);
#932 = AXIS2_PLACEMENT_3D('',#933,#934,#935);
#933 = CARTESIAN_POINT('',(-0.755,0.425,0.48));
#934 = DIRECTION('',(1.343011723337E-16,-1.,0.));
#935 = DIRECTION('',(-0.707106781187,-9.496526967845E-17,0.707106781187)
  );
#936 = ORIENTED_EDGE('',*,*,#937,.T.);
#937 = EDGE_CURVE('',#929,#910,#938,.T.);
#938 = LINE('',#939,#940);
#939 = CARTESIAN_POINT('',(-0.775,0.2125,0.48));
#940 = VECTOR('',#941,1.);
#941 = DIRECTION('',(0.,-1.,0.));
#942 = CYLINDRICAL_SURFACE('',#943,2.E-02);
#943 = AXIS2_PLACEMENT_3D('',#944,#945,#946);
#944 = CARTESIAN_POINT('',(-0.755,0.2125,0.48));
#945 = DIRECTION('',(0.,-1.,0.));
#946 = DIRECTION('',(-0.707106781187,0.,0.707106781187));
#947 = ADVANCED_FACE('',(#948),#1005,.T.);
#948 = FACE_BOUND('',#949,.T.);
#949 = EDGE_LOOP('',(#950,#951,#959,#967,#975,#983,#991,#999));
#950 = ORIENTED_EDGE('',*,*,#920,.F.);
#951 = ORIENTED_EDGE('',*,*,#952,.T.);
#952 = EDGE_CURVE('',#912,#953,#955,.T.);
#953 = VERTEX_POINT('',#954);
#954 = CARTESIAN_POINT('',(-0.565,-0.425,0.5));
#955 = LINE('',#956,#957);
#956 = CARTESIAN_POINT('',(-0.775,-0.425,0.5));
#957 = VECTOR('',#958,1.);
#958 = DIRECTION('',(1.,2.686023446674E-16,0.));
#959 = ORIENTED_EDGE('',*,*,#960,.T.);
#960 = EDGE_CURVE('',#953,#961,#963,.T.);
#961 = VERTEX_POINT('',#962);
#962 = CARTESIAN_POINT('',(-0.565,-0.365,0.5));
#963 = LINE('',#964,#965);
#964 = CARTESIAN_POINT('',(-0.565,-0.2125,0.5));
#965 = VECTOR('',#966,1.);
#966 = DIRECTION('',(0.,1.,0.));
#967 = ORIENTED_EDGE('',*,*,#968,.T.);
#968 = EDGE_CURVE('',#961,#969,#971,.T.);
#969 = VERTEX_POINT('',#970);
#970 = CARTESIAN_POINT('',(-0.475,-0.365,0.5));
#971 = LINE('',#972,#973);
#972 = CARTESIAN_POINT('',(-0.2825,-0.365,0.5));
#973 = VECTOR('',#974,1.);
#974 = DIRECTION('',(1.,-7.709882115452E-16,0.));
#975 = ORIENTED_EDGE('',*,*,#976,.T.);
#976 = EDGE_CURVE('',#969,#977,#979,.T.);
#977 = VERTEX_POINT('',#978);
#978 = CARTESIAN_POINT('',(-0.475,0.365,0.5));
#979 = LINE('',#980,#981);
#980 = CARTESIAN_POINT('',(-0.475,0.2125,0.5));
#981 = VECTOR('',#982,1.);
#982 = DIRECTION('',(-1.088453945711E-16,1.,0.));
#983 = ORIENTED_EDGE('',*,*,#984,.T.);
#984 = EDGE_CURVE('',#977,#985,#987,.T.);
#985 = VERTEX_POINT('',#986);
#986 = CARTESIAN_POINT('',(-0.565,0.365,0.5));
#987 = LINE('',#988,#989);
#988 = CARTESIAN_POINT('',(-0.2375,0.365,0.5));
#989 = VECTOR('',#990,1.);
#990 = DIRECTION('',(-1.,0.,0.));
#991 = ORIENTED_EDGE('',*,*,#992,.T.);
#992 = EDGE_CURVE('',#985,#993,#995,.T.);
#993 = VERTEX_POINT('',#994);
#994 = CARTESIAN_POINT('',(-0.565,0.425,0.5));
#995 = LINE('',#996,#997);
#996 = CARTESIAN_POINT('',(-0.565,0.1825,0.5));
#997 = VECTOR('',#998,1.);
#998 = DIRECTION('',(0.,1.,0.));
#999 = ORIENTED_EDGE('',*,*,#1000,.T.);
#1000 = EDGE_CURVE('',#993,#921,#1001,.T.);
#1001 = LINE('',#1002,#1003);
#1002 = CARTESIAN_POINT('',(0.775,0.425,0.5));
#1003 = VECTOR('',#1004,1.);
#1004 = DIRECTION('',(-1.,-1.343011723337E-16,0.));
#1005 = PLANE('',#1006);
#1006 = AXIS2_PLACEMENT_3D('',#1007,#1008,#1009);
#1007 = CARTESIAN_POINT('',(0.,0.,0.5));
#1008 = DIRECTION('',(0.,0.,1.));
#1009 = DIRECTION('',(1.,0.,-0.));
#1010 = ADVANCED_FACE('',(#1011),#1079,.T.);
#1011 = FACE_BOUND('',#1012,.T.);
#1012 = EDGE_LOOP('',(#1013,#1014,#1022,#1031,#1039,#1047,#1055,#1062,
    #1063,#1064,#1072,#1078));
#1013 = ORIENTED_EDGE('',*,*,#909,.F.);
#1014 = ORIENTED_EDGE('',*,*,#1015,.F.);
#1015 = EDGE_CURVE('',#1016,#910,#1018,.T.);
#1016 = VERTEX_POINT('',#1017);
#1017 = CARTESIAN_POINT('',(-0.775,-0.425,2.E-02));
#1018 = LINE('',#1019,#1020);
#1019 = CARTESIAN_POINT('',(-0.775,-0.425,0.));
#1020 = VECTOR('',#1021,1.);
#1021 = DIRECTION('',(0.,0.,1.));
#1022 = ORIENTED_EDGE('',*,*,#1023,.F.);
#1023 = EDGE_CURVE('',#1024,#1016,#1026,.T.);
#1024 = VERTEX_POINT('',#1025);
#1025 = CARTESIAN_POINT('',(-0.755,-0.425,0.));
#1026 = CIRCLE('',#1027,2.E-02);
#1027 = AXIS2_PLACEMENT_3D('',#1028,#1029,#1030);
#1028 = CARTESIAN_POINT('',(-0.755,-0.425,2.E-02));
#1029 = DIRECTION('',(-2.686023446674E-16,1.,0.));
#1030 = DIRECTION('',(-0.707106781187,-1.899305393569E-16,
    -0.707106781187));
#1031 = ORIENTED_EDGE('',*,*,#1032,.T.);
#1032 = EDGE_CURVE('',#1024,#1033,#1035,.T.);
#1033 = VERTEX_POINT('',#1034);
#1034 = CARTESIAN_POINT('',(-0.475,-0.425,0.));
#1035 = LINE('',#1036,#1037);
#1036 = CARTESIAN_POINT('',(-0.775,-0.425,0.));
#1037 = VECTOR('',#1038,1.);
#1038 = DIRECTION('',(1.,2.686023446674E-16,0.));
#1039 = ORIENTED_EDGE('',*,*,#1040,.T.);
#1040 = EDGE_CURVE('',#1033,#1041,#1043,.T.);
#1041 = VERTEX_POINT('',#1042);
#1042 = CARTESIAN_POINT('',(-0.475,-0.425,5.E-02));
#1043 = LINE('',#1044,#1045);
#1044 = CARTESIAN_POINT('',(-0.475,-0.425,-1.854871206285E-02));
#1045 = VECTOR('',#1046,1.);
#1046 = DIRECTION('',(0.,0.,1.));
#1047 = ORIENTED_EDGE('',*,*,#1048,.T.);
#1048 = EDGE_CURVE('',#1041,#1049,#1051,.T.);
#1049 = VERTEX_POINT('',#1050);
#1050 = CARTESIAN_POINT('',(-0.705,-0.425,5.E-02));
#1051 = LINE('',#1052,#1053);
#1052 = CARTESIAN_POINT('',(-2.5E-02,-0.425,5.E-02));
#1053 = VECTOR('',#1054,1.);
#1054 = DIRECTION('',(-1.,-2.686023446674E-16,0.));
#1055 = ORIENTED_EDGE('',*,*,#1056,.F.);
#1056 = EDGE_CURVE('',#880,#1049,#1057,.T.);
#1057 = CIRCLE('',#1058,2.E-02);
#1058 = AXIS2_PLACEMENT_3D('',#1059,#1060,#1061);
#1059 = CARTESIAN_POINT('',(-0.705,-0.425,7.E-02));
#1060 = DIRECTION('',(2.686023446674E-16,-1.,0.));
#1061 = DIRECTION('',(-0.707106781187,-1.899305393569E-16,
    -0.707106781187));
#1062 = ORIENTED_EDGE('',*,*,#879,.T.);
#1063 = ORIENTED_EDGE('',*,*,#863,.F.);
#1064 = ORIENTED_EDGE('',*,*,#1065,.T.);
#1065 = EDGE_CURVE('',#839,#1066,#1068,.T.);
#1066 = VERTEX_POINT('',#1067);
#1067 = CARTESIAN_POINT('',(-0.565,-0.425,0.45));
#1068 = LINE('',#1069,#1070);
#1069 = CARTESIAN_POINT('',(-0.75,-0.425,0.45));
#1070 = VECTOR('',#1071,1.);
#1071 = DIRECTION('',(1.,2.686023446674E-16,0.));
#1072 = ORIENTED_EDGE('',*,*,#1073,.T.);
#1073 = EDGE_CURVE('',#1066,#953,#1074,.T.);
#1074 = LINE('',#1075,#1076);
#1075 = CARTESIAN_POINT('',(-0.565,-0.425,0.25));
#1076 = VECTOR('',#1077,1.);
#1077 = DIRECTION('',(0.,0.,1.));
#1078 = ORIENTED_EDGE('',*,*,#952,.F.);
#1079 = PLANE('',#1080);
#1080 = AXIS2_PLACEMENT_3D('',#1081,#1082,#1083);
#1081 = CARTESIAN_POINT('',(-0.775,-0.425,0.));
#1082 = DIRECTION('',(2.686023446674E-16,-1.,0.));
#1083 = DIRECTION('',(1.,2.686023446674E-16,0.));
#1084 = ADVANCED_FACE('',(#1085),#1111,.T.);
#1085 = FACE_BOUND('',#1086,.T.);
#1086 = EDGE_LOOP('',(#1087,#1088,#1096,#1105));
#1087 = ORIENTED_EDGE('',*,*,#1023,.T.);
#1088 = ORIENTED_EDGE('',*,*,#1089,.T.);
#1089 = EDGE_CURVE('',#1016,#1090,#1092,.T.);
#1090 = VERTEX_POINT('',#1091);
#1091 = CARTESIAN_POINT('',(-0.775,0.425,2.E-02));
#1092 = LINE('',#1093,#1094);
#1093 = CARTESIAN_POINT('',(-0.775,0.2125,2.E-02));
#1094 = VECTOR('',#1095,1.);
#1095 = DIRECTION('',(0.,1.,0.));
#1096 = ORIENTED_EDGE('',*,*,#1097,.T.);
#1097 = EDGE_CURVE('',#1090,#1098,#1100,.T.);
#1098 = VERTEX_POINT('',#1099);
#1099 = CARTESIAN_POINT('',(-0.755,0.425,0.));
#1100 = CIRCLE('',#1101,2.E-02);
#1101 = AXIS2_PLACEMENT_3D('',#1102,#1103,#1104);
#1102 = CARTESIAN_POINT('',(-0.755,0.425,2.E-02));
#1103 = DIRECTION('',(1.343011723337E-16,-1.,0.));
#1104 = DIRECTION('',(-0.707106781187,-9.496526967845E-17,
    -0.707106781187));
#1105 = ORIENTED_EDGE('',*,*,#1106,.T.);
#1106 = EDGE_CURVE('',#1098,#1024,#1107,.T.);
#1107 = LINE('',#1108,#1109);
#1108 = CARTESIAN_POINT('',(-0.755,0.2125,0.));
#1109 = VECTOR('',#1110,1.);
#1110 = DIRECTION('',(0.,-1.,0.));
#1111 = CYLINDRICAL_SURFACE('',#1112,2.E-02);
#1112 = AXIS2_PLACEMENT_3D('',#1113,#1114,#1115);
#1113 = CARTESIAN_POINT('',(-0.755,0.2125,2.E-02));
#1114 = DIRECTION('',(0.,-1.,0.));
#1115 = DIRECTION('',(-0.707106781187,-0.,-0.707106781187));
#1116 = ADVANCED_FACE('',(#1117),#1135,.F.);
#1117 = FACE_BOUND('',#1118,.T.);
#1118 = EDGE_LOOP('',(#1119,#1120,#1128,#1134));
#1119 = ORIENTED_EDGE('',*,*,#1106,.F.);
#1120 = ORIENTED_EDGE('',*,*,#1121,.F.);
#1121 = EDGE_CURVE('',#1122,#1098,#1124,.T.);
#1122 = VERTEX_POINT('',#1123);
#1123 = CARTESIAN_POINT('',(-0.475,0.425,0.));
#1124 = LINE('',#1125,#1126);
#1125 = CARTESIAN_POINT('',(0.775,0.425,0.));
#1126 = VECTOR('',#1127,1.);
#1127 = DIRECTION('',(-1.,-1.343011723337E-16,0.));
#1128 = ORIENTED_EDGE('',*,*,#1129,.T.);
#1129 = EDGE_CURVE('',#1122,#1033,#1130,.T.);
#1130 = LINE('',#1131,#1132);
#1131 = CARTESIAN_POINT('',(-0.475,0.2125,0.));
#1132 = VECTOR('',#1133,1.);
#1133 = DIRECTION('',(1.088453945711E-16,-1.,0.));
#1134 = ORIENTED_EDGE('',*,*,#1032,.F.);
#1135 = PLANE('',#1136);
#1136 = AXIS2_PLACEMENT_3D('',#1137,#1138,#1139);
#1137 = CARTESIAN_POINT('',(-2.710505431214E-17,-2.963485938127E-17,0.)
  );
#1138 = DIRECTION('',(0.,0.,1.));
#1139 = DIRECTION('',(1.,0.,-0.));
#1140 = ADVANCED_FACE('',(#1141),#1160,.F.);
#1141 = FACE_BOUND('',#1142,.F.);
#1142 = EDGE_LOOP('',(#1143,#1144,#1153,#1159));
#1143 = ORIENTED_EDGE('',*,*,#887,.F.);
#1144 = ORIENTED_EDGE('',*,*,#1145,.F.);
#1145 = EDGE_CURVE('',#1146,#888,#1148,.T.);
#1146 = VERTEX_POINT('',#1147);
#1147 = CARTESIAN_POINT('',(-0.705,0.425,5.E-02));
#1148 = CIRCLE('',#1149,2.E-02);
#1149 = AXIS2_PLACEMENT_3D('',#1150,#1151,#1152);
#1150 = CARTESIAN_POINT('',(-0.705,0.425,7.E-02));
#1151 = DIRECTION('',(-1.343011723337E-16,1.,0.));
#1152 = DIRECTION('',(-0.707106781187,-9.496526967845E-17,
    -0.707106781187));
#1153 = ORIENTED_EDGE('',*,*,#1154,.F.);
#1154 = EDGE_CURVE('',#1049,#1146,#1155,.T.);
#1155 = LINE('',#1156,#1157);
#1156 = CARTESIAN_POINT('',(-0.705,0.425,5.E-02));
#1157 = VECTOR('',#1158,1.);
#1158 = DIRECTION('',(-1.088453945711E-16,1.,0.));
#1159 = ORIENTED_EDGE('',*,*,#1056,.F.);
#1160 = CYLINDRICAL_SURFACE('',#1161,2.E-02);
#1161 = AXIS2_PLACEMENT_3D('',#1162,#1163,#1164);
#1162 = CARTESIAN_POINT('',(-0.705,0.425,7.E-02));
#1163 = DIRECTION('',(-1.088453945711E-16,1.,0.));
#1164 = DIRECTION('',(-0.707106781187,-7.696531660215E-17,
    -0.707106781187));
#1165 = ADVANCED_FACE('',(#1166),#1184,.F.);
#1166 = FACE_BOUND('',#1167,.T.);
#1167 = EDGE_LOOP('',(#1168,#1169,#1170,#1178));
#1168 = ORIENTED_EDGE('',*,*,#1154,.F.);
#1169 = ORIENTED_EDGE('',*,*,#1048,.F.);
#1170 = ORIENTED_EDGE('',*,*,#1171,.T.);
#1171 = EDGE_CURVE('',#1041,#1172,#1174,.T.);
#1172 = VERTEX_POINT('',#1173);
#1173 = CARTESIAN_POINT('',(-0.475,0.425,5.E-02));
#1174 = LINE('',#1175,#1176);
#1175 = CARTESIAN_POINT('',(-0.475,0.425,5.E-02));
#1176 = VECTOR('',#1177,1.);
#1177 = DIRECTION('',(-1.088453945711E-16,1.,0.));
#1178 = ORIENTED_EDGE('',*,*,#1179,.F.);
#1179 = EDGE_CURVE('',#1146,#1172,#1180,.T.);
#1180 = LINE('',#1181,#1182);
#1181 = CARTESIAN_POINT('',(0.75,0.425,5.E-02));
#1182 = VECTOR('',#1183,1.);
#1183 = DIRECTION('',(1.,1.343011723337E-16,0.));
#1184 = PLANE('',#1185);
#1185 = AXIS2_PLACEMENT_3D('',#1186,#1187,#1188);
#1186 = CARTESIAN_POINT('',(0.725,0.425,5.E-02));
#1187 = DIRECTION('',(0.,0.,-1.));
#1188 = DIRECTION('',(-1.,-1.33226762955E-16,-0.));
#1189 = ADVANCED_FACE('',(#1190),#1215,.F.);
#1190 = FACE_BOUND('',#1191,.T.);
#1191 = EDGE_LOOP('',(#1192,#1202,#1208,#1209));
#1192 = ORIENTED_EDGE('',*,*,#1193,.F.);
#1193 = EDGE_CURVE('',#1194,#1196,#1198,.T.);
#1194 = VERTEX_POINT('',#1195);
#1195 = CARTESIAN_POINT('',(-0.475,-0.365,0.45));
#1196 = VERTEX_POINT('',#1197);
#1197 = CARTESIAN_POINT('',(-0.565,-0.365,0.45));
#1198 = LINE('',#1199,#1200);
#1199 = CARTESIAN_POINT('',(-0.645,-0.365,0.45));
#1200 = VECTOR('',#1201,1.);
#1201 = DIRECTION('',(-1.,7.709882115452E-16,0.));
#1202 = ORIENTED_EDGE('',*,*,#1203,.F.);
#1203 = EDGE_CURVE('',#969,#1194,#1204,.T.);
#1204 = LINE('',#1205,#1206);
#1205 = CARTESIAN_POINT('',(-0.475,-0.365,0.45));
#1206 = VECTOR('',#1207,1.);
#1207 = DIRECTION('',(0.,0.,-1.));
#1208 = ORIENTED_EDGE('',*,*,#968,.F.);
#1209 = ORIENTED_EDGE('',*,*,#1210,.T.);
#1210 = EDGE_CURVE('',#961,#1196,#1211,.T.);
#1211 = LINE('',#1212,#1213);
#1212 = CARTESIAN_POINT('',(-0.565,-0.365,0.5));
#1213 = VECTOR('',#1214,1.);
#1214 = DIRECTION('',(0.,0.,-1.));
#1215 = PLANE('',#1216);
#1216 = AXIS2_PLACEMENT_3D('',#1217,#1218,#1219);
#1217 = CARTESIAN_POINT('',(-0.565,-0.365,0.5));
#1218 = DIRECTION('',(7.709882115452E-16,1.,0.));
#1219 = DIRECTION('',(1.,-7.709882115452E-16,0.));
#1220 = ADVANCED_FACE('',(#1221),#1232,.F.);
#1221 = FACE_BOUND('',#1222,.T.);
#1222 = EDGE_LOOP('',(#1223,#1229,#1230,#1231));
#1223 = ORIENTED_EDGE('',*,*,#1224,.F.);
#1224 = EDGE_CURVE('',#1196,#1066,#1225,.T.);
#1225 = LINE('',#1226,#1227);
#1226 = CARTESIAN_POINT('',(-0.565,-1.734723475977E-16,0.45));
#1227 = VECTOR('',#1228,1.);
#1228 = DIRECTION('',(0.,-1.,0.));
#1229 = ORIENTED_EDGE('',*,*,#1210,.F.);
#1230 = ORIENTED_EDGE('',*,*,#960,.F.);
#1231 = ORIENTED_EDGE('',*,*,#1073,.F.);
#1232 = PLANE('',#1233);
#1233 = AXIS2_PLACEMENT_3D('',#1234,#1235,#1236);
#1234 = CARTESIAN_POINT('',(-0.565,-0.425,0.5));
#1235 = DIRECTION('',(-1.,0.,0.));
#1236 = DIRECTION('',(0.,1.,0.));
#1237 = ADVANCED_FACE('',(#1238),#1263,.F.);
#1238 = FACE_BOUND('',#1239,.T.);
#1239 = EDGE_LOOP('',(#1240,#1250,#1256,#1257));
#1240 = ORIENTED_EDGE('',*,*,#1241,.F.);
#1241 = EDGE_CURVE('',#1242,#1244,#1246,.T.);
#1242 = VERTEX_POINT('',#1243);
#1243 = CARTESIAN_POINT('',(-0.565,0.365,0.45));
#1244 = VERTEX_POINT('',#1245);
#1245 = CARTESIAN_POINT('',(-0.475,0.365,0.45));
#1246 = LINE('',#1247,#1248);
#1247 = CARTESIAN_POINT('',(-0.6,0.365,0.45));
#1248 = VECTOR('',#1249,1.);
#1249 = DIRECTION('',(1.,0.,0.));
#1250 = ORIENTED_EDGE('',*,*,#1251,.F.);
#1251 = EDGE_CURVE('',#985,#1242,#1252,.T.);
#1252 = LINE('',#1253,#1254);
#1253 = CARTESIAN_POINT('',(-0.565,0.365,0.5));
#1254 = VECTOR('',#1255,1.);
#1255 = DIRECTION('',(0.,0.,-1.));
#1256 = ORIENTED_EDGE('',*,*,#984,.F.);
#1257 = ORIENTED_EDGE('',*,*,#1258,.F.);
#1258 = EDGE_CURVE('',#1244,#977,#1259,.T.);
#1259 = LINE('',#1260,#1261);
#1260 = CARTESIAN_POINT('',(-0.475,0.365,0.45));
#1261 = VECTOR('',#1262,1.);
#1262 = DIRECTION('',(0.,0.,1.));
#1263 = PLANE('',#1264);
#1264 = AXIS2_PLACEMENT_3D('',#1265,#1266,#1267);
#1265 = CARTESIAN_POINT('',(-0.475,0.365,0.5));
#1266 = DIRECTION('',(0.,-1.,0.));
#1267 = DIRECTION('',(-1.,0.,0.));
#1268 = ADVANCED_FACE('',(#1269),#1287,.F.);
#1269 = FACE_BOUND('',#1270,.T.);
#1270 = EDGE_LOOP('',(#1271,#1279,#1285,#1286));
#1271 = ORIENTED_EDGE('',*,*,#1272,.F.);
#1272 = EDGE_CURVE('',#1273,#1242,#1275,.T.);
#1273 = VERTEX_POINT('',#1274);
#1274 = CARTESIAN_POINT('',(-0.565,0.425,0.45));
#1275 = LINE('',#1276,#1277);
#1276 = CARTESIAN_POINT('',(-0.565,0.395,0.45));
#1277 = VECTOR('',#1278,1.);
#1278 = DIRECTION('',(0.,-1.,0.));
#1279 = ORIENTED_EDGE('',*,*,#1280,.F.);
#1280 = EDGE_CURVE('',#993,#1273,#1281,.T.);
#1281 = LINE('',#1282,#1283);
#1282 = CARTESIAN_POINT('',(-0.565,0.425,0.25));
#1283 = VECTOR('',#1284,1.);
#1284 = DIRECTION('',(0.,0.,-1.));
#1285 = ORIENTED_EDGE('',*,*,#992,.F.);
#1286 = ORIENTED_EDGE('',*,*,#1251,.T.);
#1287 = PLANE('',#1288);
#1288 = AXIS2_PLACEMENT_3D('',#1289,#1290,#1291);
#1289 = CARTESIAN_POINT('',(-0.565,0.365,0.5));
#1290 = DIRECTION('',(-1.,0.,0.));
#1291 = DIRECTION('',(0.,1.,0.));
#1292 = ADVANCED_FACE('',(#1293),#1313,.F.);
#1293 = FACE_BOUND('',#1294,.T.);
#1294 = EDGE_LOOP('',(#1295,#1296,#1302,#1303,#1304,#1310,#1311,#1312));
#1295 = ORIENTED_EDGE('',*,*,#836,.F.);
#1296 = ORIENTED_EDGE('',*,*,#1297,.F.);
#1297 = EDGE_CURVE('',#1273,#837,#1298,.T.);
#1298 = LINE('',#1299,#1300);
#1299 = CARTESIAN_POINT('',(2.5E-02,0.425,0.45));
#1300 = VECTOR('',#1301,1.);
#1301 = DIRECTION('',(-1.,-1.343011723337E-16,0.));
#1302 = ORIENTED_EDGE('',*,*,#1272,.T.);
#1303 = ORIENTED_EDGE('',*,*,#1241,.T.);
#1304 = ORIENTED_EDGE('',*,*,#1305,.T.);
#1305 = EDGE_CURVE('',#1244,#1194,#1306,.T.);
#1306 = LINE('',#1307,#1308);
#1307 = CARTESIAN_POINT('',(-0.475,0.425,0.45));
#1308 = VECTOR('',#1309,1.);
#1309 = DIRECTION('',(1.088453945711E-16,-1.,0.));
#1310 = ORIENTED_EDGE('',*,*,#1193,.T.);
#1311 = ORIENTED_EDGE('',*,*,#1224,.T.);
#1312 = ORIENTED_EDGE('',*,*,#1065,.F.);
#1313 = PLANE('',#1314);
#1314 = AXIS2_PLACEMENT_3D('',#1315,#1316,#1317);
#1315 = CARTESIAN_POINT('',(-0.725,0.425,0.45));
#1316 = DIRECTION('',(0.,0.,1.));
#1317 = DIRECTION('',(1.,1.33226762955E-16,-0.));
#1318 = ADVANCED_FACE('',(#1319),#1325,.F.);
#1319 = FACE_BOUND('',#1320,.T.);
#1320 = EDGE_LOOP('',(#1321,#1322,#1323,#1324));
#1321 = ORIENTED_EDGE('',*,*,#1203,.T.);
#1322 = ORIENTED_EDGE('',*,*,#1305,.F.);
#1323 = ORIENTED_EDGE('',*,*,#1258,.T.);
#1324 = ORIENTED_EDGE('',*,*,#976,.F.);
#1325 = PLANE('',#1326);
#1326 = AXIS2_PLACEMENT_3D('',#1327,#1328,#1329);
#1327 = CARTESIAN_POINT('',(-0.475,0.425,0.4));
#1328 = DIRECTION('',(-1.,-1.088453945711E-16,0.));
#1329 = DIRECTION('',(0.,0.,1.));
#1330 = ADVANCED_FACE('',(#1331),#1342,.T.);
#1331 = FACE_BOUND('',#1332,.T.);
#1332 = EDGE_LOOP('',(#1333,#1334,#1340,#1341));
#1333 = ORIENTED_EDGE('',*,*,#937,.F.);
#1334 = ORIENTED_EDGE('',*,*,#1335,.F.);
#1335 = EDGE_CURVE('',#1090,#929,#1336,.T.);
#1336 = LINE('',#1337,#1338);
#1337 = CARTESIAN_POINT('',(-0.775,0.425,0.));
#1338 = VECTOR('',#1339,1.);
#1339 = DIRECTION('',(0.,0.,1.));
#1340 = ORIENTED_EDGE('',*,*,#1089,.F.);
#1341 = ORIENTED_EDGE('',*,*,#1015,.T.);
#1342 = PLANE('',#1343);
#1343 = AXIS2_PLACEMENT_3D('',#1344,#1345,#1346);
#1344 = CARTESIAN_POINT('',(-0.775,0.425,0.));
#1345 = DIRECTION('',(-1.,0.,0.));
#1346 = DIRECTION('',(0.,-1.,0.));
#1347 = ADVANCED_FACE('',(#1348),#1367,.T.);
#1348 = FACE_BOUND('',#1349,.T.);
#1349 = EDGE_LOOP('',(#1350,#1351,#1352,#1353,#1354,#1355,#1356,#1357,
    #1358,#1364,#1365,#1366));
#1350 = ORIENTED_EDGE('',*,*,#928,.F.);
#1351 = ORIENTED_EDGE('',*,*,#1000,.F.);
#1352 = ORIENTED_EDGE('',*,*,#1280,.T.);
#1353 = ORIENTED_EDGE('',*,*,#1297,.T.);
#1354 = ORIENTED_EDGE('',*,*,#846,.F.);
#1355 = ORIENTED_EDGE('',*,*,#895,.T.);
#1356 = ORIENTED_EDGE('',*,*,#1145,.F.);
#1357 = ORIENTED_EDGE('',*,*,#1179,.T.);
#1358 = ORIENTED_EDGE('',*,*,#1359,.T.);
#1359 = EDGE_CURVE('',#1172,#1122,#1360,.T.);
#1360 = LINE('',#1361,#1362);
#1361 = CARTESIAN_POINT('',(-0.475,0.425,-1.854871206285E-02));
#1362 = VECTOR('',#1363,1.);
#1363 = DIRECTION('',(0.,0.,-1.));
#1364 = ORIENTED_EDGE('',*,*,#1121,.T.);
#1365 = ORIENTED_EDGE('',*,*,#1097,.F.);
#1366 = ORIENTED_EDGE('',*,*,#1335,.T.);
#1367 = PLANE('',#1368);
#1368 = AXIS2_PLACEMENT_3D('',#1369,#1370,#1371);
#1369 = CARTESIAN_POINT('',(0.775,0.425,0.));
#1370 = DIRECTION('',(-1.343011723337E-16,1.,0.));
#1371 = DIRECTION('',(-1.,-1.343011723337E-16,0.));
#1372 = ADVANCED_FACE('',(#1373),#1379,.F.);
#1373 = FACE_BOUND('',#1374,.T.);
#1374 = EDGE_LOOP('',(#1375,#1376,#1377,#1378));
#1375 = ORIENTED_EDGE('',*,*,#1040,.F.);
#1376 = ORIENTED_EDGE('',*,*,#1129,.F.);
#1377 = ORIENTED_EDGE('',*,*,#1359,.F.);
#1378 = ORIENTED_EDGE('',*,*,#1171,.F.);
#1379 = PLANE('',#1380);
#1380 = AXIS2_PLACEMENT_3D('',#1381,#1382,#1383);
#1381 = CARTESIAN_POINT('',(-0.475,0.425,-3.709742412571E-02));
#1382 = DIRECTION('',(-1.,-1.088453945711E-16,0.));
#1383 = DIRECTION('',(0.,0.,1.));
#1384 = MANIFOLD_SOLID_BREP('',#1385);
#1385 = CLOSED_SHELL('',(#1386,#1428,#1459,#1501,#1532,#1606,#1638,#1694
    ,#1751,#1773,#1822,#1839,#1856,#1873,#1890,#1902,#1914,#1926));
#1386 = ADVANCED_FACE('',(#1387),#1423,.F.);
#1387 = FACE_BOUND('',#1388,.F.);
#1388 = EDGE_LOOP('',(#1389,#1399,#1408,#1416));
#1389 = ORIENTED_EDGE('',*,*,#1390,.F.);
#1390 = EDGE_CURVE('',#1391,#1393,#1395,.T.);
#1391 = VERTEX_POINT('',#1392);
#1392 = CARTESIAN_POINT('',(0.725,-0.425,7.E-02));
#1393 = VERTEX_POINT('',#1394);
#1394 = CARTESIAN_POINT('',(0.725,0.425,7.E-02));
#1395 = LINE('',#1396,#1397);
#1396 = CARTESIAN_POINT('',(0.725,0.425,7.E-02));
#1397 = VECTOR('',#1398,1.);
#1398 = DIRECTION('',(-1.088453945711E-16,1.,0.));
#1399 = ORIENTED_EDGE('',*,*,#1400,.F.);
#1400 = EDGE_CURVE('',#1401,#1391,#1403,.T.);
#1401 = VERTEX_POINT('',#1402);
#1402 = CARTESIAN_POINT('',(0.705,-0.425,5.E-02));
#1403 = CIRCLE('',#1404,2.E-02);
#1404 = AXIS2_PLACEMENT_3D('',#1405,#1406,#1407);
#1405 = CARTESIAN_POINT('',(0.705,-0.425,7.E-02));
#1406 = DIRECTION('',(2.686023446674E-16,-1.,0.));
#1407 = DIRECTION('',(0.707106781187,1.899305393569E-16,-0.707106781187)
  );
#1408 = ORIENTED_EDGE('',*,*,#1409,.F.);
#1409 = EDGE_CURVE('',#1410,#1401,#1412,.T.);
#1410 = VERTEX_POINT('',#1411);
#1411 = CARTESIAN_POINT('',(0.705,0.425,5.E-02));
#1412 = LINE('',#1413,#1414);
#1413 = CARTESIAN_POINT('',(0.705,0.425,5.E-02));
#1414 = VECTOR('',#1415,1.);
#1415 = DIRECTION('',(1.088453945711E-16,-1.,0.));
#1416 = ORIENTED_EDGE('',*,*,#1417,.F.);
#1417 = EDGE_CURVE('',#1393,#1410,#1418,.T.);
#1418 = CIRCLE('',#1419,2.E-02);
#1419 = AXIS2_PLACEMENT_3D('',#1420,#1421,#1422);
#1420 = CARTESIAN_POINT('',(0.705,0.425,7.E-02));
#1421 = DIRECTION('',(-1.343011723337E-16,1.,0.));
#1422 = DIRECTION('',(0.707106781187,9.496526967845E-17,-0.707106781187)
  );
#1423 = CYLINDRICAL_SURFACE('',#1424,2.E-02);
#1424 = AXIS2_PLACEMENT_3D('',#1425,#1426,#1427);
#1425 = CARTESIAN_POINT('',(0.705,0.425,7.E-02));
#1426 = DIRECTION('',(1.088453945711E-16,-1.,0.));
#1427 = DIRECTION('',(0.707106781187,7.696531660215E-17,-0.707106781187)
  );
#1428 = ADVANCED_FACE('',(#1429),#1454,.F.);
#1429 = FACE_BOUND('',#1430,.T.);
#1430 = EDGE_LOOP('',(#1431,#1432,#1440,#1448));
#1431 = ORIENTED_EDGE('',*,*,#1409,.F.);
#1432 = ORIENTED_EDGE('',*,*,#1433,.F.);
#1433 = EDGE_CURVE('',#1434,#1410,#1436,.T.);
#1434 = VERTEX_POINT('',#1435);
#1435 = CARTESIAN_POINT('',(0.475,0.425,5.E-02));
#1436 = LINE('',#1437,#1438);
#1437 = CARTESIAN_POINT('',(0.75,0.425,5.E-02));
#1438 = VECTOR('',#1439,1.);
#1439 = DIRECTION('',(1.,1.343011723337E-16,0.));
#1440 = ORIENTED_EDGE('',*,*,#1441,.T.);
#1441 = EDGE_CURVE('',#1434,#1442,#1444,.T.);
#1442 = VERTEX_POINT('',#1443);
#1443 = CARTESIAN_POINT('',(0.475,-0.425,5.E-02));
#1444 = LINE('',#1445,#1446);
#1445 = CARTESIAN_POINT('',(0.475,0.425,5.E-02));
#1446 = VECTOR('',#1447,1.);
#1447 = DIRECTION('',(1.088453945711E-16,-1.,0.));
#1448 = ORIENTED_EDGE('',*,*,#1449,.F.);
#1449 = EDGE_CURVE('',#1401,#1442,#1450,.T.);
#1450 = LINE('',#1451,#1452);
#1451 = CARTESIAN_POINT('',(-2.5E-02,-0.425,5.E-02));
#1452 = VECTOR('',#1453,1.);
#1453 = DIRECTION('',(-1.,-2.686023446674E-16,0.));
#1454 = PLANE('',#1455);
#1455 = AXIS2_PLACEMENT_3D('',#1456,#1457,#1458);
#1456 = CARTESIAN_POINT('',(0.725,0.425,5.E-02));
#1457 = DIRECTION('',(0.,0.,-1.));
#1458 = DIRECTION('',(-1.,-1.33226762955E-16,-0.));
#1459 = ADVANCED_FACE('',(#1460),#1496,.T.);
#1460 = FACE_BOUND('',#1461,.T.);
#1461 = EDGE_LOOP('',(#1462,#1473,#1481,#1490));
#1462 = ORIENTED_EDGE('',*,*,#1463,.T.);
#1463 = EDGE_CURVE('',#1464,#1466,#1468,.T.);
#1464 = VERTEX_POINT('',#1465);
#1465 = CARTESIAN_POINT('',(0.755,0.425,0.));
#1466 = VERTEX_POINT('',#1467);
#1467 = CARTESIAN_POINT('',(0.775,0.425,2.E-02));
#1468 = CIRCLE('',#1469,2.E-02);
#1469 = AXIS2_PLACEMENT_3D('',#1470,#1471,#1472);
#1470 = CARTESIAN_POINT('',(0.755,0.425,2.E-02));
#1471 = DIRECTION('',(1.343011723337E-16,-1.,0.));
#1472 = DIRECTION('',(0.707106781187,9.496526967845E-17,-0.707106781187)
  );
#1473 = ORIENTED_EDGE('',*,*,#1474,.T.);
#1474 = EDGE_CURVE('',#1466,#1475,#1477,.T.);
#1475 = VERTEX_POINT('',#1476);
#1476 = CARTESIAN_POINT('',(0.775,-0.425,2.E-02));
#1477 = LINE('',#1478,#1479);
#1478 = CARTESIAN_POINT('',(0.775,-0.2125,2.E-02));
#1479 = VECTOR('',#1480,1.);
#1480 = DIRECTION('',(0.,-1.,0.));
#1481 = ORIENTED_EDGE('',*,*,#1482,.T.);
#1482 = EDGE_CURVE('',#1475,#1483,#1485,.T.);
#1483 = VERTEX_POINT('',#1484);
#1484 = CARTESIAN_POINT('',(0.755,-0.425,0.));
#1485 = CIRCLE('',#1486,2.E-02);
#1486 = AXIS2_PLACEMENT_3D('',#1487,#1488,#1489);
#1487 = CARTESIAN_POINT('',(0.755,-0.425,2.E-02));
#1488 = DIRECTION('',(-2.686023446674E-16,1.,0.));
#1489 = DIRECTION('',(0.707106781187,1.899305393569E-16,-0.707106781187)
  );
#1490 = ORIENTED_EDGE('',*,*,#1491,.T.);
#1491 = EDGE_CURVE('',#1483,#1464,#1492,.T.);
#1492 = LINE('',#1493,#1494);
#1493 = CARTESIAN_POINT('',(0.755,-0.2125,0.));
#1494 = VECTOR('',#1495,1.);
#1495 = DIRECTION('',(0.,1.,0.));
#1496 = CYLINDRICAL_SURFACE('',#1497,2.E-02);
#1497 = AXIS2_PLACEMENT_3D('',#1498,#1499,#1500);
#1498 = CARTESIAN_POINT('',(0.755,-0.2125,2.E-02));
#1499 = DIRECTION('',(0.,1.,0.));
#1500 = DIRECTION('',(0.707106781187,0.,-0.707106781187));
#1501 = ADVANCED_FACE('',(#1502),#1527,.F.);
#1502 = FACE_BOUND('',#1503,.T.);
#1503 = EDGE_LOOP('',(#1504,#1505,#1513,#1521));
#1504 = ORIENTED_EDGE('',*,*,#1491,.F.);
#1505 = ORIENTED_EDGE('',*,*,#1506,.F.);
#1506 = EDGE_CURVE('',#1507,#1483,#1509,.T.);
#1507 = VERTEX_POINT('',#1508);
#1508 = CARTESIAN_POINT('',(0.475,-0.425,0.));
#1509 = LINE('',#1510,#1511);
#1510 = CARTESIAN_POINT('',(-0.775,-0.425,0.));
#1511 = VECTOR('',#1512,1.);
#1512 = DIRECTION('',(1.,2.686023446674E-16,0.));
#1513 = ORIENTED_EDGE('',*,*,#1514,.T.);
#1514 = EDGE_CURVE('',#1507,#1515,#1517,.T.);
#1515 = VERTEX_POINT('',#1516);
#1516 = CARTESIAN_POINT('',(0.475,0.425,0.));
#1517 = LINE('',#1518,#1519);
#1518 = CARTESIAN_POINT('',(0.475,0.2125,0.));
#1519 = VECTOR('',#1520,1.);
#1520 = DIRECTION('',(-1.088453945711E-16,1.,0.));
#1521 = ORIENTED_EDGE('',*,*,#1522,.F.);
#1522 = EDGE_CURVE('',#1464,#1515,#1523,.T.);
#1523 = LINE('',#1524,#1525);
#1524 = CARTESIAN_POINT('',(0.775,0.425,0.));
#1525 = VECTOR('',#1526,1.);
#1526 = DIRECTION('',(-1.,-1.343011723337E-16,0.));
#1527 = PLANE('',#1528);
#1528 = AXIS2_PLACEMENT_3D('',#1529,#1530,#1531);
#1529 = CARTESIAN_POINT('',(-2.710505431214E-17,-2.963485938127E-17,0.)
  );
#1530 = DIRECTION('',(0.,0.,1.));
#1531 = DIRECTION('',(1.,0.,-0.));
#1532 = ADVANCED_FACE('',(#1533),#1601,.T.);
#1533 = FACE_BOUND('',#1534,.T.);
#1534 = EDGE_LOOP('',(#1535,#1536,#1544,#1553,#1561,#1569,#1577,#1586,
    #1592,#1593,#1594,#1600));
#1535 = ORIENTED_EDGE('',*,*,#1482,.F.);
#1536 = ORIENTED_EDGE('',*,*,#1537,.T.);
#1537 = EDGE_CURVE('',#1475,#1538,#1540,.T.);
#1538 = VERTEX_POINT('',#1539);
#1539 = CARTESIAN_POINT('',(0.775,-0.425,0.48));
#1540 = LINE('',#1541,#1542);
#1541 = CARTESIAN_POINT('',(0.775,-0.425,0.));
#1542 = VECTOR('',#1543,1.);
#1543 = DIRECTION('',(0.,0.,1.));
#1544 = ORIENTED_EDGE('',*,*,#1545,.F.);
#1545 = EDGE_CURVE('',#1546,#1538,#1548,.T.);
#1546 = VERTEX_POINT('',#1547);
#1547 = CARTESIAN_POINT('',(0.755,-0.425,0.5));
#1548 = CIRCLE('',#1549,2.E-02);
#1549 = AXIS2_PLACEMENT_3D('',#1550,#1551,#1552);
#1550 = CARTESIAN_POINT('',(0.755,-0.425,0.48));
#1551 = DIRECTION('',(-2.686023446674E-16,1.,0.));
#1552 = DIRECTION('',(0.707106781187,1.899305393569E-16,0.707106781187)
  );
#1553 = ORIENTED_EDGE('',*,*,#1554,.F.);
#1554 = EDGE_CURVE('',#1555,#1546,#1557,.T.);
#1555 = VERTEX_POINT('',#1556);
#1556 = CARTESIAN_POINT('',(0.565,-0.425,0.5));
#1557 = LINE('',#1558,#1559);
#1558 = CARTESIAN_POINT('',(-0.775,-0.425,0.5));
#1559 = VECTOR('',#1560,1.);
#1560 = DIRECTION('',(1.,2.686023446674E-16,0.));
#1561 = ORIENTED_EDGE('',*,*,#1562,.T.);
#1562 = EDGE_CURVE('',#1555,#1563,#1565,.T.);
#1563 = VERTEX_POINT('',#1564);
#1564 = CARTESIAN_POINT('',(0.565,-0.425,0.45));
#1565 = LINE('',#1566,#1567);
#1566 = CARTESIAN_POINT('',(0.565,-0.425,0.25));
#1567 = VECTOR('',#1568,1.);
#1568 = DIRECTION('',(0.,0.,-1.));
#1569 = ORIENTED_EDGE('',*,*,#1570,.T.);
#1570 = EDGE_CURVE('',#1563,#1571,#1573,.T.);
#1571 = VERTEX_POINT('',#1572);
#1572 = CARTESIAN_POINT('',(0.705,-0.425,0.45));
#1573 = LINE('',#1574,#1575);
#1574 = CARTESIAN_POINT('',(-0.75,-0.425,0.45));
#1575 = VECTOR('',#1576,1.);
#1576 = DIRECTION('',(1.,2.686023446674E-16,0.));
#1577 = ORIENTED_EDGE('',*,*,#1578,.F.);
#1578 = EDGE_CURVE('',#1579,#1571,#1581,.T.);
#1579 = VERTEX_POINT('',#1580);
#1580 = CARTESIAN_POINT('',(0.725,-0.425,0.43));
#1581 = CIRCLE('',#1582,2.E-02);
#1582 = AXIS2_PLACEMENT_3D('',#1583,#1584,#1585);
#1583 = CARTESIAN_POINT('',(0.705,-0.425,0.43));
#1584 = DIRECTION('',(2.686023446674E-16,-1.,0.));
#1585 = DIRECTION('',(0.707106781187,1.899305393569E-16,0.707106781187)
  );
#1586 = ORIENTED_EDGE('',*,*,#1587,.T.);
#1587 = EDGE_CURVE('',#1579,#1391,#1588,.T.);
#1588 = LINE('',#1589,#1590);
#1589 = CARTESIAN_POINT('',(0.725,-0.425,0.225));
#1590 = VECTOR('',#1591,1.);
#1591 = DIRECTION('',(0.,0.,-1.));
#1592 = ORIENTED_EDGE('',*,*,#1400,.F.);
#1593 = ORIENTED_EDGE('',*,*,#1449,.T.);
#1594 = ORIENTED_EDGE('',*,*,#1595,.T.);
#1595 = EDGE_CURVE('',#1442,#1507,#1596,.T.);
#1596 = LINE('',#1597,#1598);
#1597 = CARTESIAN_POINT('',(0.475,-0.425,6.854871206285E-02));
#1598 = VECTOR('',#1599,1.);
#1599 = DIRECTION('',(0.,0.,-1.));
#1600 = ORIENTED_EDGE('',*,*,#1506,.T.);
#1601 = PLANE('',#1602);
#1602 = AXIS2_PLACEMENT_3D('',#1603,#1604,#1605);
#1603 = CARTESIAN_POINT('',(-0.775,-0.425,0.));
#1604 = DIRECTION('',(2.686023446674E-16,-1.,0.));
#1605 = DIRECTION('',(1.,2.686023446674E-16,0.));
#1606 = ADVANCED_FACE('',(#1607),#1633,.T.);
#1607 = FACE_BOUND('',#1608,.T.);
#1608 = EDGE_LOOP('',(#1609,#1620,#1626,#1627));
#1609 = ORIENTED_EDGE('',*,*,#1610,.T.);
#1610 = EDGE_CURVE('',#1611,#1613,#1615,.T.);
#1611 = VERTEX_POINT('',#1612);
#1612 = CARTESIAN_POINT('',(0.775,0.425,0.48));
#1613 = VERTEX_POINT('',#1614);
#1614 = CARTESIAN_POINT('',(0.755,0.425,0.5));
#1615 = CIRCLE('',#1616,2.E-02);
#1616 = AXIS2_PLACEMENT_3D('',#1617,#1618,#1619);
#1617 = CARTESIAN_POINT('',(0.755,0.425,0.48));
#1618 = DIRECTION('',(1.343011723337E-16,-1.,0.));
#1619 = DIRECTION('',(0.707106781187,9.496526967845E-17,0.707106781187)
  );
#1620 = ORIENTED_EDGE('',*,*,#1621,.T.);
#1621 = EDGE_CURVE('',#1613,#1546,#1622,.T.);
#1622 = LINE('',#1623,#1624);
#1623 = CARTESIAN_POINT('',(0.755,-0.2125,0.5));
#1624 = VECTOR('',#1625,1.);
#1625 = DIRECTION('',(0.,-1.,0.));
#1626 = ORIENTED_EDGE('',*,*,#1545,.T.);
#1627 = ORIENTED_EDGE('',*,*,#1628,.T.);
#1628 = EDGE_CURVE('',#1538,#1611,#1629,.T.);
#1629 = LINE('',#1630,#1631);
#1630 = CARTESIAN_POINT('',(0.775,-0.2125,0.48));
#1631 = VECTOR('',#1632,1.);
#1632 = DIRECTION('',(0.,1.,0.));
#1633 = CYLINDRICAL_SURFACE('',#1634,2.E-02);
#1634 = AXIS2_PLACEMENT_3D('',#1635,#1636,#1637);
#1635 = CARTESIAN_POINT('',(0.755,-0.2125,0.48));
#1636 = DIRECTION('',(0.,1.,0.));
#1637 = DIRECTION('',(0.707106781187,-0.,0.707106781187));
#1638 = ADVANCED_FACE('',(#1639),#1689,.T.);
#1639 = FACE_BOUND('',#1640,.T.);
#1640 = EDGE_LOOP('',(#1641,#1642,#1650,#1658,#1666,#1674,#1682,#1688));
#1641 = ORIENTED_EDGE('',*,*,#1621,.F.);
#1642 = ORIENTED_EDGE('',*,*,#1643,.T.);
#1643 = EDGE_CURVE('',#1613,#1644,#1646,.T.);
#1644 = VERTEX_POINT('',#1645);
#1645 = CARTESIAN_POINT('',(0.565,0.425,0.5));
#1646 = LINE('',#1647,#1648);
#1647 = CARTESIAN_POINT('',(0.775,0.425,0.5));
#1648 = VECTOR('',#1649,1.);
#1649 = DIRECTION('',(-1.,-1.343011723337E-16,0.));
#1650 = ORIENTED_EDGE('',*,*,#1651,.T.);
#1651 = EDGE_CURVE('',#1644,#1652,#1654,.T.);
#1652 = VERTEX_POINT('',#1653);
#1653 = CARTESIAN_POINT('',(0.565,0.365,0.5));
#1654 = LINE('',#1655,#1656);
#1655 = CARTESIAN_POINT('',(0.565,0.2125,0.5));
#1656 = VECTOR('',#1657,1.);
#1657 = DIRECTION('',(0.,-1.,0.));
#1658 = ORIENTED_EDGE('',*,*,#1659,.T.);
#1659 = EDGE_CURVE('',#1652,#1660,#1662,.T.);
#1660 = VERTEX_POINT('',#1661);
#1661 = CARTESIAN_POINT('',(0.475,0.365,0.5));
#1662 = LINE('',#1663,#1664);
#1663 = CARTESIAN_POINT('',(0.2825,0.365,0.5));
#1664 = VECTOR('',#1665,1.);
#1665 = DIRECTION('',(-1.,0.,0.));
#1666 = ORIENTED_EDGE('',*,*,#1667,.T.);
#1667 = EDGE_CURVE('',#1660,#1668,#1670,.T.);
#1668 = VERTEX_POINT('',#1669);
#1669 = CARTESIAN_POINT('',(0.475,-0.365,0.5));
#1670 = LINE('',#1671,#1672);
#1671 = CARTESIAN_POINT('',(0.475,0.2125,0.5));
#1672 = VECTOR('',#1673,1.);
#1673 = DIRECTION('',(1.088453945711E-16,-1.,0.));
#1674 = ORIENTED_EDGE('',*,*,#1675,.T.);
#1675 = EDGE_CURVE('',#1668,#1676,#1678,.T.);
#1676 = VERTEX_POINT('',#1677);
#1677 = CARTESIAN_POINT('',(0.565,-0.365,0.5));
#1678 = LINE('',#1679,#1680);
#1679 = CARTESIAN_POINT('',(0.2375,-0.365,0.5));
#1680 = VECTOR('',#1681,1.);
#1681 = DIRECTION('',(1.,0.,0.));
#1682 = ORIENTED_EDGE('',*,*,#1683,.T.);
#1683 = EDGE_CURVE('',#1676,#1555,#1684,.T.);
#1684 = LINE('',#1685,#1686);
#1685 = CARTESIAN_POINT('',(0.565,-0.1825,0.5));
#1686 = VECTOR('',#1687,1.);
#1687 = DIRECTION('',(0.,-1.,0.));
#1688 = ORIENTED_EDGE('',*,*,#1554,.T.);
#1689 = PLANE('',#1690);
#1690 = AXIS2_PLACEMENT_3D('',#1691,#1692,#1693);
#1691 = CARTESIAN_POINT('',(0.,0.,0.5));
#1692 = DIRECTION('',(0.,0.,1.));
#1693 = DIRECTION('',(1.,0.,-0.));
#1694 = ADVANCED_FACE('',(#1695),#1746,.T.);
#1695 = FACE_BOUND('',#1696,.T.);
#1696 = EDGE_LOOP('',(#1697,#1698,#1699,#1705,#1706,#1707,#1715,#1724,
    #1732,#1738,#1739,#1740));
#1697 = ORIENTED_EDGE('',*,*,#1463,.F.);
#1698 = ORIENTED_EDGE('',*,*,#1522,.T.);
#1699 = ORIENTED_EDGE('',*,*,#1700,.T.);
#1700 = EDGE_CURVE('',#1515,#1434,#1701,.T.);
#1701 = LINE('',#1702,#1703);
#1702 = CARTESIAN_POINT('',(0.475,0.425,6.854871206285E-02));
#1703 = VECTOR('',#1704,1.);
#1704 = DIRECTION('',(0.,0.,1.));
#1705 = ORIENTED_EDGE('',*,*,#1433,.T.);
#1706 = ORIENTED_EDGE('',*,*,#1417,.F.);
#1707 = ORIENTED_EDGE('',*,*,#1708,.T.);
#1708 = EDGE_CURVE('',#1393,#1709,#1711,.T.);
#1709 = VERTEX_POINT('',#1710);
#1710 = CARTESIAN_POINT('',(0.725,0.425,0.43));
#1711 = LINE('',#1712,#1713);
#1712 = CARTESIAN_POINT('',(0.725,0.425,0.225));
#1713 = VECTOR('',#1714,1.);
#1714 = DIRECTION('',(0.,0.,1.));
#1715 = ORIENTED_EDGE('',*,*,#1716,.F.);
#1716 = EDGE_CURVE('',#1717,#1709,#1719,.T.);
#1717 = VERTEX_POINT('',#1718);
#1718 = CARTESIAN_POINT('',(0.705,0.425,0.45));
#1719 = CIRCLE('',#1720,2.E-02);
#1720 = AXIS2_PLACEMENT_3D('',#1721,#1722,#1723);
#1721 = CARTESIAN_POINT('',(0.705,0.425,0.43));
#1722 = DIRECTION('',(-1.343011723337E-16,1.,0.));
#1723 = DIRECTION('',(0.707106781187,9.496526967845E-17,0.707106781187)
  );
#1724 = ORIENTED_EDGE('',*,*,#1725,.T.);
#1725 = EDGE_CURVE('',#1717,#1726,#1728,.T.);
#1726 = VERTEX_POINT('',#1727);
#1727 = CARTESIAN_POINT('',(0.565,0.425,0.45));
#1728 = LINE('',#1729,#1730);
#1729 = CARTESIAN_POINT('',(2.5E-02,0.425,0.45));
#1730 = VECTOR('',#1731,1.);
#1731 = DIRECTION('',(-1.,-1.343011723337E-16,0.));
#1732 = ORIENTED_EDGE('',*,*,#1733,.T.);
#1733 = EDGE_CURVE('',#1726,#1644,#1734,.T.);
#1734 = LINE('',#1735,#1736);
#1735 = CARTESIAN_POINT('',(0.565,0.425,0.25));
#1736 = VECTOR('',#1737,1.);
#1737 = DIRECTION('',(0.,0.,1.));
#1738 = ORIENTED_EDGE('',*,*,#1643,.F.);
#1739 = ORIENTED_EDGE('',*,*,#1610,.F.);
#1740 = ORIENTED_EDGE('',*,*,#1741,.F.);
#1741 = EDGE_CURVE('',#1466,#1611,#1742,.T.);
#1742 = LINE('',#1743,#1744);
#1743 = CARTESIAN_POINT('',(0.775,0.425,0.));
#1744 = VECTOR('',#1745,1.);
#1745 = DIRECTION('',(0.,0.,1.));
#1746 = PLANE('',#1747);
#1747 = AXIS2_PLACEMENT_3D('',#1748,#1749,#1750);
#1748 = CARTESIAN_POINT('',(0.775,0.425,0.));
#1749 = DIRECTION('',(-1.343011723337E-16,1.,0.));
#1750 = DIRECTION('',(-1.,-1.343011723337E-16,0.));
#1751 = ADVANCED_FACE('',(#1752),#1768,.F.);
#1752 = FACE_BOUND('',#1753,.F.);
#1753 = EDGE_LOOP('',(#1754,#1760,#1761,#1767));
#1754 = ORIENTED_EDGE('',*,*,#1755,.F.);
#1755 = EDGE_CURVE('',#1709,#1579,#1756,.T.);
#1756 = LINE('',#1757,#1758);
#1757 = CARTESIAN_POINT('',(0.725,0.425,0.43));
#1758 = VECTOR('',#1759,1.);
#1759 = DIRECTION('',(1.088453945711E-16,-1.,0.));
#1760 = ORIENTED_EDGE('',*,*,#1716,.F.);
#1761 = ORIENTED_EDGE('',*,*,#1762,.F.);
#1762 = EDGE_CURVE('',#1571,#1717,#1763,.T.);
#1763 = LINE('',#1764,#1765);
#1764 = CARTESIAN_POINT('',(0.705,0.425,0.45));
#1765 = VECTOR('',#1766,1.);
#1766 = DIRECTION('',(-1.088453945711E-16,1.,0.));
#1767 = ORIENTED_EDGE('',*,*,#1578,.F.);
#1768 = CYLINDRICAL_SURFACE('',#1769,2.E-02);
#1769 = AXIS2_PLACEMENT_3D('',#1770,#1771,#1772);
#1770 = CARTESIAN_POINT('',(0.705,0.425,0.43));
#1771 = DIRECTION('',(-1.088453945711E-16,1.,0.));
#1772 = DIRECTION('',(0.707106781187,7.696531660215E-17,0.707106781187)
  );
#1773 = ADVANCED_FACE('',(#1774),#1817,.F.);
#1774 = FACE_BOUND('',#1775,.T.);
#1775 = EDGE_LOOP('',(#1776,#1777,#1778,#1786,#1794,#1802,#1810,#1816));
#1776 = ORIENTED_EDGE('',*,*,#1762,.F.);
#1777 = ORIENTED_EDGE('',*,*,#1570,.F.);
#1778 = ORIENTED_EDGE('',*,*,#1779,.T.);
#1779 = EDGE_CURVE('',#1563,#1780,#1782,.T.);
#1780 = VERTEX_POINT('',#1781);
#1781 = CARTESIAN_POINT('',(0.565,-0.365,0.45));
#1782 = LINE('',#1783,#1784);
#1783 = CARTESIAN_POINT('',(0.565,3.E-02,0.45));
#1784 = VECTOR('',#1785,1.);
#1785 = DIRECTION('',(0.,1.,0.));
#1786 = ORIENTED_EDGE('',*,*,#1787,.T.);
#1787 = EDGE_CURVE('',#1780,#1788,#1790,.T.);
#1788 = VERTEX_POINT('',#1789);
#1789 = CARTESIAN_POINT('',(0.475,-0.365,0.45));
#1790 = LINE('',#1791,#1792);
#1791 = CARTESIAN_POINT('',(-0.125,-0.365,0.45));
#1792 = VECTOR('',#1793,1.);
#1793 = DIRECTION('',(-1.,0.,0.));
#1794 = ORIENTED_EDGE('',*,*,#1795,.T.);
#1795 = EDGE_CURVE('',#1788,#1796,#1798,.T.);
#1796 = VERTEX_POINT('',#1797);
#1797 = CARTESIAN_POINT('',(0.475,0.365,0.45));
#1798 = LINE('',#1799,#1800);
#1799 = CARTESIAN_POINT('',(0.475,0.425,0.45));
#1800 = VECTOR('',#1801,1.);
#1801 = DIRECTION('',(-1.088453945711E-16,1.,0.));
#1802 = ORIENTED_EDGE('',*,*,#1803,.T.);
#1803 = EDGE_CURVE('',#1796,#1804,#1806,.T.);
#1804 = VERTEX_POINT('',#1805);
#1805 = CARTESIAN_POINT('',(0.565,0.365,0.45));
#1806 = LINE('',#1807,#1808);
#1807 = CARTESIAN_POINT('',(-8.E-02,0.365,0.45));
#1808 = VECTOR('',#1809,1.);
#1809 = DIRECTION('',(1.,0.,0.));
#1810 = ORIENTED_EDGE('',*,*,#1811,.T.);
#1811 = EDGE_CURVE('',#1804,#1726,#1812,.T.);
#1812 = LINE('',#1813,#1814);
#1813 = CARTESIAN_POINT('',(0.565,0.425,0.45));
#1814 = VECTOR('',#1815,1.);
#1815 = DIRECTION('',(0.,1.,0.));
#1816 = ORIENTED_EDGE('',*,*,#1725,.F.);
#1817 = PLANE('',#1818);
#1818 = AXIS2_PLACEMENT_3D('',#1819,#1820,#1821);
#1819 = CARTESIAN_POINT('',(-0.725,0.425,0.45));
#1820 = DIRECTION('',(0.,0.,1.));
#1821 = DIRECTION('',(1.,1.33226762955E-16,-0.));
#1822 = ADVANCED_FACE('',(#1823),#1834,.F.);
#1823 = FACE_BOUND('',#1824,.T.);
#1824 = EDGE_LOOP('',(#1825,#1826,#1827,#1828));
#1825 = ORIENTED_EDGE('',*,*,#1779,.F.);
#1826 = ORIENTED_EDGE('',*,*,#1562,.F.);
#1827 = ORIENTED_EDGE('',*,*,#1683,.F.);
#1828 = ORIENTED_EDGE('',*,*,#1829,.T.);
#1829 = EDGE_CURVE('',#1676,#1780,#1830,.T.);
#1830 = LINE('',#1831,#1832);
#1831 = CARTESIAN_POINT('',(0.565,-0.365,0.5));
#1832 = VECTOR('',#1833,1.);
#1833 = DIRECTION('',(0.,0.,-1.));
#1834 = PLANE('',#1835);
#1835 = AXIS2_PLACEMENT_3D('',#1836,#1837,#1838);
#1836 = CARTESIAN_POINT('',(0.565,-0.365,0.5));
#1837 = DIRECTION('',(1.,0.,0.));
#1838 = DIRECTION('',(0.,-1.,0.));
#1839 = ADVANCED_FACE('',(#1840),#1851,.F.);
#1840 = FACE_BOUND('',#1841,.T.);
#1841 = EDGE_LOOP('',(#1842,#1843,#1844,#1845));
#1842 = ORIENTED_EDGE('',*,*,#1787,.F.);
#1843 = ORIENTED_EDGE('',*,*,#1829,.F.);
#1844 = ORIENTED_EDGE('',*,*,#1675,.F.);
#1845 = ORIENTED_EDGE('',*,*,#1846,.F.);
#1846 = EDGE_CURVE('',#1788,#1668,#1847,.T.);
#1847 = LINE('',#1848,#1849);
#1848 = CARTESIAN_POINT('',(0.475,-0.365,0.5));
#1849 = VECTOR('',#1850,1.);
#1850 = DIRECTION('',(0.,0.,1.));
#1851 = PLANE('',#1852);
#1852 = AXIS2_PLACEMENT_3D('',#1853,#1854,#1855);
#1853 = CARTESIAN_POINT('',(0.475,-0.365,0.5));
#1854 = DIRECTION('',(0.,1.,0.));
#1855 = DIRECTION('',(1.,0.,0.));
#1856 = ADVANCED_FACE('',(#1857),#1868,.F.);
#1857 = FACE_BOUND('',#1858,.T.);
#1858 = EDGE_LOOP('',(#1859,#1860,#1866,#1867));
#1859 = ORIENTED_EDGE('',*,*,#1811,.F.);
#1860 = ORIENTED_EDGE('',*,*,#1861,.F.);
#1861 = EDGE_CURVE('',#1652,#1804,#1862,.T.);
#1862 = LINE('',#1863,#1864);
#1863 = CARTESIAN_POINT('',(0.565,0.365,0.5));
#1864 = VECTOR('',#1865,1.);
#1865 = DIRECTION('',(0.,0.,-1.));
#1866 = ORIENTED_EDGE('',*,*,#1651,.F.);
#1867 = ORIENTED_EDGE('',*,*,#1733,.F.);
#1868 = PLANE('',#1869);
#1869 = AXIS2_PLACEMENT_3D('',#1870,#1871,#1872);
#1870 = CARTESIAN_POINT('',(0.565,0.425,0.5));
#1871 = DIRECTION('',(1.,0.,0.));
#1872 = DIRECTION('',(0.,-1.,0.));
#1873 = ADVANCED_FACE('',(#1874),#1885,.F.);
#1874 = FACE_BOUND('',#1875,.T.);
#1875 = EDGE_LOOP('',(#1876,#1877,#1883,#1884));
#1876 = ORIENTED_EDGE('',*,*,#1803,.F.);
#1877 = ORIENTED_EDGE('',*,*,#1878,.F.);
#1878 = EDGE_CURVE('',#1660,#1796,#1879,.T.);
#1879 = LINE('',#1880,#1881);
#1880 = CARTESIAN_POINT('',(0.475,0.365,0.5));
#1881 = VECTOR('',#1882,1.);
#1882 = DIRECTION('',(0.,0.,-1.));
#1883 = ORIENTED_EDGE('',*,*,#1659,.F.);
#1884 = ORIENTED_EDGE('',*,*,#1861,.T.);
#1885 = PLANE('',#1886);
#1886 = AXIS2_PLACEMENT_3D('',#1887,#1888,#1889);
#1887 = CARTESIAN_POINT('',(0.565,0.365,0.5));
#1888 = DIRECTION('',(0.,-1.,0.));
#1889 = DIRECTION('',(-1.,0.,0.));
#1890 = ADVANCED_FACE('',(#1891),#1897,.F.);
#1891 = FACE_BOUND('',#1892,.T.);
#1892 = EDGE_LOOP('',(#1893,#1894,#1895,#1896));
#1893 = ORIENTED_EDGE('',*,*,#1595,.F.);
#1894 = ORIENTED_EDGE('',*,*,#1441,.F.);
#1895 = ORIENTED_EDGE('',*,*,#1700,.F.);
#1896 = ORIENTED_EDGE('',*,*,#1514,.F.);
#1897 = PLANE('',#1898);
#1898 = AXIS2_PLACEMENT_3D('',#1899,#1900,#1901);
#1899 = CARTESIAN_POINT('',(0.475,0.425,0.137097424126));
#1900 = DIRECTION('',(1.,1.088453945711E-16,0.));
#1901 = DIRECTION('',(0.,0.,-1.));
#1902 = ADVANCED_FACE('',(#1903),#1909,.F.);
#1903 = FACE_BOUND('',#1904,.T.);
#1904 = EDGE_LOOP('',(#1905,#1906,#1907,#1908));
#1905 = ORIENTED_EDGE('',*,*,#1390,.F.);
#1906 = ORIENTED_EDGE('',*,*,#1587,.F.);
#1907 = ORIENTED_EDGE('',*,*,#1755,.F.);
#1908 = ORIENTED_EDGE('',*,*,#1708,.F.);
#1909 = PLANE('',#1910);
#1910 = AXIS2_PLACEMENT_3D('',#1911,#1912,#1913);
#1911 = CARTESIAN_POINT('',(0.725,0.425,0.45));
#1912 = DIRECTION('',(1.,1.088453945711E-16,0.));
#1913 = DIRECTION('',(0.,0.,-1.));
#1914 = ADVANCED_FACE('',(#1915),#1921,.F.);
#1915 = FACE_BOUND('',#1916,.T.);
#1916 = EDGE_LOOP('',(#1917,#1918,#1919,#1920));
#1917 = ORIENTED_EDGE('',*,*,#1846,.T.);
#1918 = ORIENTED_EDGE('',*,*,#1667,.F.);
#1919 = ORIENTED_EDGE('',*,*,#1878,.T.);
#1920 = ORIENTED_EDGE('',*,*,#1795,.F.);
#1921 = PLANE('',#1922);
#1922 = AXIS2_PLACEMENT_3D('',#1923,#1924,#1925);
#1923 = CARTESIAN_POINT('',(0.475,0.425,0.5));
#1924 = DIRECTION('',(1.,1.088453945711E-16,0.));
#1925 = DIRECTION('',(0.,0.,-1.));
#1926 = ADVANCED_FACE('',(#1927),#1933,.T.);
#1927 = FACE_BOUND('',#1928,.T.);
#1928 = EDGE_LOOP('',(#1929,#1930,#1931,#1932));
#1929 = ORIENTED_EDGE('',*,*,#1474,.F.);
#1930 = ORIENTED_EDGE('',*,*,#1741,.T.);
#1931 = ORIENTED_EDGE('',*,*,#1628,.F.);
#1932 = ORIENTED_EDGE('',*,*,#1537,.F.);
#1933 = PLANE('',#1934);
#1934 = AXIS2_PLACEMENT_3D('',#1935,#1936,#1937);
#1935 = CARTESIAN_POINT('',(0.775,-0.425,0.));
#1936 = DIRECTION('',(1.,0.,0.));
#1937 = DIRECTION('',(-0.,1.,0.));
#1938 = ( GEOMETRIC_REPRESENTATION_CONTEXT(3) 
GLOBAL_UNCERTAINTY_ASSIGNED_CONTEXT((#1942)) 
GLOBAL_UNIT_ASSIGNED_CONTEXT((#1939,#1940,#1941)) REPRESENTATION_CONTEXT
('Context #1','3D Context with UNIT and UNCERTAINTY') );
#1939 = ( LENGTH_UNIT() NAMED_UNIT(*) SI_UNIT(.MILLI.,.METRE.) );
#1940 = ( NAMED_UNIT(*) PLANE_ANGLE_UNIT() SI_UNIT($,.RADIAN.) );
#1941 = ( NAMED_UNIT(*) SI_UNIT($,.STERADIAN.) SOLID_ANGLE_UNIT() );
#1942 = UNCERTAINTY_MEASURE_WITH_UNIT(LENGTH_MEASURE(1.E-07),#1939,
  'distance_accuracy_value','confusion accuracy');
#1943 = SHAPE_DEFINITION_REPRESENTATION(#1944,#829);
#1944 = PRODUCT_DEFINITION_SHAPE('','',#1945);
#1945 = PRODUCT_DEFINITION('design','',#1946,#1949);
#1946 = PRODUCT_DEFINITION_FORMATION('','',#1947);
#1947 = PRODUCT('1','1','',(#1948));
#1948 = PRODUCT_CONTEXT('',#2,'mechanical');
#1949 = PRODUCT_DEFINITION_CONTEXT('part definition',#2,'design');
#1950 = CONTEXT_DEPENDENT_SHAPE_REPRESENTATION(#1951,#1953);
#1951 = ( REPRESENTATION_RELATIONSHIP('','',#829,#803) 
REPRESENTATION_RELATIONSHIP_WITH_TRANSFORMATION(#1952) 
SHAPE_REPRESENTATION_RELATIONSHIP() );
#1952 = ITEM_DEFINED_TRANSFORMATION('','',#11,#804);
#1953 = PRODUCT_DEFINITION_SHAPE('Placement','Placement of an item',
  #1954);
#1954 = NEXT_ASSEMBLY_USAGE_OCCURRENCE('3','1:1','',#798,#1945,$);
#1955 = PRODUCT_RELATED_PRODUCT_CATEGORY('part',$,(#1947));
#1956 = ADVANCED_BREP_SHAPE_REPRESENTATION('',(#11,#1957),#2247);
#1957 = MANIFOLD_SOLID_BREP('',#1958);
#1958 = CLOSED_SHELL('',(#1959,#2035,#2067,#2133,#2150,#2167,#2189,#2206
    ,#2223,#2235));
#1959 = ADVANCED_FACE('',(#1960),#2030,.T.);
#1960 = FACE_BOUND('',#1961,.T.);
#1961 = EDGE_LOOP('',(#1962,#1972,#1981,#1989,#1998,#2006,#2015,#2023));
#1962 = ORIENTED_EDGE('',*,*,#1963,.F.);
#1963 = EDGE_CURVE('',#1964,#1966,#1968,.T.);
#1964 = VERTEX_POINT('',#1965);
#1965 = CARTESIAN_POINT('',(-0.705,0.425,5.E-02));
#1966 = VERTEX_POINT('',#1967);
#1967 = CARTESIAN_POINT('',(0.705,0.425,5.E-02));
#1968 = LINE('',#1969,#1970);
#1969 = CARTESIAN_POINT('',(0.75,0.425,5.E-02));
#1970 = VECTOR('',#1971,1.);
#1971 = DIRECTION('',(1.,1.343011723337E-16,0.));
#1972 = ORIENTED_EDGE('',*,*,#1973,.F.);
#1973 = EDGE_CURVE('',#1974,#1964,#1976,.T.);
#1974 = VERTEX_POINT('',#1975);
#1975 = CARTESIAN_POINT('',(-0.725,0.425,7.E-02));
#1976 = CIRCLE('',#1977,2.E-02);
#1977 = AXIS2_PLACEMENT_3D('',#1978,#1979,#1980);
#1978 = CARTESIAN_POINT('',(-0.705,0.425,7.E-02));
#1979 = DIRECTION('',(1.343011723337E-16,-1.,0.));
#1980 = DIRECTION('',(-0.707106781187,-9.496526967845E-17,
    -0.707106781187));
#1981 = ORIENTED_EDGE('',*,*,#1982,.F.);
#1982 = EDGE_CURVE('',#1983,#1974,#1985,.T.);
#1983 = VERTEX_POINT('',#1984);
#1984 = CARTESIAN_POINT('',(-0.725,0.425,0.43));
#1985 = LINE('',#1986,#1987);
#1986 = CARTESIAN_POINT('',(-0.725,0.425,2.5E-02));
#1987 = VECTOR('',#1988,1.);
#1988 = DIRECTION('',(0.,0.,-1.));
#1989 = ORIENTED_EDGE('',*,*,#1990,.F.);
#1990 = EDGE_CURVE('',#1991,#1983,#1993,.T.);
#1991 = VERTEX_POINT('',#1992);
#1992 = CARTESIAN_POINT('',(-0.705,0.425,0.45));
#1993 = CIRCLE('',#1994,2.E-02);
#1994 = AXIS2_PLACEMENT_3D('',#1995,#1996,#1997);
#1995 = CARTESIAN_POINT('',(-0.705,0.425,0.43));
#1996 = DIRECTION('',(1.343011723337E-16,-1.,0.));
#1997 = DIRECTION('',(-0.707106781187,-9.496526967845E-17,0.707106781187
    ));
#1998 = ORIENTED_EDGE('',*,*,#1999,.F.);
#1999 = EDGE_CURVE('',#2000,#1991,#2002,.T.);
#2000 = VERTEX_POINT('',#2001);
#2001 = CARTESIAN_POINT('',(0.705,0.425,0.45));
#2002 = LINE('',#2003,#2004);
#2003 = CARTESIAN_POINT('',(2.5E-02,0.425,0.45));
#2004 = VECTOR('',#2005,1.);
#2005 = DIRECTION('',(-1.,-1.343011723337E-16,0.));
#2006 = ORIENTED_EDGE('',*,*,#2007,.F.);
#2007 = EDGE_CURVE('',#2008,#2000,#2010,.T.);
#2008 = VERTEX_POINT('',#2009);
#2009 = CARTESIAN_POINT('',(0.725,0.425,0.43));
#2010 = CIRCLE('',#2011,2.E-02);
#2011 = AXIS2_PLACEMENT_3D('',#2012,#2013,#2014);
#2012 = CARTESIAN_POINT('',(0.705,0.425,0.43));
#2013 = DIRECTION('',(1.343011723337E-16,-1.,0.));
#2014 = DIRECTION('',(0.707106781187,9.496526967845E-17,0.707106781187)
  );
#2015 = ORIENTED_EDGE('',*,*,#2016,.F.);
#2016 = EDGE_CURVE('',#2017,#2008,#2019,.T.);
#2017 = VERTEX_POINT('',#2018);
#2018 = CARTESIAN_POINT('',(0.725,0.425,7.E-02));
#2019 = LINE('',#2020,#2021);
#2020 = CARTESIAN_POINT('',(0.725,0.425,0.225));
#2021 = VECTOR('',#2022,1.);
#2022 = DIRECTION('',(0.,0.,1.));
#2023 = ORIENTED_EDGE('',*,*,#2024,.F.);
#2024 = EDGE_CURVE('',#1966,#2017,#2025,.T.);
#2025 = CIRCLE('',#2026,2.E-02);
#2026 = AXIS2_PLACEMENT_3D('',#2027,#2028,#2029);
#2027 = CARTESIAN_POINT('',(0.705,0.425,7.E-02));
#2028 = DIRECTION('',(1.343011723337E-16,-1.,0.));
#2029 = DIRECTION('',(0.707106781187,9.496526967845E-17,-0.707106781187)
  );
#2030 = PLANE('',#2031);
#2031 = AXIS2_PLACEMENT_3D('',#2032,#2033,#2034);
#2032 = CARTESIAN_POINT('',(0.775,0.425,0.));
#2033 = DIRECTION('',(-1.343011723337E-16,1.,0.));
#2034 = DIRECTION('',(-1.,-1.343011723337E-16,0.));
#2035 = ADVANCED_FACE('',(#2036),#2062,.T.);
#2036 = FACE_BOUND('',#2037,.T.);
#2037 = EDGE_LOOP('',(#2038,#2039,#2047,#2056));
#2038 = ORIENTED_EDGE('',*,*,#1990,.T.);
#2039 = ORIENTED_EDGE('',*,*,#2040,.T.);
#2040 = EDGE_CURVE('',#1983,#2041,#2043,.T.);
#2041 = VERTEX_POINT('',#2042);
#2042 = CARTESIAN_POINT('',(-0.725,-0.425,0.43));
#2043 = LINE('',#2044,#2045);
#2044 = CARTESIAN_POINT('',(-0.725,0.425,0.43));
#2045 = VECTOR('',#2046,1.);
#2046 = DIRECTION('',(1.088453945711E-16,-1.,0.));
#2047 = ORIENTED_EDGE('',*,*,#2048,.T.);
#2048 = EDGE_CURVE('',#2041,#2049,#2051,.T.);
#2049 = VERTEX_POINT('',#2050);
#2050 = CARTESIAN_POINT('',(-0.705,-0.425,0.45));
#2051 = CIRCLE('',#2052,2.E-02);
#2052 = AXIS2_PLACEMENT_3D('',#2053,#2054,#2055);
#2053 = CARTESIAN_POINT('',(-0.705,-0.425,0.43));
#2054 = DIRECTION('',(-2.686023446674E-16,1.,0.));
#2055 = DIRECTION('',(-0.707106781187,-1.899305393569E-16,0.707106781187
    ));
#2056 = ORIENTED_EDGE('',*,*,#2057,.T.);
#2057 = EDGE_CURVE('',#2049,#1991,#2058,.T.);
#2058 = LINE('',#2059,#2060);
#2059 = CARTESIAN_POINT('',(-0.705,0.425,0.45));
#2060 = VECTOR('',#2061,1.);
#2061 = DIRECTION('',(-1.088453945711E-16,1.,0.));
#2062 = CYLINDRICAL_SURFACE('',#2063,2.E-02);
#2063 = AXIS2_PLACEMENT_3D('',#2064,#2065,#2066);
#2064 = CARTESIAN_POINT('',(-0.705,0.425,0.43));
#2065 = DIRECTION('',(-1.088453945711E-16,1.,0.));
#2066 = DIRECTION('',(-0.707106781187,-7.696531660215E-17,0.707106781187
    ));
#2067 = ADVANCED_FACE('',(#2068),#2128,.T.);
#2068 = FACE_BOUND('',#2069,.T.);
#2069 = EDGE_LOOP('',(#2070,#2080,#2089,#2097,#2106,#2112,#2113,#2121));
#2070 = ORIENTED_EDGE('',*,*,#2071,.F.);
#2071 = EDGE_CURVE('',#2072,#2074,#2076,.T.);
#2072 = VERTEX_POINT('',#2073);
#2073 = CARTESIAN_POINT('',(0.705,-0.425,5.E-02));
#2074 = VERTEX_POINT('',#2075);
#2075 = CARTESIAN_POINT('',(-0.705,-0.425,5.E-02));
#2076 = LINE('',#2077,#2078);
#2077 = CARTESIAN_POINT('',(-2.5E-02,-0.425,5.E-02));
#2078 = VECTOR('',#2079,1.);
#2079 = DIRECTION('',(-1.,-2.686023446674E-16,0.));
#2080 = ORIENTED_EDGE('',*,*,#2081,.F.);
#2081 = EDGE_CURVE('',#2082,#2072,#2084,.T.);
#2082 = VERTEX_POINT('',#2083);
#2083 = CARTESIAN_POINT('',(0.725,-0.425,7.E-02));
#2084 = CIRCLE('',#2085,2.E-02);
#2085 = AXIS2_PLACEMENT_3D('',#2086,#2087,#2088);
#2086 = CARTESIAN_POINT('',(0.705,-0.425,7.E-02));
#2087 = DIRECTION('',(-2.686023446674E-16,1.,0.));
#2088 = DIRECTION('',(0.707106781187,1.899305393569E-16,-0.707106781187)
  );
#2089 = ORIENTED_EDGE('',*,*,#2090,.F.);
#2090 = EDGE_CURVE('',#2091,#2082,#2093,.T.);
#2091 = VERTEX_POINT('',#2092);
#2092 = CARTESIAN_POINT('',(0.725,-0.425,0.43));
#2093 = LINE('',#2094,#2095);
#2094 = CARTESIAN_POINT('',(0.725,-0.425,0.225));
#2095 = VECTOR('',#2096,1.);
#2096 = DIRECTION('',(0.,0.,-1.));
#2097 = ORIENTED_EDGE('',*,*,#2098,.F.);
#2098 = EDGE_CURVE('',#2099,#2091,#2101,.T.);
#2099 = VERTEX_POINT('',#2100);
#2100 = CARTESIAN_POINT('',(0.705,-0.425,0.45));
#2101 = CIRCLE('',#2102,2.E-02);
#2102 = AXIS2_PLACEMENT_3D('',#2103,#2104,#2105);
#2103 = CARTESIAN_POINT('',(0.705,-0.425,0.43));
#2104 = DIRECTION('',(-2.686023446674E-16,1.,0.));
#2105 = DIRECTION('',(0.707106781187,1.899305393569E-16,0.707106781187)
  );
#2106 = ORIENTED_EDGE('',*,*,#2107,.F.);
#2107 = EDGE_CURVE('',#2049,#2099,#2108,.T.);
#2108 = LINE('',#2109,#2110);
#2109 = CARTESIAN_POINT('',(-0.75,-0.425,0.45));
#2110 = VECTOR('',#2111,1.);
#2111 = DIRECTION('',(1.,2.686023446674E-16,0.));
#2112 = ORIENTED_EDGE('',*,*,#2048,.F.);
#2113 = ORIENTED_EDGE('',*,*,#2114,.F.);
#2114 = EDGE_CURVE('',#2115,#2041,#2117,.T.);
#2115 = VERTEX_POINT('',#2116);
#2116 = CARTESIAN_POINT('',(-0.725,-0.425,7.E-02));
#2117 = LINE('',#2118,#2119);
#2118 = CARTESIAN_POINT('',(-0.725,-0.425,2.5E-02));
#2119 = VECTOR('',#2120,1.);
#2120 = DIRECTION('',(0.,0.,1.));
#2121 = ORIENTED_EDGE('',*,*,#2122,.F.);
#2122 = EDGE_CURVE('',#2074,#2115,#2123,.T.);
#2123 = CIRCLE('',#2124,2.E-02);
#2124 = AXIS2_PLACEMENT_3D('',#2125,#2126,#2127);
#2125 = CARTESIAN_POINT('',(-0.705,-0.425,7.E-02));
#2126 = DIRECTION('',(-2.686023446674E-16,1.,0.));
#2127 = DIRECTION('',(-0.707106781187,-1.899305393569E-16,
    -0.707106781187));
#2128 = PLANE('',#2129);
#2129 = AXIS2_PLACEMENT_3D('',#2130,#2131,#2132);
#2130 = CARTESIAN_POINT('',(-0.775,-0.425,0.));
#2131 = DIRECTION('',(2.686023446674E-16,-1.,0.));
#2132 = DIRECTION('',(1.,2.686023446674E-16,0.));
#2133 = ADVANCED_FACE('',(#2134),#2145,.T.);
#2134 = FACE_BOUND('',#2135,.T.);
#2135 = EDGE_LOOP('',(#2136,#2137,#2138,#2144));
#2136 = ORIENTED_EDGE('',*,*,#2040,.F.);
#2137 = ORIENTED_EDGE('',*,*,#1982,.T.);
#2138 = ORIENTED_EDGE('',*,*,#2139,.F.);
#2139 = EDGE_CURVE('',#2115,#1974,#2140,.T.);
#2140 = LINE('',#2141,#2142);
#2141 = CARTESIAN_POINT('',(-0.725,0.425,7.E-02));
#2142 = VECTOR('',#2143,1.);
#2143 = DIRECTION('',(-1.088453945711E-16,1.,0.));
#2144 = ORIENTED_EDGE('',*,*,#2114,.T.);
#2145 = PLANE('',#2146);
#2146 = AXIS2_PLACEMENT_3D('',#2147,#2148,#2149);
#2147 = CARTESIAN_POINT('',(-0.725,0.425,5.E-02));
#2148 = DIRECTION('',(-1.,-1.088453945711E-16,0.));
#2149 = DIRECTION('',(0.,0.,1.));
#2150 = ADVANCED_FACE('',(#2151),#2162,.T.);
#2151 = FACE_BOUND('',#2152,.T.);
#2152 = EDGE_LOOP('',(#2153,#2154,#2160,#2161));
#2153 = ORIENTED_EDGE('',*,*,#1973,.T.);
#2154 = ORIENTED_EDGE('',*,*,#2155,.T.);
#2155 = EDGE_CURVE('',#1964,#2074,#2156,.T.);
#2156 = LINE('',#2157,#2158);
#2157 = CARTESIAN_POINT('',(-0.705,0.425,5.E-02));
#2158 = VECTOR('',#2159,1.);
#2159 = DIRECTION('',(1.088453945711E-16,-1.,0.));
#2160 = ORIENTED_EDGE('',*,*,#2122,.T.);
#2161 = ORIENTED_EDGE('',*,*,#2139,.T.);
#2162 = CYLINDRICAL_SURFACE('',#2163,2.E-02);
#2163 = AXIS2_PLACEMENT_3D('',#2164,#2165,#2166);
#2164 = CARTESIAN_POINT('',(-0.705,0.425,7.E-02));
#2165 = DIRECTION('',(-1.088453945711E-16,1.,0.));
#2166 = DIRECTION('',(-0.707106781187,-7.696531660215E-17,
    -0.707106781187));
#2167 = ADVANCED_FACE('',(#2168),#2184,.T.);
#2168 = FACE_BOUND('',#2169,.T.);
#2169 = EDGE_LOOP('',(#2170,#2171,#2177,#2178));
#2170 = ORIENTED_EDGE('',*,*,#2081,.T.);
#2171 = ORIENTED_EDGE('',*,*,#2172,.T.);
#2172 = EDGE_CURVE('',#2072,#1966,#2173,.T.);
#2173 = LINE('',#2174,#2175);
#2174 = CARTESIAN_POINT('',(0.705,0.425,5.E-02));
#2175 = VECTOR('',#2176,1.);
#2176 = DIRECTION('',(-1.088453945711E-16,1.,0.));
#2177 = ORIENTED_EDGE('',*,*,#2024,.T.);
#2178 = ORIENTED_EDGE('',*,*,#2179,.T.);
#2179 = EDGE_CURVE('',#2017,#2082,#2180,.T.);
#2180 = LINE('',#2181,#2182);
#2181 = CARTESIAN_POINT('',(0.725,0.425,7.E-02));
#2182 = VECTOR('',#2183,1.);
#2183 = DIRECTION('',(1.088453945711E-16,-1.,0.));
#2184 = CYLINDRICAL_SURFACE('',#2185,2.E-02);
#2185 = AXIS2_PLACEMENT_3D('',#2186,#2187,#2188);
#2186 = CARTESIAN_POINT('',(0.705,0.425,7.E-02));
#2187 = DIRECTION('',(1.088453945711E-16,-1.,0.));
#2188 = DIRECTION('',(0.707106781187,7.696531660215E-17,-0.707106781187)
  );
#2189 = ADVANCED_FACE('',(#2190),#2201,.T.);
#2190 = FACE_BOUND('',#2191,.T.);
#2191 = EDGE_LOOP('',(#2192,#2193,#2194,#2200));
#2192 = ORIENTED_EDGE('',*,*,#2179,.F.);
#2193 = ORIENTED_EDGE('',*,*,#2016,.T.);
#2194 = ORIENTED_EDGE('',*,*,#2195,.F.);
#2195 = EDGE_CURVE('',#2091,#2008,#2196,.T.);
#2196 = LINE('',#2197,#2198);
#2197 = CARTESIAN_POINT('',(0.725,0.425,0.43));
#2198 = VECTOR('',#2199,1.);
#2199 = DIRECTION('',(-1.088453945711E-16,1.,0.));
#2200 = ORIENTED_EDGE('',*,*,#2090,.T.);
#2201 = PLANE('',#2202);
#2202 = AXIS2_PLACEMENT_3D('',#2203,#2204,#2205);
#2203 = CARTESIAN_POINT('',(0.725,0.425,0.45));
#2204 = DIRECTION('',(1.,1.088453945711E-16,0.));
#2205 = DIRECTION('',(0.,0.,-1.));
#2206 = ADVANCED_FACE('',(#2207),#2218,.T.);
#2207 = FACE_BOUND('',#2208,.T.);
#2208 = EDGE_LOOP('',(#2209,#2210,#2216,#2217));
#2209 = ORIENTED_EDGE('',*,*,#2007,.T.);
#2210 = ORIENTED_EDGE('',*,*,#2211,.T.);
#2211 = EDGE_CURVE('',#2000,#2099,#2212,.T.);
#2212 = LINE('',#2213,#2214);
#2213 = CARTESIAN_POINT('',(0.705,0.425,0.45));
#2214 = VECTOR('',#2215,1.);
#2215 = DIRECTION('',(1.088453945711E-16,-1.,0.));
#2216 = ORIENTED_EDGE('',*,*,#2098,.T.);
#2217 = ORIENTED_EDGE('',*,*,#2195,.T.);
#2218 = CYLINDRICAL_SURFACE('',#2219,2.E-02);
#2219 = AXIS2_PLACEMENT_3D('',#2220,#2221,#2222);
#2220 = CARTESIAN_POINT('',(0.705,0.425,0.43));
#2221 = DIRECTION('',(-1.088453945711E-16,1.,0.));
#2222 = DIRECTION('',(0.707106781187,7.696531660215E-17,0.707106781187)
  );
#2223 = ADVANCED_FACE('',(#2224),#2230,.T.);
#2224 = FACE_BOUND('',#2225,.T.);
#2225 = EDGE_LOOP('',(#2226,#2227,#2228,#2229));
#2226 = ORIENTED_EDGE('',*,*,#2057,.F.);
#2227 = ORIENTED_EDGE('',*,*,#2107,.T.);
#2228 = ORIENTED_EDGE('',*,*,#2211,.F.);
#2229 = ORIENTED_EDGE('',*,*,#1999,.T.);
#2230 = PLANE('',#2231);
#2231 = AXIS2_PLACEMENT_3D('',#2232,#2233,#2234);
#2232 = CARTESIAN_POINT('',(-0.725,0.425,0.45));
#2233 = DIRECTION('',(0.,0.,1.));
#2234 = DIRECTION('',(1.,1.33226762955E-16,-0.));
#2235 = ADVANCED_FACE('',(#2236),#2242,.T.);
#2236 = FACE_BOUND('',#2237,.T.);
#2237 = EDGE_LOOP('',(#2238,#2239,#2240,#2241));
#2238 = ORIENTED_EDGE('',*,*,#2172,.F.);
#2239 = ORIENTED_EDGE('',*,*,#2071,.T.);
#2240 = ORIENTED_EDGE('',*,*,#2155,.F.);
#2241 = ORIENTED_EDGE('',*,*,#1963,.T.);
#2242 = PLANE('',#2243);
#2243 = AXIS2_PLACEMENT_3D('',#2244,#2245,#2246);
#2244 = CARTESIAN_POINT('',(0.725,0.425,5.E-02));
#2245 = DIRECTION('',(0.,0.,-1.));
#2246 = DIRECTION('',(-1.,-1.33226762955E-16,-0.));
#2247 = ( GEOMETRIC_REPRESENTATION_CONTEXT(3) 
GLOBAL_UNCERTAINTY_ASSIGNED_CONTEXT((#2251)) 
GLOBAL_UNIT_ASSIGNED_CONTEXT((#2248,#2249,#2250)) REPRESENTATION_CONTEXT
('Context #1','3D Context with UNIT and UNCERTAINTY') );
#2248 = ( LENGTH_UNIT() NAMED_UNIT(*) SI_UNIT(.MILLI.,.METRE.) );
#2249 = ( NAMED_UNIT(*) PLANE_ANGLE_UNIT() SI_UNIT($,.RADIAN.) );
#2250 = ( NAMED_UNIT(*) SI_UNIT($,.STERADIAN.) SOLID_ANGLE_UNIT() );
#2251 = UNCERTAINTY_MEASURE_WITH_UNIT(LENGTH_MEASURE(1.E-07),#2248,
  'distance_accuracy_value','confusion accuracy');
#2252 = SHAPE_DEFINITION_REPRESENTATION(#2253,#1956);
#2253 = PRODUCT_DEFINITION_SHAPE('','',#2254);
#2254 = PRODUCT_DEFINITION('design','',#2255,#2258);
#2255 = PRODUCT_DEFINITION_FORMATION('','',#2256);
#2256 = PRODUCT('2','2','',(#2257));
#2257 = PRODUCT_CONTEXT('',#2,'mechanical');
#2258 = PRODUCT_DEFINITION_CONTEXT('part definition',#2,'design');
#2259 = CONTEXT_DEPENDENT_SHAPE_REPRESENTATION(#2260,#2262);
#2260 = ( REPRESENTATION_RELATIONSHIP('','',#1956,#803) 
REPRESENTATION_RELATIONSHIP_WITH_TRANSFORMATION(#2261) 
SHAPE_REPRESENTATION_RELATIONSHIP() );
#2261 = ITEM_DEFINED_TRANSFORMATION('','',#11,#808);
#2262 = PRODUCT_DEFINITION_SHAPE('Placement','Placement of an item',
  #2263);
#2263 = NEXT_ASSEMBLY_USAGE_OCCURRENCE('4','2:1','',#798,#2254,$);
#2264 = PRODUCT_RELATED_PRODUCT_CATEGORY('part',$,(#2256));
#2265 = ADVANCED_BREP_SHAPE_REPRESENTATION('',(#11,#2266),#2416);
#2266 = MANIFOLD_SOLID_BREP('',#2267);
#2267 = CLOSED_SHELL('',(#2268,#2308,#2339,#2363,#2387,#2404));
#2268 = ADVANCED_FACE('',(#2269),#2303,.T.);
#2269 = FACE_BOUND('',#2270,.T.);
#2270 = EDGE_LOOP('',(#2271,#2281,#2289,#2297));
#2271 = ORIENTED_EDGE('',*,*,#2272,.T.);
#2272 = EDGE_CURVE('',#2273,#2275,#2277,.T.);
#2273 = VERTEX_POINT('',#2274);
#2274 = CARTESIAN_POINT('',(0.475,-0.425,0.45));
#2275 = VERTEX_POINT('',#2276);
#2276 = CARTESIAN_POINT('',(-0.475,-0.425,0.45));
#2277 = LINE('',#2278,#2279);
#2278 = CARTESIAN_POINT('',(-0.625,-0.425,0.45));
#2279 = VECTOR('',#2280,1.);
#2280 = DIRECTION('',(-1.,-2.686023446674E-16,-2.921639538487E-16));
#2281 = ORIENTED_EDGE('',*,*,#2282,.F.);
#2282 = EDGE_CURVE('',#2283,#2275,#2285,.T.);
#2283 = VERTEX_POINT('',#2284);
#2284 = CARTESIAN_POINT('',(-0.475,0.425,0.45));
#2285 = LINE('',#2286,#2287);
#2286 = CARTESIAN_POINT('',(-0.475,0.425,0.45));
#2287 = VECTOR('',#2288,1.);
#2288 = DIRECTION('',(1.088453945711E-16,-1.,0.));
#2289 = ORIENTED_EDGE('',*,*,#2290,.T.);
#2290 = EDGE_CURVE('',#2283,#2291,#2293,.T.);
#2291 = VERTEX_POINT('',#2292);
#2292 = CARTESIAN_POINT('',(0.475,0.425,0.45));
#2293 = LINE('',#2294,#2295);
#2294 = CARTESIAN_POINT('',(0.15,0.425,0.45));
#2295 = VECTOR('',#2296,1.);
#2296 = DIRECTION('',(1.,1.343011723337E-16,2.921639538487E-16));
#2297 = ORIENTED_EDGE('',*,*,#2298,.F.);
#2298 = EDGE_CURVE('',#2273,#2291,#2299,.T.);
#2299 = LINE('',#2300,#2301);
#2300 = CARTESIAN_POINT('',(0.475,0.425,0.45));
#2301 = VECTOR('',#2302,1.);
#2302 = DIRECTION('',(-1.088453945711E-16,1.,0.));
#2303 = PLANE('',#2304);
#2304 = AXIS2_PLACEMENT_3D('',#2305,#2306,#2307);
#2305 = CARTESIAN_POINT('',(-0.475,-0.425,0.45));
#2306 = DIRECTION('',(2.921639538487E-16,7.950175209029E-32,-1.));
#2307 = DIRECTION('',(1.,2.6645352591E-16,2.921639538487E-16));
#2308 = ADVANCED_FACE('',(#2309),#2334,.T.);
#2309 = FACE_BOUND('',#2310,.T.);
#2310 = EDGE_LOOP('',(#2311,#2312,#2320,#2328));
#2311 = ORIENTED_EDGE('',*,*,#2290,.F.);
#2312 = ORIENTED_EDGE('',*,*,#2313,.F.);
#2313 = EDGE_CURVE('',#2314,#2283,#2316,.T.);
#2314 = VERTEX_POINT('',#2315);
#2315 = CARTESIAN_POINT('',(-0.475,0.425,0.5));
#2316 = LINE('',#2317,#2318);
#2317 = CARTESIAN_POINT('',(-0.475,0.425,0.2));
#2318 = VECTOR('',#2319,1.);
#2319 = DIRECTION('',(0.,0.,-1.));
#2320 = ORIENTED_EDGE('',*,*,#2321,.F.);
#2321 = EDGE_CURVE('',#2322,#2314,#2324,.T.);
#2322 = VERTEX_POINT('',#2323);
#2323 = CARTESIAN_POINT('',(0.475,0.425,0.5));
#2324 = LINE('',#2325,#2326);
#2325 = CARTESIAN_POINT('',(0.775,0.425,0.5));
#2326 = VECTOR('',#2327,1.);
#2327 = DIRECTION('',(-1.,-1.343011723337E-16,0.));
#2328 = ORIENTED_EDGE('',*,*,#2329,.F.);
#2329 = EDGE_CURVE('',#2291,#2322,#2330,.T.);
#2330 = LINE('',#2331,#2332);
#2331 = CARTESIAN_POINT('',(0.475,0.425,0.25));
#2332 = VECTOR('',#2333,1.);
#2333 = DIRECTION('',(0.,0.,1.));
#2334 = PLANE('',#2335);
#2335 = AXIS2_PLACEMENT_3D('',#2336,#2337,#2338);
#2336 = CARTESIAN_POINT('',(0.775,0.425,0.));
#2337 = DIRECTION('',(-1.343011723337E-16,1.,0.));
#2338 = DIRECTION('',(-1.,-1.343011723337E-16,0.));
#2339 = ADVANCED_FACE('',(#2340),#2358,.T.);
#2340 = FACE_BOUND('',#2341,.T.);
#2341 = EDGE_LOOP('',(#2342,#2350,#2356,#2357));
#2342 = ORIENTED_EDGE('',*,*,#2343,.T.);
#2343 = EDGE_CURVE('',#2275,#2344,#2346,.T.);
#2344 = VERTEX_POINT('',#2345);
#2345 = CARTESIAN_POINT('',(-0.475,-0.425,0.5));
#2346 = LINE('',#2347,#2348);
#2347 = CARTESIAN_POINT('',(-0.475,-0.425,0.2));
#2348 = VECTOR('',#2349,1.);
#2349 = DIRECTION('',(0.,0.,1.));
#2350 = ORIENTED_EDGE('',*,*,#2351,.T.);
#2351 = EDGE_CURVE('',#2344,#2314,#2352,.T.);
#2352 = LINE('',#2353,#2354);
#2353 = CARTESIAN_POINT('',(-0.475,0.2125,0.5));
#2354 = VECTOR('',#2355,1.);
#2355 = DIRECTION('',(-1.088453945711E-16,1.,0.));
#2356 = ORIENTED_EDGE('',*,*,#2313,.T.);
#2357 = ORIENTED_EDGE('',*,*,#2282,.T.);
#2358 = PLANE('',#2359);
#2359 = AXIS2_PLACEMENT_3D('',#2360,#2361,#2362);
#2360 = CARTESIAN_POINT('',(-0.475,0.425,0.4));
#2361 = DIRECTION('',(-1.,-1.088453945711E-16,0.));
#2362 = DIRECTION('',(0.,0.,1.));
#2363 = ADVANCED_FACE('',(#2364),#2382,.T.);
#2364 = FACE_BOUND('',#2365,.T.);
#2365 = EDGE_LOOP('',(#2366,#2374,#2375,#2376));
#2366 = ORIENTED_EDGE('',*,*,#2367,.T.);
#2367 = EDGE_CURVE('',#2368,#2273,#2370,.T.);
#2368 = VERTEX_POINT('',#2369);
#2369 = CARTESIAN_POINT('',(0.475,-0.425,0.5));
#2370 = LINE('',#2371,#2372);
#2371 = CARTESIAN_POINT('',(0.475,-0.425,0.25));
#2372 = VECTOR('',#2373,1.);
#2373 = DIRECTION('',(0.,0.,-1.));
#2374 = ORIENTED_EDGE('',*,*,#2298,.T.);
#2375 = ORIENTED_EDGE('',*,*,#2329,.T.);
#2376 = ORIENTED_EDGE('',*,*,#2377,.T.);
#2377 = EDGE_CURVE('',#2322,#2368,#2378,.T.);
#2378 = LINE('',#2379,#2380);
#2379 = CARTESIAN_POINT('',(0.475,0.2125,0.5));
#2380 = VECTOR('',#2381,1.);
#2381 = DIRECTION('',(1.088453945711E-16,-1.,0.));
#2382 = PLANE('',#2383);
#2383 = AXIS2_PLACEMENT_3D('',#2384,#2385,#2386);
#2384 = CARTESIAN_POINT('',(0.475,0.425,0.5));
#2385 = DIRECTION('',(1.,1.088453945711E-16,0.));
#2386 = DIRECTION('',(0.,0.,-1.));
#2387 = ADVANCED_FACE('',(#2388),#2399,.T.);
#2388 = FACE_BOUND('',#2389,.T.);
#2389 = EDGE_LOOP('',(#2390,#2391,#2392,#2393));
#2390 = ORIENTED_EDGE('',*,*,#2377,.F.);
#2391 = ORIENTED_EDGE('',*,*,#2321,.T.);
#2392 = ORIENTED_EDGE('',*,*,#2351,.F.);
#2393 = ORIENTED_EDGE('',*,*,#2394,.T.);
#2394 = EDGE_CURVE('',#2344,#2368,#2395,.T.);
#2395 = LINE('',#2396,#2397);
#2396 = CARTESIAN_POINT('',(-0.775,-0.425,0.5));
#2397 = VECTOR('',#2398,1.);
#2398 = DIRECTION('',(1.,2.686023446674E-16,0.));
#2399 = PLANE('',#2400);
#2400 = AXIS2_PLACEMENT_3D('',#2401,#2402,#2403);
#2401 = CARTESIAN_POINT('',(0.,0.,0.5));
#2402 = DIRECTION('',(0.,0.,1.));
#2403 = DIRECTION('',(1.,0.,-0.));
#2404 = ADVANCED_FACE('',(#2405),#2411,.T.);
#2405 = FACE_BOUND('',#2406,.T.);
#2406 = EDGE_LOOP('',(#2407,#2408,#2409,#2410));
#2407 = ORIENTED_EDGE('',*,*,#2272,.F.);
#2408 = ORIENTED_EDGE('',*,*,#2367,.F.);
#2409 = ORIENTED_EDGE('',*,*,#2394,.F.);
#2410 = ORIENTED_EDGE('',*,*,#2343,.F.);
#2411 = PLANE('',#2412);
#2412 = AXIS2_PLACEMENT_3D('',#2413,#2414,#2415);
#2413 = CARTESIAN_POINT('',(-0.775,-0.425,0.));
#2414 = DIRECTION('',(2.686023446674E-16,-1.,0.));
#2415 = DIRECTION('',(1.,2.686023446674E-16,0.));
#2416 = ( GEOMETRIC_REPRESENTATION_CONTEXT(3) 
GLOBAL_UNCERTAINTY_ASSIGNED_CONTEXT((#2420)) 
GLOBAL_UNIT_ASSIGNED_CONTEXT((#2417,#2418,#2419)) REPRESENTATION_CONTEXT
('Context #1','3D Context with UNIT and UNCERTAINTY') );
#2417 = ( LENGTH_UNIT() NAMED_UNIT(*) SI_UNIT(.MILLI.,.METRE.) );
#2418 = ( NAMED_UNIT(*) PLANE_ANGLE_UNIT() SI_UNIT($,.RADIAN.) );
#2419 = ( NAMED_UNIT(*) SI_UNIT($,.STERADIAN.) SOLID_ANGLE_UNIT() );
#2420 = UNCERTAINTY_MEASURE_WITH_UNIT(LENGTH_MEASURE(1.E-07),#2417,
  'distance_accuracy_value','confusion accuracy');
#2421 = SHAPE_DEFINITION_REPRESENTATION(#2422,#2265);
#2422 = PRODUCT_DEFINITION_SHAPE('','',#2423);
#2423 = PRODUCT_DEFINITION('design','',#2424,#2427);
#2424 = PRODUCT_DEFINITION_FORMATION('','',#2425);
#2425 = PRODUCT('3','3','',(#2426));
#2426 = PRODUCT_CONTEXT('',#2,'mechanical');
#2427 = PRODUCT_DEFINITION_CONTEXT('part definition',#2,'design');
#2428 = CONTEXT_DEPENDENT_SHAPE_REPRESENTATION(#2429,#2431);
#2429 = ( REPRESENTATION_RELATIONSHIP('','',#2265,#803) 
REPRESENTATION_RELATIONSHIP_WITH_TRANSFORMATION(#2430) 
SHAPE_REPRESENTATION_RELATIONSHIP() );
#2430 = ITEM_DEFINED_TRANSFORMATION('','',#11,#812);
#2431 = PRODUCT_DEFINITION_SHAPE('Placement','Placement of an item',
  #2432);
#2432 = NEXT_ASSEMBLY_USAGE_OCCURRENCE('5','3:1','',#798,#2423,$);
#2433 = PRODUCT_RELATED_PRODUCT_CATEGORY('part',$,(#2425));
#2434 = SHAPE_REPRESENTATION('',(#11,#2435,#2552),#2702);
#2435 = MANIFOLD_SOLID_BREP('',#2436);
#2436 = CLOSED_SHELL('',(#2437,#2477,#2508,#2530,#2541));
#2437 = ADVANCED_FACE('',(#2438),#2472,.T.);
#2438 = FACE_BOUND('',#2439,.T.);
#2439 = EDGE_LOOP('',(#2440,#2450,#2458,#2466));
#2440 = ORIENTED_EDGE('',*,*,#2441,.F.);
#2441 = EDGE_CURVE('',#2442,#2444,#2446,.T.);
#2442 = VERTEX_POINT('',#2443);
#2443 = CARTESIAN_POINT('',(-0.143115988022,-6.179322686651E-02,0.));
#2444 = VERTEX_POINT('',#2445);
#2445 = CARTESIAN_POINT('',(-9.247923496755E-02,-6.179322686651E-02,0.)
  );
#2446 = LINE('',#2447,#2448);
#2447 = CARTESIAN_POINT('',(-0.143115988022,-6.179322686651E-02,0.));
#2448 = VECTOR('',#2449,1.);
#2449 = DIRECTION('',(1.,0.,0.));
#2450 = ORIENTED_EDGE('',*,*,#2451,.T.);
#2451 = EDGE_CURVE('',#2442,#2452,#2454,.T.);
#2452 = VERTEX_POINT('',#2453);
#2453 = CARTESIAN_POINT('',(-0.143115988022,-6.179322686651E-02,0.1));
#2454 = LINE('',#2455,#2456);
#2455 = CARTESIAN_POINT('',(-0.143115988022,-6.179322686651E-02,0.));
#2456 = VECTOR('',#2457,1.);
#2457 = DIRECTION('',(0.,0.,1.));
#2458 = ORIENTED_EDGE('',*,*,#2459,.F.);
#2459 = EDGE_CURVE('',#2460,#2452,#2462,.T.);
#2460 = VERTEX_POINT('',#2461);
#2461 = CARTESIAN_POINT('',(-9.247923496755E-02,-6.179322686651E-02,0.1)
  );
#2462 = LINE('',#2463,#2464);
#2463 = CARTESIAN_POINT('',(-0.143115988022,-6.179322686651E-02,0.1));
#2464 = VECTOR('',#2465,1.);
#2465 = DIRECTION('',(-1.,0.,0.));
#2466 = ORIENTED_EDGE('',*,*,#2467,.F.);
#2467 = EDGE_CURVE('',#2444,#2460,#2468,.T.);
#2468 = LINE('',#2469,#2470);
#2469 = CARTESIAN_POINT('',(-9.247923496755E-02,-6.179322686651E-02,0.)
  );
#2470 = VECTOR('',#2471,1.);
#2471 = DIRECTION('',(0.,0.,1.));
#2472 = PLANE('',#2473);
#2473 = AXIS2_PLACEMENT_3D('',#2474,#2475,#2476);
#2474 = CARTESIAN_POINT('',(-9.247923496755E-02,-6.179322686651E-02,0.)
  );
#2475 = DIRECTION('',(0.,1.,0.));
#2476 = DIRECTION('',(-1.,0.,0.));
#2477 = ADVANCED_FACE('',(#2478),#2503,.T.);
#2478 = FACE_BOUND('',#2479,.T.);
#2479 = EDGE_LOOP('',(#2480,#2488,#2489,#2497));
#2480 = ORIENTED_EDGE('',*,*,#2481,.F.);
#2481 = EDGE_CURVE('',#2444,#2482,#2484,.T.);
#2482 = VERTEX_POINT('',#2483);
#2483 = CARTESIAN_POINT('',(-0.117797611495,-0.130977316953,0.));
#2484 = LINE('',#2485,#2486);
#2485 = CARTESIAN_POINT('',(-9.173999406314E-02,-5.977320361299E-02,0.)
  );
#2486 = VECTOR('',#2487,1.);
#2487 = DIRECTION('',(-0.343666815097,-0.939091646327,0.));
#2488 = ORIENTED_EDGE('',*,*,#2467,.T.);
#2489 = ORIENTED_EDGE('',*,*,#2490,.F.);
#2490 = EDGE_CURVE('',#2491,#2460,#2493,.T.);
#2491 = VERTEX_POINT('',#2492);
#2492 = CARTESIAN_POINT('',(-0.117797611495,-0.130977316953,0.1));
#2493 = LINE('',#2494,#2495);
#2494 = CARTESIAN_POINT('',(-9.173999406314E-02,-5.977320361299E-02,0.1)
  );
#2495 = VECTOR('',#2496,1.);
#2496 = DIRECTION('',(0.343666815097,0.939091646327,0.));
#2497 = ORIENTED_EDGE('',*,*,#2498,.F.);
#2498 = EDGE_CURVE('',#2482,#2491,#2499,.T.);
#2499 = LINE('',#2500,#2501);
#2500 = CARTESIAN_POINT('',(-0.117797611495,-0.130977316953,0.));
#2501 = VECTOR('',#2502,1.);
#2502 = DIRECTION('',(0.,0.,1.));
#2503 = PLANE('',#2504);
#2504 = AXIS2_PLACEMENT_3D('',#2505,#2506,#2507);
#2505 = CARTESIAN_POINT('',(-0.117797611495,-0.130977316953,0.));
#2506 = DIRECTION('',(0.939091646327,-0.343666815097,0.));
#2507 = DIRECTION('',(0.343666815097,0.939091646327,0.));
#2508 = ADVANCED_FACE('',(#2509),#2525,.T.);
#2509 = FACE_BOUND('',#2510,.T.);
#2510 = EDGE_LOOP('',(#2511,#2517,#2518,#2524));
#2511 = ORIENTED_EDGE('',*,*,#2512,.F.);
#2512 = EDGE_CURVE('',#2482,#2442,#2513,.T.);
#2513 = LINE('',#2514,#2515);
#2514 = CARTESIAN_POINT('',(-0.117797611495,-0.130977316953,0.));
#2515 = VECTOR('',#2516,1.);
#2516 = DIRECTION('',(-0.343666815097,0.939091646327,0.));
#2517 = ORIENTED_EDGE('',*,*,#2498,.T.);
#2518 = ORIENTED_EDGE('',*,*,#2519,.F.);
#2519 = EDGE_CURVE('',#2452,#2491,#2520,.T.);
#2520 = LINE('',#2521,#2522);
#2521 = CARTESIAN_POINT('',(-0.117797611495,-0.130977316953,0.1));
#2522 = VECTOR('',#2523,1.);
#2523 = DIRECTION('',(0.343666815097,-0.939091646327,0.));
#2524 = ORIENTED_EDGE('',*,*,#2451,.F.);
#2525 = PLANE('',#2526);
#2526 = AXIS2_PLACEMENT_3D('',#2527,#2528,#2529);
#2527 = CARTESIAN_POINT('',(-0.143115988022,-6.179322686651E-02,0.));
#2528 = DIRECTION('',(-0.939091646327,-0.343666815097,0.));
#2529 = DIRECTION('',(0.343666815097,-0.939091646327,0.));
#2530 = ADVANCED_FACE('',(#2531),#2536,.F.);
#2531 = FACE_BOUND('',#2532,.T.);
#2532 = EDGE_LOOP('',(#2533,#2534,#2535));
#2533 = ORIENTED_EDGE('',*,*,#2512,.T.);
#2534 = ORIENTED_EDGE('',*,*,#2441,.T.);
#2535 = ORIENTED_EDGE('',*,*,#2481,.T.);
#2536 = PLANE('',#2537);
#2537 = AXIS2_PLACEMENT_3D('',#2538,#2539,#2540);
#2538 = CARTESIAN_POINT('',(-0.117797611495,-8.753773782315E-02,0.));
#2539 = DIRECTION('',(0.,0.,1.));
#2540 = DIRECTION('',(1.,0.,-0.));
#2541 = ADVANCED_FACE('',(#2542),#2547,.T.);
#2542 = FACE_BOUND('',#2543,.T.);
#2543 = EDGE_LOOP('',(#2544,#2545,#2546));
#2544 = ORIENTED_EDGE('',*,*,#2519,.T.);
#2545 = ORIENTED_EDGE('',*,*,#2490,.T.);
#2546 = ORIENTED_EDGE('',*,*,#2459,.T.);
#2547 = PLANE('',#2548);
#2548 = AXIS2_PLACEMENT_3D('',#2549,#2550,#2551);
#2549 = CARTESIAN_POINT('',(-0.117797611495,-8.753773782315E-02,0.1));
#2550 = DIRECTION('',(0.,0.,1.));
#2551 = DIRECTION('',(1.,0.,-0.));
#2552 = MANIFOLD_SOLID_BREP('',#2553);
#2553 = CLOSED_SHELL('',(#2554,#2594,#2625,#2656,#2678,#2690));
#2554 = ADVANCED_FACE('',(#2555),#2589,.T.);
#2555 = FACE_BOUND('',#2556,.T.);
#2556 = EDGE_LOOP('',(#2557,#2567,#2575,#2583));
#2557 = ORIENTED_EDGE('',*,*,#2558,.T.);
#2558 = EDGE_CURVE('',#2559,#2561,#2563,.T.);
#2559 = VERTEX_POINT('',#2560);
#2560 = CARTESIAN_POINT('',(-6.807484512104E-02,4.893335908233E-03,0.));
#2561 = VERTEX_POINT('',#2562);
#2562 = CARTESIAN_POINT('',(-4.184248191269E-02,7.657495330682E-02,0.));
#2563 = LINE('',#2564,#2565);
#2564 = CARTESIAN_POINT('',(-6.807484512104E-02,4.893335908233E-03,0.));
#2565 = VECTOR('',#2566,1.);
#2566 = DIRECTION('',(0.343666815097,0.939091646327,0.));
#2567 = ORIENTED_EDGE('',*,*,#2568,.T.);
#2568 = EDGE_CURVE('',#2561,#2569,#2571,.T.);
#2569 = VERTEX_POINT('',#2570);
#2570 = CARTESIAN_POINT('',(-4.184248191269E-02,7.657495330682E-02,0.1)
  );
#2571 = LINE('',#2572,#2573);
#2572 = CARTESIAN_POINT('',(-4.184248191269E-02,7.657495330682E-02,0.));
#2573 = VECTOR('',#2574,1.);
#2574 = DIRECTION('',(0.,0.,1.));
#2575 = ORIENTED_EDGE('',*,*,#2576,.F.);
#2576 = EDGE_CURVE('',#2577,#2569,#2579,.T.);
#2577 = VERTEX_POINT('',#2578);
#2578 = CARTESIAN_POINT('',(-6.807484512104E-02,4.893335908233E-03,0.1)
  );
#2579 = LINE('',#2580,#2581);
#2580 = CARTESIAN_POINT('',(-6.807484512104E-02,4.893335908233E-03,0.1)
  );
#2581 = VECTOR('',#2582,1.);
#2582 = DIRECTION('',(0.343666815097,0.939091646327,0.));
#2583 = ORIENTED_EDGE('',*,*,#2584,.F.);
#2584 = EDGE_CURVE('',#2559,#2577,#2585,.T.);
#2585 = LINE('',#2586,#2587);
#2586 = CARTESIAN_POINT('',(-6.807484512104E-02,4.893335908233E-03,0.));
#2587 = VECTOR('',#2588,1.);
#2588 = DIRECTION('',(0.,0.,1.));
#2589 = PLANE('',#2590);
#2590 = AXIS2_PLACEMENT_3D('',#2591,#2592,#2593);
#2591 = CARTESIAN_POINT('',(-6.807484512104E-02,4.893335908233E-03,0.));
#2592 = DIRECTION('',(0.939091646327,-0.343666815097,0.));
#2593 = DIRECTION('',(0.343666815097,0.939091646327,0.));
#2594 = ADVANCED_FACE('',(#2595),#2620,.T.);
#2595 = FACE_BOUND('',#2596,.T.);
#2596 = EDGE_LOOP('',(#2597,#2605,#2606,#2614));
#2597 = ORIENTED_EDGE('',*,*,#2598,.T.);
#2598 = EDGE_CURVE('',#2599,#2559,#2601,.T.);
#2599 = VERTEX_POINT('',#2600);
#2600 = CARTESIAN_POINT('',(-0.167520377869,4.893335908233E-03,0.));
#2601 = LINE('',#2602,#2603);
#2602 = CARTESIAN_POINT('',(-0.167520377869,4.893335908233E-03,0.));
#2603 = VECTOR('',#2604,1.);
#2604 = DIRECTION('',(1.,0.,0.));
#2605 = ORIENTED_EDGE('',*,*,#2584,.T.);
#2606 = ORIENTED_EDGE('',*,*,#2607,.F.);
#2607 = EDGE_CURVE('',#2608,#2577,#2610,.T.);
#2608 = VERTEX_POINT('',#2609);
#2609 = CARTESIAN_POINT('',(-0.167520377869,4.893335908233E-03,0.1));
#2610 = LINE('',#2611,#2612);
#2611 = CARTESIAN_POINT('',(-0.167520377869,4.893335908233E-03,0.1));
#2612 = VECTOR('',#2613,1.);
#2613 = DIRECTION('',(1.,0.,0.));
#2614 = ORIENTED_EDGE('',*,*,#2615,.F.);
#2615 = EDGE_CURVE('',#2599,#2608,#2616,.T.);
#2616 = LINE('',#2617,#2618);
#2617 = CARTESIAN_POINT('',(-0.167520377869,4.893335908233E-03,0.));
#2618 = VECTOR('',#2619,1.);
#2619 = DIRECTION('',(0.,0.,1.));
#2620 = PLANE('',#2621);
#2621 = AXIS2_PLACEMENT_3D('',#2622,#2623,#2624);
#2622 = CARTESIAN_POINT('',(-0.167520377869,4.893335908233E-03,0.));
#2623 = DIRECTION('',(0.,-1.,0.));
#2624 = DIRECTION('',(1.,0.,0.));
#2625 = ADVANCED_FACE('',(#2626),#2651,.T.);
#2626 = FACE_BOUND('',#2627,.T.);
#2627 = EDGE_LOOP('',(#2628,#2636,#2637,#2645));
#2628 = ORIENTED_EDGE('',*,*,#2629,.T.);
#2629 = EDGE_CURVE('',#2630,#2599,#2632,.T.);
#2630 = VERTEX_POINT('',#2631);
#2631 = CARTESIAN_POINT('',(-0.193752741077,7.657495330682E-02,0.));
#2632 = LINE('',#2633,#2634);
#2633 = CARTESIAN_POINT('',(-0.193752741077,7.657495330682E-02,0.));
#2634 = VECTOR('',#2635,1.);
#2635 = DIRECTION('',(0.343666815097,-0.939091646327,0.));
#2636 = ORIENTED_EDGE('',*,*,#2615,.T.);
#2637 = ORIENTED_EDGE('',*,*,#2638,.F.);
#2638 = EDGE_CURVE('',#2639,#2608,#2641,.T.);
#2639 = VERTEX_POINT('',#2640);
#2640 = CARTESIAN_POINT('',(-0.193752741077,7.657495330682E-02,0.1));
#2641 = LINE('',#2642,#2643);
#2642 = CARTESIAN_POINT('',(-0.193752741077,7.657495330682E-02,0.1));
#2643 = VECTOR('',#2644,1.);
#2644 = DIRECTION('',(0.343666815097,-0.939091646327,0.));
#2645 = ORIENTED_EDGE('',*,*,#2646,.F.);
#2646 = EDGE_CURVE('',#2630,#2639,#2647,.T.);
#2647 = LINE('',#2648,#2649);
#2648 = CARTESIAN_POINT('',(-0.193752741077,7.657495330682E-02,0.));
#2649 = VECTOR('',#2650,1.);
#2650 = DIRECTION('',(0.,0.,1.));
#2651 = PLANE('',#2652);
#2652 = AXIS2_PLACEMENT_3D('',#2653,#2654,#2655);
#2653 = CARTESIAN_POINT('',(-0.193752741077,7.657495330682E-02,0.));
#2654 = DIRECTION('',(-0.939091646327,-0.343666815097,0.));
#2655 = DIRECTION('',(0.343666815097,-0.939091646327,0.));
#2656 = ADVANCED_FACE('',(#2657),#2673,.T.);
#2657 = FACE_BOUND('',#2658,.T.);
#2658 = EDGE_LOOP('',(#2659,#2665,#2666,#2672));
#2659 = ORIENTED_EDGE('',*,*,#2660,.T.);
#2660 = EDGE_CURVE('',#2561,#2630,#2661,.T.);
#2661 = LINE('',#2662,#2663);
#2662 = CARTESIAN_POINT('',(-4.184248191269E-02,7.657495330682E-02,0.));
#2663 = VECTOR('',#2664,1.);
#2664 = DIRECTION('',(-1.,0.,0.));
#2665 = ORIENTED_EDGE('',*,*,#2646,.T.);
#2666 = ORIENTED_EDGE('',*,*,#2667,.F.);
#2667 = EDGE_CURVE('',#2569,#2639,#2668,.T.);
#2668 = LINE('',#2669,#2670);
#2669 = CARTESIAN_POINT('',(-4.184248191269E-02,7.657495330682E-02,0.1)
  );
#2670 = VECTOR('',#2671,1.);
#2671 = DIRECTION('',(-1.,0.,0.));
#2672 = ORIENTED_EDGE('',*,*,#2568,.F.);
#2673 = PLANE('',#2674);
#2674 = AXIS2_PLACEMENT_3D('',#2675,#2676,#2677);
#2675 = CARTESIAN_POINT('',(-4.184248191269E-02,7.657495330682E-02,0.));
#2676 = DIRECTION('',(0.,1.,0.));
#2677 = DIRECTION('',(-1.,0.,0.));
#2678 = ADVANCED_FACE('',(#2679),#2685,.T.);
#2679 = FACE_BOUND('',#2680,.T.);
#2680 = EDGE_LOOP('',(#2681,#2682,#2683,#2684));
#2681 = ORIENTED_EDGE('',*,*,#2667,.T.);
#2682 = ORIENTED_EDGE('',*,*,#2638,.T.);
#2683 = ORIENTED_EDGE('',*,*,#2607,.T.);
#2684 = ORIENTED_EDGE('',*,*,#2576,.T.);
#2685 = PLANE('',#2686);
#2686 = AXIS2_PLACEMENT_3D('',#2687,#2688,#2689);
#2687 = CARTESIAN_POINT('',(-0.117797611495,4.538834577079E-02,0.1));
#2688 = DIRECTION('',(0.,0.,1.));
#2689 = DIRECTION('',(1.,0.,-0.));
#2690 = ADVANCED_FACE('',(#2691),#2697,.F.);
#2691 = FACE_BOUND('',#2692,.T.);
#2692 = EDGE_LOOP('',(#2693,#2694,#2695,#2696));
#2693 = ORIENTED_EDGE('',*,*,#2660,.F.);
#2694 = ORIENTED_EDGE('',*,*,#2558,.F.);
#2695 = ORIENTED_EDGE('',*,*,#2598,.F.);
#2696 = ORIENTED_EDGE('',*,*,#2629,.F.);
#2697 = PLANE('',#2698);
#2698 = AXIS2_PLACEMENT_3D('',#2699,#2700,#2701);
#2699 = CARTESIAN_POINT('',(-0.117797611495,4.538834577079E-02,0.));
#2700 = DIRECTION('',(0.,0.,1.));
#2701 = DIRECTION('',(1.,0.,-0.));
#2702 = ( GEOMETRIC_REPRESENTATION_CONTEXT(3) 
GLOBAL_UNCERTAINTY_ASSIGNED_CONTEXT((#2706)) 
GLOBAL_UNIT_ASSIGNED_CONTEXT((#2703,#2704,#2705)) REPRESENTATION_CONTEXT
('Context #1','3D Context with UNIT and UNCERTAINTY') );
#2703 = ( LENGTH_UNIT() NAMED_UNIT(*) SI_UNIT(.MILLI.,.METRE.) );
#2704 = ( NAMED_UNIT(*) PLANE_ANGLE_UNIT() SI_UNIT($,.RADIAN.) );
#2705 = ( NAMED_UNIT(*) SI_UNIT($,.STERADIAN.) SOLID_ANGLE_UNIT() );
#2706 = UNCERTAINTY_MEASURE_WITH_UNIT(LENGTH_MEASURE(1.E-07),#2703,
  'distance_accuracy_value','confusion accuracy');
#2707 = SHAPE_DEFINITION_REPRESENTATION(#2708,#2434);
#2708 = PRODUCT_DEFINITION_SHAPE('','',#2709);
#2709 = PRODUCT_DEFINITION('design','',#2710,#2713);
#2710 = PRODUCT_DEFINITION_FORMATION('','',#2711);
#2711 = PRODUCT('Vishay logo - Copy','Vishay logo - Copy','',(#2712));
#2712 = PRODUCT_CONTEXT('',#2,'mechanical');
#2713 = PRODUCT_DEFINITION_CONTEXT('part definition',#2,'design');
#2714 = CONTEXT_DEPENDENT_SHAPE_REPRESENTATION(#2715,#2717);
#2715 = ( REPRESENTATION_RELATIONSHIP('','',#2434,#803) 
REPRESENTATION_RELATIONSHIP_WITH_TRANSFORMATION(#2716) 
SHAPE_REPRESENTATION_RELATIONSHIP() );
#2716 = ITEM_DEFINED_TRANSFORMATION('','',#11,#816);
#2717 = PRODUCT_DEFINITION_SHAPE('Placement','Placement of an item',
  #2718);
#2718 = NEXT_ASSEMBLY_USAGE_OCCURRENCE('6','Vishay logo - Copy:1','',
  #798,#2709,$);
#2719 = PRODUCT_RELATED_PRODUCT_CATEGORY('part',$,(#2711));
#2720 = SHAPE_REPRESENTATION('',(#11,#2721,#3135,#3549,#3798,#4506,#4891
    ),#5206);
#2721 = MANIFOLD_SOLID_BREP('',#2722);
#2722 = CLOSED_SHELL('',(#2723,#2763,#2794,#2825,#2856,#2887,#2918,#2949
    ,#2980,#3011,#3042,#3073,#3095,#3115));
#2723 = ADVANCED_FACE('',(#2724),#2758,.T.);
#2724 = FACE_BOUND('',#2725,.T.);
#2725 = EDGE_LOOP('',(#2726,#2736,#2744,#2752));
#2726 = ORIENTED_EDGE('',*,*,#2727,.F.);
#2727 = EDGE_CURVE('',#2728,#2730,#2732,.T.);
#2728 = VERTEX_POINT('',#2729);
#2729 = CARTESIAN_POINT('',(-9.654102272011E-02,-4.509764831265E-02,0.)
  );
#2730 = VERTEX_POINT('',#2731);
#2731 = CARTESIAN_POINT('',(-9.654102272011E-02,-2.551904122388E-02,0.)
  );
#2732 = LINE('',#2733,#2734);
#2733 = CARTESIAN_POINT('',(-9.654102272011E-02,-4.509764831265E-02,0.)
  );
#2734 = VECTOR('',#2735,1.);
#2735 = DIRECTION('',(0.,1.,0.));
#2736 = ORIENTED_EDGE('',*,*,#2737,.T.);
#2737 = EDGE_CURVE('',#2728,#2738,#2740,.T.);
#2738 = VERTEX_POINT('',#2739);
#2739 = CARTESIAN_POINT('',(-9.654102272011E-02,-4.509764831265E-02,0.1)
  );
#2740 = LINE('',#2741,#2742);
#2741 = CARTESIAN_POINT('',(-9.654102272011E-02,-4.509764831265E-02,0.)
  );
#2742 = VECTOR('',#2743,1.);
#2743 = DIRECTION('',(0.,0.,1.));
#2744 = ORIENTED_EDGE('',*,*,#2745,.F.);
#2745 = EDGE_CURVE('',#2746,#2738,#2748,.T.);
#2746 = VERTEX_POINT('',#2747);
#2747 = CARTESIAN_POINT('',(-9.654102272011E-02,-2.551904122388E-02,0.1)
  );
#2748 = LINE('',#2749,#2750);
#2749 = CARTESIAN_POINT('',(-9.654102272011E-02,-4.509764831265E-02,0.1)
  );
#2750 = VECTOR('',#2751,1.);
#2751 = DIRECTION('',(0.,-1.,0.));
#2752 = ORIENTED_EDGE('',*,*,#2753,.F.);
#2753 = EDGE_CURVE('',#2730,#2746,#2754,.T.);
#2754 = LINE('',#2755,#2756);
#2755 = CARTESIAN_POINT('',(-9.654102272011E-02,-2.551904122388E-02,0.)
  );
#2756 = VECTOR('',#2757,1.);
#2757 = DIRECTION('',(0.,0.,1.));
#2758 = PLANE('',#2759);
#2759 = AXIS2_PLACEMENT_3D('',#2760,#2761,#2762);
#2760 = CARTESIAN_POINT('',(-9.654102272011E-02,-2.551904122388E-02,0.)
  );
#2761 = DIRECTION('',(-1.,0.,0.));
#2762 = DIRECTION('',(0.,-1.,0.));
#2763 = ADVANCED_FACE('',(#2764),#2789,.T.);
#2764 = FACE_BOUND('',#2765,.T.);
#2765 = EDGE_LOOP('',(#2766,#2774,#2775,#2783));
#2766 = ORIENTED_EDGE('',*,*,#2767,.F.);
#2767 = EDGE_CURVE('',#2730,#2768,#2770,.T.);
#2768 = VERTEX_POINT('',#2769);
#2769 = CARTESIAN_POINT('',(-0.114952692963,-2.551904122388E-02,0.));
#2770 = LINE('',#2771,#2772);
#2771 = CARTESIAN_POINT('',(-9.654102272011E-02,-2.551904122388E-02,0.)
  );
#2772 = VECTOR('',#2773,1.);
#2773 = DIRECTION('',(-1.,0.,0.));
#2774 = ORIENTED_EDGE('',*,*,#2753,.T.);
#2775 = ORIENTED_EDGE('',*,*,#2776,.F.);
#2776 = EDGE_CURVE('',#2777,#2746,#2779,.T.);
#2777 = VERTEX_POINT('',#2778);
#2778 = CARTESIAN_POINT('',(-0.114952692963,-2.551904122388E-02,0.1));
#2779 = LINE('',#2780,#2781);
#2780 = CARTESIAN_POINT('',(-9.654102272011E-02,-2.551904122388E-02,0.1)
  );
#2781 = VECTOR('',#2782,1.);
#2782 = DIRECTION('',(1.,0.,0.));
#2783 = ORIENTED_EDGE('',*,*,#2784,.F.);
#2784 = EDGE_CURVE('',#2768,#2777,#2785,.T.);
#2785 = LINE('',#2786,#2787);
#2786 = CARTESIAN_POINT('',(-0.114952692963,-2.551904122388E-02,0.));
#2787 = VECTOR('',#2788,1.);
#2788 = DIRECTION('',(0.,0.,1.));
#2789 = PLANE('',#2790);
#2790 = AXIS2_PLACEMENT_3D('',#2791,#2792,#2793);
#2791 = CARTESIAN_POINT('',(-0.114952692963,-2.551904122388E-02,0.));
#2792 = DIRECTION('',(0.,-1.,0.));
#2793 = DIRECTION('',(1.,0.,0.));
#2794 = ADVANCED_FACE('',(#2795),#2820,.T.);
#2795 = FACE_BOUND('',#2796,.T.);
#2796 = EDGE_LOOP('',(#2797,#2805,#2806,#2814));
#2797 = ORIENTED_EDGE('',*,*,#2798,.F.);
#2798 = EDGE_CURVE('',#2768,#2799,#2801,.T.);
#2799 = VERTEX_POINT('',#2800);
#2800 = CARTESIAN_POINT('',(-0.114952692963,-4.509764831265E-02,0.));
#2801 = LINE('',#2802,#2803);
#2802 = CARTESIAN_POINT('',(-0.114952692963,-2.551904122388E-02,0.));
#2803 = VECTOR('',#2804,1.);
#2804 = DIRECTION('',(0.,-1.,0.));
#2805 = ORIENTED_EDGE('',*,*,#2784,.T.);
#2806 = ORIENTED_EDGE('',*,*,#2807,.F.);
#2807 = EDGE_CURVE('',#2808,#2777,#2810,.T.);
#2808 = VERTEX_POINT('',#2809);
#2809 = CARTESIAN_POINT('',(-0.114952692963,-4.509764831265E-02,0.1));
#2810 = LINE('',#2811,#2812);
#2811 = CARTESIAN_POINT('',(-0.114952692963,-2.551904122388E-02,0.1));
#2812 = VECTOR('',#2813,1.);
#2813 = DIRECTION('',(0.,1.,0.));
#2814 = ORIENTED_EDGE('',*,*,#2815,.F.);
#2815 = EDGE_CURVE('',#2799,#2808,#2816,.T.);
#2816 = LINE('',#2817,#2818);
#2817 = CARTESIAN_POINT('',(-0.114952692963,-4.509764831265E-02,0.));
#2818 = VECTOR('',#2819,1.);
#2819 = DIRECTION('',(0.,0.,1.));
#2820 = PLANE('',#2821);
#2821 = AXIS2_PLACEMENT_3D('',#2822,#2823,#2824);
#2822 = CARTESIAN_POINT('',(-0.114952692963,-4.509764831265E-02,0.));
#2823 = DIRECTION('',(1.,0.,0.));
#2824 = DIRECTION('',(-0.,1.,0.));
#2825 = ADVANCED_FACE('',(#2826),#2851,.T.);
#2826 = FACE_BOUND('',#2827,.T.);
#2827 = EDGE_LOOP('',(#2828,#2836,#2837,#2845));
#2828 = ORIENTED_EDGE('',*,*,#2829,.F.);
#2829 = EDGE_CURVE('',#2799,#2830,#2832,.T.);
#2830 = VERTEX_POINT('',#2831);
#2831 = CARTESIAN_POINT('',(-0.120268738596,-4.509764831265E-02,0.));
#2832 = LINE('',#2833,#2834);
#2833 = CARTESIAN_POINT('',(-0.114952692963,-4.509764831265E-02,0.));
#2834 = VECTOR('',#2835,1.);
#2835 = DIRECTION('',(-1.,0.,0.));
#2836 = ORIENTED_EDGE('',*,*,#2815,.T.);
#2837 = ORIENTED_EDGE('',*,*,#2838,.F.);
#2838 = EDGE_CURVE('',#2839,#2808,#2841,.T.);
#2839 = VERTEX_POINT('',#2840);
#2840 = CARTESIAN_POINT('',(-0.120268738596,-4.509764831265E-02,0.1));
#2841 = LINE('',#2842,#2843);
#2842 = CARTESIAN_POINT('',(-0.114952692963,-4.509764831265E-02,0.1));
#2843 = VECTOR('',#2844,1.);
#2844 = DIRECTION('',(1.,0.,0.));
#2845 = ORIENTED_EDGE('',*,*,#2846,.F.);
#2846 = EDGE_CURVE('',#2830,#2839,#2847,.T.);
#2847 = LINE('',#2848,#2849);
#2848 = CARTESIAN_POINT('',(-0.120268738596,-4.509764831265E-02,0.));
#2849 = VECTOR('',#2850,1.);
#2850 = DIRECTION('',(0.,0.,1.));
#2851 = PLANE('',#2852);
#2852 = AXIS2_PLACEMENT_3D('',#2853,#2854,#2855);
#2853 = CARTESIAN_POINT('',(-0.120268738596,-4.509764831265E-02,0.));
#2854 = DIRECTION('',(0.,-1.,0.));
#2855 = DIRECTION('',(1.,0.,0.));
#2856 = ADVANCED_FACE('',(#2857),#2882,.T.);
#2857 = FACE_BOUND('',#2858,.T.);
#2858 = EDGE_LOOP('',(#2859,#2867,#2868,#2876));
#2859 = ORIENTED_EDGE('',*,*,#2860,.F.);
#2860 = EDGE_CURVE('',#2830,#2861,#2863,.T.);
#2861 = VERTEX_POINT('',#2862);
#2862 = CARTESIAN_POINT('',(-0.120268738596,-5.09764641275E-03,0.));
#2863 = LINE('',#2864,#2865);
#2864 = CARTESIAN_POINT('',(-0.120268738596,-4.509764831265E-02,0.));
#2865 = VECTOR('',#2866,1.);
#2866 = DIRECTION('',(0.,1.,0.));
#2867 = ORIENTED_EDGE('',*,*,#2846,.T.);
#2868 = ORIENTED_EDGE('',*,*,#2869,.F.);
#2869 = EDGE_CURVE('',#2870,#2839,#2872,.T.);
#2870 = VERTEX_POINT('',#2871);
#2871 = CARTESIAN_POINT('',(-0.120268738596,-5.09764641275E-03,0.1));
#2872 = LINE('',#2873,#2874);
#2873 = CARTESIAN_POINT('',(-0.120268738596,-4.509764831265E-02,0.1));
#2874 = VECTOR('',#2875,1.);
#2875 = DIRECTION('',(0.,-1.,0.));
#2876 = ORIENTED_EDGE('',*,*,#2877,.F.);
#2877 = EDGE_CURVE('',#2861,#2870,#2878,.T.);
#2878 = LINE('',#2879,#2880);
#2879 = CARTESIAN_POINT('',(-0.120268738596,-5.09764641275E-03,0.));
#2880 = VECTOR('',#2881,1.);
#2881 = DIRECTION('',(0.,0.,1.));
#2882 = PLANE('',#2883);
#2883 = AXIS2_PLACEMENT_3D('',#2884,#2885,#2886);
#2884 = CARTESIAN_POINT('',(-0.120268738596,-5.09764641275E-03,0.));
#2885 = DIRECTION('',(-1.,0.,0.));
#2886 = DIRECTION('',(0.,-1.,0.));
#2887 = ADVANCED_FACE('',(#2888),#2913,.T.);
#2888 = FACE_BOUND('',#2889,.T.);
#2889 = EDGE_LOOP('',(#2890,#2898,#2899,#2907));
#2890 = ORIENTED_EDGE('',*,*,#2891,.F.);
#2891 = EDGE_CURVE('',#2861,#2892,#2894,.T.);
#2892 = VERTEX_POINT('',#2893);
#2893 = CARTESIAN_POINT('',(-0.114952692963,-5.09764641275E-03,0.));
#2894 = LINE('',#2895,#2896);
#2895 = CARTESIAN_POINT('',(-0.120268738596,-5.09764641275E-03,0.));
#2896 = VECTOR('',#2897,1.);
#2897 = DIRECTION('',(1.,0.,0.));
#2898 = ORIENTED_EDGE('',*,*,#2877,.T.);
#2899 = ORIENTED_EDGE('',*,*,#2900,.F.);
#2900 = EDGE_CURVE('',#2901,#2870,#2903,.T.);
#2901 = VERTEX_POINT('',#2902);
#2902 = CARTESIAN_POINT('',(-0.114952692963,-5.09764641275E-03,0.1));
#2903 = LINE('',#2904,#2905);
#2904 = CARTESIAN_POINT('',(-0.120268738596,-5.09764641275E-03,0.1));
#2905 = VECTOR('',#2906,1.);
#2906 = DIRECTION('',(-1.,0.,0.));
#2907 = ORIENTED_EDGE('',*,*,#2908,.F.);
#2908 = EDGE_CURVE('',#2892,#2901,#2909,.T.);
#2909 = LINE('',#2910,#2911);
#2910 = CARTESIAN_POINT('',(-0.114952692963,-5.09764641275E-03,0.));
#2911 = VECTOR('',#2912,1.);
#2912 = DIRECTION('',(0.,0.,1.));
#2913 = PLANE('',#2914);
#2914 = AXIS2_PLACEMENT_3D('',#2915,#2916,#2917);
#2915 = CARTESIAN_POINT('',(-0.114952692963,-5.09764641275E-03,0.));
#2916 = DIRECTION('',(0.,1.,0.));
#2917 = DIRECTION('',(-1.,0.,0.));
#2918 = ADVANCED_FACE('',(#2919),#2944,.T.);
#2919 = FACE_BOUND('',#2920,.T.);
#2920 = EDGE_LOOP('',(#2921,#2929,#2930,#2938));
#2921 = ORIENTED_EDGE('',*,*,#2922,.F.);
#2922 = EDGE_CURVE('',#2892,#2923,#2925,.T.);
#2923 = VERTEX_POINT('',#2924);
#2924 = CARTESIAN_POINT('',(-0.114952692963,-2.078646401368E-02,0.));
#2925 = LINE('',#2926,#2927);
#2926 = CARTESIAN_POINT('',(-0.114952692963,-5.09764641275E-03,0.));
#2927 = VECTOR('',#2928,1.);
#2928 = DIRECTION('',(0.,-1.,0.));
#2929 = ORIENTED_EDGE('',*,*,#2908,.T.);
#2930 = ORIENTED_EDGE('',*,*,#2931,.F.);
#2931 = EDGE_CURVE('',#2932,#2901,#2934,.T.);
#2932 = VERTEX_POINT('',#2933);
#2933 = CARTESIAN_POINT('',(-0.114952692963,-2.078646401368E-02,0.1));
#2934 = LINE('',#2935,#2936);
#2935 = CARTESIAN_POINT('',(-0.114952692963,-5.09764641275E-03,0.1));
#2936 = VECTOR('',#2937,1.);
#2937 = DIRECTION('',(0.,1.,0.));
#2938 = ORIENTED_EDGE('',*,*,#2939,.F.);
#2939 = EDGE_CURVE('',#2923,#2932,#2940,.T.);
#2940 = LINE('',#2941,#2942);
#2941 = CARTESIAN_POINT('',(-0.114952692963,-2.078646401368E-02,0.));
#2942 = VECTOR('',#2943,1.);
#2943 = DIRECTION('',(0.,0.,1.));
#2944 = PLANE('',#2945);
#2945 = AXIS2_PLACEMENT_3D('',#2946,#2947,#2948);
#2946 = CARTESIAN_POINT('',(-0.114952692963,-2.078646401368E-02,0.));
#2947 = DIRECTION('',(1.,0.,0.));
#2948 = DIRECTION('',(-0.,1.,0.));
#2949 = ADVANCED_FACE('',(#2950),#2975,.T.);
#2950 = FACE_BOUND('',#2951,.T.);
#2951 = EDGE_LOOP('',(#2952,#2960,#2961,#2969));
#2952 = ORIENTED_EDGE('',*,*,#2953,.F.);
#2953 = EDGE_CURVE('',#2923,#2954,#2956,.T.);
#2954 = VERTEX_POINT('',#2955);
#2955 = CARTESIAN_POINT('',(-9.654102272011E-02,-2.078646401368E-02,0.)
  );
#2956 = LINE('',#2957,#2958);
#2957 = CARTESIAN_POINT('',(-0.114952692963,-2.078646401368E-02,0.));
#2958 = VECTOR('',#2959,1.);
#2959 = DIRECTION('',(1.,0.,0.));
#2960 = ORIENTED_EDGE('',*,*,#2939,.T.);
#2961 = ORIENTED_EDGE('',*,*,#2962,.F.);
#2962 = EDGE_CURVE('',#2963,#2932,#2965,.T.);
#2963 = VERTEX_POINT('',#2964);
#2964 = CARTESIAN_POINT('',(-9.654102272011E-02,-2.078646401368E-02,0.1)
  );
#2965 = LINE('',#2966,#2967);
#2966 = CARTESIAN_POINT('',(-0.114952692963,-2.078646401368E-02,0.1));
#2967 = VECTOR('',#2968,1.);
#2968 = DIRECTION('',(-1.,0.,0.));
#2969 = ORIENTED_EDGE('',*,*,#2970,.F.);
#2970 = EDGE_CURVE('',#2954,#2963,#2971,.T.);
#2971 = LINE('',#2972,#2973);
#2972 = CARTESIAN_POINT('',(-9.654102272011E-02,-2.078646401368E-02,0.)
  );
#2973 = VECTOR('',#2974,1.);
#2974 = DIRECTION('',(0.,0.,1.));
#2975 = PLANE('',#2976);
#2976 = AXIS2_PLACEMENT_3D('',#2977,#2978,#2979);
#2977 = CARTESIAN_POINT('',(-9.654102272011E-02,-2.078646401368E-02,0.)
  );
#2978 = DIRECTION('',(0.,1.,0.));
#2979 = DIRECTION('',(-1.,0.,0.));
#2980 = ADVANCED_FACE('',(#2981),#3006,.T.);
#2981 = FACE_BOUND('',#2982,.T.);
#2982 = EDGE_LOOP('',(#2983,#2991,#2992,#3000));
#2983 = ORIENTED_EDGE('',*,*,#2984,.F.);
#2984 = EDGE_CURVE('',#2954,#2985,#2987,.T.);
#2985 = VERTEX_POINT('',#2986);
#2986 = CARTESIAN_POINT('',(-9.654102272011E-02,-5.09764641275E-03,0.));
#2987 = LINE('',#2988,#2989);
#2988 = CARTESIAN_POINT('',(-9.654102272011E-02,-2.078646401368E-02,0.)
  );
#2989 = VECTOR('',#2990,1.);
#2990 = DIRECTION('',(0.,1.,0.));
#2991 = ORIENTED_EDGE('',*,*,#2970,.T.);
#2992 = ORIENTED_EDGE('',*,*,#2993,.F.);
#2993 = EDGE_CURVE('',#2994,#2963,#2996,.T.);
#2994 = VERTEX_POINT('',#2995);
#2995 = CARTESIAN_POINT('',(-9.654102272011E-02,-5.09764641275E-03,0.1)
  );
#2996 = LINE('',#2997,#2998);
#2997 = CARTESIAN_POINT('',(-9.654102272011E-02,-2.078646401368E-02,0.1)
  );
#2998 = VECTOR('',#2999,1.);
#2999 = DIRECTION('',(0.,-1.,0.));
#3000 = ORIENTED_EDGE('',*,*,#3001,.F.);
#3001 = EDGE_CURVE('',#2985,#2994,#3002,.T.);
#3002 = LINE('',#3003,#3004);
#3003 = CARTESIAN_POINT('',(-9.654102272011E-02,-5.09764641275E-03,0.));
#3004 = VECTOR('',#3005,1.);
#3005 = DIRECTION('',(0.,0.,1.));
#3006 = PLANE('',#3007);
#3007 = AXIS2_PLACEMENT_3D('',#3008,#3009,#3010);
#3008 = CARTESIAN_POINT('',(-9.654102272011E-02,-5.09764641275E-03,0.));
#3009 = DIRECTION('',(-1.,0.,0.));
#3010 = DIRECTION('',(0.,-1.,0.));
#3011 = ADVANCED_FACE('',(#3012),#3037,.T.);
#3012 = FACE_BOUND('',#3013,.T.);
#3013 = EDGE_LOOP('',(#3014,#3022,#3023,#3031));
#3014 = ORIENTED_EDGE('',*,*,#3015,.F.);
#3015 = EDGE_CURVE('',#2985,#3016,#3018,.T.);
#3016 = VERTEX_POINT('',#3017);
#3017 = CARTESIAN_POINT('',(-9.122497708674E-02,-5.09764641275E-03,0.));
#3018 = LINE('',#3019,#3020);
#3019 = CARTESIAN_POINT('',(-9.654102272011E-02,-5.09764641275E-03,0.));
#3020 = VECTOR('',#3021,1.);
#3021 = DIRECTION('',(1.,0.,0.));
#3022 = ORIENTED_EDGE('',*,*,#3001,.T.);
#3023 = ORIENTED_EDGE('',*,*,#3024,.F.);
#3024 = EDGE_CURVE('',#3025,#2994,#3027,.T.);
#3025 = VERTEX_POINT('',#3026);
#3026 = CARTESIAN_POINT('',(-9.122497708674E-02,-5.09764641275E-03,0.1)
  );
#3027 = LINE('',#3028,#3029);
#3028 = CARTESIAN_POINT('',(-9.654102272011E-02,-5.09764641275E-03,0.1)
  );
#3029 = VECTOR('',#3030,1.);
#3030 = DIRECTION('',(-1.,0.,0.));
#3031 = ORIENTED_EDGE('',*,*,#3032,.F.);
#3032 = EDGE_CURVE('',#3016,#3025,#3033,.T.);
#3033 = LINE('',#3034,#3035);
#3034 = CARTESIAN_POINT('',(-9.122497708674E-02,-5.09764641275E-03,0.));
#3035 = VECTOR('',#3036,1.);
#3036 = DIRECTION('',(0.,0.,1.));
#3037 = PLANE('',#3038);
#3038 = AXIS2_PLACEMENT_3D('',#3039,#3040,#3041);
#3039 = CARTESIAN_POINT('',(-9.122497708674E-02,-5.09764641275E-03,0.));
#3040 = DIRECTION('',(0.,1.,0.));
#3041 = DIRECTION('',(-1.,0.,0.));
#3042 = ADVANCED_FACE('',(#3043),#3068,.T.);
#3043 = FACE_BOUND('',#3044,.T.);
#3044 = EDGE_LOOP('',(#3045,#3053,#3054,#3062));
#3045 = ORIENTED_EDGE('',*,*,#3046,.F.);
#3046 = EDGE_CURVE('',#3016,#3047,#3049,.T.);
#3047 = VERTEX_POINT('',#3048);
#3048 = CARTESIAN_POINT('',(-9.122497708674E-02,-4.509764831265E-02,0.)
  );
#3049 = LINE('',#3050,#3051);
#3050 = CARTESIAN_POINT('',(-9.122497708674E-02,-5.09764641275E-03,0.));
#3051 = VECTOR('',#3052,1.);
#3052 = DIRECTION('',(0.,-1.,0.));
#3053 = ORIENTED_EDGE('',*,*,#3032,.T.);
#3054 = ORIENTED_EDGE('',*,*,#3055,.F.);
#3055 = EDGE_CURVE('',#3056,#3025,#3058,.T.);
#3056 = VERTEX_POINT('',#3057);
#3057 = CARTESIAN_POINT('',(-9.122497708674E-02,-4.509764831265E-02,0.1)
  );
#3058 = LINE('',#3059,#3060);
#3059 = CARTESIAN_POINT('',(-9.122497708674E-02,-5.09764641275E-03,0.1)
  );
#3060 = VECTOR('',#3061,1.);
#3061 = DIRECTION('',(0.,1.,0.));
#3062 = ORIENTED_EDGE('',*,*,#3063,.F.);
#3063 = EDGE_CURVE('',#3047,#3056,#3064,.T.);
#3064 = LINE('',#3065,#3066);
#3065 = CARTESIAN_POINT('',(-9.122497708674E-02,-4.509764831265E-02,0.)
  );
#3066 = VECTOR('',#3067,1.);
#3067 = DIRECTION('',(0.,0.,1.));
#3068 = PLANE('',#3069);
#3069 = AXIS2_PLACEMENT_3D('',#3070,#3071,#3072);
#3070 = CARTESIAN_POINT('',(-9.122497708674E-02,-4.509764831265E-02,0.)
  );
#3071 = DIRECTION('',(1.,0.,0.));
#3072 = DIRECTION('',(-0.,1.,0.));
#3073 = ADVANCED_FACE('',(#3074),#3090,.T.);
#3074 = FACE_BOUND('',#3075,.T.);
#3075 = EDGE_LOOP('',(#3076,#3082,#3083,#3089));
#3076 = ORIENTED_EDGE('',*,*,#3077,.F.);
#3077 = EDGE_CURVE('',#3047,#2728,#3078,.T.);
#3078 = LINE('',#3079,#3080);
#3079 = CARTESIAN_POINT('',(-9.122497708674E-02,-4.509764831265E-02,0.)
  );
#3080 = VECTOR('',#3081,1.);
#3081 = DIRECTION('',(-1.,0.,0.));
#3082 = ORIENTED_EDGE('',*,*,#3063,.T.);
#3083 = ORIENTED_EDGE('',*,*,#3084,.F.);
#3084 = EDGE_CURVE('',#2738,#3056,#3085,.T.);
#3085 = LINE('',#3086,#3087);
#3086 = CARTESIAN_POINT('',(-9.122497708674E-02,-4.509764831265E-02,0.1)
  );
#3087 = VECTOR('',#3088,1.);
#3088 = DIRECTION('',(1.,0.,0.));
#3089 = ORIENTED_EDGE('',*,*,#2737,.F.);
#3090 = PLANE('',#3091);
#3091 = AXIS2_PLACEMENT_3D('',#3092,#3093,#3094);
#3092 = CARTESIAN_POINT('',(-9.654102272011E-02,-4.509764831265E-02,0.)
  );
#3093 = DIRECTION('',(0.,-1.,0.));
#3094 = DIRECTION('',(1.,0.,0.));
#3095 = ADVANCED_FACE('',(#3096),#3110,.F.);
#3096 = FACE_BOUND('',#3097,.T.);
#3097 = EDGE_LOOP('',(#3098,#3099,#3100,#3101,#3102,#3103,#3104,#3105,
    #3106,#3107,#3108,#3109));
#3098 = ORIENTED_EDGE('',*,*,#3077,.T.);
#3099 = ORIENTED_EDGE('',*,*,#2727,.T.);
#3100 = ORIENTED_EDGE('',*,*,#2767,.T.);
#3101 = ORIENTED_EDGE('',*,*,#2798,.T.);
#3102 = ORIENTED_EDGE('',*,*,#2829,.T.);
#3103 = ORIENTED_EDGE('',*,*,#2860,.T.);
#3104 = ORIENTED_EDGE('',*,*,#2891,.T.);
#3105 = ORIENTED_EDGE('',*,*,#2922,.T.);
#3106 = ORIENTED_EDGE('',*,*,#2953,.T.);
#3107 = ORIENTED_EDGE('',*,*,#2984,.T.);
#3108 = ORIENTED_EDGE('',*,*,#3015,.T.);
#3109 = ORIENTED_EDGE('',*,*,#3046,.T.);
#3110 = PLANE('',#3111);
#3111 = AXIS2_PLACEMENT_3D('',#3112,#3113,#3114);
#3112 = CARTESIAN_POINT('',(-0.105746857841,-2.48425990153E-02,0.));
#3113 = DIRECTION('',(0.,0.,1.));
#3114 = DIRECTION('',(1.,0.,-0.));
#3115 = ADVANCED_FACE('',(#3116),#3130,.T.);
#3116 = FACE_BOUND('',#3117,.T.);
#3117 = EDGE_LOOP('',(#3118,#3119,#3120,#3121,#3122,#3123,#3124,#3125,
    #3126,#3127,#3128,#3129));
#3118 = ORIENTED_EDGE('',*,*,#3084,.T.);
#3119 = ORIENTED_EDGE('',*,*,#3055,.T.);
#3120 = ORIENTED_EDGE('',*,*,#3024,.T.);
#3121 = ORIENTED_EDGE('',*,*,#2993,.T.);
#3122 = ORIENTED_EDGE('',*,*,#2962,.T.);
#3123 = ORIENTED_EDGE('',*,*,#2931,.T.);
#3124 = ORIENTED_EDGE('',*,*,#2900,.T.);
#3125 = ORIENTED_EDGE('',*,*,#2869,.T.);
#3126 = ORIENTED_EDGE('',*,*,#2838,.T.);
#3127 = ORIENTED_EDGE('',*,*,#2807,.T.);
#3128 = ORIENTED_EDGE('',*,*,#2776,.T.);
#3129 = ORIENTED_EDGE('',*,*,#2745,.T.);
#3130 = PLANE('',#3131);
#3131 = AXIS2_PLACEMENT_3D('',#3132,#3133,#3134);
#3132 = CARTESIAN_POINT('',(-0.105746857841,-2.48425990153E-02,0.1));
#3133 = DIRECTION('',(0.,0.,1.));
#3134 = DIRECTION('',(1.,0.,-0.));
#3135 = MANIFOLD_SOLID_BREP('',#3136);
#3136 = CLOSED_SHELL('',(#3137,#3177,#3208,#3239,#3270,#3301,#3332,#3363
    ,#3394,#3425,#3456,#3487,#3509,#3529));
#3137 = ADVANCED_FACE('',(#3138),#3172,.T.);
#3138 = FACE_BOUND('',#3139,.T.);
#3139 = EDGE_LOOP('',(#3140,#3150,#3158,#3166));
#3140 = ORIENTED_EDGE('',*,*,#3141,.F.);
#3141 = EDGE_CURVE('',#3142,#3144,#3146,.T.);
#3142 = VERTEX_POINT('',#3143);
#3143 = CARTESIAN_POINT('',(-0.172975386156,-4.509764831265E-02,0.));
#3144 = VERTEX_POINT('',#3145);
#3145 = CARTESIAN_POINT('',(-0.172975386156,-4.101336935042E-02,0.));
#3146 = LINE('',#3147,#3148);
#3147 = CARTESIAN_POINT('',(-0.172975386156,-4.509764831265E-02,0.));
#3148 = VECTOR('',#3149,1.);
#3149 = DIRECTION('',(0.,1.,0.));
#3150 = ORIENTED_EDGE('',*,*,#3151,.T.);
#3151 = EDGE_CURVE('',#3142,#3152,#3154,.T.);
#3152 = VERTEX_POINT('',#3153);
#3153 = CARTESIAN_POINT('',(-0.172975386156,-4.509764831265E-02,0.1));
#3154 = LINE('',#3155,#3156);
#3155 = CARTESIAN_POINT('',(-0.172975386156,-4.509764831265E-02,0.));
#3156 = VECTOR('',#3157,1.);
#3157 = DIRECTION('',(0.,0.,1.));
#3158 = ORIENTED_EDGE('',*,*,#3159,.F.);
#3159 = EDGE_CURVE('',#3160,#3152,#3162,.T.);
#3160 = VERTEX_POINT('',#3161);
#3161 = CARTESIAN_POINT('',(-0.172975386156,-4.101336935042E-02,0.1));
#3162 = LINE('',#3163,#3164);
#3163 = CARTESIAN_POINT('',(-0.172975386156,-4.509764831265E-02,0.1));
#3164 = VECTOR('',#3165,1.);
#3165 = DIRECTION('',(0.,-1.,0.));
#3166 = ORIENTED_EDGE('',*,*,#3167,.F.);
#3167 = EDGE_CURVE('',#3144,#3160,#3168,.T.);
#3168 = LINE('',#3169,#3170);
#3169 = CARTESIAN_POINT('',(-0.172975386156,-4.101336935042E-02,0.));
#3170 = VECTOR('',#3171,1.);
#3171 = DIRECTION('',(0.,0.,1.));
#3172 = PLANE('',#3173);
#3173 = AXIS2_PLACEMENT_3D('',#3174,#3175,#3176);
#3174 = CARTESIAN_POINT('',(-0.172975386156,-4.101336935042E-02,0.));
#3175 = DIRECTION('',(-1.,0.,0.));
#3176 = DIRECTION('',(0.,-1.,0.));
#3177 = ADVANCED_FACE('',(#3178),#3203,.T.);
#3178 = FACE_BOUND('',#3179,.T.);
#3179 = EDGE_LOOP('',(#3180,#3188,#3189,#3197));
#3180 = ORIENTED_EDGE('',*,*,#3181,.F.);
#3181 = EDGE_CURVE('',#3144,#3182,#3184,.T.);
#3182 = VERTEX_POINT('',#3183);
#3183 = CARTESIAN_POINT('',(-0.167886244909,-4.101336935042E-02,0.));
#3184 = LINE('',#3185,#3186);
#3185 = CARTESIAN_POINT('',(-0.172975386156,-4.101336935042E-02,0.));
#3186 = VECTOR('',#3187,1.);
#3187 = DIRECTION('',(1.,0.,0.));
#3188 = ORIENTED_EDGE('',*,*,#3167,.T.);
#3189 = ORIENTED_EDGE('',*,*,#3190,.F.);
#3190 = EDGE_CURVE('',#3191,#3160,#3193,.T.);
#3191 = VERTEX_POINT('',#3192);
#3192 = CARTESIAN_POINT('',(-0.167886244909,-4.101336935042E-02,0.1));
#3193 = LINE('',#3194,#3195);
#3194 = CARTESIAN_POINT('',(-0.172975386156,-4.101336935042E-02,0.1));
#3195 = VECTOR('',#3196,1.);
#3196 = DIRECTION('',(-1.,0.,0.));
#3197 = ORIENTED_EDGE('',*,*,#3198,.F.);
#3198 = EDGE_CURVE('',#3182,#3191,#3199,.T.);
#3199 = LINE('',#3200,#3201);
#3200 = CARTESIAN_POINT('',(-0.167886244909,-4.101336935042E-02,0.));
#3201 = VECTOR('',#3202,1.);
#3202 = DIRECTION('',(0.,0.,1.));
#3203 = PLANE('',#3204);
#3204 = AXIS2_PLACEMENT_3D('',#3205,#3206,#3207);
#3205 = CARTESIAN_POINT('',(-0.167886244909,-4.101336935042E-02,0.));
#3206 = DIRECTION('',(0.,1.,0.));
#3207 = DIRECTION('',(-1.,0.,0.));
#3208 = ADVANCED_FACE('',(#3209),#3234,.T.);
#3209 = FACE_BOUND('',#3210,.T.);
#3210 = EDGE_LOOP('',(#3211,#3219,#3220,#3228));
#3211 = ORIENTED_EDGE('',*,*,#3212,.F.);
#3212 = EDGE_CURVE('',#3182,#3213,#3215,.T.);
#3213 = VERTEX_POINT('',#3214);
#3214 = CARTESIAN_POINT('',(-0.167886244909,-9.181925374976E-03,0.));
#3215 = LINE('',#3216,#3217);
#3216 = CARTESIAN_POINT('',(-0.167886244909,-4.101336935042E-02,0.));
#3217 = VECTOR('',#3218,1.);
#3218 = DIRECTION('',(0.,1.,0.));
#3219 = ORIENTED_EDGE('',*,*,#3198,.T.);
#3220 = ORIENTED_EDGE('',*,*,#3221,.F.);
#3221 = EDGE_CURVE('',#3222,#3191,#3224,.T.);
#3222 = VERTEX_POINT('',#3223);
#3223 = CARTESIAN_POINT('',(-0.167886244909,-9.181925374976E-03,0.1));
#3224 = LINE('',#3225,#3226);
#3225 = CARTESIAN_POINT('',(-0.167886244909,-4.101336935042E-02,0.1));
#3226 = VECTOR('',#3227,1.);
#3227 = DIRECTION('',(0.,-1.,0.));
#3228 = ORIENTED_EDGE('',*,*,#3229,.F.);
#3229 = EDGE_CURVE('',#3213,#3222,#3230,.T.);
#3230 = LINE('',#3231,#3232);
#3231 = CARTESIAN_POINT('',(-0.167886244909,-9.181925374976E-03,0.));
#3232 = VECTOR('',#3233,1.);
#3233 = DIRECTION('',(0.,0.,1.));
#3234 = PLANE('',#3235);
#3235 = AXIS2_PLACEMENT_3D('',#3236,#3237,#3238);
#3236 = CARTESIAN_POINT('',(-0.167886244909,-9.181925374976E-03,0.));
#3237 = DIRECTION('',(-1.,0.,0.));
#3238 = DIRECTION('',(0.,-1.,0.));
#3239 = ADVANCED_FACE('',(#3240),#3265,.T.);
#3240 = FACE_BOUND('',#3241,.T.);
#3241 = EDGE_LOOP('',(#3242,#3250,#3251,#3259));
#3242 = ORIENTED_EDGE('',*,*,#3243,.F.);
#3243 = EDGE_CURVE('',#3213,#3244,#3246,.T.);
#3244 = VERTEX_POINT('',#3245);
#3245 = CARTESIAN_POINT('',(-0.172975386156,-9.181925374976E-03,0.));
#3246 = LINE('',#3247,#3248);
#3247 = CARTESIAN_POINT('',(-0.167886244909,-9.181925374976E-03,0.));
#3248 = VECTOR('',#3249,1.);
#3249 = DIRECTION('',(-1.,0.,0.));
#3250 = ORIENTED_EDGE('',*,*,#3229,.T.);
#3251 = ORIENTED_EDGE('',*,*,#3252,.F.);
#3252 = EDGE_CURVE('',#3253,#3222,#3255,.T.);
#3253 = VERTEX_POINT('',#3254);
#3254 = CARTESIAN_POINT('',(-0.172975386156,-9.181925374976E-03,0.1));
#3255 = LINE('',#3256,#3257);
#3256 = CARTESIAN_POINT('',(-0.167886244909,-9.181925374976E-03,0.1));
#3257 = VECTOR('',#3258,1.);
#3258 = DIRECTION('',(1.,0.,0.));
#3259 = ORIENTED_EDGE('',*,*,#3260,.F.);
#3260 = EDGE_CURVE('',#3244,#3253,#3261,.T.);
#3261 = LINE('',#3262,#3263);
#3262 = CARTESIAN_POINT('',(-0.172975386156,-9.181925374976E-03,0.));
#3263 = VECTOR('',#3264,1.);
#3264 = DIRECTION('',(0.,0.,1.));
#3265 = PLANE('',#3266);
#3266 = AXIS2_PLACEMENT_3D('',#3267,#3268,#3269);
#3267 = CARTESIAN_POINT('',(-0.172975386156,-9.181925374976E-03,0.));
#3268 = DIRECTION('',(0.,-1.,0.));
#3269 = DIRECTION('',(1.,0.,0.));
#3270 = ADVANCED_FACE('',(#3271),#3296,.T.);
#3271 = FACE_BOUND('',#3272,.T.);
#3272 = EDGE_LOOP('',(#3273,#3281,#3282,#3290));
#3273 = ORIENTED_EDGE('',*,*,#3274,.F.);
#3274 = EDGE_CURVE('',#3244,#3275,#3277,.T.);
#3275 = VERTEX_POINT('',#3276);
#3276 = CARTESIAN_POINT('',(-0.172975386156,-5.09764641275E-03,0.));
#3277 = LINE('',#3278,#3279);
#3278 = CARTESIAN_POINT('',(-0.172975386156,-9.181925374976E-03,0.));
#3279 = VECTOR('',#3280,1.);
#3280 = DIRECTION('',(0.,1.,0.));
#3281 = ORIENTED_EDGE('',*,*,#3260,.T.);
#3282 = ORIENTED_EDGE('',*,*,#3283,.F.);
#3283 = EDGE_CURVE('',#3284,#3253,#3286,.T.);
#3284 = VERTEX_POINT('',#3285);
#3285 = CARTESIAN_POINT('',(-0.172975386156,-5.09764641275E-03,0.1));
#3286 = LINE('',#3287,#3288);
#3287 = CARTESIAN_POINT('',(-0.172975386156,-9.181925374976E-03,0.1));
#3288 = VECTOR('',#3289,1.);
#3289 = DIRECTION('',(0.,-1.,0.));
#3290 = ORIENTED_EDGE('',*,*,#3291,.F.);
#3291 = EDGE_CURVE('',#3275,#3284,#3292,.T.);
#3292 = LINE('',#3293,#3294);
#3293 = CARTESIAN_POINT('',(-0.172975386156,-5.09764641275E-03,0.));
#3294 = VECTOR('',#3295,1.);
#3295 = DIRECTION('',(0.,0.,1.));
#3296 = PLANE('',#3297);
#3297 = AXIS2_PLACEMENT_3D('',#3298,#3299,#3300);
#3298 = CARTESIAN_POINT('',(-0.172975386156,-5.09764641275E-03,0.));
#3299 = DIRECTION('',(-1.,0.,0.));
#3300 = DIRECTION('',(0.,-1.,0.));
#3301 = ADVANCED_FACE('',(#3302),#3327,.T.);
#3302 = FACE_BOUND('',#3303,.T.);
#3303 = EDGE_LOOP('',(#3304,#3312,#3313,#3321));
#3304 = ORIENTED_EDGE('',*,*,#3305,.F.);
#3305 = EDGE_CURVE('',#3275,#3306,#3308,.T.);
#3306 = VERTEX_POINT('',#3307);
#3307 = CARTESIAN_POINT('',(-0.15748105803,-5.09764641275E-03,0.));
#3308 = LINE('',#3309,#3310);
#3309 = CARTESIAN_POINT('',(-0.172975386156,-5.09764641275E-03,0.));
#3310 = VECTOR('',#3311,1.);
#3311 = DIRECTION('',(1.,0.,0.));
#3312 = ORIENTED_EDGE('',*,*,#3291,.T.);
#3313 = ORIENTED_EDGE('',*,*,#3314,.F.);
#3314 = EDGE_CURVE('',#3315,#3284,#3317,.T.);
#3315 = VERTEX_POINT('',#3316);
#3316 = CARTESIAN_POINT('',(-0.15748105803,-5.09764641275E-03,0.1));
#3317 = LINE('',#3318,#3319);
#3318 = CARTESIAN_POINT('',(-0.172975386156,-5.09764641275E-03,0.1));
#3319 = VECTOR('',#3320,1.);
#3320 = DIRECTION('',(-1.,0.,0.));
#3321 = ORIENTED_EDGE('',*,*,#3322,.F.);
#3322 = EDGE_CURVE('',#3306,#3315,#3323,.T.);
#3323 = LINE('',#3324,#3325);
#3324 = CARTESIAN_POINT('',(-0.15748105803,-5.09764641275E-03,0.));
#3325 = VECTOR('',#3326,1.);
#3326 = DIRECTION('',(0.,0.,1.));
#3327 = PLANE('',#3328);
#3328 = AXIS2_PLACEMENT_3D('',#3329,#3330,#3331);
#3329 = CARTESIAN_POINT('',(-0.15748105803,-5.09764641275E-03,0.));
#3330 = DIRECTION('',(0.,1.,0.));
#3331 = DIRECTION('',(-1.,0.,0.));
#3332 = ADVANCED_FACE('',(#3333),#3358,.T.);
#3333 = FACE_BOUND('',#3334,.T.);
#3334 = EDGE_LOOP('',(#3335,#3343,#3344,#3352));
#3335 = ORIENTED_EDGE('',*,*,#3336,.F.);
#3336 = EDGE_CURVE('',#3306,#3337,#3339,.T.);
#3337 = VERTEX_POINT('',#3338);
#3338 = CARTESIAN_POINT('',(-0.15748105803,-9.181925374976E-03,0.));
#3339 = LINE('',#3340,#3341);
#3340 = CARTESIAN_POINT('',(-0.15748105803,-5.09764641275E-03,0.));
#3341 = VECTOR('',#3342,1.);
#3342 = DIRECTION('',(0.,-1.,0.));
#3343 = ORIENTED_EDGE('',*,*,#3322,.T.);
#3344 = ORIENTED_EDGE('',*,*,#3345,.F.);
#3345 = EDGE_CURVE('',#3346,#3315,#3348,.T.);
#3346 = VERTEX_POINT('',#3347);
#3347 = CARTESIAN_POINT('',(-0.15748105803,-9.181925374976E-03,0.1));
#3348 = LINE('',#3349,#3350);
#3349 = CARTESIAN_POINT('',(-0.15748105803,-5.09764641275E-03,0.1));
#3350 = VECTOR('',#3351,1.);
#3351 = DIRECTION('',(0.,1.,0.));
#3352 = ORIENTED_EDGE('',*,*,#3353,.F.);
#3353 = EDGE_CURVE('',#3337,#3346,#3354,.T.);
#3354 = LINE('',#3355,#3356);
#3355 = CARTESIAN_POINT('',(-0.15748105803,-9.181925374976E-03,0.));
#3356 = VECTOR('',#3357,1.);
#3357 = DIRECTION('',(0.,0.,1.));
#3358 = PLANE('',#3359);
#3359 = AXIS2_PLACEMENT_3D('',#3360,#3361,#3362);
#3360 = CARTESIAN_POINT('',(-0.15748105803,-9.181925374976E-03,0.));
#3361 = DIRECTION('',(1.,0.,0.));
#3362 = DIRECTION('',(-0.,1.,0.));
#3363 = ADVANCED_FACE('',(#3364),#3389,.T.);
#3364 = FACE_BOUND('',#3365,.T.);
#3365 = EDGE_LOOP('',(#3366,#3374,#3375,#3383));
#3366 = ORIENTED_EDGE('',*,*,#3367,.F.);
#3367 = EDGE_CURVE('',#3337,#3368,#3370,.T.);
#3368 = VERTEX_POINT('',#3369);
#3369 = CARTESIAN_POINT('',(-0.162570199276,-9.181925374976E-03,0.));
#3370 = LINE('',#3371,#3372);
#3371 = CARTESIAN_POINT('',(-0.15748105803,-9.181925374976E-03,0.));
#3372 = VECTOR('',#3373,1.);
#3373 = DIRECTION('',(-1.,0.,0.));
#3374 = ORIENTED_EDGE('',*,*,#3353,.T.);
#3375 = ORIENTED_EDGE('',*,*,#3376,.F.);
#3376 = EDGE_CURVE('',#3377,#3346,#3379,.T.);
#3377 = VERTEX_POINT('',#3378);
#3378 = CARTESIAN_POINT('',(-0.162570199276,-9.181925374976E-03,0.1));
#3379 = LINE('',#3380,#3381);
#3380 = CARTESIAN_POINT('',(-0.15748105803,-9.181925374976E-03,0.1));
#3381 = VECTOR('',#3382,1.);
#3382 = DIRECTION('',(1.,0.,0.));
#3383 = ORIENTED_EDGE('',*,*,#3384,.F.);
#3384 = EDGE_CURVE('',#3368,#3377,#3385,.T.);
#3385 = LINE('',#3386,#3387);
#3386 = CARTESIAN_POINT('',(-0.162570199276,-9.181925374976E-03,0.));
#3387 = VECTOR('',#3388,1.);
#3388 = DIRECTION('',(0.,0.,1.));
#3389 = PLANE('',#3390);
#3390 = AXIS2_PLACEMENT_3D('',#3391,#3392,#3393);
#3391 = CARTESIAN_POINT('',(-0.162570199276,-9.181925374976E-03,0.));
#3392 = DIRECTION('',(0.,-1.,0.));
#3393 = DIRECTION('',(1.,0.,0.));
#3394 = ADVANCED_FACE('',(#3395),#3420,.T.);
#3395 = FACE_BOUND('',#3396,.T.);
#3396 = EDGE_LOOP('',(#3397,#3405,#3406,#3414));
#3397 = ORIENTED_EDGE('',*,*,#3398,.F.);
#3398 = EDGE_CURVE('',#3368,#3399,#3401,.T.);
#3399 = VERTEX_POINT('',#3400);
#3400 = CARTESIAN_POINT('',(-0.162570199276,-4.101336935042E-02,0.));
#3401 = LINE('',#3402,#3403);
#3402 = CARTESIAN_POINT('',(-0.162570199276,-9.181925374976E-03,0.));
#3403 = VECTOR('',#3404,1.);
#3404 = DIRECTION('',(0.,-1.,0.));
#3405 = ORIENTED_EDGE('',*,*,#3384,.T.);
#3406 = ORIENTED_EDGE('',*,*,#3407,.F.);
#3407 = EDGE_CURVE('',#3408,#3377,#3410,.T.);
#3408 = VERTEX_POINT('',#3409);
#3409 = CARTESIAN_POINT('',(-0.162570199276,-4.101336935042E-02,0.1));
#3410 = LINE('',#3411,#3412);
#3411 = CARTESIAN_POINT('',(-0.162570199276,-9.181925374976E-03,0.1));
#3412 = VECTOR('',#3413,1.);
#3413 = DIRECTION('',(0.,1.,0.));
#3414 = ORIENTED_EDGE('',*,*,#3415,.F.);
#3415 = EDGE_CURVE('',#3399,#3408,#3416,.T.);
#3416 = LINE('',#3417,#3418);
#3417 = CARTESIAN_POINT('',(-0.162570199276,-4.101336935042E-02,0.));
#3418 = VECTOR('',#3419,1.);
#3419 = DIRECTION('',(0.,0.,1.));
#3420 = PLANE('',#3421);
#3421 = AXIS2_PLACEMENT_3D('',#3422,#3423,#3424);
#3422 = CARTESIAN_POINT('',(-0.162570199276,-4.101336935042E-02,0.));
#3423 = DIRECTION('',(1.,0.,0.));
#3424 = DIRECTION('',(-0.,1.,0.));
#3425 = ADVANCED_FACE('',(#3426),#3451,.T.);
#3426 = FACE_BOUND('',#3427,.T.);
#3427 = EDGE_LOOP('',(#3428,#3436,#3437,#3445));
#3428 = ORIENTED_EDGE('',*,*,#3429,.F.);
#3429 = EDGE_CURVE('',#3399,#3430,#3432,.T.);
#3430 = VERTEX_POINT('',#3431);
#3431 = CARTESIAN_POINT('',(-0.15748105803,-4.101336935042E-02,0.));
#3432 = LINE('',#3433,#3434);
#3433 = CARTESIAN_POINT('',(-0.162570199276,-4.101336935042E-02,0.));
#3434 = VECTOR('',#3435,1.);
#3435 = DIRECTION('',(1.,0.,0.));
#3436 = ORIENTED_EDGE('',*,*,#3415,.T.);
#3437 = ORIENTED_EDGE('',*,*,#3438,.F.);
#3438 = EDGE_CURVE('',#3439,#3408,#3441,.T.);
#3439 = VERTEX_POINT('',#3440);
#3440 = CARTESIAN_POINT('',(-0.15748105803,-4.101336935042E-02,0.1));
#3441 = LINE('',#3442,#3443);
#3442 = CARTESIAN_POINT('',(-0.162570199276,-4.101336935042E-02,0.1));
#3443 = VECTOR('',#3444,1.);
#3444 = DIRECTION('',(-1.,0.,0.));
#3445 = ORIENTED_EDGE('',*,*,#3446,.F.);
#3446 = EDGE_CURVE('',#3430,#3439,#3447,.T.);
#3447 = LINE('',#3448,#3449);
#3448 = CARTESIAN_POINT('',(-0.15748105803,-4.101336935042E-02,0.));
#3449 = VECTOR('',#3450,1.);
#3450 = DIRECTION('',(0.,0.,1.));
#3451 = PLANE('',#3452);
#3452 = AXIS2_PLACEMENT_3D('',#3453,#3454,#3455);
#3453 = CARTESIAN_POINT('',(-0.15748105803,-4.101336935042E-02,0.));
#3454 = DIRECTION('',(0.,1.,0.));
#3455 = DIRECTION('',(-1.,0.,0.));
#3456 = ADVANCED_FACE('',(#3457),#3482,.T.);
#3457 = FACE_BOUND('',#3458,.T.);
#3458 = EDGE_LOOP('',(#3459,#3467,#3468,#3476));
#3459 = ORIENTED_EDGE('',*,*,#3460,.F.);
#3460 = EDGE_CURVE('',#3430,#3461,#3463,.T.);
#3461 = VERTEX_POINT('',#3462);
#3462 = CARTESIAN_POINT('',(-0.15748105803,-4.509764831265E-02,0.));
#3463 = LINE('',#3464,#3465);
#3464 = CARTESIAN_POINT('',(-0.15748105803,-4.101336935042E-02,0.));
#3465 = VECTOR('',#3466,1.);
#3466 = DIRECTION('',(0.,-1.,0.));
#3467 = ORIENTED_EDGE('',*,*,#3446,.T.);
#3468 = ORIENTED_EDGE('',*,*,#3469,.F.);
#3469 = EDGE_CURVE('',#3470,#3439,#3472,.T.);
#3470 = VERTEX_POINT('',#3471);
#3471 = CARTESIAN_POINT('',(-0.15748105803,-4.509764831265E-02,0.1));
#3472 = LINE('',#3473,#3474);
#3473 = CARTESIAN_POINT('',(-0.15748105803,-4.101336935042E-02,0.1));
#3474 = VECTOR('',#3475,1.);
#3475 = DIRECTION('',(0.,1.,0.));
#3476 = ORIENTED_EDGE('',*,*,#3477,.F.);
#3477 = EDGE_CURVE('',#3461,#3470,#3478,.T.);
#3478 = LINE('',#3479,#3480);
#3479 = CARTESIAN_POINT('',(-0.15748105803,-4.509764831265E-02,0.));
#3480 = VECTOR('',#3481,1.);
#3481 = DIRECTION('',(0.,0.,1.));
#3482 = PLANE('',#3483);
#3483 = AXIS2_PLACEMENT_3D('',#3484,#3485,#3486);
#3484 = CARTESIAN_POINT('',(-0.15748105803,-4.509764831265E-02,0.));
#3485 = DIRECTION('',(1.,0.,0.));
#3486 = DIRECTION('',(-0.,1.,0.));
#3487 = ADVANCED_FACE('',(#3488),#3504,.T.);
#3488 = FACE_BOUND('',#3489,.T.);
#3489 = EDGE_LOOP('',(#3490,#3496,#3497,#3503));
#3490 = ORIENTED_EDGE('',*,*,#3491,.F.);
#3491 = EDGE_CURVE('',#3461,#3142,#3492,.T.);
#3492 = LINE('',#3493,#3494);
#3493 = CARTESIAN_POINT('',(-0.15748105803,-4.509764831265E-02,0.));
#3494 = VECTOR('',#3495,1.);
#3495 = DIRECTION('',(-1.,0.,0.));
#3496 = ORIENTED_EDGE('',*,*,#3477,.T.);
#3497 = ORIENTED_EDGE('',*,*,#3498,.F.);
#3498 = EDGE_CURVE('',#3152,#3470,#3499,.T.);
#3499 = LINE('',#3500,#3501);
#3500 = CARTESIAN_POINT('',(-0.15748105803,-4.509764831265E-02,0.1));
#3501 = VECTOR('',#3502,1.);
#3502 = DIRECTION('',(1.,0.,0.));
#3503 = ORIENTED_EDGE('',*,*,#3151,.F.);
#3504 = PLANE('',#3505);
#3505 = AXIS2_PLACEMENT_3D('',#3506,#3507,#3508);
#3506 = CARTESIAN_POINT('',(-0.172975386156,-4.509764831265E-02,0.));
#3507 = DIRECTION('',(0.,-1.,0.));
#3508 = DIRECTION('',(1.,0.,0.));
#3509 = ADVANCED_FACE('',(#3510),#3524,.F.);
#3510 = FACE_BOUND('',#3511,.T.);
#3511 = EDGE_LOOP('',(#3512,#3513,#3514,#3515,#3516,#3517,#3518,#3519,
    #3520,#3521,#3522,#3523));
#3512 = ORIENTED_EDGE('',*,*,#3491,.T.);
#3513 = ORIENTED_EDGE('',*,*,#3141,.T.);
#3514 = ORIENTED_EDGE('',*,*,#3181,.T.);
#3515 = ORIENTED_EDGE('',*,*,#3212,.T.);
#3516 = ORIENTED_EDGE('',*,*,#3243,.T.);
#3517 = ORIENTED_EDGE('',*,*,#3274,.T.);
#3518 = ORIENTED_EDGE('',*,*,#3305,.T.);
#3519 = ORIENTED_EDGE('',*,*,#3336,.T.);
#3520 = ORIENTED_EDGE('',*,*,#3367,.T.);
#3521 = ORIENTED_EDGE('',*,*,#3398,.T.);
#3522 = ORIENTED_EDGE('',*,*,#3429,.T.);
#3523 = ORIENTED_EDGE('',*,*,#3460,.T.);
#3524 = PLANE('',#3525);
#3525 = AXIS2_PLACEMENT_3D('',#3526,#3527,#3528);
#3526 = CARTESIAN_POINT('',(-0.165228222093,-2.50976473627E-02,0.));
#3527 = DIRECTION('',(0.,0.,1.));
#3528 = DIRECTION('',(1.,0.,-0.));
#3529 = ADVANCED_FACE('',(#3530),#3544,.T.);
#3530 = FACE_BOUND('',#3531,.T.);
#3531 = EDGE_LOOP('',(#3532,#3533,#3534,#3535,#3536,#3537,#3538,#3539,
    #3540,#3541,#3542,#3543));
#3532 = ORIENTED_EDGE('',*,*,#3498,.T.);
#3533 = ORIENTED_EDGE('',*,*,#3469,.T.);
#3534 = ORIENTED_EDGE('',*,*,#3438,.T.);
#3535 = ORIENTED_EDGE('',*,*,#3407,.T.);
#3536 = ORIENTED_EDGE('',*,*,#3376,.T.);
#3537 = ORIENTED_EDGE('',*,*,#3345,.T.);
#3538 = ORIENTED_EDGE('',*,*,#3314,.T.);
#3539 = ORIENTED_EDGE('',*,*,#3283,.T.);
#3540 = ORIENTED_EDGE('',*,*,#3252,.T.);
#3541 = ORIENTED_EDGE('',*,*,#3221,.T.);
#3542 = ORIENTED_EDGE('',*,*,#3190,.T.);
#3543 = ORIENTED_EDGE('',*,*,#3159,.T.);
#3544 = PLANE('',#3545);
#3545 = AXIS2_PLACEMENT_3D('',#3546,#3547,#3548);
#3546 = CARTESIAN_POINT('',(-0.165228222093,-2.50976473627E-02,0.1));
#3547 = DIRECTION('',(0.,0.,1.));
#3548 = DIRECTION('',(1.,0.,-0.));
#3549 = MANIFOLD_SOLID_BREP('',#3550);
#3550 = CLOSED_SHELL('',(#3551,#3591,#3622,#3653,#3684,#3715,#3746,#3768
    ,#3783));
#3551 = ADVANCED_FACE('',(#3552),#3586,.T.);
#3552 = FACE_BOUND('',#3553,.T.);
#3553 = EDGE_LOOP('',(#3554,#3564,#3572,#3580));
#3554 = ORIENTED_EDGE('',*,*,#3555,.F.);
#3555 = EDGE_CURVE('',#3556,#3558,#3560,.T.);
#3556 = VERTEX_POINT('',#3557);
#3557 = CARTESIAN_POINT('',(-0.189020767793,-4.509764831265E-02,0.));
#3558 = VERTEX_POINT('',#3559);
#3559 = CARTESIAN_POINT('',(-0.194758207288,-4.509764831265E-02,0.));
#3560 = LINE('',#3561,#3562);
#3561 = CARTESIAN_POINT('',(-0.189020767793,-4.509764831265E-02,0.));
#3562 = VECTOR('',#3563,1.);
#3563 = DIRECTION('',(-1.,0.,0.));
#3564 = ORIENTED_EDGE('',*,*,#3565,.T.);
#3565 = EDGE_CURVE('',#3556,#3566,#3568,.T.);
#3566 = VERTEX_POINT('',#3567);
#3567 = CARTESIAN_POINT('',(-0.189020767793,-4.509764831265E-02,0.1));
#3568 = LINE('',#3569,#3570);
#3569 = CARTESIAN_POINT('',(-0.189020767793,-4.509764831265E-02,0.));
#3570 = VECTOR('',#3571,1.);
#3571 = DIRECTION('',(0.,0.,1.));
#3572 = ORIENTED_EDGE('',*,*,#3573,.F.);
#3573 = EDGE_CURVE('',#3574,#3566,#3576,.T.);
#3574 = VERTEX_POINT('',#3575);
#3575 = CARTESIAN_POINT('',(-0.194758207288,-4.509764831265E-02,0.1));
#3576 = LINE('',#3577,#3578);
#3577 = CARTESIAN_POINT('',(-0.189020767793,-4.509764831265E-02,0.1));
#3578 = VECTOR('',#3579,1.);
#3579 = DIRECTION('',(1.,0.,0.));
#3580 = ORIENTED_EDGE('',*,*,#3581,.F.);
#3581 = EDGE_CURVE('',#3558,#3574,#3582,.T.);
#3582 = LINE('',#3583,#3584);
#3583 = CARTESIAN_POINT('',(-0.194758207288,-4.509764831265E-02,0.));
#3584 = VECTOR('',#3585,1.);
#3585 = DIRECTION('',(0.,0.,1.));
#3586 = PLANE('',#3587);
#3587 = AXIS2_PLACEMENT_3D('',#3588,#3589,#3590);
#3588 = CARTESIAN_POINT('',(-0.194758207288,-4.509764831265E-02,0.));
#3589 = DIRECTION('',(0.,-1.,0.));
#3590 = DIRECTION('',(1.,0.,0.));
#3591 = ADVANCED_FACE('',(#3592),#3617,.T.);
#3592 = FACE_BOUND('',#3593,.T.);
#3593 = EDGE_LOOP('',(#3594,#3602,#3603,#3611));
#3594 = ORIENTED_EDGE('',*,*,#3595,.F.);
#3595 = EDGE_CURVE('',#3558,#3596,#3598,.T.);
#3596 = VERTEX_POINT('',#3597);
#3597 = CARTESIAN_POINT('',(-0.208534545057,-5.09764641275E-03,0.));
#3598 = LINE('',#3599,#3600);
#3599 = CARTESIAN_POINT('',(-0.194758207288,-4.509764831265E-02,0.));
#3600 = VECTOR('',#3601,1.);
#3601 = DIRECTION('',(-0.325636464373,0.945495051849,0.));
#3602 = ORIENTED_EDGE('',*,*,#3581,.T.);
#3603 = ORIENTED_EDGE('',*,*,#3604,.F.);
#3604 = EDGE_CURVE('',#3605,#3574,#3607,.T.);
#3605 = VERTEX_POINT('',#3606);
#3606 = CARTESIAN_POINT('',(-0.208534545057,-5.09764641275E-03,0.1));
#3607 = LINE('',#3608,#3609);
#3608 = CARTESIAN_POINT('',(-0.194758207288,-4.509764831265E-02,0.1));
#3609 = VECTOR('',#3610,1.);
#3610 = DIRECTION('',(0.325636464373,-0.945495051849,0.));
#3611 = ORIENTED_EDGE('',*,*,#3612,.F.);
#3612 = EDGE_CURVE('',#3596,#3605,#3613,.T.);
#3613 = LINE('',#3614,#3615);
#3614 = CARTESIAN_POINT('',(-0.208534545057,-5.09764641275E-03,0.));
#3615 = VECTOR('',#3616,1.);
#3616 = DIRECTION('',(0.,0.,1.));
#3617 = PLANE('',#3618);
#3618 = AXIS2_PLACEMENT_3D('',#3619,#3620,#3621);
#3619 = CARTESIAN_POINT('',(-0.208534545057,-5.09764641275E-03,0.));
#3620 = DIRECTION('',(-0.945495051849,-0.325636464373,0.));
#3621 = DIRECTION('',(0.325636464373,-0.945495051849,0.));
#3622 = ADVANCED_FACE('',(#3623),#3648,.T.);
#3623 = FACE_BOUND('',#3624,.T.);
#3624 = EDGE_LOOP('',(#3625,#3633,#3634,#3642));
#3625 = ORIENTED_EDGE('',*,*,#3626,.F.);
#3626 = EDGE_CURVE('',#3596,#3627,#3629,.T.);
#3627 = VERTEX_POINT('',#3628);
#3628 = CARTESIAN_POINT('',(-0.202829520475,-5.09764641275E-03,0.));
#3629 = LINE('',#3630,#3631);
#3630 = CARTESIAN_POINT('',(-0.208534545057,-5.09764641275E-03,0.));
#3631 = VECTOR('',#3632,1.);
#3632 = DIRECTION('',(1.,0.,0.));
#3633 = ORIENTED_EDGE('',*,*,#3612,.T.);
#3634 = ORIENTED_EDGE('',*,*,#3635,.F.);
#3635 = EDGE_CURVE('',#3636,#3605,#3638,.T.);
#3636 = VERTEX_POINT('',#3637);
#3637 = CARTESIAN_POINT('',(-0.202829520475,-5.09764641275E-03,0.1));
#3638 = LINE('',#3639,#3640);
#3639 = CARTESIAN_POINT('',(-0.208534545057,-5.09764641275E-03,0.1));
#3640 = VECTOR('',#3641,1.);
#3641 = DIRECTION('',(-1.,0.,0.));
#3642 = ORIENTED_EDGE('',*,*,#3643,.F.);
#3643 = EDGE_CURVE('',#3627,#3636,#3644,.T.);
#3644 = LINE('',#3645,#3646);
#3645 = CARTESIAN_POINT('',(-0.202829520475,-5.09764641275E-03,0.));
#3646 = VECTOR('',#3647,1.);
#3647 = DIRECTION('',(0.,0.,1.));
#3648 = PLANE('',#3649);
#3649 = AXIS2_PLACEMENT_3D('',#3650,#3651,#3652);
#3650 = CARTESIAN_POINT('',(-0.202829520475,-5.09764641275E-03,0.));
#3651 = DIRECTION('',(0.,1.,0.));
#3652 = DIRECTION('',(-1.,0.,0.));
#3653 = ADVANCED_FACE('',(#3654),#3679,.T.);
#3654 = FACE_BOUND('',#3655,.T.);
#3655 = EDGE_LOOP('',(#3656,#3664,#3665,#3673));
#3656 = ORIENTED_EDGE('',*,*,#3657,.F.);
#3657 = EDGE_CURVE('',#3627,#3658,#3660,.T.);
#3658 = VERTEX_POINT('',#3659);
#3659 = CARTESIAN_POINT('',(-0.191743620435,-3.832293162134E-02,0.));
#3660 = LINE('',#3661,#3662);
#3661 = CARTESIAN_POINT('',(-0.202829520475,-5.09764641275E-03,0.));
#3662 = VECTOR('',#3663,1.);
#3663 = DIRECTION('',(0.316505388781,-0.948590711989,0.));
#3664 = ORIENTED_EDGE('',*,*,#3643,.T.);
#3665 = ORIENTED_EDGE('',*,*,#3666,.F.);
#3666 = EDGE_CURVE('',#3667,#3636,#3669,.T.);
#3667 = VERTEX_POINT('',#3668);
#3668 = CARTESIAN_POINT('',(-0.191743620435,-3.832293162134E-02,0.1));
#3669 = LINE('',#3670,#3671);
#3670 = CARTESIAN_POINT('',(-0.202829520475,-5.09764641275E-03,0.1));
#3671 = VECTOR('',#3672,1.);
#3672 = DIRECTION('',(-0.316505388781,0.948590711989,0.));
#3673 = ORIENTED_EDGE('',*,*,#3674,.F.);
#3674 = EDGE_CURVE('',#3658,#3667,#3675,.T.);
#3675 = LINE('',#3676,#3677);
#3676 = CARTESIAN_POINT('',(-0.191743620435,-3.832293162134E-02,0.));
#3677 = VECTOR('',#3678,1.);
#3678 = DIRECTION('',(0.,0.,1.));
#3679 = PLANE('',#3680);
#3680 = AXIS2_PLACEMENT_3D('',#3681,#3682,#3683);
#3681 = CARTESIAN_POINT('',(-0.191743620435,-3.832293162134E-02,0.));
#3682 = DIRECTION('',(0.948590711989,0.316505388781,0.));
#3683 = DIRECTION('',(-0.316505388781,0.948590711989,0.));
#3684 = ADVANCED_FACE('',(#3685),#3710,.T.);
#3685 = FACE_BOUND('',#3686,.T.);
#3686 = EDGE_LOOP('',(#3687,#3695,#3696,#3704));
#3687 = ORIENTED_EDGE('',*,*,#3688,.F.);
#3688 = EDGE_CURVE('',#3658,#3689,#3691,.T.);
#3689 = VERTEX_POINT('',#3690);
#3690 = CARTESIAN_POINT('',(-0.180657720395,-5.09764641275E-03,0.));
#3691 = LINE('',#3692,#3693);
#3692 = CARTESIAN_POINT('',(-0.191743620435,-3.832293162134E-02,0.));
#3693 = VECTOR('',#3694,1.);
#3694 = DIRECTION('',(0.316505388781,0.948590711989,0.));
#3695 = ORIENTED_EDGE('',*,*,#3674,.T.);
#3696 = ORIENTED_EDGE('',*,*,#3697,.F.);
#3697 = EDGE_CURVE('',#3698,#3667,#3700,.T.);
#3698 = VERTEX_POINT('',#3699);
#3699 = CARTESIAN_POINT('',(-0.180657720395,-5.09764641275E-03,0.1));
#3700 = LINE('',#3701,#3702);
#3701 = CARTESIAN_POINT('',(-0.191743620435,-3.832293162134E-02,0.1));
#3702 = VECTOR('',#3703,1.);
#3703 = DIRECTION('',(-0.316505388781,-0.948590711989,0.));
#3704 = ORIENTED_EDGE('',*,*,#3705,.F.);
#3705 = EDGE_CURVE('',#3689,#3698,#3706,.T.);
#3706 = LINE('',#3707,#3708);
#3707 = CARTESIAN_POINT('',(-0.180657720395,-5.09764641275E-03,0.));
#3708 = VECTOR('',#3709,1.);
#3709 = DIRECTION('',(0.,0.,1.));
#3710 = PLANE('',#3711);
#3711 = AXIS2_PLACEMENT_3D('',#3712,#3713,#3714);
#3712 = CARTESIAN_POINT('',(-0.180657720395,-5.09764641275E-03,0.));
#3713 = DIRECTION('',(-0.948590711989,0.316505388781,0.));
#3714 = DIRECTION('',(-0.316505388781,-0.948590711989,0.));
#3715 = ADVANCED_FACE('',(#3716),#3741,.T.);
#3716 = FACE_BOUND('',#3717,.T.);
#3717 = EDGE_LOOP('',(#3718,#3726,#3727,#3735));
#3718 = ORIENTED_EDGE('',*,*,#3719,.F.);
#3719 = EDGE_CURVE('',#3689,#3720,#3722,.T.);
#3720 = VERTEX_POINT('',#3721);
#3721 = CARTESIAN_POINT('',(-0.175244430024,-5.09764641275E-03,0.));
#3722 = LINE('',#3723,#3724);
#3723 = CARTESIAN_POINT('',(-0.180657720395,-5.09764641275E-03,0.));
#3724 = VECTOR('',#3725,1.);
#3725 = DIRECTION('',(1.,0.,0.));
#3726 = ORIENTED_EDGE('',*,*,#3705,.T.);
#3727 = ORIENTED_EDGE('',*,*,#3728,.F.);
#3728 = EDGE_CURVE('',#3729,#3698,#3731,.T.);
#3729 = VERTEX_POINT('',#3730);
#3730 = CARTESIAN_POINT('',(-0.175244430024,-5.09764641275E-03,0.1));
#3731 = LINE('',#3732,#3733);
#3732 = CARTESIAN_POINT('',(-0.180657720395,-5.09764641275E-03,0.1));
#3733 = VECTOR('',#3734,1.);
#3734 = DIRECTION('',(-1.,0.,0.));
#3735 = ORIENTED_EDGE('',*,*,#3736,.F.);
#3736 = EDGE_CURVE('',#3720,#3729,#3737,.T.);
#3737 = LINE('',#3738,#3739);
#3738 = CARTESIAN_POINT('',(-0.175244430024,-5.09764641275E-03,0.));
#3739 = VECTOR('',#3740,1.);
#3740 = DIRECTION('',(0.,0.,1.));
#3741 = PLANE('',#3742);
#3742 = AXIS2_PLACEMENT_3D('',#3743,#3744,#3745);
#3743 = CARTESIAN_POINT('',(-0.175244430024,-5.09764641275E-03,0.));
#3744 = DIRECTION('',(0.,1.,0.));
#3745 = DIRECTION('',(-1.,0.,0.));
#3746 = ADVANCED_FACE('',(#3747),#3763,.T.);
#3747 = FACE_BOUND('',#3748,.T.);
#3748 = EDGE_LOOP('',(#3749,#3755,#3756,#3762));
#3749 = ORIENTED_EDGE('',*,*,#3750,.F.);
#3750 = EDGE_CURVE('',#3720,#3556,#3751,.T.);
#3751 = LINE('',#3752,#3753);
#3752 = CARTESIAN_POINT('',(-0.175244430024,-5.09764641275E-03,0.));
#3753 = VECTOR('',#3754,1.);
#3754 = DIRECTION('',(-0.325636464373,-0.945495051849,0.));
#3755 = ORIENTED_EDGE('',*,*,#3736,.T.);
#3756 = ORIENTED_EDGE('',*,*,#3757,.F.);
#3757 = EDGE_CURVE('',#3566,#3729,#3758,.T.);
#3758 = LINE('',#3759,#3760);
#3759 = CARTESIAN_POINT('',(-0.175244430024,-5.09764641275E-03,0.1));
#3760 = VECTOR('',#3761,1.);
#3761 = DIRECTION('',(0.325636464373,0.945495051849,0.));
#3762 = ORIENTED_EDGE('',*,*,#3565,.F.);
#3763 = PLANE('',#3764);
#3764 = AXIS2_PLACEMENT_3D('',#3765,#3766,#3767);
#3765 = CARTESIAN_POINT('',(-0.189020767793,-4.509764831265E-02,0.));
#3766 = DIRECTION('',(0.945495051849,-0.325636464373,0.));
#3767 = DIRECTION('',(0.325636464373,0.945495051849,0.));
#3768 = ADVANCED_FACE('',(#3769),#3778,.F.);
#3769 = FACE_BOUND('',#3770,.T.);
#3770 = EDGE_LOOP('',(#3771,#3772,#3773,#3774,#3775,#3776,#3777));
#3771 = ORIENTED_EDGE('',*,*,#3750,.T.);
#3772 = ORIENTED_EDGE('',*,*,#3555,.T.);
#3773 = ORIENTED_EDGE('',*,*,#3595,.T.);
#3774 = ORIENTED_EDGE('',*,*,#3626,.T.);
#3775 = ORIENTED_EDGE('',*,*,#3657,.T.);
#3776 = ORIENTED_EDGE('',*,*,#3688,.T.);
#3777 = ORIENTED_EDGE('',*,*,#3719,.T.);
#3778 = PLANE('',#3779);
#3779 = AXIS2_PLACEMENT_3D('',#3780,#3781,#3782);
#3780 = CARTESIAN_POINT('',(-0.191848768359,-2.308674743105E-02,0.));
#3781 = DIRECTION('',(0.,0.,1.));
#3782 = DIRECTION('',(1.,0.,-0.));
#3783 = ADVANCED_FACE('',(#3784),#3793,.T.);
#3784 = FACE_BOUND('',#3785,.T.);
#3785 = EDGE_LOOP('',(#3786,#3787,#3788,#3789,#3790,#3791,#3792));
#3786 = ORIENTED_EDGE('',*,*,#3757,.T.);
#3787 = ORIENTED_EDGE('',*,*,#3728,.T.);
#3788 = ORIENTED_EDGE('',*,*,#3697,.T.);
#3789 = ORIENTED_EDGE('',*,*,#3666,.T.);
#3790 = ORIENTED_EDGE('',*,*,#3635,.T.);
#3791 = ORIENTED_EDGE('',*,*,#3604,.T.);
#3792 = ORIENTED_EDGE('',*,*,#3573,.T.);
#3793 = PLANE('',#3794);
#3794 = AXIS2_PLACEMENT_3D('',#3795,#3796,#3797);
#3795 = CARTESIAN_POINT('',(-0.191848768359,-2.308674743105E-02,0.1));
#3796 = DIRECTION('',(0.,0.,1.));
#3797 = DIRECTION('',(1.,0.,-0.));
#3798 = MANIFOLD_SOLID_BREP('',#3799);
#3799 = CLOSED_SHELL('',(#3800,#3840,#3877,#3914,#3951,#3988,#4025,#4062
    ,#4099,#4136,#4167,#4204,#4241,#4278,#4315,#4352,#4389,#4426,#4454,
    #4480));
#3800 = ADVANCED_FACE('',(#3801),#3835,.T.);
#3801 = FACE_BOUND('',#3802,.T.);
#3802 = EDGE_LOOP('',(#3803,#3813,#3821,#3829));
#3803 = ORIENTED_EDGE('',*,*,#3804,.F.);
#3804 = EDGE_CURVE('',#3805,#3807,#3809,.T.);
#3805 = VERTEX_POINT('',#3806);
#3806 = CARTESIAN_POINT('',(-0.152878140469,-4.269894479515E-02,0.));
#3807 = VERTEX_POINT('',#3808);
#3808 = CARTESIAN_POINT('',(-0.15248916152,-3.602147284103E-02,0.));
#3809 = LINE('',#3810,#3811);
#3810 = CARTESIAN_POINT('',(-0.152878140469,-4.269894479515E-02,0.));
#3811 = VECTOR('',#3812,1.);
#3812 = DIRECTION('',(0.,1.,0.));
#3813 = ORIENTED_EDGE('',*,*,#3814,.T.);
#3814 = EDGE_CURVE('',#3805,#3815,#3817,.T.);
#3815 = VERTEX_POINT('',#3816);
#3816 = CARTESIAN_POINT('',(-0.152878140469,-4.269894479515E-02,0.1));
#3817 = LINE('',#3818,#3819);
#3818 = CARTESIAN_POINT('',(-0.152878140469,-4.269894479515E-02,0.));
#3819 = VECTOR('',#3820,1.);
#3820 = DIRECTION('',(0.,0.,1.));
#3821 = ORIENTED_EDGE('',*,*,#3822,.F.);
#3822 = EDGE_CURVE('',#3823,#3815,#3825,.T.);
#3823 = VERTEX_POINT('',#3824);
#3824 = CARTESIAN_POINT('',(-0.15248916152,-3.602147284103E-02,0.1));
#3825 = LINE('',#3826,#3827);
#3826 = CARTESIAN_POINT('',(-0.152878140469,-4.269894479515E-02,0.1));
#3827 = VECTOR('',#3828,1.);
#3828 = DIRECTION('',(0.,-1.,0.));
#3829 = ORIENTED_EDGE('',*,*,#3830,.F.);
#3830 = EDGE_CURVE('',#3807,#3823,#3831,.T.);
#3831 = LINE('',#3832,#3833);
#3832 = CARTESIAN_POINT('',(-0.15248916152,-3.602147284103E-02,0.));
#3833 = VECTOR('',#3834,1.);
#3834 = DIRECTION('',(0.,0.,1.));
#3835 = PLANE('',#3836);
#3836 = AXIS2_PLACEMENT_3D('',#3837,#3838,#3839);
#3837 = CARTESIAN_POINT('',(-0.152878140469,-3.602147284103E-02,0.));
#3838 = DIRECTION('',(-1.,0.,0.));
#3839 = DIRECTION('',(0.,-1.,0.));
#3840 = ADVANCED_FACE('',(#3841),#3868,.T.);
#3841 = FACE_BOUND('',#3842,.T.);
#3842 = EDGE_LOOP('',(#3843,#3852,#3853,#3862));
#3843 = ORIENTED_EDGE('',*,*,#3844,.F.);
#3844 = EDGE_CURVE('',#3807,#3845,#3847,.T.);
#3845 = VERTEX_POINT('',#3846);
#3846 = CARTESIAN_POINT('',(-0.140139079896,-4.120785882481E-02,0.));
#3847 = B_SPLINE_CURVE_WITH_KNOTS('',2,(#3848,#3849,#3850,#3851),
  .UNSPECIFIED.,.F.,.F.,(3,1,3),(0.,1.,2.),.QUASI_UNIFORM_KNOTS.);
#3848 = CARTESIAN_POINT('',(-0.15248916152,-3.602147284103E-02,0.));
#3849 = CARTESIAN_POINT('',(-0.149863553616,-3.848500618333E-02,0.));
#3850 = CARTESIAN_POINT('',(-0.143218496574,-4.120785882481E-02,0.));
#3851 = CARTESIAN_POINT('',(-0.140139079896,-4.120785882481E-02,0.));
#3852 = ORIENTED_EDGE('',*,*,#3830,.T.);
#3853 = ORIENTED_EDGE('',*,*,#3854,.F.);
#3854 = EDGE_CURVE('',#3855,#3823,#3857,.T.);
#3855 = VERTEX_POINT('',#3856);
#3856 = CARTESIAN_POINT('',(-0.140139079896,-4.120785882481E-02,0.1));
#3857 = B_SPLINE_CURVE_WITH_KNOTS('',2,(#3858,#3859,#3860,#3861),
  .UNSPECIFIED.,.F.,.F.,(3,1,3),(-2.,-1.,0.),.QUASI_UNIFORM_KNOTS.);
#3858 = CARTESIAN_POINT('',(-0.140139079896,-4.120785882481E-02,0.1));
#3859 = CARTESIAN_POINT('',(-0.143218496574,-4.120785882481E-02,0.1));
#3860 = CARTESIAN_POINT('',(-0.149863553616,-3.848500618333E-02,0.1));
#3861 = CARTESIAN_POINT('',(-0.15248916152,-3.602147284103E-02,0.1));
#3862 = ORIENTED_EDGE('',*,*,#3863,.F.);
#3863 = EDGE_CURVE('',#3845,#3855,#3864,.T.);
#3864 = LINE('',#3865,#3866);
#3865 = CARTESIAN_POINT('',(-0.140139079896,-4.120785882481E-02,0.));
#3866 = VECTOR('',#3867,1.);
#3867 = DIRECTION('',(0.,0.,1.));
#3868 = B_SPLINE_SURFACE_WITH_KNOTS('',2,1,(
    (#3869,#3870)
    ,(#3871,#3872)
    ,(#3873,#3874)
    ,(#3875,#3876
  )),.UNSPECIFIED.,.F.,.F.,.F.,(3,1,3),(2,2),(-2.,-1.,0.),(0.,1.E-02),
  .UNSPECIFIED.);
#3869 = CARTESIAN_POINT('',(-0.140139079896,-4.120785882481E-02,0.));
#3870 = CARTESIAN_POINT('',(-0.140139079896,-4.120785882481E-02,0.1));
#3871 = CARTESIAN_POINT('',(-0.143218496574,-4.120785882481E-02,0.));
#3872 = CARTESIAN_POINT('',(-0.143218496574,-4.120785882481E-02,0.1));
#3873 = CARTESIAN_POINT('',(-0.149863553616,-3.848500618333E-02,0.));
#3874 = CARTESIAN_POINT('',(-0.149863553616,-3.848500618333E-02,0.1));
#3875 = CARTESIAN_POINT('',(-0.15248916152,-3.602147284103E-02,0.));
#3876 = CARTESIAN_POINT('',(-0.15248916152,-3.602147284103E-02,0.1));
#3877 = ADVANCED_FACE('',(#3878),#3905,.T.);
#3878 = FACE_BOUND('',#3879,.T.);
#3879 = EDGE_LOOP('',(#3880,#3889,#3890,#3899));
#3880 = ORIENTED_EDGE('',*,*,#3881,.F.);
#3881 = EDGE_CURVE('',#3845,#3882,#3884,.T.);
#3882 = VERTEX_POINT('',#3883);
#3883 = CARTESIAN_POINT('',(-0.131224978987,-3.45303868707E-02,0.));
#3884 = B_SPLINE_CURVE_WITH_KNOTS('',2,(#3885,#3886,#3887,#3888),
  .UNSPECIFIED.,.F.,.F.,(3,1,3),(0.,1.,2.),.QUASI_UNIFORM_KNOTS.);
#3885 = CARTESIAN_POINT('',(-0.140139079896,-4.120785882481E-02,0.));
#3886 = CARTESIAN_POINT('',(-0.13573065181,-4.120785882481E-02,0.));
#3887 = CARTESIAN_POINT('',(-0.131224978987,-3.754497372377E-02,0.));
#3888 = CARTESIAN_POINT('',(-0.131224978987,-3.45303868707E-02,0.));
#3889 = ORIENTED_EDGE('',*,*,#3863,.T.);
#3890 = ORIENTED_EDGE('',*,*,#3891,.F.);
#3891 = EDGE_CURVE('',#3892,#3855,#3894,.T.);
#3892 = VERTEX_POINT('',#3893);
#3893 = CARTESIAN_POINT('',(-0.131224978987,-3.45303868707E-02,0.1));
#3894 = B_SPLINE_CURVE_WITH_KNOTS('',2,(#3895,#3896,#3897,#3898),
  .UNSPECIFIED.,.F.,.F.,(3,1,3),(-2.,-1.,0.),.QUASI_UNIFORM_KNOTS.);
#3895 = CARTESIAN_POINT('',(-0.131224978987,-3.45303868707E-02,0.1));
#3896 = CARTESIAN_POINT('',(-0.131224978987,-3.754497372377E-02,0.1));
#3897 = CARTESIAN_POINT('',(-0.13573065181,-4.120785882481E-02,0.1));
#3898 = CARTESIAN_POINT('',(-0.140139079896,-4.120785882481E-02,0.1));
#3899 = ORIENTED_EDGE('',*,*,#3900,.F.);
#3900 = EDGE_CURVE('',#3882,#3892,#3901,.T.);
#3901 = LINE('',#3902,#3903);
#3902 = CARTESIAN_POINT('',(-0.131224978987,-3.45303868707E-02,0.));
#3903 = VECTOR('',#3904,1.);
#3904 = DIRECTION('',(0.,0.,1.));
#3905 = B_SPLINE_SURFACE_WITH_KNOTS('',2,1,(
    (#3906,#3907)
    ,(#3908,#3909)
    ,(#3910,#3911)
    ,(#3912,#3913
  )),.UNSPECIFIED.,.F.,.F.,.F.,(3,1,3),(2,2),(-2.,-1.,0.),(0.,1.E-02),
  .UNSPECIFIED.);
#3906 = CARTESIAN_POINT('',(-0.131224978987,-3.45303868707E-02,0.));
#3907 = CARTESIAN_POINT('',(-0.131224978987,-3.45303868707E-02,0.1));
#3908 = CARTESIAN_POINT('',(-0.131224978987,-3.754497372377E-02,0.));
#3909 = CARTESIAN_POINT('',(-0.131224978987,-3.754497372377E-02,0.1));
#3910 = CARTESIAN_POINT('',(-0.13573065181,-4.120785882481E-02,0.));
#3911 = CARTESIAN_POINT('',(-0.13573065181,-4.120785882481E-02,0.1));
#3912 = CARTESIAN_POINT('',(-0.140139079896,-4.120785882481E-02,0.));
#3913 = CARTESIAN_POINT('',(-0.140139079896,-4.120785882481E-02,0.1));
#3914 = ADVANCED_FACE('',(#3915),#3942,.T.);
#3915 = FACE_BOUND('',#3916,.T.);
#3916 = EDGE_LOOP('',(#3917,#3926,#3927,#3936));
#3917 = ORIENTED_EDGE('',*,*,#3918,.F.);
#3918 = EDGE_CURVE('',#3882,#3919,#3921,.T.);
#3919 = VERTEX_POINT('',#3920);
#3920 = CARTESIAN_POINT('',(-0.136152045671,-2.840396842736E-02,0.));
#3921 = B_SPLINE_CURVE_WITH_KNOTS('',2,(#3922,#3923,#3924,#3925),
  .UNSPECIFIED.,.F.,.F.,(3,1,3),(0.,1.,2.),.QUASI_UNIFORM_KNOTS.);
#3922 = CARTESIAN_POINT('',(-0.131224978987,-3.45303868707E-02,0.));
#3923 = CARTESIAN_POINT('',(-0.131224978987,-3.21316833532E-02,0.));
#3924 = CARTESIAN_POINT('',(-0.133591267592,-2.914951141253E-02,0.));
#3925 = CARTESIAN_POINT('',(-0.136152045671,-2.840396842736E-02,0.));
#3926 = ORIENTED_EDGE('',*,*,#3900,.T.);
#3927 = ORIENTED_EDGE('',*,*,#3928,.F.);
#3928 = EDGE_CURVE('',#3929,#3892,#3931,.T.);
#3929 = VERTEX_POINT('',#3930);
#3930 = CARTESIAN_POINT('',(-0.136152045671,-2.840396842736E-02,0.1));
#3931 = B_SPLINE_CURVE_WITH_KNOTS('',2,(#3932,#3933,#3934,#3935),
  .UNSPECIFIED.,.F.,.F.,(3,1,3),(-2.,-1.,0.),.QUASI_UNIFORM_KNOTS.);
#3932 = CARTESIAN_POINT('',(-0.136152045671,-2.840396842736E-02,0.1));
#3933 = CARTESIAN_POINT('',(-0.133591267592,-2.914951141253E-02,0.1));
#3934 = CARTESIAN_POINT('',(-0.131224978987,-3.21316833532E-02,0.1));
#3935 = CARTESIAN_POINT('',(-0.131224978987,-3.45303868707E-02,0.1));
#3936 = ORIENTED_EDGE('',*,*,#3937,.F.);
#3937 = EDGE_CURVE('',#3919,#3929,#3938,.T.);
#3938 = LINE('',#3939,#3940);
#3939 = CARTESIAN_POINT('',(-0.136152045671,-2.840396842736E-02,0.));
#3940 = VECTOR('',#3941,1.);
#3941 = DIRECTION('',(0.,0.,1.));
#3942 = B_SPLINE_SURFACE_WITH_KNOTS('',2,1,(
    (#3943,#3944)
    ,(#3945,#3946)
    ,(#3947,#3948)
    ,(#3949,#3950
  )),.UNSPECIFIED.,.F.,.F.,.F.,(3,1,3),(2,2),(-2.,-1.,0.),(0.,1.E-02),
  .UNSPECIFIED.);
#3943 = CARTESIAN_POINT('',(-0.136152045671,-2.840396842736E-02,0.));
#3944 = CARTESIAN_POINT('',(-0.136152045671,-2.840396842736E-02,0.1));
#3945 = CARTESIAN_POINT('',(-0.133591267592,-2.914951141253E-02,0.));
#3946 = CARTESIAN_POINT('',(-0.133591267592,-2.914951141253E-02,0.1));
#3947 = CARTESIAN_POINT('',(-0.131224978987,-3.21316833532E-02,0.));
#3948 = CARTESIAN_POINT('',(-0.131224978987,-3.21316833532E-02,0.1));
#3949 = CARTESIAN_POINT('',(-0.131224978987,-3.45303868707E-02,0.));
#3950 = CARTESIAN_POINT('',(-0.131224978987,-3.45303868707E-02,0.1));
#3951 = ADVANCED_FACE('',(#3952),#3979,.T.);
#3952 = FACE_BOUND('',#3953,.T.);
#3953 = EDGE_LOOP('',(#3954,#3963,#3964,#3973));
#3954 = ORIENTED_EDGE('',*,*,#3955,.F.);
#3955 = EDGE_CURVE('',#3919,#3956,#3958,.T.);
#3956 = VERTEX_POINT('',#3957);
#3957 = CARTESIAN_POINT('',(-0.143380571136,-2.658873333304E-02,0.));
#3958 = B_SPLINE_CURVE_WITH_KNOTS('',2,(#3959,#3960,#3961,#3962),
  .UNSPECIFIED.,.F.,.F.,(3,1,3),(0.,1.,2.),.QUASI_UNIFORM_KNOTS.);
#3959 = CARTESIAN_POINT('',(-0.136152045671,-2.840396842736E-02,0.));
#3960 = CARTESIAN_POINT('',(-0.137999695678,-2.788532982898E-02,0.));
#3961 = CARTESIAN_POINT('',(-0.141079112356,-2.717220175621E-02,0.));
#3962 = CARTESIAN_POINT('',(-0.143380571136,-2.658873333304E-02,0.));
#3963 = ORIENTED_EDGE('',*,*,#3937,.T.);
#3964 = ORIENTED_EDGE('',*,*,#3965,.F.);
#3965 = EDGE_CURVE('',#3966,#3929,#3968,.T.);
#3966 = VERTEX_POINT('',#3967);
#3967 = CARTESIAN_POINT('',(-0.143380571136,-2.658873333304E-02,0.1));
#3968 = B_SPLINE_CURVE_WITH_KNOTS('',2,(#3969,#3970,#3971,#3972),
  .UNSPECIFIED.,.F.,.F.,(3,1,3),(-2.,-1.,0.),.QUASI_UNIFORM_KNOTS.);
#3969 = CARTESIAN_POINT('',(-0.143380571136,-2.658873333304E-02,0.1));
#3970 = CARTESIAN_POINT('',(-0.141079112356,-2.717220175621E-02,0.1));
#3971 = CARTESIAN_POINT('',(-0.137999695678,-2.788532982898E-02,0.1));
#3972 = CARTESIAN_POINT('',(-0.136152045671,-2.840396842736E-02,0.1));
#3973 = ORIENTED_EDGE('',*,*,#3974,.F.);
#3974 = EDGE_CURVE('',#3956,#3966,#3975,.T.);
#3975 = LINE('',#3976,#3977);
#3976 = CARTESIAN_POINT('',(-0.143380571136,-2.658873333304E-02,0.));
#3977 = VECTOR('',#3978,1.);
#3978 = DIRECTION('',(0.,0.,1.));
#3979 = B_SPLINE_SURFACE_WITH_KNOTS('',2,1,(
    (#3980,#3981)
    ,(#3982,#3983)
    ,(#3984,#3985)
    ,(#3986,#3987
  )),.UNSPECIFIED.,.F.,.F.,.F.,(3,1,3),(2,2),(-2.,-1.,0.),(0.,1.E-02),
  .UNSPECIFIED.);
#3980 = CARTESIAN_POINT('',(-0.143380571136,-2.658873333304E-02,0.));
#3981 = CARTESIAN_POINT('',(-0.143380571136,-2.658873333304E-02,0.1));
#3982 = CARTESIAN_POINT('',(-0.141079112356,-2.717220175621E-02,0.));
#3983 = CARTESIAN_POINT('',(-0.141079112356,-2.717220175621E-02,0.1));
#3984 = CARTESIAN_POINT('',(-0.137999695678,-2.788532982898E-02,0.));
#3985 = CARTESIAN_POINT('',(-0.137999695678,-2.788532982898E-02,0.1));
#3986 = CARTESIAN_POINT('',(-0.136152045671,-2.840396842736E-02,0.));
#3987 = CARTESIAN_POINT('',(-0.136152045671,-2.840396842736E-02,0.1));
#3988 = ADVANCED_FACE('',(#3989),#4016,.T.);
#3989 = FACE_BOUND('',#3990,.T.);
#3990 = EDGE_LOOP('',(#3991,#4000,#4001,#4010));
#3991 = ORIENTED_EDGE('',*,*,#3992,.F.);
#3992 = EDGE_CURVE('',#3956,#3993,#3995,.T.);
#3993 = VERTEX_POINT('',#3994);
#3994 = CARTESIAN_POINT('',(-0.149993213265,-2.305550788159E-02,0.));
#3995 = B_SPLINE_CURVE_WITH_KNOTS('',2,(#3996,#3997,#3998,#3999),
  .UNSPECIFIED.,.F.,.F.,(3,1,3),(0.,1.,2.),.QUASI_UNIFORM_KNOTS.);
#3996 = CARTESIAN_POINT('',(-0.143380571136,-2.658873333304E-02,0.));
#3997 = CARTESIAN_POINT('',(-0.14545512553,-2.603767982226E-02,0.));
#3998 = CARTESIAN_POINT('',(-0.148729031682,-2.438451928993E-02,0.));
#3999 = CARTESIAN_POINT('',(-0.149993213265,-2.305550788159E-02,0.));
#4000 = ORIENTED_EDGE('',*,*,#3974,.T.);
#4001 = ORIENTED_EDGE('',*,*,#4002,.F.);
#4002 = EDGE_CURVE('',#4003,#3966,#4005,.T.);
#4003 = VERTEX_POINT('',#4004);
#4004 = CARTESIAN_POINT('',(-0.149993213265,-2.305550788159E-02,0.1));
#4005 = B_SPLINE_CURVE_WITH_KNOTS('',2,(#4006,#4007,#4008,#4009),
  .UNSPECIFIED.,.F.,.F.,(3,1,3),(-2.,-1.,0.),.QUASI_UNIFORM_KNOTS.);
#4006 = CARTESIAN_POINT('',(-0.149993213265,-2.305550788159E-02,0.1));
#4007 = CARTESIAN_POINT('',(-0.148729031682,-2.438451928993E-02,0.1));
#4008 = CARTESIAN_POINT('',(-0.14545512553,-2.603767982226E-02,0.1));
#4009 = CARTESIAN_POINT('',(-0.143380571136,-2.658873333304E-02,0.1));
#4010 = ORIENTED_EDGE('',*,*,#4011,.F.);
#4011 = EDGE_CURVE('',#3993,#4003,#4012,.T.);
#4012 = LINE('',#4013,#4014);
#4013 = CARTESIAN_POINT('',(-0.149993213265,-2.305550788159E-02,0.));
#4014 = VECTOR('',#4015,1.);
#4015 = DIRECTION('',(0.,0.,1.));
#4016 = B_SPLINE_SURFACE_WITH_KNOTS('',2,1,(
    (#4017,#4018)
    ,(#4019,#4020)
    ,(#4021,#4022)
    ,(#4023,#4024
  )),.UNSPECIFIED.,.F.,.F.,.F.,(3,1,3),(2,2),(-2.,-1.,0.),(0.,1.E-02),
  .UNSPECIFIED.);
#4017 = CARTESIAN_POINT('',(-0.149993213265,-2.305550788159E-02,0.));
#4018 = CARTESIAN_POINT('',(-0.149993213265,-2.305550788159E-02,0.1));
#4019 = CARTESIAN_POINT('',(-0.148729031682,-2.438451928993E-02,0.));
#4020 = CARTESIAN_POINT('',(-0.148729031682,-2.438451928993E-02,0.1));
#4021 = CARTESIAN_POINT('',(-0.14545512553,-2.603767982226E-02,0.));
#4022 = CARTESIAN_POINT('',(-0.14545512553,-2.603767982226E-02,0.1));
#4023 = CARTESIAN_POINT('',(-0.143380571136,-2.658873333304E-02,0.));
#4024 = CARTESIAN_POINT('',(-0.143380571136,-2.658873333304E-02,0.1));
#4025 = ADVANCED_FACE('',(#4026),#4053,.T.);
#4026 = FACE_BOUND('',#4027,.T.);
#4027 = EDGE_LOOP('',(#4028,#4037,#4038,#4047));
#4028 = ORIENTED_EDGE('',*,*,#4029,.F.);
#4029 = EDGE_CURVE('',#3993,#4030,#4032,.T.);
#4030 = VERTEX_POINT('',#4031);
#4031 = CARTESIAN_POINT('',(-0.152586406257,-1.582698241669E-02,0.));
#4032 = B_SPLINE_CURVE_WITH_KNOTS('',2,(#4033,#4034,#4035,#4036),
  .UNSPECIFIED.,.F.,.F.,(3,1,3),(0.,1.,2.),.QUASI_UNIFORM_KNOTS.);
#4033 = CARTESIAN_POINT('',(-0.149993213265,-2.305550788159E-02,0.));
#4034 = CARTESIAN_POINT('',(-0.151224979937,-2.172649647324E-02,0.));
#4035 = CARTESIAN_POINT('',(-0.152586406257,-1.816085610939E-02,0.));
#4036 = CARTESIAN_POINT('',(-0.152586406257,-1.582698241669E-02,0.));
#4037 = ORIENTED_EDGE('',*,*,#4011,.T.);
#4038 = ORIENTED_EDGE('',*,*,#4039,.F.);
#4039 = EDGE_CURVE('',#4040,#4003,#4042,.T.);
#4040 = VERTEX_POINT('',#4041);
#4041 = CARTESIAN_POINT('',(-0.152586406257,-1.582698241669E-02,0.1));
#4042 = B_SPLINE_CURVE_WITH_KNOTS('',2,(#4043,#4044,#4045,#4046),
  .UNSPECIFIED.,.F.,.F.,(3,1,3),(-2.,-1.,0.),.QUASI_UNIFORM_KNOTS.);
#4043 = CARTESIAN_POINT('',(-0.152586406257,-1.582698241669E-02,0.1));
#4044 = CARTESIAN_POINT('',(-0.152586406257,-1.816085610939E-02,0.1));
#4045 = CARTESIAN_POINT('',(-0.151224979937,-2.172649647324E-02,0.1));
#4046 = CARTESIAN_POINT('',(-0.149993213265,-2.305550788159E-02,0.1));
#4047 = ORIENTED_EDGE('',*,*,#4048,.F.);
#4048 = EDGE_CURVE('',#4030,#4040,#4049,.T.);
#4049 = LINE('',#4050,#4051);
#4050 = CARTESIAN_POINT('',(-0.152586406257,-1.582698241669E-02,0.));
#4051 = VECTOR('',#4052,1.);
#4052 = DIRECTION('',(0.,0.,1.));
#4053 = B_SPLINE_SURFACE_WITH_KNOTS('',2,1,(
    (#4054,#4055)
    ,(#4056,#4057)
    ,(#4058,#4059)
    ,(#4060,#4061
  )),.UNSPECIFIED.,.F.,.F.,.F.,(3,1,3),(2,2),(-2.,-1.,0.),(0.,1.E-02),
  .UNSPECIFIED.);
#4054 = CARTESIAN_POINT('',(-0.152586406257,-1.582698241669E-02,0.));
#4055 = CARTESIAN_POINT('',(-0.152586406257,-1.582698241669E-02,0.1));
#4056 = CARTESIAN_POINT('',(-0.152586406257,-1.816085610939E-02,0.));
#4057 = CARTESIAN_POINT('',(-0.152586406257,-1.816085610939E-02,0.1));
#4058 = CARTESIAN_POINT('',(-0.151224979937,-2.172649647324E-02,0.));
#4059 = CARTESIAN_POINT('',(-0.151224979937,-2.172649647324E-02,0.1));
#4060 = CARTESIAN_POINT('',(-0.149993213265,-2.305550788159E-02,0.));
#4061 = CARTESIAN_POINT('',(-0.149993213265,-2.305550788159E-02,0.1));
#4062 = ADVANCED_FACE('',(#4063),#4090,.T.);
#4063 = FACE_BOUND('',#4064,.T.);
#4064 = EDGE_LOOP('',(#4065,#4074,#4075,#4084));
#4065 = ORIENTED_EDGE('',*,*,#4066,.F.);
#4066 = EDGE_CURVE('',#4030,#4067,#4069,.T.);
#4067 = VERTEX_POINT('',#4068);
#4068 = CARTESIAN_POINT('',(-0.139134217612,-4.38451833998E-03,0.));
#4069 = B_SPLINE_CURVE_WITH_KNOTS('',2,(#4070,#4071,#4072,#4073),
  .UNSPECIFIED.,.F.,.F.,(3,1,3),(0.,1.,2.),.QUASI_UNIFORM_KNOTS.);
#4070 = CARTESIAN_POINT('',(-0.152586406257,-1.582698241669E-02,0.));
#4071 = CARTESIAN_POINT('',(-0.152586406257,-1.09647455569E-02,0.));
#4072 = CARTESIAN_POINT('',(-0.145001316756,-4.38451833998E-03,0.));
#4073 = CARTESIAN_POINT('',(-0.139134217612,-4.38451833998E-03,0.));
#4074 = ORIENTED_EDGE('',*,*,#4048,.T.);
#4075 = ORIENTED_EDGE('',*,*,#4076,.F.);
#4076 = EDGE_CURVE('',#4077,#4040,#4079,.T.);
#4077 = VERTEX_POINT('',#4078);
#4078 = CARTESIAN_POINT('',(-0.139134217612,-4.38451833998E-03,0.1));
#4079 = B_SPLINE_CURVE_WITH_KNOTS('',2,(#4080,#4081,#4082,#4083),
  .UNSPECIFIED.,.F.,.F.,(3,1,3),(-2.,-1.,0.),.QUASI_UNIFORM_KNOTS.);
#4080 = CARTESIAN_POINT('',(-0.139134217612,-4.38451833998E-03,0.1));
#4081 = CARTESIAN_POINT('',(-0.145001316756,-4.38451833998E-03,0.1));
#4082 = CARTESIAN_POINT('',(-0.152586406257,-1.09647455569E-02,0.1));
#4083 = CARTESIAN_POINT('',(-0.152586406257,-1.582698241669E-02,0.1));
#4084 = ORIENTED_EDGE('',*,*,#4085,.F.);
#4085 = EDGE_CURVE('',#4067,#4077,#4086,.T.);
#4086 = LINE('',#4087,#4088);
#4087 = CARTESIAN_POINT('',(-0.139134217612,-4.38451833998E-03,0.));
#4088 = VECTOR('',#4089,1.);
#4089 = DIRECTION('',(0.,0.,1.));
#4090 = B_SPLINE_SURFACE_WITH_KNOTS('',2,1,(
    (#4091,#4092)
    ,(#4093,#4094)
    ,(#4095,#4096)
    ,(#4097,#4098
  )),.UNSPECIFIED.,.F.,.F.,.F.,(3,1,3),(2,2),(-2.,-1.,0.),(0.,1.E-02),
  .UNSPECIFIED.);
#4091 = CARTESIAN_POINT('',(-0.139134217612,-4.38451833998E-03,0.));
#4092 = CARTESIAN_POINT('',(-0.139134217612,-4.38451833998E-03,0.1));
#4093 = CARTESIAN_POINT('',(-0.145001316756,-4.38451833998E-03,0.));
#4094 = CARTESIAN_POINT('',(-0.145001316756,-4.38451833998E-03,0.1));
#4095 = CARTESIAN_POINT('',(-0.152586406257,-1.09647455569E-02,0.));
#4096 = CARTESIAN_POINT('',(-0.152586406257,-1.09647455569E-02,0.1));
#4097 = CARTESIAN_POINT('',(-0.152586406257,-1.582698241669E-02,0.));
#4098 = CARTESIAN_POINT('',(-0.152586406257,-1.582698241669E-02,0.1));
#4099 = ADVANCED_FACE('',(#4100),#4127,.T.);
#4100 = FACE_BOUND('',#4101,.T.);
#4101 = EDGE_LOOP('',(#4102,#4111,#4112,#4121));
#4102 = ORIENTED_EDGE('',*,*,#4103,.F.);
#4103 = EDGE_CURVE('',#4067,#4104,#4106,.T.);
#4104 = VERTEX_POINT('',#4105);
#4105 = CARTESIAN_POINT('',(-0.127237944762,-6.97771133187E-03,0.));
#4106 = B_SPLINE_CURVE_WITH_KNOTS('',2,(#4107,#4108,#4109,#4110),
  .UNSPECIFIED.,.F.,.F.,(3,1,3),(0.,1.,2.),.QUASI_UNIFORM_KNOTS.);
#4107 = CARTESIAN_POINT('',(-0.139134217612,-4.38451833998E-03,0.));
#4108 = CARTESIAN_POINT('',(-0.135763066722,-4.38451833998E-03,0.));
#4109 = CARTESIAN_POINT('',(-0.129798722841,-5.713529748324E-03,0.));
#4110 = CARTESIAN_POINT('',(-0.127237944762,-6.97771133187E-03,0.));
#4111 = ORIENTED_EDGE('',*,*,#4085,.T.);
#4112 = ORIENTED_EDGE('',*,*,#4113,.F.);
#4113 = EDGE_CURVE('',#4114,#4077,#4116,.T.);
#4114 = VERTEX_POINT('',#4115);
#4115 = CARTESIAN_POINT('',(-0.127237944762,-6.97771133187E-03,0.1));
#4116 = B_SPLINE_CURVE_WITH_KNOTS('',2,(#4117,#4118,#4119,#4120),
  .UNSPECIFIED.,.F.,.F.,(3,1,3),(-2.,-1.,0.),.QUASI_UNIFORM_KNOTS.);
#4117 = CARTESIAN_POINT('',(-0.127237944762,-6.97771133187E-03,0.1));
#4118 = CARTESIAN_POINT('',(-0.129798722841,-5.713529748324E-03,0.1));
#4119 = CARTESIAN_POINT('',(-0.135763066722,-4.38451833998E-03,0.1));
#4120 = CARTESIAN_POINT('',(-0.139134217612,-4.38451833998E-03,0.1));
#4121 = ORIENTED_EDGE('',*,*,#4122,.F.);
#4122 = EDGE_CURVE('',#4104,#4114,#4123,.T.);
#4123 = LINE('',#4124,#4125);
#4124 = CARTESIAN_POINT('',(-0.127237944762,-6.97771133187E-03,0.));
#4125 = VECTOR('',#4126,1.);
#4126 = DIRECTION('',(0.,0.,1.));
#4127 = B_SPLINE_SURFACE_WITH_KNOTS('',2,1,(
    (#4128,#4129)
    ,(#4130,#4131)
    ,(#4132,#4133)
    ,(#4134,#4135
  )),.UNSPECIFIED.,.F.,.F.,.F.,(3,1,3),(2,2),(-2.,-1.,0.),(0.,1.E-02),
  .UNSPECIFIED.);
#4128 = CARTESIAN_POINT('',(-0.127237944762,-6.97771133187E-03,0.));
#4129 = CARTESIAN_POINT('',(-0.127237944762,-6.97771133187E-03,0.1));
#4130 = CARTESIAN_POINT('',(-0.129798722841,-5.713529748324E-03,0.));
#4131 = CARTESIAN_POINT('',(-0.129798722841,-5.713529748324E-03,0.1));
#4132 = CARTESIAN_POINT('',(-0.135763066722,-4.38451833998E-03,0.));
#4133 = CARTESIAN_POINT('',(-0.135763066722,-4.38451833998E-03,0.1));
#4134 = CARTESIAN_POINT('',(-0.139134217612,-4.38451833998E-03,0.));
#4135 = CARTESIAN_POINT('',(-0.139134217612,-4.38451833998E-03,0.1));
#4136 = ADVANCED_FACE('',(#4137),#4162,.T.);
#4137 = FACE_BOUND('',#4138,.T.);
#4138 = EDGE_LOOP('',(#4139,#4147,#4148,#4156));
#4139 = ORIENTED_EDGE('',*,*,#4140,.F.);
#4140 = EDGE_CURVE('',#4104,#4141,#4143,.T.);
#4141 = VERTEX_POINT('',#4142);
#4142 = CARTESIAN_POINT('',(-0.12762692371,-1.3331034162E-02,0.));
#4143 = LINE('',#4144,#4145);
#4144 = CARTESIAN_POINT('',(-0.127237944762,-6.97771133187E-03,0.));
#4145 = VECTOR('',#4146,1.);
#4146 = DIRECTION('',(0.,-1.,0.));
#4147 = ORIENTED_EDGE('',*,*,#4122,.T.);
#4148 = ORIENTED_EDGE('',*,*,#4149,.F.);
#4149 = EDGE_CURVE('',#4150,#4114,#4152,.T.);
#4150 = VERTEX_POINT('',#4151);
#4151 = CARTESIAN_POINT('',(-0.12762692371,-1.3331034162E-02,0.1));
#4152 = LINE('',#4153,#4154);
#4153 = CARTESIAN_POINT('',(-0.127237944762,-6.97771133187E-03,0.1));
#4154 = VECTOR('',#4155,1.);
#4155 = DIRECTION('',(0.,1.,0.));
#4156 = ORIENTED_EDGE('',*,*,#4157,.F.);
#4157 = EDGE_CURVE('',#4141,#4150,#4158,.T.);
#4158 = LINE('',#4159,#4160);
#4159 = CARTESIAN_POINT('',(-0.12762692371,-1.3331034162E-02,0.));
#4160 = VECTOR('',#4161,1.);
#4161 = DIRECTION('',(0.,0.,1.));
#4162 = PLANE('',#4163);
#4163 = AXIS2_PLACEMENT_3D('',#4164,#4165,#4166);
#4164 = CARTESIAN_POINT('',(-0.127237944762,-1.3331034162E-02,0.));
#4165 = DIRECTION('',(1.,0.,0.));
#4166 = DIRECTION('',(-0.,1.,0.));
#4167 = ADVANCED_FACE('',(#4168),#4195,.T.);
#4168 = FACE_BOUND('',#4169,.T.);
#4169 = EDGE_LOOP('',(#4170,#4179,#4180,#4189));
#4170 = ORIENTED_EDGE('',*,*,#4171,.F.);
#4171 = EDGE_CURVE('',#4141,#4172,#4174,.T.);
#4172 = VERTEX_POINT('',#4173);
#4173 = CARTESIAN_POINT('',(-0.138777653576,-8.987435900584E-03,0.));
#4174 = B_SPLINE_CURVE_WITH_KNOTS('',2,(#4175,#4176,#4177,#4178),
  .UNSPECIFIED.,.F.,.F.,(3,1,3),(0.,1.,2.),.QUASI_UNIFORM_KNOTS.);
#4175 = CARTESIAN_POINT('',(-0.12762692371,-1.3331034162E-02,0.));
#4176 = CARTESIAN_POINT('',(-0.129539403542,-1.158062889247E-02,0.));
#4177 = CARTESIAN_POINT('',(-0.135503747423,-8.987435900584E-03,0.));
#4178 = CARTESIAN_POINT('',(-0.138777653576,-8.987435900584E-03,0.));
#4179 = ORIENTED_EDGE('',*,*,#4157,.T.);
#4180 = ORIENTED_EDGE('',*,*,#4181,.F.);
#4181 = EDGE_CURVE('',#4182,#4150,#4184,.T.);
#4182 = VERTEX_POINT('',#4183);
#4183 = CARTESIAN_POINT('',(-0.138777653576,-8.987435900584E-03,0.1));
#4184 = B_SPLINE_CURVE_WITH_KNOTS('',2,(#4185,#4186,#4187,#4188),
  .UNSPECIFIED.,.F.,.F.,(3,1,3),(-2.,-1.,0.),.QUASI_UNIFORM_KNOTS.);
#4185 = CARTESIAN_POINT('',(-0.138777653576,-8.987435900584E-03,0.1));
#4186 = CARTESIAN_POINT('',(-0.135503747423,-8.987435900584E-03,0.1));
#4187 = CARTESIAN_POINT('',(-0.129539403542,-1.158062889247E-02,0.1));
#4188 = CARTESIAN_POINT('',(-0.12762692371,-1.3331034162E-02,0.1));
#4189 = ORIENTED_EDGE('',*,*,#4190,.F.);
#4190 = EDGE_CURVE('',#4172,#4182,#4191,.T.);
#4191 = LINE('',#4192,#4193);
#4192 = CARTESIAN_POINT('',(-0.138777653576,-8.987435900584E-03,0.));
#4193 = VECTOR('',#4194,1.);
#4194 = DIRECTION('',(0.,0.,1.));
#4195 = B_SPLINE_SURFACE_WITH_KNOTS('',2,1,(
    (#4196,#4197)
    ,(#4198,#4199)
    ,(#4200,#4201)
    ,(#4202,#4203
  )),.UNSPECIFIED.,.F.,.F.,.F.,(3,1,3),(2,2),(-2.,-1.,0.),(0.,1.E-02),
  .UNSPECIFIED.);
#4196 = CARTESIAN_POINT('',(-0.138777653576,-8.987435900584E-03,0.));
#4197 = CARTESIAN_POINT('',(-0.138777653576,-8.987435900584E-03,0.1));
#4198 = CARTESIAN_POINT('',(-0.135503747423,-8.987435900584E-03,0.));
#4199 = CARTESIAN_POINT('',(-0.135503747423,-8.987435900584E-03,0.1));
#4200 = CARTESIAN_POINT('',(-0.129539403542,-1.158062889247E-02,0.));
#4201 = CARTESIAN_POINT('',(-0.129539403542,-1.158062889247E-02,0.1));
#4202 = CARTESIAN_POINT('',(-0.12762692371,-1.3331034162E-02,0.));
#4203 = CARTESIAN_POINT('',(-0.12762692371,-1.3331034162E-02,0.1));
#4204 = ADVANCED_FACE('',(#4205),#4232,.T.);
#4205 = FACE_BOUND('',#4206,.T.);
#4206 = EDGE_LOOP('',(#4207,#4216,#4217,#4226));
#4207 = ORIENTED_EDGE('',*,*,#4208,.F.);
#4208 = EDGE_CURVE('',#4172,#4209,#4211,.T.);
#4209 = VERTEX_POINT('',#4210);
#4210 = CARTESIAN_POINT('',(-0.147043456237,-1.527592890592E-02,0.));
#4211 = B_SPLINE_CURVE_WITH_KNOTS('',2,(#4212,#4213,#4214,#4215),
  .UNSPECIFIED.,.F.,.F.,(3,1,3),(0.,1.,2.),.QUASI_UNIFORM_KNOTS.);
#4212 = CARTESIAN_POINT('',(-0.138777653576,-8.987435900584E-03,0.));
#4213 = CARTESIAN_POINT('',(-0.142472953589,-8.987435900584E-03,0.));
#4214 = CARTESIAN_POINT('',(-0.147043456237,-1.245583152724E-02,0.));
#4215 = CARTESIAN_POINT('',(-0.147043456237,-1.527592890592E-02,0.));
#4216 = ORIENTED_EDGE('',*,*,#4190,.T.);
#4217 = ORIENTED_EDGE('',*,*,#4218,.F.);
#4218 = EDGE_CURVE('',#4219,#4182,#4221,.T.);
#4219 = VERTEX_POINT('',#4220);
#4220 = CARTESIAN_POINT('',(-0.147043456237,-1.527592890592E-02,0.1));
#4221 = B_SPLINE_CURVE_WITH_KNOTS('',2,(#4222,#4223,#4224,#4225),
  .UNSPECIFIED.,.F.,.F.,(3,1,3),(-2.,-1.,0.),.QUASI_UNIFORM_KNOTS.);
#4222 = CARTESIAN_POINT('',(-0.147043456237,-1.527592890592E-02,0.1));
#4223 = CARTESIAN_POINT('',(-0.147043456237,-1.245583152724E-02,0.1));
#4224 = CARTESIAN_POINT('',(-0.142472953589,-8.987435900584E-03,0.1));
#4225 = CARTESIAN_POINT('',(-0.138777653576,-8.987435900584E-03,0.1));
#4226 = ORIENTED_EDGE('',*,*,#4227,.F.);
#4227 = EDGE_CURVE('',#4209,#4219,#4228,.T.);
#4228 = LINE('',#4229,#4230);
#4229 = CARTESIAN_POINT('',(-0.147043456237,-1.527592890592E-02,0.));
#4230 = VECTOR('',#4231,1.);
#4231 = DIRECTION('',(0.,0.,1.));
#4232 = B_SPLINE_SURFACE_WITH_KNOTS('',2,1,(
    (#4233,#4234)
    ,(#4235,#4236)
    ,(#4237,#4238)
    ,(#4239,#4240
  )),.UNSPECIFIED.,.F.,.F.,.F.,(3,1,3),(2,2),(-2.,-1.,0.),(0.,1.E-02),
  .UNSPECIFIED.);
#4233 = CARTESIAN_POINT('',(-0.147043456237,-1.527592890592E-02,0.));
#4234 = CARTESIAN_POINT('',(-0.147043456237,-1.527592890592E-02,0.1));
#4235 = CARTESIAN_POINT('',(-0.147043456237,-1.245583152724E-02,0.));
#4236 = CARTESIAN_POINT('',(-0.147043456237,-1.245583152724E-02,0.1));
#4237 = CARTESIAN_POINT('',(-0.142472953589,-8.987435900584E-03,0.));
#4238 = CARTESIAN_POINT('',(-0.142472953589,-8.987435900584E-03,0.1));
#4239 = CARTESIAN_POINT('',(-0.138777653576,-8.987435900584E-03,0.));
#4240 = CARTESIAN_POINT('',(-0.138777653576,-8.987435900584E-03,0.1));
#4241 = ADVANCED_FACE('',(#4242),#4269,.T.);
#4242 = FACE_BOUND('',#4243,.T.);
#4243 = EDGE_LOOP('',(#4244,#4253,#4254,#4263));
#4244 = ORIENTED_EDGE('',*,*,#4245,.F.);
#4245 = EDGE_CURVE('',#4209,#4246,#4248,.T.);
#4246 = VERTEX_POINT('',#4247);
#4247 = CARTESIAN_POINT('',(-0.141824655341,-2.149959208645E-02,0.));
#4248 = B_SPLINE_CURVE_WITH_KNOTS('',2,(#4249,#4250,#4251,#4252),
  .UNSPECIFIED.,.F.,.F.,(3,1,3),(0.,1.,2.),.QUASI_UNIFORM_KNOTS.);
#4249 = CARTESIAN_POINT('',(-0.147043456237,-1.527592890592E-02,0.));
#4250 = CARTESIAN_POINT('',(-0.147043456237,-1.780429207301E-02,0.));
#4251 = CARTESIAN_POINT('',(-0.144353018508,-2.081887892608E-02,0.));
#4252 = CARTESIAN_POINT('',(-0.141824655341,-2.149959208645E-02,0.));
#4253 = ORIENTED_EDGE('',*,*,#4227,.T.);
#4254 = ORIENTED_EDGE('',*,*,#4255,.F.);
#4255 = EDGE_CURVE('',#4256,#4219,#4258,.T.);
#4256 = VERTEX_POINT('',#4257);
#4257 = CARTESIAN_POINT('',(-0.141824655341,-2.149959208645E-02,0.1));
#4258 = B_SPLINE_CURVE_WITH_KNOTS('',2,(#4259,#4260,#4261,#4262),
  .UNSPECIFIED.,.F.,.F.,(3,1,3),(-2.,-1.,0.),.QUASI_UNIFORM_KNOTS.);
#4259 = CARTESIAN_POINT('',(-0.141824655341,-2.149959208645E-02,0.1));
#4260 = CARTESIAN_POINT('',(-0.144353018508,-2.081887892608E-02,0.1));
#4261 = CARTESIAN_POINT('',(-0.147043456237,-1.780429207301E-02,0.1));
#4262 = CARTESIAN_POINT('',(-0.147043456237,-1.527592890592E-02,0.1));
#4263 = ORIENTED_EDGE('',*,*,#4264,.F.);
#4264 = EDGE_CURVE('',#4246,#4256,#4265,.T.);
#4265 = LINE('',#4266,#4267);
#4266 = CARTESIAN_POINT('',(-0.141824655341,-2.149959208645E-02,0.));
#4267 = VECTOR('',#4268,1.);
#4268 = DIRECTION('',(0.,0.,1.));
#4269 = B_SPLINE_SURFACE_WITH_KNOTS('',2,1,(
    (#4270,#4271)
    ,(#4272,#4273)
    ,(#4274,#4275)
    ,(#4276,#4277
  )),.UNSPECIFIED.,.F.,.F.,.F.,(3,1,3),(2,2),(-2.,-1.,0.),(0.,1.E-02),
  .UNSPECIFIED.);
#4270 = CARTESIAN_POINT('',(-0.141824655341,-2.149959208645E-02,0.));
#4271 = CARTESIAN_POINT('',(-0.141824655341,-2.149959208645E-02,0.1));
#4272 = CARTESIAN_POINT('',(-0.144353018508,-2.081887892608E-02,0.));
#4273 = CARTESIAN_POINT('',(-0.144353018508,-2.081887892608E-02,0.1));
#4274 = CARTESIAN_POINT('',(-0.147043456237,-1.780429207301E-02,0.));
#4275 = CARTESIAN_POINT('',(-0.147043456237,-1.780429207301E-02,0.1));
#4276 = CARTESIAN_POINT('',(-0.147043456237,-1.527592890592E-02,0.));
#4277 = CARTESIAN_POINT('',(-0.147043456237,-1.527592890592E-02,0.1));
#4278 = ADVANCED_FACE('',(#4279),#4306,.T.);
#4279 = FACE_BOUND('',#4280,.T.);
#4280 = EDGE_LOOP('',(#4281,#4290,#4291,#4300));
#4281 = ORIENTED_EDGE('',*,*,#4282,.F.);
#4282 = EDGE_CURVE('',#4246,#4283,#4285,.T.);
#4283 = VERTEX_POINT('',#4284);
#4284 = CARTESIAN_POINT('',(-0.133623682504,-2.360656139236E-02,0.));
#4285 = B_SPLINE_CURVE_WITH_KNOTS('',2,(#4286,#4287,#4288,#4289),
  .UNSPECIFIED.,.F.,.F.,(3,1,3),(0.,1.,2.),.QUASI_UNIFORM_KNOTS.);
#4286 = CARTESIAN_POINT('',(-0.141824655341,-2.149959208645E-02,0.));
#4287 = CARTESIAN_POINT('',(-0.140139079896,-2.195340086003E-02,0.));
#4288 = CARTESIAN_POINT('',(-0.135244428124,-2.312033770638E-02,0.));
#4289 = CARTESIAN_POINT('',(-0.133623682504,-2.360656139236E-02,0.));
#4290 = ORIENTED_EDGE('',*,*,#4264,.T.);
#4291 = ORIENTED_EDGE('',*,*,#4292,.F.);
#4292 = EDGE_CURVE('',#4293,#4256,#4295,.T.);
#4293 = VERTEX_POINT('',#4294);
#4294 = CARTESIAN_POINT('',(-0.133623682504,-2.360656139236E-02,0.1));
#4295 = B_SPLINE_CURVE_WITH_KNOTS('',2,(#4296,#4297,#4298,#4299),
  .UNSPECIFIED.,.F.,.F.,(3,1,3),(-2.,-1.,0.),.QUASI_UNIFORM_KNOTS.);
#4296 = CARTESIAN_POINT('',(-0.133623682504,-2.360656139236E-02,0.1));
#4297 = CARTESIAN_POINT('',(-0.135244428124,-2.312033770638E-02,0.1));
#4298 = CARTESIAN_POINT('',(-0.140139079896,-2.195340086003E-02,0.1));
#4299 = CARTESIAN_POINT('',(-0.141824655341,-2.149959208645E-02,0.1));
#4300 = ORIENTED_EDGE('',*,*,#4301,.F.);
#4301 = EDGE_CURVE('',#4283,#4293,#4302,.T.);
#4302 = LINE('',#4303,#4304);
#4303 = CARTESIAN_POINT('',(-0.133623682504,-2.360656139236E-02,0.));
#4304 = VECTOR('',#4305,1.);
#4305 = DIRECTION('',(0.,0.,1.));
#4306 = B_SPLINE_SURFACE_WITH_KNOTS('',2,1,(
    (#4307,#4308)
    ,(#4309,#4310)
    ,(#4311,#4312)
    ,(#4313,#4314
  )),.UNSPECIFIED.,.F.,.F.,.F.,(3,1,3),(2,2),(-2.,-1.,0.),(0.,1.E-02),
  .UNSPECIFIED.);
#4307 = CARTESIAN_POINT('',(-0.133623682504,-2.360656139236E-02,0.));
#4308 = CARTESIAN_POINT('',(-0.133623682504,-2.360656139236E-02,0.1));
#4309 = CARTESIAN_POINT('',(-0.135244428124,-2.312033770638E-02,0.));
#4310 = CARTESIAN_POINT('',(-0.135244428124,-2.312033770638E-02,0.1));
#4311 = CARTESIAN_POINT('',(-0.140139079896,-2.195340086003E-02,0.));
#4312 = CARTESIAN_POINT('',(-0.140139079896,-2.195340086003E-02,0.1));
#4313 = CARTESIAN_POINT('',(-0.141824655341,-2.149959208645E-02,0.));
#4314 = CARTESIAN_POINT('',(-0.141824655341,-2.149959208645E-02,0.1));
#4315 = ADVANCED_FACE('',(#4316),#4343,.T.);
#4316 = FACE_BOUND('',#4317,.T.);
#4317 = EDGE_LOOP('',(#4318,#4327,#4328,#4337));
#4318 = ORIENTED_EDGE('',*,*,#4319,.F.);
#4319 = EDGE_CURVE('',#4283,#4320,#4322,.T.);
#4320 = VERTEX_POINT('',#4321);
#4321 = CARTESIAN_POINT('',(-0.125682028966,-3.368759914833E-02,0.));
#4322 = B_SPLINE_CURVE_WITH_KNOTS('',2,(#4323,#4324,#4325,#4326),
  .UNSPECIFIED.,.F.,.F.,(3,1,3),(0.,1.,2.),.QUASI_UNIFORM_KNOTS.);
#4323 = CARTESIAN_POINT('',(-0.133623682504,-2.360656139236E-02,0.));
#4324 = CARTESIAN_POINT('',(-0.12950698863,-2.487074297591E-02,0.));
#4325 = CARTESIAN_POINT('',(-0.125682028966,-2.995988422249E-02,0.));
#4326 = CARTESIAN_POINT('',(-0.125682028966,-3.368759914833E-02,0.));
#4327 = ORIENTED_EDGE('',*,*,#4301,.T.);
#4328 = ORIENTED_EDGE('',*,*,#4329,.F.);
#4329 = EDGE_CURVE('',#4330,#4293,#4332,.T.);
#4330 = VERTEX_POINT('',#4331);
#4331 = CARTESIAN_POINT('',(-0.125682028966,-3.368759914833E-02,0.1));
#4332 = B_SPLINE_CURVE_WITH_KNOTS('',2,(#4333,#4334,#4335,#4336),
  .UNSPECIFIED.,.F.,.F.,(3,1,3),(-2.,-1.,0.),.QUASI_UNIFORM_KNOTS.);
#4333 = CARTESIAN_POINT('',(-0.125682028966,-3.368759914833E-02,0.1));
#4334 = CARTESIAN_POINT('',(-0.125682028966,-2.995988422249E-02,0.1));
#4335 = CARTESIAN_POINT('',(-0.12950698863,-2.487074297591E-02,0.1));
#4336 = CARTESIAN_POINT('',(-0.133623682504,-2.360656139236E-02,0.1));
#4337 = ORIENTED_EDGE('',*,*,#4338,.F.);
#4338 = EDGE_CURVE('',#4320,#4330,#4339,.T.);
#4339 = LINE('',#4340,#4341);
#4340 = CARTESIAN_POINT('',(-0.125682028966,-3.368759914833E-02,0.));
#4341 = VECTOR('',#4342,1.);
#4342 = DIRECTION('',(0.,0.,1.));
#4343 = B_SPLINE_SURFACE_WITH_KNOTS('',2,1,(
    (#4344,#4345)
    ,(#4346,#4347)
    ,(#4348,#4349)
    ,(#4350,#4351
  )),.UNSPECIFIED.,.F.,.F.,.F.,(3,1,3),(2,2),(-2.,-1.,0.),(0.,1.E-02),
  .UNSPECIFIED.);
#4344 = CARTESIAN_POINT('',(-0.125682028966,-3.368759914833E-02,0.));
#4345 = CARTESIAN_POINT('',(-0.125682028966,-3.368759914833E-02,0.1));
#4346 = CARTESIAN_POINT('',(-0.125682028966,-2.995988422249E-02,0.));
#4347 = CARTESIAN_POINT('',(-0.125682028966,-2.995988422249E-02,0.1));
#4348 = CARTESIAN_POINT('',(-0.12950698863,-2.487074297591E-02,0.));
#4349 = CARTESIAN_POINT('',(-0.12950698863,-2.487074297591E-02,0.1));
#4350 = CARTESIAN_POINT('',(-0.133623682504,-2.360656139236E-02,0.));
#4351 = CARTESIAN_POINT('',(-0.133623682504,-2.360656139236E-02,0.1));
#4352 = ADVANCED_FACE('',(#4353),#4380,.T.);
#4353 = FACE_BOUND('',#4354,.T.);
#4354 = EDGE_LOOP('',(#4355,#4364,#4365,#4374));
#4355 = ORIENTED_EDGE('',*,*,#4356,.F.);
#4356 = EDGE_CURVE('',#4320,#4357,#4359,.T.);
#4357 = VERTEX_POINT('',#4358);
#4358 = CARTESIAN_POINT('',(-0.129312499155,-4.218030619677E-02,0.));
#4359 = B_SPLINE_CURVE_WITH_KNOTS('',2,(#4360,#4361,#4362,#4363),
  .UNSPECIFIED.,.F.,.F.,(3,1,3),(0.,1.,2.),.QUASI_UNIFORM_KNOTS.);
#4360 = CARTESIAN_POINT('',(-0.125682028966,-3.368759914833E-02,0.));
#4361 = CARTESIAN_POINT('',(-0.125682028966,-3.605388775343E-02,0.));
#4362 = CARTESIAN_POINT('',(-0.127594508798,-4.059197548924E-02,0.));
#4363 = CARTESIAN_POINT('',(-0.129312499155,-4.218030619677E-02,0.));
#4364 = ORIENTED_EDGE('',*,*,#4338,.T.);
#4365 = ORIENTED_EDGE('',*,*,#4366,.F.);
#4366 = EDGE_CURVE('',#4367,#4330,#4369,.T.);
#4367 = VERTEX_POINT('',#4368);
#4368 = CARTESIAN_POINT('',(-0.129312499155,-4.218030619677E-02,0.1));
#4369 = B_SPLINE_CURVE_WITH_KNOTS('',2,(#4370,#4371,#4372,#4373),
  .UNSPECIFIED.,.F.,.F.,(3,1,3),(-2.,-1.,0.),.QUASI_UNIFORM_KNOTS.);
#4370 = CARTESIAN_POINT('',(-0.129312499155,-4.218030619677E-02,0.1));
#4371 = CARTESIAN_POINT('',(-0.127594508798,-4.059197548924E-02,0.1));
#4372 = CARTESIAN_POINT('',(-0.125682028966,-3.605388775343E-02,0.1));
#4373 = CARTESIAN_POINT('',(-0.125682028966,-3.368759914833E-02,0.1));
#4374 = ORIENTED_EDGE('',*,*,#4375,.F.);
#4375 = EDGE_CURVE('',#4357,#4367,#4376,.T.);
#4376 = LINE('',#4377,#4378);
#4377 = CARTESIAN_POINT('',(-0.129312499155,-4.218030619677E-02,0.));
#4378 = VECTOR('',#4379,1.);
#4379 = DIRECTION('',(0.,0.,1.));
#4380 = B_SPLINE_SURFACE_WITH_KNOTS('',2,1,(
    (#4381,#4382)
    ,(#4383,#4384)
    ,(#4385,#4386)
    ,(#4387,#4388
  )),.UNSPECIFIED.,.F.,.F.,.F.,(3,1,3),(2,2),(-2.,-1.,0.),(0.,1.E-02),
  .UNSPECIFIED.);
#4381 = CARTESIAN_POINT('',(-0.129312499155,-4.218030619677E-02,0.));
#4382 = CARTESIAN_POINT('',(-0.129312499155,-4.218030619677E-02,0.1));
#4383 = CARTESIAN_POINT('',(-0.127594508798,-4.059197548924E-02,0.));
#4384 = CARTESIAN_POINT('',(-0.127594508798,-4.059197548924E-02,0.1));
#4385 = CARTESIAN_POINT('',(-0.125682028966,-3.605388775343E-02,0.));
#4386 = CARTESIAN_POINT('',(-0.125682028966,-3.605388775343E-02,0.1));
#4387 = CARTESIAN_POINT('',(-0.125682028966,-3.368759914833E-02,0.));
#4388 = CARTESIAN_POINT('',(-0.125682028966,-3.368759914833E-02,0.1));
#4389 = ADVANCED_FACE('',(#4390),#4417,.T.);
#4390 = FACE_BOUND('',#4391,.T.);
#4391 = EDGE_LOOP('',(#4392,#4401,#4402,#4411));
#4392 = ORIENTED_EDGE('',*,*,#4393,.F.);
#4393 = EDGE_CURVE('',#4357,#4394,#4396,.T.);
#4394 = VERTEX_POINT('',#4395);
#4395 = CARTESIAN_POINT('',(-0.139750100947,-4.581077638542E-02,0.));
#4396 = B_SPLINE_CURVE_WITH_KNOTS('',2,(#4397,#4398,#4399,#4400),
  .UNSPECIFIED.,.F.,.F.,(3,1,3),(0.,1.,2.),.QUASI_UNIFORM_KNOTS.);
#4397 = CARTESIAN_POINT('',(-0.129312499155,-4.218030619677E-02,0.));
#4398 = CARTESIAN_POINT('',(-0.131224978987,-4.39307114663E-02,0.));
#4399 = CARTESIAN_POINT('',(-0.136087215846,-4.581077638542E-02,0.));
#4400 = CARTESIAN_POINT('',(-0.139750100947,-4.581077638542E-02,0.));
#4401 = ORIENTED_EDGE('',*,*,#4375,.T.);
#4402 = ORIENTED_EDGE('',*,*,#4403,.F.);
#4403 = EDGE_CURVE('',#4404,#4367,#4406,.T.);
#4404 = VERTEX_POINT('',#4405);
#4405 = CARTESIAN_POINT('',(-0.139750100947,-4.581077638542E-02,0.1));
#4406 = B_SPLINE_CURVE_WITH_KNOTS('',2,(#4407,#4408,#4409,#4410),
  .UNSPECIFIED.,.F.,.F.,(3,1,3),(-2.,-1.,0.),.QUASI_UNIFORM_KNOTS.);
#4407 = CARTESIAN_POINT('',(-0.139750100947,-4.581077638542E-02,0.1));
#4408 = CARTESIAN_POINT('',(-0.136087215846,-4.581077638542E-02,0.1));
#4409 = CARTESIAN_POINT('',(-0.131224978987,-4.39307114663E-02,0.1));
#4410 = CARTESIAN_POINT('',(-0.129312499155,-4.218030619677E-02,0.1));
#4411 = ORIENTED_EDGE('',*,*,#4412,.F.);
#4412 = EDGE_CURVE('',#4394,#4404,#4413,.T.);
#4413 = LINE('',#4414,#4415);
#4414 = CARTESIAN_POINT('',(-0.139750100947,-4.581077638542E-02,0.));
#4415 = VECTOR('',#4416,1.);
#4416 = DIRECTION('',(0.,0.,1.));
#4417 = B_SPLINE_SURFACE_WITH_KNOTS('',2,1,(
    (#4418,#4419)
    ,(#4420,#4421)
    ,(#4422,#4423)
    ,(#4424,#4425
  )),.UNSPECIFIED.,.F.,.F.,.F.,(3,1,3),(2,2),(-2.,-1.,0.),(0.,1.E-02),
  .UNSPECIFIED.);
#4418 = CARTESIAN_POINT('',(-0.139750100947,-4.581077638542E-02,0.));
#4419 = CARTESIAN_POINT('',(-0.139750100947,-4.581077638542E-02,0.1));
#4420 = CARTESIAN_POINT('',(-0.136087215846,-4.581077638542E-02,0.));
#4421 = CARTESIAN_POINT('',(-0.136087215846,-4.581077638542E-02,0.1));
#4422 = CARTESIAN_POINT('',(-0.131224978987,-4.39307114663E-02,0.));
#4423 = CARTESIAN_POINT('',(-0.131224978987,-4.39307114663E-02,0.1));
#4424 = CARTESIAN_POINT('',(-0.129312499155,-4.218030619677E-02,0.));
#4425 = CARTESIAN_POINT('',(-0.129312499155,-4.218030619677E-02,0.1));
#4426 = ADVANCED_FACE('',(#4427),#4445,.T.);
#4427 = FACE_BOUND('',#4428,.T.);
#4428 = EDGE_LOOP('',(#4429,#4436,#4437,#4444));
#4429 = ORIENTED_EDGE('',*,*,#4430,.F.);
#4430 = EDGE_CURVE('',#4394,#3805,#4431,.T.);
#4431 = B_SPLINE_CURVE_WITH_KNOTS('',2,(#4432,#4433,#4434,#4435),
  .UNSPECIFIED.,.F.,.F.,(3,1,3),(0.,1.,2.),.QUASI_UNIFORM_KNOTS.);
#4432 = CARTESIAN_POINT('',(-0.139750100947,-4.581077638542E-02,0.));
#4433 = CARTESIAN_POINT('',(-0.144093699209,-4.581077638542E-02,0.));
#4434 = CARTESIAN_POINT('',(-0.15018770274,-4.399554129109E-02,0.));
#4435 = CARTESIAN_POINT('',(-0.152878140469,-4.269894479515E-02,0.));
#4436 = ORIENTED_EDGE('',*,*,#4412,.T.);
#4437 = ORIENTED_EDGE('',*,*,#4438,.F.);
#4438 = EDGE_CURVE('',#3815,#4404,#4439,.T.);
#4439 = B_SPLINE_CURVE_WITH_KNOTS('',2,(#4440,#4441,#4442,#4443),
  .UNSPECIFIED.,.F.,.F.,(3,1,3),(-2.,-1.,0.),.QUASI_UNIFORM_KNOTS.);
#4440 = CARTESIAN_POINT('',(-0.152878140469,-4.269894479515E-02,0.1));
#4441 = CARTESIAN_POINT('',(-0.15018770274,-4.399554129109E-02,0.1));
#4442 = CARTESIAN_POINT('',(-0.144093699209,-4.581077638542E-02,0.1));
#4443 = CARTESIAN_POINT('',(-0.139750100947,-4.581077638542E-02,0.1));
#4444 = ORIENTED_EDGE('',*,*,#3814,.F.);
#4445 = B_SPLINE_SURFACE_WITH_KNOTS('',2,1,(
    (#4446,#4447)
    ,(#4448,#4449)
    ,(#4450,#4451)
    ,(#4452,#4453
  )),.UNSPECIFIED.,.F.,.F.,.F.,(3,1,3),(2,2),(-2.,-1.,0.),(0.,1.E-02),
  .UNSPECIFIED.);
#4446 = CARTESIAN_POINT('',(-0.152878140469,-4.269894479515E-02,0.));
#4447 = CARTESIAN_POINT('',(-0.152878140469,-4.269894479515E-02,0.1));
#4448 = CARTESIAN_POINT('',(-0.15018770274,-4.399554129109E-02,0.));
#4449 = CARTESIAN_POINT('',(-0.15018770274,-4.399554129109E-02,0.1));
#4450 = CARTESIAN_POINT('',(-0.144093699209,-4.581077638542E-02,0.));
#4451 = CARTESIAN_POINT('',(-0.144093699209,-4.581077638542E-02,0.1));
#4452 = CARTESIAN_POINT('',(-0.139750100947,-4.581077638542E-02,0.));
#4453 = CARTESIAN_POINT('',(-0.139750100947,-4.581077638542E-02,0.1));
#4454 = ADVANCED_FACE('',(#4455),#4475,.F.);
#4455 = FACE_BOUND('',#4456,.T.);
#4456 = EDGE_LOOP('',(#4457,#4458,#4459,#4460,#4461,#4462,#4463,#4464,
    #4465,#4466,#4467,#4468,#4469,#4470,#4471,#4472,#4473,#4474));
#4457 = ORIENTED_EDGE('',*,*,#4171,.T.);
#4458 = ORIENTED_EDGE('',*,*,#4208,.T.);
#4459 = ORIENTED_EDGE('',*,*,#4245,.T.);
#4460 = ORIENTED_EDGE('',*,*,#4282,.T.);
#4461 = ORIENTED_EDGE('',*,*,#4319,.T.);
#4462 = ORIENTED_EDGE('',*,*,#4356,.T.);
#4463 = ORIENTED_EDGE('',*,*,#4393,.T.);
#4464 = ORIENTED_EDGE('',*,*,#4430,.T.);
#4465 = ORIENTED_EDGE('',*,*,#3804,.T.);
#4466 = ORIENTED_EDGE('',*,*,#3844,.T.);
#4467 = ORIENTED_EDGE('',*,*,#3881,.T.);
#4468 = ORIENTED_EDGE('',*,*,#3918,.T.);
#4469 = ORIENTED_EDGE('',*,*,#3955,.T.);
#4470 = ORIENTED_EDGE('',*,*,#3992,.T.);
#4471 = ORIENTED_EDGE('',*,*,#4029,.T.);
#4472 = ORIENTED_EDGE('',*,*,#4066,.T.);
#4473 = ORIENTED_EDGE('',*,*,#4103,.T.);
#4474 = ORIENTED_EDGE('',*,*,#4140,.T.);
#4475 = PLANE('',#4476);
#4476 = AXIS2_PLACEMENT_3D('',#4477,#4478,#4479);
#4477 = CARTESIAN_POINT('',(-0.139488311213,-2.536654617369E-02,0.));
#4478 = DIRECTION('',(0.,0.,1.));
#4479 = DIRECTION('',(1.,0.,-0.));
#4480 = ADVANCED_FACE('',(#4481),#4501,.T.);
#4481 = FACE_BOUND('',#4482,.T.);
#4482 = EDGE_LOOP('',(#4483,#4484,#4485,#4486,#4487,#4488,#4489,#4490,
    #4491,#4492,#4493,#4494,#4495,#4496,#4497,#4498,#4499,#4500));
#4483 = ORIENTED_EDGE('',*,*,#4149,.T.);
#4484 = ORIENTED_EDGE('',*,*,#4113,.T.);
#4485 = ORIENTED_EDGE('',*,*,#4076,.T.);
#4486 = ORIENTED_EDGE('',*,*,#4039,.T.);
#4487 = ORIENTED_EDGE('',*,*,#4002,.T.);
#4488 = ORIENTED_EDGE('',*,*,#3965,.T.);
#4489 = ORIENTED_EDGE('',*,*,#3928,.T.);
#4490 = ORIENTED_EDGE('',*,*,#3891,.T.);
#4491 = ORIENTED_EDGE('',*,*,#3854,.T.);
#4492 = ORIENTED_EDGE('',*,*,#3822,.T.);
#4493 = ORIENTED_EDGE('',*,*,#4438,.T.);
#4494 = ORIENTED_EDGE('',*,*,#4403,.T.);
#4495 = ORIENTED_EDGE('',*,*,#4366,.T.);
#4496 = ORIENTED_EDGE('',*,*,#4329,.T.);
#4497 = ORIENTED_EDGE('',*,*,#4292,.T.);
#4498 = ORIENTED_EDGE('',*,*,#4255,.T.);
#4499 = ORIENTED_EDGE('',*,*,#4218,.T.);
#4500 = ORIENTED_EDGE('',*,*,#4181,.T.);
#4501 = PLANE('',#4502);
#4502 = AXIS2_PLACEMENT_3D('',#4503,#4504,#4505);
#4503 = CARTESIAN_POINT('',(-0.139488311213,-2.536654617369E-02,0.1));
#4504 = DIRECTION('',(0.,0.,1.));
#4505 = DIRECTION('',(1.,0.,-0.));
#4506 = MANIFOLD_SOLID_BREP('',#4507);
#4507 = CLOSED_SHELL('',(#4508,#4548,#4579,#4601,#4641,#4672,#4703,#4734
    ,#4765,#4796,#4827,#4849,#4870));
#4508 = ADVANCED_FACE('',(#4509),#4543,.F.);
#4509 = FACE_BOUND('',#4510,.T.);
#4510 = EDGE_LOOP('',(#4511,#4521,#4529,#4537));
#4511 = ORIENTED_EDGE('',*,*,#4512,.F.);
#4512 = EDGE_CURVE('',#4513,#4515,#4517,.T.);
#4513 = VERTEX_POINT('',#4514);
#4514 = CARTESIAN_POINT('',(-7.696241563135E-02,-2.937641579932E-02,0.)
  );
#4515 = VERTEX_POINT('',#4516);
#4516 = CARTESIAN_POINT('',(-6.461233400747E-02,-2.937641579932E-02,0.)
  );
#4517 = LINE('',#4518,#4519);
#4518 = CARTESIAN_POINT('',(-7.382472043833E-02,-2.937641579932E-02,0.)
  );
#4519 = VECTOR('',#4520,1.);
#4520 = DIRECTION('',(1.,0.,0.));
#4521 = ORIENTED_EDGE('',*,*,#4522,.T.);
#4522 = EDGE_CURVE('',#4513,#4523,#4525,.T.);
#4523 = VERTEX_POINT('',#4524);
#4524 = CARTESIAN_POINT('',(-7.696241563135E-02,-2.937641579932E-02,0.1)
  );
#4525 = LINE('',#4526,#4527);
#4526 = CARTESIAN_POINT('',(-7.696241563135E-02,-2.937641579932E-02,0.)
  );
#4527 = VECTOR('',#4528,1.);
#4528 = DIRECTION('',(0.,0.,1.));
#4529 = ORIENTED_EDGE('',*,*,#4530,.F.);
#4530 = EDGE_CURVE('',#4531,#4523,#4533,.T.);
#4531 = VERTEX_POINT('',#4532);
#4532 = CARTESIAN_POINT('',(-6.461233400747E-02,-2.937641579932E-02,0.1)
  );
#4533 = LINE('',#4534,#4535);
#4534 = CARTESIAN_POINT('',(-7.382472043833E-02,-2.937641579932E-02,0.1)
  );
#4535 = VECTOR('',#4536,1.);
#4536 = DIRECTION('',(-1.,0.,0.));
#4537 = ORIENTED_EDGE('',*,*,#4538,.F.);
#4538 = EDGE_CURVE('',#4515,#4531,#4539,.T.);
#4539 = LINE('',#4540,#4541);
#4540 = CARTESIAN_POINT('',(-6.461233400747E-02,-2.937641579932E-02,0.)
  );
#4541 = VECTOR('',#4542,1.);
#4542 = DIRECTION('',(0.,0.,1.));
#4543 = PLANE('',#4544);
#4544 = AXIS2_PLACEMENT_3D('',#4545,#4546,#4547);
#4545 = CARTESIAN_POINT('',(-7.696241563135E-02,-2.937641579932E-02,0.)
  );
#4546 = DIRECTION('',(0.,-1.,0.));
#4547 = DIRECTION('',(1.,0.,0.));
#4548 = ADVANCED_FACE('',(#4549),#4574,.F.);
#4549 = FACE_BOUND('',#4550,.T.);
#4550 = EDGE_LOOP('',(#4551,#4559,#4567,#4573));
#4551 = ORIENTED_EDGE('',*,*,#4552,.F.);
#4552 = EDGE_CURVE('',#4553,#4513,#4555,.T.);
#4553 = VERTEX_POINT('',#4554);
#4554 = CARTESIAN_POINT('',(-7.080358227561E-02,-1.054335169572E-02,0.)
  );
#4555 = LINE('',#4556,#4557);
#4556 = CARTESIAN_POINT('',(-7.353792283826E-02,-1.890467731099E-02,0.)
  );
#4557 = VECTOR('',#4558,1.);
#4558 = DIRECTION('',(-0.310824121667,-0.950467445729,0.));
#4559 = ORIENTED_EDGE('',*,*,#4560,.T.);
#4560 = EDGE_CURVE('',#4553,#4561,#4563,.T.);
#4561 = VERTEX_POINT('',#4562);
#4562 = CARTESIAN_POINT('',(-7.080358227561E-02,-1.054335169572E-02,0.1)
  );
#4563 = LINE('',#4564,#4565);
#4564 = CARTESIAN_POINT('',(-7.080358227561E-02,-1.054335169572E-02,0.)
  );
#4565 = VECTOR('',#4566,1.);
#4566 = DIRECTION('',(0.,0.,1.));
#4567 = ORIENTED_EDGE('',*,*,#4568,.F.);
#4568 = EDGE_CURVE('',#4523,#4561,#4569,.T.);
#4569 = LINE('',#4570,#4571);
#4570 = CARTESIAN_POINT('',(-7.353792283826E-02,-1.890467731099E-02,0.1)
  );
#4571 = VECTOR('',#4572,1.);
#4572 = DIRECTION('',(0.310824121667,0.950467445729,0.));
#4573 = ORIENTED_EDGE('',*,*,#4522,.F.);
#4574 = PLANE('',#4575);
#4575 = AXIS2_PLACEMENT_3D('',#4576,#4577,#4578);
#4576 = CARTESIAN_POINT('',(-7.080358227561E-02,-1.054335169572E-02,0.)
  );
#4577 = DIRECTION('',(-0.950467445729,0.310824121667,0.));
#4578 = DIRECTION('',(-0.310824121667,-0.950467445729,0.));
#4579 = ADVANCED_FACE('',(#4580),#4596,.F.);
#4580 = FACE_BOUND('',#4581,.T.);
#4581 = EDGE_LOOP('',(#4582,#4588,#4589,#4595));
#4582 = ORIENTED_EDGE('',*,*,#4583,.F.);
#4583 = EDGE_CURVE('',#4515,#4553,#4584,.T.);
#4584 = LINE('',#4585,#4586);
#4585 = CARTESIAN_POINT('',(-6.495068791601E-02,-2.834718218223E-02,0.)
  );
#4586 = VECTOR('',#4587,1.);
#4587 = DIRECTION('',(-0.312300861313,0.949983248286,0.));
#4588 = ORIENTED_EDGE('',*,*,#4538,.T.);
#4589 = ORIENTED_EDGE('',*,*,#4590,.F.);
#4590 = EDGE_CURVE('',#4561,#4531,#4591,.T.);
#4591 = LINE('',#4592,#4593);
#4592 = CARTESIAN_POINT('',(-6.495068791601E-02,-2.834718218223E-02,0.1)
  );
#4593 = VECTOR('',#4594,1.);
#4594 = DIRECTION('',(0.312300861313,-0.949983248286,0.));
#4595 = ORIENTED_EDGE('',*,*,#4560,.F.);
#4596 = PLANE('',#4597);
#4597 = AXIS2_PLACEMENT_3D('',#4598,#4599,#4600);
#4598 = CARTESIAN_POINT('',(-6.461233400747E-02,-2.937641579932E-02,0.)
  );
#4599 = DIRECTION('',(0.949983248286,0.312300861313,0.));
#4600 = DIRECTION('',(-0.312300861313,0.949983248286,0.));
#4601 = ADVANCED_FACE('',(#4602),#4636,.T.);
#4602 = FACE_BOUND('',#4603,.T.);
#4603 = EDGE_LOOP('',(#4604,#4614,#4622,#4630));
#4604 = ORIENTED_EDGE('',*,*,#4605,.F.);
#4605 = EDGE_CURVE('',#4606,#4608,#4610,.T.);
#4606 = VERTEX_POINT('',#4607);
#4607 = CARTESIAN_POINT('',(-7.394782877827E-02,-5.09764641275E-03,0.));
#4608 = VERTEX_POINT('',#4609);
#4609 = CARTESIAN_POINT('',(-6.740001647375E-02,-5.09764641275E-03,0.));
#4610 = LINE('',#4611,#4612);
#4611 = CARTESIAN_POINT('',(-7.394782877827E-02,-5.09764641275E-03,0.));
#4612 = VECTOR('',#4613,1.);
#4613 = DIRECTION('',(1.,0.,0.));
#4614 = ORIENTED_EDGE('',*,*,#4615,.T.);
#4615 = EDGE_CURVE('',#4606,#4616,#4618,.T.);
#4616 = VERTEX_POINT('',#4617);
#4617 = CARTESIAN_POINT('',(-7.394782877827E-02,-5.09764641275E-03,0.1)
  );
#4618 = LINE('',#4619,#4620);
#4619 = CARTESIAN_POINT('',(-7.394782877827E-02,-5.09764641275E-03,0.));
#4620 = VECTOR('',#4621,1.);
#4621 = DIRECTION('',(0.,0.,1.));
#4622 = ORIENTED_EDGE('',*,*,#4623,.F.);
#4623 = EDGE_CURVE('',#4624,#4616,#4626,.T.);
#4624 = VERTEX_POINT('',#4625);
#4625 = CARTESIAN_POINT('',(-6.740001647375E-02,-5.09764641275E-03,0.1)
  );
#4626 = LINE('',#4627,#4628);
#4627 = CARTESIAN_POINT('',(-7.394782877827E-02,-5.09764641275E-03,0.1)
  );
#4628 = VECTOR('',#4629,1.);
#4629 = DIRECTION('',(-1.,0.,0.));
#4630 = ORIENTED_EDGE('',*,*,#4631,.F.);
#4631 = EDGE_CURVE('',#4608,#4624,#4632,.T.);
#4632 = LINE('',#4633,#4634);
#4633 = CARTESIAN_POINT('',(-6.740001647375E-02,-5.09764641275E-03,0.));
#4634 = VECTOR('',#4635,1.);
#4635 = DIRECTION('',(0.,0.,1.));
#4636 = PLANE('',#4637);
#4637 = AXIS2_PLACEMENT_3D('',#4638,#4639,#4640);
#4638 = CARTESIAN_POINT('',(-6.740001647375E-02,-5.09764641275E-03,0.));
#4639 = DIRECTION('',(0.,1.,0.));
#4640 = DIRECTION('',(-1.,0.,0.));
#4641 = ADVANCED_FACE('',(#4642),#4667,.T.);
#4642 = FACE_BOUND('',#4643,.T.);
#4643 = EDGE_LOOP('',(#4644,#4652,#4653,#4661));
#4644 = ORIENTED_EDGE('',*,*,#4645,.F.);
#4645 = EDGE_CURVE('',#4608,#4646,#4648,.T.);
#4646 = VERTEX_POINT('',#4647);
#4647 = CARTESIAN_POINT('',(-5.391541291593E-02,-4.509764831265E-02,0.)
  );
#4648 = LINE('',#4649,#4650);
#4649 = CARTESIAN_POINT('',(-6.740001647375E-02,-5.09764641275E-03,0.));
#4650 = VECTOR('',#4651,1.);
#4651 = DIRECTION('',(0.319451166675,-0.947602739607,0.));
#4652 = ORIENTED_EDGE('',*,*,#4631,.T.);
#4653 = ORIENTED_EDGE('',*,*,#4654,.F.);
#4654 = EDGE_CURVE('',#4655,#4624,#4657,.T.);
#4655 = VERTEX_POINT('',#4656);
#4656 = CARTESIAN_POINT('',(-5.391541291593E-02,-4.509764831265E-02,0.1)
  );
#4657 = LINE('',#4658,#4659);
#4658 = CARTESIAN_POINT('',(-6.740001647375E-02,-5.09764641275E-03,0.1)
  );
#4659 = VECTOR('',#4660,1.);
#4660 = DIRECTION('',(-0.319451166675,0.947602739607,0.));
#4661 = ORIENTED_EDGE('',*,*,#4662,.F.);
#4662 = EDGE_CURVE('',#4646,#4655,#4663,.T.);
#4663 = LINE('',#4664,#4665);
#4664 = CARTESIAN_POINT('',(-5.391541291593E-02,-4.509764831265E-02,0.)
  );
#4665 = VECTOR('',#4666,1.);
#4666 = DIRECTION('',(0.,0.,1.));
#4667 = PLANE('',#4668);
#4668 = AXIS2_PLACEMENT_3D('',#4669,#4670,#4671);
#4669 = CARTESIAN_POINT('',(-5.391541291593E-02,-4.509764831265E-02,0.)
  );
#4670 = DIRECTION('',(0.947602739607,0.319451166675,0.));
#4671 = DIRECTION('',(-0.319451166675,0.947602739607,0.));
#4672 = ADVANCED_FACE('',(#4673),#4698,.T.);
#4673 = FACE_BOUND('',#4674,.T.);
#4674 = EDGE_LOOP('',(#4675,#4683,#4684,#4692));
#4675 = ORIENTED_EDGE('',*,*,#4676,.F.);
#4676 = EDGE_CURVE('',#4646,#4677,#4679,.T.);
#4677 = VERTEX_POINT('',#4678);
#4678 = CARTESIAN_POINT('',(-5.952319276089E-02,-4.509764831265E-02,0.)
  );
#4679 = LINE('',#4680,#4681);
#4680 = CARTESIAN_POINT('',(-5.391541291593E-02,-4.509764831265E-02,0.)
  );
#4681 = VECTOR('',#4682,1.);
#4682 = DIRECTION('',(-1.,0.,0.));
#4683 = ORIENTED_EDGE('',*,*,#4662,.T.);
#4684 = ORIENTED_EDGE('',*,*,#4685,.F.);
#4685 = EDGE_CURVE('',#4686,#4655,#4688,.T.);
#4686 = VERTEX_POINT('',#4687);
#4687 = CARTESIAN_POINT('',(-5.952319276089E-02,-4.509764831265E-02,0.1)
  );
#4688 = LINE('',#4689,#4690);
#4689 = CARTESIAN_POINT('',(-5.391541291593E-02,-4.509764831265E-02,0.1)
  );
#4690 = VECTOR('',#4691,1.);
#4691 = DIRECTION('',(1.,0.,0.));
#4692 = ORIENTED_EDGE('',*,*,#4693,.F.);
#4693 = EDGE_CURVE('',#4677,#4686,#4694,.T.);
#4694 = LINE('',#4695,#4696);
#4695 = CARTESIAN_POINT('',(-5.952319276089E-02,-4.509764831265E-02,0.)
  );
#4696 = VECTOR('',#4697,1.);
#4697 = DIRECTION('',(0.,0.,1.));
#4698 = PLANE('',#4699);
#4699 = AXIS2_PLACEMENT_3D('',#4700,#4701,#4702);
#4700 = CARTESIAN_POINT('',(-5.952319276089E-02,-4.509764831265E-02,0.)
  );
#4701 = DIRECTION('',(0.,-1.,0.));
#4702 = DIRECTION('',(1.,0.,0.));
#4703 = ADVANCED_FACE('',(#4704),#4729,.T.);
#4704 = FACE_BOUND('',#4705,.T.);
#4705 = EDGE_LOOP('',(#4706,#4714,#4715,#4723));
#4706 = ORIENTED_EDGE('',*,*,#4707,.F.);
#4707 = EDGE_CURVE('',#4677,#4708,#4710,.T.);
#4708 = VERTEX_POINT('',#4709);
#4709 = CARTESIAN_POINT('',(-6.315366294953E-02,-3.391450353512E-02,0.)
  );
#4710 = LINE('',#4711,#4712);
#4711 = CARTESIAN_POINT('',(-5.952319276089E-02,-4.509764831265E-02,0.)
  );
#4712 = VECTOR('',#4713,1.);
#4713 = DIRECTION('',(-0.308774363938,0.951135317489,0.));
#4714 = ORIENTED_EDGE('',*,*,#4693,.T.);
#4715 = ORIENTED_EDGE('',*,*,#4716,.F.);
#4716 = EDGE_CURVE('',#4717,#4686,#4719,.T.);
#4717 = VERTEX_POINT('',#4718);
#4718 = CARTESIAN_POINT('',(-6.315366294953E-02,-3.391450353512E-02,0.1)
  );
#4719 = LINE('',#4720,#4721);
#4720 = CARTESIAN_POINT('',(-5.952319276089E-02,-4.509764831265E-02,0.1)
  );
#4721 = VECTOR('',#4722,1.);
#4722 = DIRECTION('',(0.308774363938,-0.951135317489,0.));
#4723 = ORIENTED_EDGE('',*,*,#4724,.F.);
#4724 = EDGE_CURVE('',#4708,#4717,#4725,.T.);
#4725 = LINE('',#4726,#4727);
#4726 = CARTESIAN_POINT('',(-6.315366294953E-02,-3.391450353512E-02,0.)
  );
#4727 = VECTOR('',#4728,1.);
#4728 = DIRECTION('',(0.,0.,1.));
#4729 = PLANE('',#4730);
#4730 = AXIS2_PLACEMENT_3D('',#4731,#4732,#4733);
#4731 = CARTESIAN_POINT('',(-6.315366294953E-02,-3.391450353512E-02,0.)
  );
#4732 = DIRECTION('',(-0.951135317489,-0.308774363938,0.));
#4733 = DIRECTION('',(0.308774363938,-0.951135317489,0.));
#4734 = ADVANCED_FACE('',(#4735),#4760,.T.);
#4735 = FACE_BOUND('',#4736,.T.);
#4736 = EDGE_LOOP('',(#4737,#4745,#4746,#4754));
#4737 = ORIENTED_EDGE('',*,*,#4738,.F.);
#4738 = EDGE_CURVE('',#4708,#4739,#4741,.T.);
#4739 = VERTEX_POINT('',#4740);
#4740 = CARTESIAN_POINT('',(-7.842108668928E-02,-3.391450353512E-02,0.)
  );
#4741 = LINE('',#4742,#4743);
#4742 = CARTESIAN_POINT('',(-6.315366294953E-02,-3.391450353512E-02,0.)
  );
#4743 = VECTOR('',#4744,1.);
#4744 = DIRECTION('',(-1.,0.,0.));
#4745 = ORIENTED_EDGE('',*,*,#4724,.T.);
#4746 = ORIENTED_EDGE('',*,*,#4747,.F.);
#4747 = EDGE_CURVE('',#4748,#4717,#4750,.T.);
#4748 = VERTEX_POINT('',#4749);
#4749 = CARTESIAN_POINT('',(-7.842108668928E-02,-3.391450353512E-02,0.1)
  );
#4750 = LINE('',#4751,#4752);
#4751 = CARTESIAN_POINT('',(-6.315366294953E-02,-3.391450353512E-02,0.1)
  );
#4752 = VECTOR('',#4753,1.);
#4753 = DIRECTION('',(1.,0.,0.));
#4754 = ORIENTED_EDGE('',*,*,#4755,.F.);
#4755 = EDGE_CURVE('',#4739,#4748,#4756,.T.);
#4756 = LINE('',#4757,#4758);
#4757 = CARTESIAN_POINT('',(-7.842108668928E-02,-3.391450353512E-02,0.)
  );
#4758 = VECTOR('',#4759,1.);
#4759 = DIRECTION('',(0.,0.,1.));
#4760 = PLANE('',#4761);
#4761 = AXIS2_PLACEMENT_3D('',#4762,#4763,#4764);
#4762 = CARTESIAN_POINT('',(-7.842108668928E-02,-3.391450353512E-02,0.)
  );
#4763 = DIRECTION('',(0.,-1.,0.));
#4764 = DIRECTION('',(1.,0.,0.));
#4765 = ADVANCED_FACE('',(#4766),#4791,.T.);
#4766 = FACE_BOUND('',#4767,.T.);
#4767 = EDGE_LOOP('',(#4768,#4776,#4777,#4785));
#4768 = ORIENTED_EDGE('',*,*,#4769,.F.);
#4769 = EDGE_CURVE('',#4739,#4770,#4772,.T.);
#4770 = VERTEX_POINT('',#4771);
#4771 = CARTESIAN_POINT('',(-8.205155687793E-02,-4.509764831265E-02,0.)
  );
#4772 = LINE('',#4773,#4774);
#4773 = CARTESIAN_POINT('',(-7.842108668928E-02,-3.391450353512E-02,0.)
  );
#4774 = VECTOR('',#4775,1.);
#4775 = DIRECTION('',(-0.308774363938,-0.951135317489,0.));
#4776 = ORIENTED_EDGE('',*,*,#4755,.T.);
#4777 = ORIENTED_EDGE('',*,*,#4778,.F.);
#4778 = EDGE_CURVE('',#4779,#4748,#4781,.T.);
#4779 = VERTEX_POINT('',#4780);
#4780 = CARTESIAN_POINT('',(-8.205155687793E-02,-4.509764831265E-02,0.1)
  );
#4781 = LINE('',#4782,#4783);
#4782 = CARTESIAN_POINT('',(-7.842108668928E-02,-3.391450353512E-02,0.1)
  );
#4783 = VECTOR('',#4784,1.);
#4784 = DIRECTION('',(0.308774363938,0.951135317489,0.));
#4785 = ORIENTED_EDGE('',*,*,#4786,.F.);
#4786 = EDGE_CURVE('',#4770,#4779,#4787,.T.);
#4787 = LINE('',#4788,#4789);
#4788 = CARTESIAN_POINT('',(-8.205155687793E-02,-4.509764831265E-02,0.)
  );
#4789 = VECTOR('',#4790,1.);
#4790 = DIRECTION('',(0.,0.,1.));
#4791 = PLANE('',#4792);
#4792 = AXIS2_PLACEMENT_3D('',#4793,#4794,#4795);
#4793 = CARTESIAN_POINT('',(-8.205155687793E-02,-4.509764831265E-02,0.)
  );
#4794 = DIRECTION('',(0.951135317489,-0.308774363938,0.));
#4795 = DIRECTION('',(0.308774363938,0.951135317489,0.));
#4796 = ADVANCED_FACE('',(#4797),#4822,.T.);
#4797 = FACE_BOUND('',#4798,.T.);
#4798 = EDGE_LOOP('',(#4799,#4807,#4808,#4816));
#4799 = ORIENTED_EDGE('',*,*,#4800,.F.);
#4800 = EDGE_CURVE('',#4770,#4801,#4803,.T.);
#4801 = VERTEX_POINT('',#4802);
#4802 = CARTESIAN_POINT('',(-8.74324323361E-02,-4.509764831265E-02,0.));
#4803 = LINE('',#4804,#4805);
#4804 = CARTESIAN_POINT('',(-8.205155687793E-02,-4.509764831265E-02,0.)
  );
#4805 = VECTOR('',#4806,1.);
#4806 = DIRECTION('',(-1.,0.,0.));
#4807 = ORIENTED_EDGE('',*,*,#4786,.T.);
#4808 = ORIENTED_EDGE('',*,*,#4809,.F.);
#4809 = EDGE_CURVE('',#4810,#4779,#4812,.T.);
#4810 = VERTEX_POINT('',#4811);
#4811 = CARTESIAN_POINT('',(-8.74324323361E-02,-4.509764831265E-02,0.1)
  );
#4812 = LINE('',#4813,#4814);
#4813 = CARTESIAN_POINT('',(-8.205155687793E-02,-4.509764831265E-02,0.1)
  );
#4814 = VECTOR('',#4815,1.);
#4815 = DIRECTION('',(1.,0.,0.));
#4816 = ORIENTED_EDGE('',*,*,#4817,.F.);
#4817 = EDGE_CURVE('',#4801,#4810,#4818,.T.);
#4818 = LINE('',#4819,#4820);
#4819 = CARTESIAN_POINT('',(-8.74324323361E-02,-4.509764831265E-02,0.));
#4820 = VECTOR('',#4821,1.);
#4821 = DIRECTION('',(0.,0.,1.));
#4822 = PLANE('',#4823);
#4823 = AXIS2_PLACEMENT_3D('',#4824,#4825,#4826);
#4824 = CARTESIAN_POINT('',(-8.74324323361E-02,-4.509764831265E-02,0.));
#4825 = DIRECTION('',(0.,-1.,0.));
#4826 = DIRECTION('',(1.,0.,0.));
#4827 = ADVANCED_FACE('',(#4828),#4844,.T.);
#4828 = FACE_BOUND('',#4829,.T.);
#4829 = EDGE_LOOP('',(#4830,#4836,#4837,#4843));
#4830 = ORIENTED_EDGE('',*,*,#4831,.F.);
#4831 = EDGE_CURVE('',#4801,#4606,#4832,.T.);
#4832 = LINE('',#4833,#4834);
#4833 = CARTESIAN_POINT('',(-8.74324323361E-02,-4.509764831265E-02,0.));
#4834 = VECTOR('',#4835,1.);
#4835 = DIRECTION('',(0.319451166675,0.947602739607,0.));
#4836 = ORIENTED_EDGE('',*,*,#4817,.T.);
#4837 = ORIENTED_EDGE('',*,*,#4838,.F.);
#4838 = EDGE_CURVE('',#4616,#4810,#4839,.T.);
#4839 = LINE('',#4840,#4841);
#4840 = CARTESIAN_POINT('',(-8.74324323361E-02,-4.509764831265E-02,0.1)
  );
#4841 = VECTOR('',#4842,1.);
#4842 = DIRECTION('',(-0.319451166675,-0.947602739607,0.));
#4843 = ORIENTED_EDGE('',*,*,#4615,.F.);
#4844 = PLANE('',#4845);
#4845 = AXIS2_PLACEMENT_3D('',#4846,#4847,#4848);
#4846 = CARTESIAN_POINT('',(-7.394782877827E-02,-5.09764641275E-03,0.));
#4847 = DIRECTION('',(-0.947602739607,0.319451166675,0.));
#4848 = DIRECTION('',(-0.319451166675,-0.947602739607,0.));
#4849 = ADVANCED_FACE('',(#4850,#4860),#4865,.F.);
#4850 = FACE_BOUND('',#4851,.T.);
#4851 = EDGE_LOOP('',(#4852,#4853,#4854,#4855,#4856,#4857,#4858,#4859));
#4852 = ORIENTED_EDGE('',*,*,#4831,.T.);
#4853 = ORIENTED_EDGE('',*,*,#4605,.T.);
#4854 = ORIENTED_EDGE('',*,*,#4645,.T.);
#4855 = ORIENTED_EDGE('',*,*,#4676,.T.);
#4856 = ORIENTED_EDGE('',*,*,#4707,.T.);
#4857 = ORIENTED_EDGE('',*,*,#4738,.T.);
#4858 = ORIENTED_EDGE('',*,*,#4769,.T.);
#4859 = ORIENTED_EDGE('',*,*,#4800,.T.);
#4860 = FACE_BOUND('',#4861,.T.);
#4861 = EDGE_LOOP('',(#4862,#4863,#4864));
#4862 = ORIENTED_EDGE('',*,*,#4512,.T.);
#4863 = ORIENTED_EDGE('',*,*,#4583,.T.);
#4864 = ORIENTED_EDGE('',*,*,#4552,.T.);
#4865 = PLANE('',#4866);
#4866 = AXIS2_PLACEMENT_3D('',#4867,#4868,#4869);
#4867 = CARTESIAN_POINT('',(-7.068702524532E-02,-2.909250077404E-02,0.)
  );
#4868 = DIRECTION('',(0.,0.,1.));
#4869 = DIRECTION('',(1.,0.,-0.));
#4870 = ADVANCED_FACE('',(#4871,#4881),#4886,.T.);
#4871 = FACE_BOUND('',#4872,.T.);
#4872 = EDGE_LOOP('',(#4873,#4874,#4875,#4876,#4877,#4878,#4879,#4880));
#4873 = ORIENTED_EDGE('',*,*,#4838,.T.);
#4874 = ORIENTED_EDGE('',*,*,#4809,.T.);
#4875 = ORIENTED_EDGE('',*,*,#4778,.T.);
#4876 = ORIENTED_EDGE('',*,*,#4747,.T.);
#4877 = ORIENTED_EDGE('',*,*,#4716,.T.);
#4878 = ORIENTED_EDGE('',*,*,#4685,.T.);
#4879 = ORIENTED_EDGE('',*,*,#4654,.T.);
#4880 = ORIENTED_EDGE('',*,*,#4623,.T.);
#4881 = FACE_BOUND('',#4882,.T.);
#4882 = EDGE_LOOP('',(#4883,#4884,#4885));
#4883 = ORIENTED_EDGE('',*,*,#4530,.T.);
#4884 = ORIENTED_EDGE('',*,*,#4568,.T.);
#4885 = ORIENTED_EDGE('',*,*,#4590,.T.);
#4886 = PLANE('',#4887);
#4887 = AXIS2_PLACEMENT_3D('',#4888,#4889,#4890);
#4888 = CARTESIAN_POINT('',(-7.068702524532E-02,-2.909250077404E-02,0.1)
  );
#4889 = DIRECTION('',(0.,0.,1.));
#4890 = DIRECTION('',(1.,0.,-0.));
#4891 = MANIFOLD_SOLID_BREP('',#4892);
#4892 = CLOSED_SHELL('',(#4893,#4933,#4964,#4995,#5026,#5057,#5088,#5119
    ,#5150,#5172,#5189));
#4893 = ADVANCED_FACE('',(#4894),#4928,.T.);
#4894 = FACE_BOUND('',#4895,.T.);
#4895 = EDGE_LOOP('',(#4896,#4906,#4914,#4922));
#4896 = ORIENTED_EDGE('',*,*,#4897,.F.);
#4897 = EDGE_CURVE('',#4898,#4900,#4902,.T.);
#4898 = VERTEX_POINT('',#4899);
#4899 = CARTESIAN_POINT('',(-3.56334023231E-02,-2.7399106143E-02,0.));
#4900 = VERTEX_POINT('',#4901);
#4901 = CARTESIAN_POINT('',(-3.56334023231E-02,-4.509764831265E-02,0.));
#4902 = LINE('',#4903,#4904);
#4903 = CARTESIAN_POINT('',(-3.56334023231E-02,-2.7399106143E-02,0.));
#4904 = VECTOR('',#4905,1.);
#4905 = DIRECTION('',(0.,-1.,0.));
#4906 = ORIENTED_EDGE('',*,*,#4907,.T.);
#4907 = EDGE_CURVE('',#4898,#4908,#4910,.T.);
#4908 = VERTEX_POINT('',#4909);
#4909 = CARTESIAN_POINT('',(-3.56334023231E-02,-2.7399106143E-02,0.1));
#4910 = LINE('',#4911,#4912);
#4911 = CARTESIAN_POINT('',(-3.56334023231E-02,-2.7399106143E-02,0.));
#4912 = VECTOR('',#4913,1.);
#4913 = DIRECTION('',(0.,0.,1.));
#4914 = ORIENTED_EDGE('',*,*,#4915,.F.);
#4915 = EDGE_CURVE('',#4916,#4908,#4918,.T.);
#4916 = VERTEX_POINT('',#4917);
#4917 = CARTESIAN_POINT('',(-3.56334023231E-02,-4.509764831265E-02,0.1)
  );
#4918 = LINE('',#4919,#4920);
#4919 = CARTESIAN_POINT('',(-3.56334023231E-02,-2.7399106143E-02,0.1));
#4920 = VECTOR('',#4921,1.);
#4921 = DIRECTION('',(0.,1.,0.));
#4922 = ORIENTED_EDGE('',*,*,#4923,.F.);
#4923 = EDGE_CURVE('',#4900,#4916,#4924,.T.);
#4924 = LINE('',#4925,#4926);
#4925 = CARTESIAN_POINT('',(-3.56334023231E-02,-4.509764831265E-02,0.));
#4926 = VECTOR('',#4927,1.);
#4927 = DIRECTION('',(0.,0.,1.));
#4928 = PLANE('',#4929);
#4929 = AXIS2_PLACEMENT_3D('',#4930,#4931,#4932);
#4930 = CARTESIAN_POINT('',(-3.56334023231E-02,-4.509764831265E-02,0.));
#4931 = DIRECTION('',(1.,0.,0.));
#4932 = DIRECTION('',(-0.,1.,0.));
#4933 = ADVANCED_FACE('',(#4934),#4959,.T.);
#4934 = FACE_BOUND('',#4935,.T.);
#4935 = EDGE_LOOP('',(#4936,#4944,#4945,#4953));
#4936 = ORIENTED_EDGE('',*,*,#4937,.F.);
#4937 = EDGE_CURVE('',#4900,#4938,#4940,.T.);
#4938 = VERTEX_POINT('',#4939);
#4939 = CARTESIAN_POINT('',(-4.094944795648E-02,-4.509764831265E-02,0.)
  );
#4940 = LINE('',#4941,#4942);
#4941 = CARTESIAN_POINT('',(-3.56334023231E-02,-4.509764831265E-02,0.));
#4942 = VECTOR('',#4943,1.);
#4943 = DIRECTION('',(-1.,0.,0.));
#4944 = ORIENTED_EDGE('',*,*,#4923,.T.);
#4945 = ORIENTED_EDGE('',*,*,#4946,.F.);
#4946 = EDGE_CURVE('',#4947,#4916,#4949,.T.);
#4947 = VERTEX_POINT('',#4948);
#4948 = CARTESIAN_POINT('',(-4.094944795648E-02,-4.509764831265E-02,0.1)
  );
#4949 = LINE('',#4950,#4951);
#4950 = CARTESIAN_POINT('',(-3.56334023231E-02,-4.509764831265E-02,0.1)
  );
#4951 = VECTOR('',#4952,1.);
#4952 = DIRECTION('',(1.,0.,0.));
#4953 = ORIENTED_EDGE('',*,*,#4954,.F.);
#4954 = EDGE_CURVE('',#4938,#4947,#4955,.T.);
#4955 = LINE('',#4956,#4957);
#4956 = CARTESIAN_POINT('',(-4.094944795648E-02,-4.509764831265E-02,0.)
  );
#4957 = VECTOR('',#4958,1.);
#4958 = DIRECTION('',(0.,0.,1.));
#4959 = PLANE('',#4960);
#4960 = AXIS2_PLACEMENT_3D('',#4961,#4962,#4963);
#4961 = CARTESIAN_POINT('',(-4.094944795648E-02,-4.509764831265E-02,0.)
  );
#4962 = DIRECTION('',(0.,-1.,0.));
#4963 = DIRECTION('',(1.,0.,0.));
#4964 = ADVANCED_FACE('',(#4965),#4990,.T.);
#4965 = FACE_BOUND('',#4966,.T.);
#4966 = EDGE_LOOP('',(#4967,#4975,#4976,#4984));
#4967 = ORIENTED_EDGE('',*,*,#4968,.F.);
#4968 = EDGE_CURVE('',#4938,#4969,#4971,.T.);
#4969 = VERTEX_POINT('',#4970);
#4970 = CARTESIAN_POINT('',(-4.094944795648E-02,-2.795015965378E-02,0.)
  );
#4971 = LINE('',#4972,#4973);
#4972 = CARTESIAN_POINT('',(-4.094944795648E-02,-4.509764831265E-02,0.)
  );
#4973 = VECTOR('',#4974,1.);
#4974 = DIRECTION('',(0.,1.,0.));
#4975 = ORIENTED_EDGE('',*,*,#4954,.T.);
#4976 = ORIENTED_EDGE('',*,*,#4977,.F.);
#4977 = EDGE_CURVE('',#4978,#4947,#4980,.T.);
#4978 = VERTEX_POINT('',#4979);
#4979 = CARTESIAN_POINT('',(-4.094944795648E-02,-2.795015965378E-02,0.1)
  );
#4980 = LINE('',#4981,#4982);
#4981 = CARTESIAN_POINT('',(-4.094944795648E-02,-4.509764831265E-02,0.1)
  );
#4982 = VECTOR('',#4983,1.);
#4983 = DIRECTION('',(0.,-1.,0.));
#4984 = ORIENTED_EDGE('',*,*,#4985,.F.);
#4985 = EDGE_CURVE('',#4969,#4978,#4986,.T.);
#4986 = LINE('',#4987,#4988);
#4987 = CARTESIAN_POINT('',(-4.094944795648E-02,-2.795015965378E-02,0.)
  );
#4988 = VECTOR('',#4989,1.);
#4989 = DIRECTION('',(0.,0.,1.));
#4990 = PLANE('',#4991);
#4991 = AXIS2_PLACEMENT_3D('',#4992,#4993,#4994);
#4992 = CARTESIAN_POINT('',(-4.094944795648E-02,-2.795015965378E-02,0.)
  );
#4993 = DIRECTION('',(-1.,0.,0.));
#4994 = DIRECTION('',(0.,-1.,0.));
#4995 = ADVANCED_FACE('',(#4996),#5021,.T.);
#4996 = FACE_BOUND('',#4997,.T.);
#4997 = EDGE_LOOP('',(#4998,#5006,#5007,#5015));
#4998 = ORIENTED_EDGE('',*,*,#4999,.F.);
#4999 = EDGE_CURVE('',#4969,#5000,#5002,.T.);
#5000 = VERTEX_POINT('',#5001);
#5001 = CARTESIAN_POINT('',(-5.44664664267E-02,-5.09764641275E-03,0.));
#5002 = LINE('',#5003,#5004);
#5003 = CARTESIAN_POINT('',(-4.094944795648E-02,-2.795015965378E-02,0.)
  );
#5004 = VECTOR('',#5005,1.);
#5005 = DIRECTION('',(-0.509099449898,0.860707703064,0.));
#5006 = ORIENTED_EDGE('',*,*,#4985,.T.);
#5007 = ORIENTED_EDGE('',*,*,#5008,.F.);
#5008 = EDGE_CURVE('',#5009,#4978,#5011,.T.);
#5009 = VERTEX_POINT('',#5010);
#5010 = CARTESIAN_POINT('',(-5.44664664267E-02,-5.09764641275E-03,0.1));
#5011 = LINE('',#5012,#5013);
#5012 = CARTESIAN_POINT('',(-4.094944795648E-02,-2.795015965378E-02,0.1)
  );
#5013 = VECTOR('',#5014,1.);
#5014 = DIRECTION('',(0.509099449898,-0.860707703064,0.));
#5015 = ORIENTED_EDGE('',*,*,#5016,.F.);
#5016 = EDGE_CURVE('',#5000,#5009,#5017,.T.);
#5017 = LINE('',#5018,#5019);
#5018 = CARTESIAN_POINT('',(-5.44664664267E-02,-5.09764641275E-03,0.));
#5019 = VECTOR('',#5020,1.);
#5020 = DIRECTION('',(0.,0.,1.));
#5021 = PLANE('',#5022);
#5022 = AXIS2_PLACEMENT_3D('',#5023,#5024,#5025);
#5023 = CARTESIAN_POINT('',(-5.44664664267E-02,-5.09764641275E-03,0.));
#5024 = DIRECTION('',(-0.860707703064,-0.509099449898,0.));
#5025 = DIRECTION('',(0.509099449898,-0.860707703064,0.));
#5026 = ADVANCED_FACE('',(#5027),#5052,.T.);
#5027 = FACE_BOUND('',#5028,.T.);
#5028 = EDGE_LOOP('',(#5029,#5037,#5038,#5046));
#5029 = ORIENTED_EDGE('',*,*,#5030,.F.);
#5030 = EDGE_CURVE('',#5000,#5031,#5033,.T.);
#5031 = VERTEX_POINT('',#5032);
#5032 = CARTESIAN_POINT('',(-4.856695237015E-02,-5.09764641275E-03,0.));
#5033 = LINE('',#5034,#5035);
#5034 = CARTESIAN_POINT('',(-5.44664664267E-02,-5.09764641275E-03,0.));
#5035 = VECTOR('',#5036,1.);
#5036 = DIRECTION('',(1.,0.,0.));
#5037 = ORIENTED_EDGE('',*,*,#5016,.T.);
#5038 = ORIENTED_EDGE('',*,*,#5039,.F.);
#5039 = EDGE_CURVE('',#5040,#5009,#5042,.T.);
#5040 = VERTEX_POINT('',#5041);
#5041 = CARTESIAN_POINT('',(-4.856695237015E-02,-5.09764641275E-03,0.1)
  );
#5042 = LINE('',#5043,#5044);
#5043 = CARTESIAN_POINT('',(-5.44664664267E-02,-5.09764641275E-03,0.1));
#5044 = VECTOR('',#5045,1.);
#5045 = DIRECTION('',(-1.,0.,0.));
#5046 = ORIENTED_EDGE('',*,*,#5047,.F.);
#5047 = EDGE_CURVE('',#5031,#5040,#5048,.T.);
#5048 = LINE('',#5049,#5050);
#5049 = CARTESIAN_POINT('',(-4.856695237015E-02,-5.09764641275E-03,0.));
#5050 = VECTOR('',#5051,1.);
#5051 = DIRECTION('',(0.,0.,1.));
#5052 = PLANE('',#5053);
#5053 = AXIS2_PLACEMENT_3D('',#5054,#5055,#5056);
#5054 = CARTESIAN_POINT('',(-4.856695237015E-02,-5.09764641275E-03,0.));
#5055 = DIRECTION('',(0.,1.,0.));
#5056 = DIRECTION('',(-1.,0.,0.));
#5057 = ADVANCED_FACE('',(#5058),#5083,.T.);
#5058 = FACE_BOUND('',#5059,.T.);
#5059 = EDGE_LOOP('',(#5060,#5068,#5069,#5077));
#5060 = ORIENTED_EDGE('',*,*,#5061,.F.);
#5061 = EDGE_CURVE('',#5031,#5062,#5064,.T.);
#5062 = VERTEX_POINT('',#5063);
#5063 = CARTESIAN_POINT('',(-3.825901022739E-02,-2.26989438452E-02,0.));
#5064 = LINE('',#5065,#5066);
#5065 = CARTESIAN_POINT('',(-4.856695237015E-02,-5.09764641275E-03,0.));
#5066 = VECTOR('',#5067,1.);
#5067 = DIRECTION('',(0.505352400517,-0.862913061259,0.));
#5068 = ORIENTED_EDGE('',*,*,#5047,.T.);
#5069 = ORIENTED_EDGE('',*,*,#5070,.F.);
#5070 = EDGE_CURVE('',#5071,#5040,#5073,.T.);
#5071 = VERTEX_POINT('',#5072);
#5072 = CARTESIAN_POINT('',(-3.825901022739E-02,-2.26989438452E-02,0.1)
  );
#5073 = LINE('',#5074,#5075);
#5074 = CARTESIAN_POINT('',(-4.856695237015E-02,-5.09764641275E-03,0.1)
  );
#5075 = VECTOR('',#5076,1.);
#5076 = DIRECTION('',(-0.505352400517,0.862913061259,0.));
#5077 = ORIENTED_EDGE('',*,*,#5078,.F.);
#5078 = EDGE_CURVE('',#5062,#5071,#5079,.T.);
#5079 = LINE('',#5080,#5081);
#5080 = CARTESIAN_POINT('',(-3.825901022739E-02,-2.26989438452E-02,0.));
#5081 = VECTOR('',#5082,1.);
#5082 = DIRECTION('',(0.,0.,1.));
#5083 = PLANE('',#5084);
#5084 = AXIS2_PLACEMENT_3D('',#5085,#5086,#5087);
#5085 = CARTESIAN_POINT('',(-3.825901022739E-02,-2.26989438452E-02,0.));
#5086 = DIRECTION('',(0.862913061259,0.505352400517,0.));
#5087 = DIRECTION('',(-0.505352400517,0.862913061259,0.));
#5088 = ADVANCED_FACE('',(#5089),#5114,.T.);
#5089 = FACE_BOUND('',#5090,.T.);
#5090 = EDGE_LOOP('',(#5091,#5099,#5100,#5108));
#5091 = ORIENTED_EDGE('',*,*,#5092,.F.);
#5092 = EDGE_CURVE('',#5062,#5093,#5095,.T.);
#5093 = VERTEX_POINT('',#5094);
#5094 = CARTESIAN_POINT('',(-2.775657861024E-02,-5.09764641275E-03,0.));
#5095 = LINE('',#5096,#5097);
#5096 = CARTESIAN_POINT('',(-3.825901022739E-02,-2.26989438452E-02,0.));
#5097 = VECTOR('',#5098,1.);
#5098 = DIRECTION('',(0.512401080946,0.85874625603,0.));
#5099 = ORIENTED_EDGE('',*,*,#5078,.T.);
#5100 = ORIENTED_EDGE('',*,*,#5101,.F.);
#5101 = EDGE_CURVE('',#5102,#5071,#5104,.T.);
#5102 = VERTEX_POINT('',#5103);
#5103 = CARTESIAN_POINT('',(-2.775657861024E-02,-5.09764641275E-03,0.1)
  );
#5104 = LINE('',#5105,#5106);
#5105 = CARTESIAN_POINT('',(-3.825901022739E-02,-2.26989438452E-02,0.1)
  );
#5106 = VECTOR('',#5107,1.);
#5107 = DIRECTION('',(-0.512401080946,-0.85874625603,0.));
#5108 = ORIENTED_EDGE('',*,*,#5109,.F.);
#5109 = EDGE_CURVE('',#5093,#5102,#5110,.T.);
#5110 = LINE('',#5111,#5112);
#5111 = CARTESIAN_POINT('',(-2.775657861024E-02,-5.09764641275E-03,0.));
#5112 = VECTOR('',#5113,1.);
#5113 = DIRECTION('',(0.,0.,1.));
#5114 = PLANE('',#5115);
#5115 = AXIS2_PLACEMENT_3D('',#5116,#5117,#5118);
#5116 = CARTESIAN_POINT('',(-2.775657861024E-02,-5.09764641275E-03,0.));
#5117 = DIRECTION('',(-0.85874625603,0.512401080946,0.));
#5118 = DIRECTION('',(-0.512401080946,-0.85874625603,0.));
#5119 = ADVANCED_FACE('',(#5120),#5145,.T.);
#5120 = FACE_BOUND('',#5121,.T.);
#5121 = EDGE_LOOP('',(#5122,#5130,#5131,#5139));
#5122 = ORIENTED_EDGE('',*,*,#5123,.F.);
#5123 = EDGE_CURVE('',#5093,#5124,#5126,.T.);
#5124 = VERTEX_POINT('',#5125);
#5125 = CARTESIAN_POINT('',(-2.211638385288E-02,-5.09764641275E-03,0.));
#5126 = LINE('',#5127,#5128);
#5127 = CARTESIAN_POINT('',(-2.775657861024E-02,-5.09764641275E-03,0.));
#5128 = VECTOR('',#5129,1.);
#5129 = DIRECTION('',(1.,0.,0.));
#5130 = ORIENTED_EDGE('',*,*,#5109,.T.);
#5131 = ORIENTED_EDGE('',*,*,#5132,.F.);
#5132 = EDGE_CURVE('',#5133,#5102,#5135,.T.);
#5133 = VERTEX_POINT('',#5134);
#5134 = CARTESIAN_POINT('',(-2.211638385288E-02,-5.09764641275E-03,0.1)
  );
#5135 = LINE('',#5136,#5137);
#5136 = CARTESIAN_POINT('',(-2.775657861024E-02,-5.09764641275E-03,0.1)
  );
#5137 = VECTOR('',#5138,1.);
#5138 = DIRECTION('',(-1.,0.,0.));
#5139 = ORIENTED_EDGE('',*,*,#5140,.F.);
#5140 = EDGE_CURVE('',#5124,#5133,#5141,.T.);
#5141 = LINE('',#5142,#5143);
#5142 = CARTESIAN_POINT('',(-2.211638385288E-02,-5.09764641275E-03,0.));
#5143 = VECTOR('',#5144,1.);
#5144 = DIRECTION('',(0.,0.,1.));
#5145 = PLANE('',#5146);
#5146 = AXIS2_PLACEMENT_3D('',#5147,#5148,#5149);
#5147 = CARTESIAN_POINT('',(-2.211638385288E-02,-5.09764641275E-03,0.));
#5148 = DIRECTION('',(0.,1.,0.));
#5149 = DIRECTION('',(-1.,0.,0.));
#5150 = ADVANCED_FACE('',(#5151),#5167,.T.);
#5151 = FACE_BOUND('',#5152,.T.);
#5152 = EDGE_LOOP('',(#5153,#5159,#5160,#5166));
#5153 = ORIENTED_EDGE('',*,*,#5154,.F.);
#5154 = EDGE_CURVE('',#5124,#4898,#5155,.T.);
#5155 = LINE('',#5156,#5157);
#5156 = CARTESIAN_POINT('',(-2.211638385288E-02,-5.09764641275E-03,0.));
#5157 = VECTOR('',#5158,1.);
#5158 = DIRECTION('',(-0.518329263751,-0.855181135397,0.));
#5159 = ORIENTED_EDGE('',*,*,#5140,.T.);
#5160 = ORIENTED_EDGE('',*,*,#5161,.F.);
#5161 = EDGE_CURVE('',#4908,#5133,#5162,.T.);
#5162 = LINE('',#5163,#5164);
#5163 = CARTESIAN_POINT('',(-2.211638385288E-02,-5.09764641275E-03,0.1)
  );
#5164 = VECTOR('',#5165,1.);
#5165 = DIRECTION('',(0.518329263751,0.855181135397,0.));
#5166 = ORIENTED_EDGE('',*,*,#4907,.F.);
#5167 = PLANE('',#5168);
#5168 = AXIS2_PLACEMENT_3D('',#5169,#5170,#5171);
#5169 = CARTESIAN_POINT('',(-3.56334023231E-02,-2.7399106143E-02,0.));
#5170 = DIRECTION('',(0.855181135397,-0.518329263751,0.));
#5171 = DIRECTION('',(0.518329263751,0.855181135397,0.));
#5172 = ADVANCED_FACE('',(#5173),#5184,.F.);
#5173 = FACE_BOUND('',#5174,.T.);
#5174 = EDGE_LOOP('',(#5175,#5176,#5177,#5178,#5179,#5180,#5181,#5182,
    #5183));
#5175 = ORIENTED_EDGE('',*,*,#5154,.T.);
#5176 = ORIENTED_EDGE('',*,*,#4897,.T.);
#5177 = ORIENTED_EDGE('',*,*,#4937,.T.);
#5178 = ORIENTED_EDGE('',*,*,#4968,.T.);
#5179 = ORIENTED_EDGE('',*,*,#4999,.T.);
#5180 = ORIENTED_EDGE('',*,*,#5030,.T.);
#5181 = ORIENTED_EDGE('',*,*,#5061,.T.);
#5182 = ORIENTED_EDGE('',*,*,#5092,.T.);
#5183 = ORIENTED_EDGE('',*,*,#5123,.T.);
#5184 = PLANE('',#5185);
#5185 = AXIS2_PLACEMENT_3D('',#5186,#5187,#5188);
#5186 = CARTESIAN_POINT('',(-3.830421021877E-02,-2.063842969425E-02,0.)
  );
#5187 = DIRECTION('',(0.,0.,1.));
#5188 = DIRECTION('',(1.,0.,-0.));
#5189 = ADVANCED_FACE('',(#5190),#5201,.T.);
#5190 = FACE_BOUND('',#5191,.T.);
#5191 = EDGE_LOOP('',(#5192,#5193,#5194,#5195,#5196,#5197,#5198,#5199,
    #5200));
#5192 = ORIENTED_EDGE('',*,*,#5161,.T.);
#5193 = ORIENTED_EDGE('',*,*,#5132,.T.);
#5194 = ORIENTED_EDGE('',*,*,#5101,.T.);
#5195 = ORIENTED_EDGE('',*,*,#5070,.T.);
#5196 = ORIENTED_EDGE('',*,*,#5039,.T.);
#5197 = ORIENTED_EDGE('',*,*,#5008,.T.);
#5198 = ORIENTED_EDGE('',*,*,#4977,.T.);
#5199 = ORIENTED_EDGE('',*,*,#4946,.T.);
#5200 = ORIENTED_EDGE('',*,*,#4915,.T.);
#5201 = PLANE('',#5202);
#5202 = AXIS2_PLACEMENT_3D('',#5203,#5204,#5205);
#5203 = CARTESIAN_POINT('',(-3.830421021877E-02,-2.063842969425E-02,0.1)
  );
#5204 = DIRECTION('',(0.,0.,1.));
#5205 = DIRECTION('',(1.,0.,-0.));
#5206 = ( GEOMETRIC_REPRESENTATION_CONTEXT(3) 
GLOBAL_UNCERTAINTY_ASSIGNED_CONTEXT((#5210)) 
GLOBAL_UNIT_ASSIGNED_CONTEXT((#5207,#5208,#5209)) REPRESENTATION_CONTEXT
('Context #1','3D Context with UNIT and UNCERTAINTY') );
#5207 = ( LENGTH_UNIT() NAMED_UNIT(*) SI_UNIT(.MILLI.,.METRE.) );
#5208 = ( NAMED_UNIT(*) PLANE_ANGLE_UNIT() SI_UNIT($,.RADIAN.) );
#5209 = ( NAMED_UNIT(*) SI_UNIT($,.STERADIAN.) SOLID_ANGLE_UNIT() );
#5210 = UNCERTAINTY_MEASURE_WITH_UNIT(LENGTH_MEASURE(1.E-05),#5207,
  'distance_accuracy_value','confusion accuracy');
#5211 = SHAPE_DEFINITION_REPRESENTATION(#5212,#2720);
#5212 = PRODUCT_DEFINITION_SHAPE('','',#5213);
#5213 = PRODUCT_DEFINITION('design','',#5214,#5217);
#5214 = PRODUCT_DEFINITION_FORMATION('','',#5215);
#5215 = PRODUCT('Vishay logo','Vishay logo','',(#5216));
#5216 = PRODUCT_CONTEXT('',#2,'mechanical');
#5217 = PRODUCT_DEFINITION_CONTEXT('part definition',#2,'design');
#5218 = CONTEXT_DEPENDENT_SHAPE_REPRESENTATION(#5219,#5221);
#5219 = ( REPRESENTATION_RELATIONSHIP('','',#2720,#803) 
REPRESENTATION_RELATIONSHIP_WITH_TRANSFORMATION(#5220) 
SHAPE_REPRESENTATION_RELATIONSHIP() );
#5220 = ITEM_DEFINED_TRANSFORMATION('','',#11,#820);
#5221 = PRODUCT_DEFINITION_SHAPE('Placement','Placement of an item',
  #5222);
#5222 = NEXT_ASSEMBLY_USAGE_OCCURRENCE('7','Vishay logo:1','',#798,#5213
  ,$);
#5223 = PRODUCT_RELATED_PRODUCT_CATEGORY('part',$,(#5215));
#5224 = CONTEXT_DEPENDENT_SHAPE_REPRESENTATION(#5225,#5227);
#5225 = ( REPRESENTATION_RELATIONSHIP('','',#803,#786) 
REPRESENTATION_RELATIONSHIP_WITH_TRANSFORMATION(#5226) 
SHAPE_REPRESENTATION_RELATIONSHIP() );
#5226 = ITEM_DEFINED_TRANSFORMATION('','',#11,#787);
#5227 = PRODUCT_DEFINITION_SHAPE('Placement','Placement of an item',
  #5228);
#5228 = NEXT_ASSEMBLY_USAGE_OCCURRENCE('8','','',#781,#798,$);
#5229 = PRODUCT_RELATED_PRODUCT_CATEGORY('part',$,(#800));
#5230 = CONTEXT_DEPENDENT_SHAPE_REPRESENTATION(#5231,#5233);
#5231 = ( REPRESENTATION_RELATIONSHIP('','',#786,#10) 
REPRESENTATION_RELATIONSHIP_WITH_TRANSFORMATION(#5232) 
SHAPE_REPRESENTATION_RELATIONSHIP() );
#5232 = ITEM_DEFINED_TRANSFORMATION('','',#11,#19);
#5233 = PRODUCT_DEFINITION_SHAPE('Placement','Placement of an item',
  #5234);
#5234 = NEXT_ASSEMBLY_USAGE_OCCURRENCE('9','','',#5,#781,$);
#5235 = PRODUCT_RELATED_PRODUCT_CATEGORY('part',$,(#783));
#5236 = SHAPE_DEFINITION_REPRESENTATION(#5237,#5243);
#5237 = PRODUCT_DEFINITION_SHAPE('','',#5238);
#5238 = PRODUCT_DEFINITION('design','',#5239,#5242);
#5239 = PRODUCT_DEFINITION_FORMATION('','',#5240);
#5240 = PRODUCT('R3','R3','',(#5241));
#5241 = PRODUCT_CONTEXT('',#2,'mechanical');
#5242 = PRODUCT_DEFINITION_CONTEXT('part definition',#2,'design');
#5243 = SHAPE_REPRESENTATION('',(#11,#5244),#5248);
#5244 = AXIS2_PLACEMENT_3D('',#5245,#5246,#5247);
#5245 = CARTESIAN_POINT('',(7.750001525879,10.499997711182,0.));
#5246 = DIRECTION('',(-0.,0.,1.));
#5247 = DIRECTION('',(1.19248806385E-08,-1.,0.));
#5248 = ( GEOMETRIC_REPRESENTATION_CONTEXT(3) 
GLOBAL_UNCERTAINTY_ASSIGNED_CONTEXT((#5252)) 
GLOBAL_UNIT_ASSIGNED_CONTEXT((#5249,#5250,#5251)) REPRESENTATION_CONTEXT
('Context #1','3D Context with UNIT and UNCERTAINTY') );
#5249 = ( LENGTH_UNIT() NAMED_UNIT(*) SI_UNIT(.MILLI.,.METRE.) );
#5250 = ( NAMED_UNIT(*) PLANE_ANGLE_UNIT() SI_UNIT($,.RADIAN.) );
#5251 = ( NAMED_UNIT(*) SI_UNIT($,.STERADIAN.) SOLID_ANGLE_UNIT() );
#5252 = UNCERTAINTY_MEASURE_WITH_UNIT(LENGTH_MEASURE(5.E-06),#5249,
  'distance_accuracy_value','confusion accuracy');
#5253 = CONTEXT_DEPENDENT_SHAPE_REPRESENTATION(#5254,#5256);
#5254 = ( REPRESENTATION_RELATIONSHIP('','',#803,#5243) 
REPRESENTATION_RELATIONSHIP_WITH_TRANSFORMATION(#5255) 
SHAPE_REPRESENTATION_RELATIONSHIP() );
#5255 = ITEM_DEFINED_TRANSFORMATION('','',#11,#5244);
#5256 = PRODUCT_DEFINITION_SHAPE('Placement','Placement of an item',
  #5257);
#5257 = NEXT_ASSEMBLY_USAGE_OCCURRENCE('10','','',#5238,#798,$);
#5258 = CONTEXT_DEPENDENT_SHAPE_REPRESENTATION(#5259,#5261);
#5259 = ( REPRESENTATION_RELATIONSHIP('','',#5243,#10) 
REPRESENTATION_RELATIONSHIP_WITH_TRANSFORMATION(#5260) 
SHAPE_REPRESENTATION_RELATIONSHIP() );
#5260 = ITEM_DEFINED_TRANSFORMATION('','',#11,#23);
#5261 = PRODUCT_DEFINITION_SHAPE('Placement','Placement of an item',
  #5262);
#5262 = NEXT_ASSEMBLY_USAGE_OCCURRENCE('11','','',#5,#5238,$);
#5263 = PRODUCT_RELATED_PRODUCT_CATEGORY('part',$,(#5240));
#5264 = SHAPE_DEFINITION_REPRESENTATION(#5265,#5271);
#5265 = PRODUCT_DEFINITION_SHAPE('','',#5266);
#5266 = PRODUCT_DEFINITION('design','',#5267,#5270);
#5267 = PRODUCT_DEFINITION_FORMATION('','',#5268);
#5268 = PRODUCT('R2','R2','',(#5269));
#5269 = PRODUCT_CONTEXT('',#2,'mechanical');
#5270 = PRODUCT_DEFINITION_CONTEXT('part definition',#2,'design');
#5271 = SHAPE_REPRESENTATION('',(#11,#5272),#5276);
#5272 = AXIS2_PLACEMENT_3D('',#5273,#5274,#5275);
#5273 = CARTESIAN_POINT('',(11.250001525879,12.750001525879,0.));
#5274 = DIRECTION('',(0.,0.,1.));
#5275 = DIRECTION('',(-1.,-8.742277657348E-08,0.));
#5276 = ( GEOMETRIC_REPRESENTATION_CONTEXT(3) 
GLOBAL_UNCERTAINTY_ASSIGNED_CONTEXT((#5280)) 
GLOBAL_UNIT_ASSIGNED_CONTEXT((#5277,#5278,#5279)) REPRESENTATION_CONTEXT
('Context #1','3D Context with UNIT and UNCERTAINTY') );
#5277 = ( LENGTH_UNIT() NAMED_UNIT(*) SI_UNIT(.MILLI.,.METRE.) );
#5278 = ( NAMED_UNIT(*) PLANE_ANGLE_UNIT() SI_UNIT($,.RADIAN.) );
#5279 = ( NAMED_UNIT(*) SI_UNIT($,.STERADIAN.) SOLID_ANGLE_UNIT() );
#5280 = UNCERTAINTY_MEASURE_WITH_UNIT(LENGTH_MEASURE(5.E-06),#5277,
  'distance_accuracy_value','confusion accuracy');
#5281 = CONTEXT_DEPENDENT_SHAPE_REPRESENTATION(#5282,#5284);
#5282 = ( REPRESENTATION_RELATIONSHIP('','',#803,#5271) 
REPRESENTATION_RELATIONSHIP_WITH_TRANSFORMATION(#5283) 
SHAPE_REPRESENTATION_RELATIONSHIP() );
#5283 = ITEM_DEFINED_TRANSFORMATION('','',#11,#5272);
#5284 = PRODUCT_DEFINITION_SHAPE('Placement','Placement of an item',
  #5285);
#5285 = NEXT_ASSEMBLY_USAGE_OCCURRENCE('12','','',#5266,#798,$);
#5286 = CONTEXT_DEPENDENT_SHAPE_REPRESENTATION(#5287,#5289);
#5287 = ( REPRESENTATION_RELATIONSHIP('','',#5271,#10) 
REPRESENTATION_RELATIONSHIP_WITH_TRANSFORMATION(#5288) 
SHAPE_REPRESENTATION_RELATIONSHIP() );
#5288 = ITEM_DEFINED_TRANSFORMATION('','',#11,#27);
#5289 = PRODUCT_DEFINITION_SHAPE('Placement','Placement of an item',
  #5290);
#5290 = NEXT_ASSEMBLY_USAGE_OCCURRENCE('13','','',#5,#5266,$);
#5291 = PRODUCT_RELATED_PRODUCT_CATEGORY('part',$,(#5268));
#5292 = SHAPE_DEFINITION_REPRESENTATION(#5293,#5299);
#5293 = PRODUCT_DEFINITION_SHAPE('','',#5294);
#5294 = PRODUCT_DEFINITION('design','',#5295,#5298);
#5295 = PRODUCT_DEFINITION_FORMATION('','',#5296);
#5296 = PRODUCT('R1','R1','',(#5297));
#5297 = PRODUCT_CONTEXT('',#2,'mechanical');
#5298 = PRODUCT_DEFINITION_CONTEXT('part definition',#2,'design');
#5299 = SHAPE_REPRESENTATION('',(#11,#5300),#5304);
#5300 = AXIS2_PLACEMENT_3D('',#5301,#5302,#5303);
#5301 = CARTESIAN_POINT('',(6.749997711182,6.24999961853,0.));
#5302 = DIRECTION('',(-0.,0.,1.));
#5303 = DIRECTION('',(1.19248806385E-08,-1.,0.));
#5304 = ( GEOMETRIC_REPRESENTATION_CONTEXT(3) 
GLOBAL_UNCERTAINTY_ASSIGNED_CONTEXT((#5308)) 
GLOBAL_UNIT_ASSIGNED_CONTEXT((#5305,#5306,#5307)) REPRESENTATION_CONTEXT
('Context #1','3D Context with UNIT and UNCERTAINTY') );
#5305 = ( LENGTH_UNIT() NAMED_UNIT(*) SI_UNIT(.MILLI.,.METRE.) );
#5306 = ( NAMED_UNIT(*) PLANE_ANGLE_UNIT() SI_UNIT($,.RADIAN.) );
#5307 = ( NAMED_UNIT(*) SI_UNIT($,.STERADIAN.) SOLID_ANGLE_UNIT() );
#5308 = UNCERTAINTY_MEASURE_WITH_UNIT(LENGTH_MEASURE(5.E-06),#5305,
  'distance_accuracy_value','confusion accuracy');
#5309 = CONTEXT_DEPENDENT_SHAPE_REPRESENTATION(#5310,#5312);
#5310 = ( REPRESENTATION_RELATIONSHIP('','',#803,#5299) 
REPRESENTATION_RELATIONSHIP_WITH_TRANSFORMATION(#5311) 
SHAPE_REPRESENTATION_RELATIONSHIP() );
#5311 = ITEM_DEFINED_TRANSFORMATION('','',#11,#5300);
#5312 = PRODUCT_DEFINITION_SHAPE('Placement','Placement of an item',
  #5313);
#5313 = NEXT_ASSEMBLY_USAGE_OCCURRENCE('14','','',#5294,#798,$);
#5314 = CONTEXT_DEPENDENT_SHAPE_REPRESENTATION(#5315,#5317);
#5315 = ( REPRESENTATION_RELATIONSHIP('','',#5299,#10) 
REPRESENTATION_RELATIONSHIP_WITH_TRANSFORMATION(#5316) 
SHAPE_REPRESENTATION_RELATIONSHIP() );
#5316 = ITEM_DEFINED_TRANSFORMATION('','',#11,#31);
#5317 = PRODUCT_DEFINITION_SHAPE('Placement','Placement of an item',
  #5318);
#5318 = NEXT_ASSEMBLY_USAGE_OCCURRENCE('15','','',#5,#5294,$);
#5319 = PRODUCT_RELATED_PRODUCT_CATEGORY('part',$,(#5296));
#5320 = SHAPE_DEFINITION_REPRESENTATION(#5321,#5327);
#5321 = PRODUCT_DEFINITION_SHAPE('','',#5322);
#5322 = PRODUCT_DEFINITION('design','',#5323,#5326);
#5323 = PRODUCT_DEFINITION_FORMATION('','',#5324);
#5324 = PRODUCT('C3','C3','',(#5325));
#5325 = PRODUCT_CONTEXT('',#2,'mechanical');
#5326 = PRODUCT_DEFINITION_CONTEXT('part definition',#2,'design');
#5327 = SHAPE_REPRESENTATION('',(#11,#5328),#5332);
#5328 = AXIS2_PLACEMENT_3D('',#5329,#5330,#5331);
#5329 = CARTESIAN_POINT('',(10.949998474121,4.749997711182,0.));
#5330 = DIRECTION('',(0.,0.,1.));
#5331 = DIRECTION('',(1.,0.,0.));
#5332 = ( GEOMETRIC_REPRESENTATION_CONTEXT(3) 
GLOBAL_UNCERTAINTY_ASSIGNED_CONTEXT((#5336)) 
GLOBAL_UNIT_ASSIGNED_CONTEXT((#5333,#5334,#5335)) REPRESENTATION_CONTEXT
('Context #1','3D Context with UNIT and UNCERTAINTY') );
#5333 = ( LENGTH_UNIT() NAMED_UNIT(*) SI_UNIT(.MILLI.,.METRE.) );
#5334 = ( NAMED_UNIT(*) PLANE_ANGLE_UNIT() SI_UNIT($,.RADIAN.) );
#5335 = ( NAMED_UNIT(*) SI_UNIT($,.STERADIAN.) SOLID_ANGLE_UNIT() );
#5336 = UNCERTAINTY_MEASURE_WITH_UNIT(LENGTH_MEASURE(1.E-07),#5333,
  'distance_accuracy_value','confusion accuracy');
#5337 = SHAPE_DEFINITION_REPRESENTATION(#5338,#5344);
#5338 = PRODUCT_DEFINITION_SHAPE('','',#5339);
#5339 = PRODUCT_DEFINITION('design','',#5340,#5343);
#5340 = PRODUCT_DEFINITION_FORMATION('','',#5341);
#5341 = PRODUCT('6370873216','6370873216','',(#5342));
#5342 = PRODUCT_CONTEXT('',#2,'mechanical');
#5343 = PRODUCT_DEFINITION_CONTEXT('part definition',#2,'design');
#5344 = SHAPE_REPRESENTATION('',(#11,#5345),#5349);
#5345 = AXIS2_PLACEMENT_3D('',#5346,#5347,#5348);
#5346 = CARTESIAN_POINT('',(0.,0.,0.));
#5347 = DIRECTION('',(0.,0.,1.));
#5348 = DIRECTION('',(1.,0.,0.));
#5349 = ( GEOMETRIC_REPRESENTATION_CONTEXT(3) 
GLOBAL_UNCERTAINTY_ASSIGNED_CONTEXT((#5353)) 
GLOBAL_UNIT_ASSIGNED_CONTEXT((#5350,#5351,#5352)) REPRESENTATION_CONTEXT
('Context #1','3D Context with UNIT and UNCERTAINTY') );
#5350 = ( LENGTH_UNIT() NAMED_UNIT(*) SI_UNIT(.MILLI.,.METRE.) );
#5351 = ( NAMED_UNIT(*) PLANE_ANGLE_UNIT() SI_UNIT($,.RADIAN.) );
#5352 = ( NAMED_UNIT(*) SI_UNIT($,.STERADIAN.) SOLID_ANGLE_UNIT() );
#5353 = UNCERTAINTY_MEASURE_WITH_UNIT(LENGTH_MEASURE(1.E-07),#5350,
  'distance_accuracy_value','confusion accuracy');
#5354 = ADVANCED_BREP_SHAPE_REPRESENTATION('',(#11,#5355),#5505);
#5355 = MANIFOLD_SOLID_BREP('',#5356);
#5356 = CLOSED_SHELL('',(#5357,#5397,#5428,#5459,#5481,#5493));
#5357 = ADVANCED_FACE('',(#5358),#5392,.T.);
#5358 = FACE_BOUND('',#5359,.T.);
#5359 = EDGE_LOOP('',(#5360,#5370,#5378,#5386));
#5360 = ORIENTED_EDGE('',*,*,#5361,.T.);
#5361 = EDGE_CURVE('',#5362,#5364,#5366,.T.);
#5362 = VERTEX_POINT('',#5363);
#5363 = CARTESIAN_POINT('',(-0.87499952,0.47500286,0.));
#5364 = VERTEX_POINT('',#5365);
#5365 = CARTESIAN_POINT('',(-0.87499952,0.47500286,1.29999994));
#5366 = LINE('',#5367,#5368);
#5367 = CARTESIAN_POINT('',(-0.87499952,0.47500286,0.));
#5368 = VECTOR('',#5369,1.);
#5369 = DIRECTION('',(0.,0.,1.));
#5370 = ORIENTED_EDGE('',*,*,#5371,.T.);
#5371 = EDGE_CURVE('',#5364,#5372,#5374,.T.);
#5372 = VERTEX_POINT('',#5373);
#5373 = CARTESIAN_POINT('',(0.87499698,0.47500286,1.29999994));
#5374 = LINE('',#5375,#5376);
#5375 = CARTESIAN_POINT('',(-0.87499952,0.47500286,1.29999994));
#5376 = VECTOR('',#5377,1.);
#5377 = DIRECTION('',(1.,0.,0.));
#5378 = ORIENTED_EDGE('',*,*,#5379,.F.);
#5379 = EDGE_CURVE('',#5380,#5372,#5382,.T.);
#5380 = VERTEX_POINT('',#5381);
#5381 = CARTESIAN_POINT('',(0.87499698,0.47500286,0.));
#5382 = LINE('',#5383,#5384);
#5383 = CARTESIAN_POINT('',(0.87499698,0.47500286,0.));
#5384 = VECTOR('',#5385,1.);
#5385 = DIRECTION('',(0.,0.,1.));
#5386 = ORIENTED_EDGE('',*,*,#5387,.F.);
#5387 = EDGE_CURVE('',#5362,#5380,#5388,.T.);
#5388 = LINE('',#5389,#5390);
#5389 = CARTESIAN_POINT('',(-0.87499952,0.47500286,0.));
#5390 = VECTOR('',#5391,1.);
#5391 = DIRECTION('',(1.,0.,0.));
#5392 = PLANE('',#5393);
#5393 = AXIS2_PLACEMENT_3D('',#5394,#5395,#5396);
#5394 = CARTESIAN_POINT('',(-0.87499952,0.47500286,0.));
#5395 = DIRECTION('',(0.,1.,0.));
#5396 = DIRECTION('',(1.,0.,0.));
#5397 = ADVANCED_FACE('',(#5398),#5423,.T.);
#5398 = FACE_BOUND('',#5399,.T.);
#5399 = EDGE_LOOP('',(#5400,#5401,#5409,#5417));
#5400 = ORIENTED_EDGE('',*,*,#5379,.T.);
#5401 = ORIENTED_EDGE('',*,*,#5402,.T.);
#5402 = EDGE_CURVE('',#5372,#5403,#5405,.T.);
#5403 = VERTEX_POINT('',#5404);
#5404 = CARTESIAN_POINT('',(0.87499952,-0.47499778,1.29999994));
#5405 = LINE('',#5406,#5407);
#5406 = CARTESIAN_POINT('',(0.87499698,0.47500286,1.29999994));
#5407 = VECTOR('',#5408,1.);
#5408 = DIRECTION('',(2.673682413619E-06,-0.999999999996,0.));
#5409 = ORIENTED_EDGE('',*,*,#5410,.F.);
#5410 = EDGE_CURVE('',#5411,#5403,#5413,.T.);
#5411 = VERTEX_POINT('',#5412);
#5412 = CARTESIAN_POINT('',(0.87499952,-0.47499778,0.));
#5413 = LINE('',#5414,#5415);
#5414 = CARTESIAN_POINT('',(0.87499952,-0.47499778,0.));
#5415 = VECTOR('',#5416,1.);
#5416 = DIRECTION('',(0.,0.,1.));
#5417 = ORIENTED_EDGE('',*,*,#5418,.F.);
#5418 = EDGE_CURVE('',#5380,#5411,#5419,.T.);
#5419 = LINE('',#5420,#5421);
#5420 = CARTESIAN_POINT('',(0.87499698,0.47500286,0.));
#5421 = VECTOR('',#5422,1.);
#5422 = DIRECTION('',(2.673682413619E-06,-0.999999999996,0.));
#5423 = PLANE('',#5424);
#5424 = AXIS2_PLACEMENT_3D('',#5425,#5426,#5427);
#5425 = CARTESIAN_POINT('',(0.87499698,0.47500286,0.));
#5426 = DIRECTION('',(0.999999999996,2.673682413619E-06,-0.));
#5427 = DIRECTION('',(2.673682413619E-06,-0.999999999996,0.));
#5428 = ADVANCED_FACE('',(#5429),#5454,.T.);
#5429 = FACE_BOUND('',#5430,.T.);
#5430 = EDGE_LOOP('',(#5431,#5432,#5440,#5448));
#5431 = ORIENTED_EDGE('',*,*,#5410,.T.);
#5432 = ORIENTED_EDGE('',*,*,#5433,.T.);
#5433 = EDGE_CURVE('',#5403,#5434,#5436,.T.);
#5434 = VERTEX_POINT('',#5435);
#5435 = CARTESIAN_POINT('',(-0.87499952,-0.47500032,1.29999994));
#5436 = LINE('',#5437,#5438);
#5437 = CARTESIAN_POINT('',(0.87499952,-0.47499778,1.29999994));
#5438 = VECTOR('',#5439,1.);
#5439 = DIRECTION('',(-0.999999999999,-1.451429365924E-06,0.));
#5440 = ORIENTED_EDGE('',*,*,#5441,.F.);
#5441 = EDGE_CURVE('',#5442,#5434,#5444,.T.);
#5442 = VERTEX_POINT('',#5443);
#5443 = CARTESIAN_POINT('',(-0.87499952,-0.47500032,0.));
#5444 = LINE('',#5445,#5446);
#5445 = CARTESIAN_POINT('',(-0.87499952,-0.47500032,0.));
#5446 = VECTOR('',#5447,1.);
#5447 = DIRECTION('',(0.,0.,1.));
#5448 = ORIENTED_EDGE('',*,*,#5449,.F.);
#5449 = EDGE_CURVE('',#5411,#5442,#5450,.T.);
#5450 = LINE('',#5451,#5452);
#5451 = CARTESIAN_POINT('',(0.87499952,-0.47499778,0.));
#5452 = VECTOR('',#5453,1.);
#5453 = DIRECTION('',(-0.999999999999,-1.451429365924E-06,0.));
#5454 = PLANE('',#5455);
#5455 = AXIS2_PLACEMENT_3D('',#5456,#5457,#5458);
#5456 = CARTESIAN_POINT('',(0.87499952,-0.47499778,0.));
#5457 = DIRECTION('',(1.451429365924E-06,-0.999999999999,0.));
#5458 = DIRECTION('',(-0.999999999999,-1.451429365924E-06,0.));
#5459 = ADVANCED_FACE('',(#5460),#5476,.T.);
#5460 = FACE_BOUND('',#5461,.T.);
#5461 = EDGE_LOOP('',(#5462,#5463,#5469,#5470));
#5462 = ORIENTED_EDGE('',*,*,#5441,.T.);
#5463 = ORIENTED_EDGE('',*,*,#5464,.T.);
#5464 = EDGE_CURVE('',#5434,#5364,#5465,.T.);
#5465 = LINE('',#5466,#5467);
#5466 = CARTESIAN_POINT('',(-0.87499952,-0.47500032,1.29999994));
#5467 = VECTOR('',#5468,1.);
#5468 = DIRECTION('',(0.,1.,0.));
#5469 = ORIENTED_EDGE('',*,*,#5361,.F.);
#5470 = ORIENTED_EDGE('',*,*,#5471,.F.);
#5471 = EDGE_CURVE('',#5442,#5362,#5472,.T.);
#5472 = LINE('',#5473,#5474);
#5473 = CARTESIAN_POINT('',(-0.87499952,-0.47500032,0.));
#5474 = VECTOR('',#5475,1.);
#5475 = DIRECTION('',(0.,1.,0.));
#5476 = PLANE('',#5477);
#5477 = AXIS2_PLACEMENT_3D('',#5478,#5479,#5480);
#5478 = CARTESIAN_POINT('',(-0.87499952,-0.47500032,0.));
#5479 = DIRECTION('',(-1.,0.,0.));
#5480 = DIRECTION('',(0.,1.,0.));
#5481 = ADVANCED_FACE('',(#5482),#5488,.T.);
#5482 = FACE_BOUND('',#5483,.T.);
#5483 = EDGE_LOOP('',(#5484,#5485,#5486,#5487));
#5484 = ORIENTED_EDGE('',*,*,#5387,.T.);
#5485 = ORIENTED_EDGE('',*,*,#5418,.T.);
#5486 = ORIENTED_EDGE('',*,*,#5449,.T.);
#5487 = ORIENTED_EDGE('',*,*,#5471,.T.);
#5488 = PLANE('',#5489);
#5489 = AXIS2_PLACEMENT_3D('',#5490,#5491,#5492);
#5490 = CARTESIAN_POINT('',(-1.046572750048E-06,1.681573142013E-06,0.));
#5491 = DIRECTION('',(-0.,-0.,-1.));
#5492 = DIRECTION('',(-1.,0.,0.));
#5493 = ADVANCED_FACE('',(#5494),#5500,.F.);
#5494 = FACE_BOUND('',#5495,.F.);
#5495 = EDGE_LOOP('',(#5496,#5497,#5498,#5499));
#5496 = ORIENTED_EDGE('',*,*,#5371,.T.);
#5497 = ORIENTED_EDGE('',*,*,#5402,.T.);
#5498 = ORIENTED_EDGE('',*,*,#5433,.T.);
#5499 = ORIENTED_EDGE('',*,*,#5464,.T.);
#5500 = PLANE('',#5501);
#5501 = AXIS2_PLACEMENT_3D('',#5502,#5503,#5504);
#5502 = CARTESIAN_POINT('',(-1.046572750048E-06,1.681573142013E-06,
    1.29999994));
#5503 = DIRECTION('',(-0.,-0.,-1.));
#5504 = DIRECTION('',(-1.,0.,0.));
#5505 = ( GEOMETRIC_REPRESENTATION_CONTEXT(3) 
GLOBAL_UNCERTAINTY_ASSIGNED_CONTEXT((#5509)) 
GLOBAL_UNIT_ASSIGNED_CONTEXT((#5506,#5507,#5508)) REPRESENTATION_CONTEXT
('Context #1','3D Context with UNIT and UNCERTAINTY') );
#5506 = ( LENGTH_UNIT() NAMED_UNIT(*) SI_UNIT(.MILLI.,.METRE.) );
#5507 = ( NAMED_UNIT(*) PLANE_ANGLE_UNIT() SI_UNIT($,.RADIAN.) );
#5508 = ( NAMED_UNIT(*) SI_UNIT($,.STERADIAN.) SOLID_ANGLE_UNIT() );
#5509 = UNCERTAINTY_MEASURE_WITH_UNIT(LENGTH_MEASURE(1.E-07),#5506,
  'distance_accuracy_value','confusion accuracy');
#5510 = SHAPE_DEFINITION_REPRESENTATION(#5511,#5354);
#5511 = PRODUCT_DEFINITION_SHAPE('','',#5512);
#5512 = PRODUCT_DEFINITION('design','',#5513,#5516);
#5513 = PRODUCT_DEFINITION_FORMATION('','',#5514);
#5514 = PRODUCT('Extruded','Extruded','',(#5515));
#5515 = PRODUCT_CONTEXT('',#2,'mechanical');
#5516 = PRODUCT_DEFINITION_CONTEXT('part definition',#2,'design');
#5517 = CONTEXT_DEPENDENT_SHAPE_REPRESENTATION(#5518,#5520);
#5518 = ( REPRESENTATION_RELATIONSHIP('','',#5354,#5344) 
REPRESENTATION_RELATIONSHIP_WITH_TRANSFORMATION(#5519) 
SHAPE_REPRESENTATION_RELATIONSHIP() );
#5519 = ITEM_DEFINED_TRANSFORMATION('','',#11,#5345);
#5520 = PRODUCT_DEFINITION_SHAPE('Placement','Placement of an item',
  #5521);
#5521 = NEXT_ASSEMBLY_USAGE_OCCURRENCE('16','23','',#5339,#5512,$);
#5522 = PRODUCT_RELATED_PRODUCT_CATEGORY('part',$,(#5514));
#5523 = CONTEXT_DEPENDENT_SHAPE_REPRESENTATION(#5524,#5526);
#5524 = ( REPRESENTATION_RELATIONSHIP('','',#5344,#5327) 
REPRESENTATION_RELATIONSHIP_WITH_TRANSFORMATION(#5525) 
SHAPE_REPRESENTATION_RELATIONSHIP() );
#5525 = ITEM_DEFINED_TRANSFORMATION('','',#11,#5328);
#5526 = PRODUCT_DEFINITION_SHAPE('Placement','Placement of an item',
  #5527);
#5527 = NEXT_ASSEMBLY_USAGE_OCCURRENCE('17','','',#5322,#5339,$);
#5528 = PRODUCT_RELATED_PRODUCT_CATEGORY('part',$,(#5341));
#5529 = CONTEXT_DEPENDENT_SHAPE_REPRESENTATION(#5530,#5532);
#5530 = ( REPRESENTATION_RELATIONSHIP('','',#5327,#10) 
REPRESENTATION_RELATIONSHIP_WITH_TRANSFORMATION(#5531) 
SHAPE_REPRESENTATION_RELATIONSHIP() );
#5531 = ITEM_DEFINED_TRANSFORMATION('','',#11,#35);
#5532 = PRODUCT_DEFINITION_SHAPE('Placement','Placement of an item',
  #5533);
#5533 = NEXT_ASSEMBLY_USAGE_OCCURRENCE('18','','',#5,#5322,$);
#5534 = PRODUCT_RELATED_PRODUCT_CATEGORY('part',$,(#5324));
#5535 = SHAPE_DEFINITION_REPRESENTATION(#5536,#5542);
#5536 = PRODUCT_DEFINITION_SHAPE('','',#5537);
#5537 = PRODUCT_DEFINITION('design','',#5538,#5541);
#5538 = PRODUCT_DEFINITION_FORMATION('','',#5539);
#5539 = PRODUCT('C2','C2','',(#5540));
#5540 = PRODUCT_CONTEXT('',#2,'mechanical');
#5541 = PRODUCT_DEFINITION_CONTEXT('part definition',#2,'design');
#5542 = SHAPE_REPRESENTATION('',(#11,#5543),#5547);
#5543 = AXIS2_PLACEMENT_3D('',#5544,#5545,#5546);
#5544 = CARTESIAN_POINT('',(10.949998474121,6.249997711182,0.));
#5545 = DIRECTION('',(0.,0.,1.));
#5546 = DIRECTION('',(1.,0.,0.));
#5547 = ( GEOMETRIC_REPRESENTATION_CONTEXT(3) 
GLOBAL_UNCERTAINTY_ASSIGNED_CONTEXT((#5551)) 
GLOBAL_UNIT_ASSIGNED_CONTEXT((#5548,#5549,#5550)) REPRESENTATION_CONTEXT
('Context #1','3D Context with UNIT and UNCERTAINTY') );
#5548 = ( LENGTH_UNIT() NAMED_UNIT(*) SI_UNIT(.MILLI.,.METRE.) );
#5549 = ( NAMED_UNIT(*) PLANE_ANGLE_UNIT() SI_UNIT($,.RADIAN.) );
#5550 = ( NAMED_UNIT(*) SI_UNIT($,.STERADIAN.) SOLID_ANGLE_UNIT() );
#5551 = UNCERTAINTY_MEASURE_WITH_UNIT(LENGTH_MEASURE(1.E-07),#5548,
  'distance_accuracy_value','confusion accuracy');
#5552 = CONTEXT_DEPENDENT_SHAPE_REPRESENTATION(#5553,#5555);
#5553 = ( REPRESENTATION_RELATIONSHIP('','',#5344,#5542) 
REPRESENTATION_RELATIONSHIP_WITH_TRANSFORMATION(#5554) 
SHAPE_REPRESENTATION_RELATIONSHIP() );
#5554 = ITEM_DEFINED_TRANSFORMATION('','',#11,#5543);
#5555 = PRODUCT_DEFINITION_SHAPE('Placement','Placement of an item',
  #5556);
#5556 = NEXT_ASSEMBLY_USAGE_OCCURRENCE('19','','',#5537,#5339,$);
#5557 = CONTEXT_DEPENDENT_SHAPE_REPRESENTATION(#5558,#5560);
#5558 = ( REPRESENTATION_RELATIONSHIP('','',#5542,#10) 
REPRESENTATION_RELATIONSHIP_WITH_TRANSFORMATION(#5559) 
SHAPE_REPRESENTATION_RELATIONSHIP() );
#5559 = ITEM_DEFINED_TRANSFORMATION('','',#11,#39);
#5560 = PRODUCT_DEFINITION_SHAPE('Placement','Placement of an item',
  #5561);
#5561 = NEXT_ASSEMBLY_USAGE_OCCURRENCE('20','','',#5,#5537,$);
#5562 = PRODUCT_RELATED_PRODUCT_CATEGORY('part',$,(#5539));
#5563 = SHAPE_DEFINITION_REPRESENTATION(#5564,#5570);
#5564 = PRODUCT_DEFINITION_SHAPE('','',#5565);
#5565 = PRODUCT_DEFINITION('design','',#5566,#5569);
#5566 = PRODUCT_DEFINITION_FORMATION('','',#5567);
#5567 = PRODUCT('C1','C1','',(#5568));
#5568 = PRODUCT_CONTEXT('',#2,'mechanical');
#5569 = PRODUCT_DEFINITION_CONTEXT('part definition',#2,'design');
#5570 = SHAPE_REPRESENTATION('',(#11,#5571),#5575);
#5571 = AXIS2_PLACEMENT_3D('',#5572,#5573,#5574);
#5572 = CARTESIAN_POINT('',(11.250001525879,14.499997711182,0.));
#5573 = DIRECTION('',(0.,0.,1.));
#5574 = DIRECTION('',(1.,0.,0.));
#5575 = ( GEOMETRIC_REPRESENTATION_CONTEXT(3) 
GLOBAL_UNCERTAINTY_ASSIGNED_CONTEXT((#5579)) 
GLOBAL_UNIT_ASSIGNED_CONTEXT((#5576,#5577,#5578)) REPRESENTATION_CONTEXT
('Context #1','3D Context with UNIT and UNCERTAINTY') );
#5576 = ( LENGTH_UNIT() NAMED_UNIT(*) SI_UNIT(.MILLI.,.METRE.) );
#5577 = ( NAMED_UNIT(*) PLANE_ANGLE_UNIT() SI_UNIT($,.RADIAN.) );
#5578 = ( NAMED_UNIT(*) SI_UNIT($,.STERADIAN.) SOLID_ANGLE_UNIT() );
#5579 = UNCERTAINTY_MEASURE_WITH_UNIT(LENGTH_MEASURE(1.E-07),#5576,
  'distance_accuracy_value','confusion accuracy');
#5580 = CONTEXT_DEPENDENT_SHAPE_REPRESENTATION(#5581,#5583);
#5581 = ( REPRESENTATION_RELATIONSHIP('','',#5344,#5570) 
REPRESENTATION_RELATIONSHIP_WITH_TRANSFORMATION(#5582) 
SHAPE_REPRESENTATION_RELATIONSHIP() );
#5582 = ITEM_DEFINED_TRANSFORMATION('','',#11,#5571);
#5583 = PRODUCT_DEFINITION_SHAPE('Placement','Placement of an item',
  #5584);
#5584 = NEXT_ASSEMBLY_USAGE_OCCURRENCE('21','','',#5565,#5339,$);
#5585 = CONTEXT_DEPENDENT_SHAPE_REPRESENTATION(#5586,#5588);
#5586 = ( REPRESENTATION_RELATIONSHIP('','',#5570,#10) 
REPRESENTATION_RELATIONSHIP_WITH_TRANSFORMATION(#5587) 
SHAPE_REPRESENTATION_RELATIONSHIP() );
#5587 = ITEM_DEFINED_TRANSFORMATION('','',#11,#43);
#5588 = PRODUCT_DEFINITION_SHAPE('Placement','Placement of an item',
  #5589);
#5589 = NEXT_ASSEMBLY_USAGE_OCCURRENCE('22','','',#5,#5565,$);
#5590 = PRODUCT_RELATED_PRODUCT_CATEGORY('part',$,(#5567));
#5591 = SHAPE_DEFINITION_REPRESENTATION(#5592,#5598);
#5592 = PRODUCT_DEFINITION_SHAPE('','',#5593);
#5593 = PRODUCT_DEFINITION('design','',#5594,#5597);
#5594 = PRODUCT_DEFINITION_FORMATION('','',#5595);
#5595 = PRODUCT('Q1','Q1','',(#5596));
#5596 = PRODUCT_CONTEXT('',#2,'mechanical');
#5597 = PRODUCT_DEFINITION_CONTEXT('part definition',#2,'design');
#5598 = SHAPE_REPRESENTATION('',(#11,#5599),#5603);
#5599 = AXIS2_PLACEMENT_3D('',#5600,#5601,#5602);
#5600 = CARTESIAN_POINT('',(11.000001525879,9.499997711182,
    1.278127450496E-02));
#5601 = DIRECTION('',(-8.742277657348E-08,1.,-4.371140912996E-08));
#5602 = DIRECTION('',(-1.,-8.742277657348E-08,9.466853158302E-31));
#5603 = ( GEOMETRIC_REPRESENTATION_CONTEXT(3) 
GLOBAL_UNCERTAINTY_ASSIGNED_CONTEXT((#5607)) 
GLOBAL_UNIT_ASSIGNED_CONTEXT((#5604,#5605,#5606)) REPRESENTATION_CONTEXT
('Context #1','3D Context with UNIT and UNCERTAINTY') );
#5604 = ( LENGTH_UNIT() NAMED_UNIT(*) SI_UNIT(.MILLI.,.METRE.) );
#5605 = ( NAMED_UNIT(*) PLANE_ANGLE_UNIT() SI_UNIT($,.RADIAN.) );
#5606 = ( NAMED_UNIT(*) SI_UNIT($,.STERADIAN.) SOLID_ANGLE_UNIT() );
#5607 = UNCERTAINTY_MEASURE_WITH_UNIT(LENGTH_MEASURE(1.E-07),#5604,
  'distance_accuracy_value','confusion accuracy');
#5608 = SHAPE_REPRESENTATION('',(#11,#5609,#6307,#6457,#6607,#6757,#9212
    ,#9362,#9512,#9662,#9812,#9962,#10112,#10262,#10412,#10562,#10712,
    #10862,#11012,#11195,#11345,#11495,#11645,#12361),#12449);
#5609 = MANIFOLD_SOLID_BREP('',#5610);
#5610 = CLOSED_SHELL('',(#5611,#5653,#5684,#5717,#5748,#5781,#5812,#5845
    ,#5867,#5985,#6103,#6125,#6142,#6159,#6171,#6193,#6210,#6227,#6239,
    #6261,#6278,#6295));
#5611 = ADVANCED_FACE('',(#5612),#5648,.T.);
#5612 = FACE_BOUND('',#5613,.T.);
#5613 = EDGE_LOOP('',(#5614,#5625,#5633,#5642));
#5614 = ORIENTED_EDGE('',*,*,#5615,.T.);
#5615 = EDGE_CURVE('',#5616,#5618,#5620,.T.);
#5616 = VERTEX_POINT('',#5617);
#5617 = CARTESIAN_POINT('',(-0.475,0.39,0.375));
#5618 = VERTEX_POINT('',#5619);
#5619 = CARTESIAN_POINT('',(-0.375,0.39,0.475));
#5620 = CIRCLE('',#5621,1.E-01);
#5621 = AXIS2_PLACEMENT_3D('',#5622,#5623,#5624);
#5622 = CARTESIAN_POINT('',(-0.375,0.39,0.375));
#5623 = DIRECTION('',(0.,1.,0.));
#5624 = DIRECTION('',(0.,-0.,1.));
#5625 = ORIENTED_EDGE('',*,*,#5626,.F.);
#5626 = EDGE_CURVE('',#5627,#5618,#5629,.T.);
#5627 = VERTEX_POINT('',#5628);
#5628 = CARTESIAN_POINT('',(-0.375,0.49,0.475));
#5629 = LINE('',#5630,#5631);
#5630 = CARTESIAN_POINT('',(-0.375,0.49,0.475));
#5631 = VECTOR('',#5632,1.);
#5632 = DIRECTION('',(-0.,-1.,-0.));
#5633 = ORIENTED_EDGE('',*,*,#5634,.F.);
#5634 = EDGE_CURVE('',#5635,#5627,#5637,.T.);
#5635 = VERTEX_POINT('',#5636);
#5636 = CARTESIAN_POINT('',(-0.475,0.49,0.375));
#5637 = CIRCLE('',#5638,1.E-01);
#5638 = AXIS2_PLACEMENT_3D('',#5639,#5640,#5641);
#5639 = CARTESIAN_POINT('',(-0.375,0.49,0.375));
#5640 = DIRECTION('',(0.,1.,0.));
#5641 = DIRECTION('',(0.,-0.,1.));
#5642 = ORIENTED_EDGE('',*,*,#5643,.T.);
#5643 = EDGE_CURVE('',#5635,#5616,#5644,.T.);
#5644 = LINE('',#5645,#5646);
#5645 = CARTESIAN_POINT('',(-0.475,0.49,0.375));
#5646 = VECTOR('',#5647,1.);
#5647 = DIRECTION('',(-0.,-1.,-0.));
#5648 = CYLINDRICAL_SURFACE('',#5649,1.E-01);
#5649 = AXIS2_PLACEMENT_3D('',#5650,#5651,#5652);
#5650 = CARTESIAN_POINT('',(-0.375,0.49,0.375));
#5651 = DIRECTION('',(-0.,-1.,-0.));
#5652 = DIRECTION('',(0.,0.,-1.));
#5653 = ADVANCED_FACE('',(#5654),#5679,.F.);
#5654 = FACE_BOUND('',#5655,.T.);
#5655 = EDGE_LOOP('',(#5656,#5664,#5672,#5678));
#5656 = ORIENTED_EDGE('',*,*,#5657,.T.);
#5657 = EDGE_CURVE('',#5618,#5658,#5660,.T.);
#5658 = VERTEX_POINT('',#5659);
#5659 = CARTESIAN_POINT('',(0.375,0.39,0.475));
#5660 = LINE('',#5661,#5662);
#5661 = CARTESIAN_POINT('',(-0.375,0.39,0.475));
#5662 = VECTOR('',#5663,1.);
#5663 = DIRECTION('',(1.,0.,0.));
#5664 = ORIENTED_EDGE('',*,*,#5665,.F.);
#5665 = EDGE_CURVE('',#5666,#5658,#5668,.T.);
#5666 = VERTEX_POINT('',#5667);
#5667 = CARTESIAN_POINT('',(0.375,0.49,0.475));
#5668 = LINE('',#5669,#5670);
#5669 = CARTESIAN_POINT('',(0.375,0.49,0.475));
#5670 = VECTOR('',#5671,1.);
#5671 = DIRECTION('',(-0.,-1.,-0.));
#5672 = ORIENTED_EDGE('',*,*,#5673,.F.);
#5673 = EDGE_CURVE('',#5627,#5666,#5674,.T.);
#5674 = LINE('',#5675,#5676);
#5675 = CARTESIAN_POINT('',(-0.375,0.49,0.475));
#5676 = VECTOR('',#5677,1.);
#5677 = DIRECTION('',(1.,0.,0.));
#5678 = ORIENTED_EDGE('',*,*,#5626,.T.);
#5679 = PLANE('',#5680);
#5680 = AXIS2_PLACEMENT_3D('',#5681,#5682,#5683);
#5681 = CARTESIAN_POINT('',(-0.375,0.49,0.475));
#5682 = DIRECTION('',(0.,0.,-1.));
#5683 = DIRECTION('',(-1.,0.,-0.));
#5684 = ADVANCED_FACE('',(#5685),#5712,.T.);
#5685 = FACE_BOUND('',#5686,.T.);
#5686 = EDGE_LOOP('',(#5687,#5696,#5704,#5711));
#5687 = ORIENTED_EDGE('',*,*,#5688,.T.);
#5688 = EDGE_CURVE('',#5658,#5689,#5691,.T.);
#5689 = VERTEX_POINT('',#5690);
#5690 = CARTESIAN_POINT('',(0.475,0.39,0.375));
#5691 = CIRCLE('',#5692,1.E-01);
#5692 = AXIS2_PLACEMENT_3D('',#5693,#5694,#5695);
#5693 = CARTESIAN_POINT('',(0.375,0.39,0.375));
#5694 = DIRECTION('',(0.,1.,0.));
#5695 = DIRECTION('',(0.,-0.,1.));
#5696 = ORIENTED_EDGE('',*,*,#5697,.F.);
#5697 = EDGE_CURVE('',#5698,#5689,#5700,.T.);
#5698 = VERTEX_POINT('',#5699);
#5699 = CARTESIAN_POINT('',(0.475,0.49,0.375));
#5700 = LINE('',#5701,#5702);
#5701 = CARTESIAN_POINT('',(0.475,0.49,0.375));
#5702 = VECTOR('',#5703,1.);
#5703 = DIRECTION('',(-0.,-1.,-0.));
#5704 = ORIENTED_EDGE('',*,*,#5705,.F.);
#5705 = EDGE_CURVE('',#5666,#5698,#5706,.T.);
#5706 = CIRCLE('',#5707,1.E-01);
#5707 = AXIS2_PLACEMENT_3D('',#5708,#5709,#5710);
#5708 = CARTESIAN_POINT('',(0.375,0.49,0.375));
#5709 = DIRECTION('',(0.,1.,0.));
#5710 = DIRECTION('',(0.,-0.,1.));
#5711 = ORIENTED_EDGE('',*,*,#5665,.T.);
#5712 = CYLINDRICAL_SURFACE('',#5713,1.E-01);
#5713 = AXIS2_PLACEMENT_3D('',#5714,#5715,#5716);
#5714 = CARTESIAN_POINT('',(0.375,0.49,0.375));
#5715 = DIRECTION('',(-0.,-1.,-0.));
#5716 = DIRECTION('',(0.,0.,-1.));
#5717 = ADVANCED_FACE('',(#5718),#5743,.F.);
#5718 = FACE_BOUND('',#5719,.T.);
#5719 = EDGE_LOOP('',(#5720,#5728,#5736,#5742));
#5720 = ORIENTED_EDGE('',*,*,#5721,.T.);
#5721 = EDGE_CURVE('',#5689,#5722,#5724,.T.);
#5722 = VERTEX_POINT('',#5723);
#5723 = CARTESIAN_POINT('',(0.475,0.39,-0.375));
#5724 = LINE('',#5725,#5726);
#5725 = CARTESIAN_POINT('',(0.475,0.39,0.375));
#5726 = VECTOR('',#5727,1.);
#5727 = DIRECTION('',(0.,0.,-1.));
#5728 = ORIENTED_EDGE('',*,*,#5729,.F.);
#5729 = EDGE_CURVE('',#5730,#5722,#5732,.T.);
#5730 = VERTEX_POINT('',#5731);
#5731 = CARTESIAN_POINT('',(0.475,0.49,-0.375));
#5732 = LINE('',#5733,#5734);
#5733 = CARTESIAN_POINT('',(0.475,0.49,-0.375));
#5734 = VECTOR('',#5735,1.);
#5735 = DIRECTION('',(-0.,-1.,-0.));
#5736 = ORIENTED_EDGE('',*,*,#5737,.F.);
#5737 = EDGE_CURVE('',#5698,#5730,#5738,.T.);
#5738 = LINE('',#5739,#5740);
#5739 = CARTESIAN_POINT('',(0.475,0.49,0.375));
#5740 = VECTOR('',#5741,1.);
#5741 = DIRECTION('',(0.,0.,-1.));
#5742 = ORIENTED_EDGE('',*,*,#5697,.T.);
#5743 = PLANE('',#5744);
#5744 = AXIS2_PLACEMENT_3D('',#5745,#5746,#5747);
#5745 = CARTESIAN_POINT('',(0.475,0.49,0.375));
#5746 = DIRECTION('',(-1.,0.,0.));
#5747 = DIRECTION('',(0.,0.,1.));
#5748 = ADVANCED_FACE('',(#5749),#5776,.T.);
#5749 = FACE_BOUND('',#5750,.T.);
#5750 = EDGE_LOOP('',(#5751,#5760,#5768,#5775));
#5751 = ORIENTED_EDGE('',*,*,#5752,.T.);
#5752 = EDGE_CURVE('',#5722,#5753,#5755,.T.);
#5753 = VERTEX_POINT('',#5754);
#5754 = CARTESIAN_POINT('',(0.375,0.39,-0.475));
#5755 = CIRCLE('',#5756,1.E-01);
#5756 = AXIS2_PLACEMENT_3D('',#5757,#5758,#5759);
#5757 = CARTESIAN_POINT('',(0.375,0.39,-0.375));
#5758 = DIRECTION('',(0.,1.,0.));
#5759 = DIRECTION('',(0.,-0.,1.));
#5760 = ORIENTED_EDGE('',*,*,#5761,.F.);
#5761 = EDGE_CURVE('',#5762,#5753,#5764,.T.);
#5762 = VERTEX_POINT('',#5763);
#5763 = CARTESIAN_POINT('',(0.375,0.49,-0.475));
#5764 = LINE('',#5765,#5766);
#5765 = CARTESIAN_POINT('',(0.375,0.49,-0.475));
#5766 = VECTOR('',#5767,1.);
#5767 = DIRECTION('',(-0.,-1.,-0.));
#5768 = ORIENTED_EDGE('',*,*,#5769,.F.);
#5769 = EDGE_CURVE('',#5730,#5762,#5770,.T.);
#5770 = CIRCLE('',#5771,1.E-01);
#5771 = AXIS2_PLACEMENT_3D('',#5772,#5773,#5774);
#5772 = CARTESIAN_POINT('',(0.375,0.49,-0.375));
#5773 = DIRECTION('',(0.,1.,0.));
#5774 = DIRECTION('',(0.,-0.,1.));
#5775 = ORIENTED_EDGE('',*,*,#5729,.T.);
#5776 = CYLINDRICAL_SURFACE('',#5777,1.E-01);
#5777 = AXIS2_PLACEMENT_3D('',#5778,#5779,#5780);
#5778 = CARTESIAN_POINT('',(0.375,0.49,-0.375));
#5779 = DIRECTION('',(-0.,-1.,-0.));
#5780 = DIRECTION('',(0.,0.,-1.));
#5781 = ADVANCED_FACE('',(#5782),#5807,.F.);
#5782 = FACE_BOUND('',#5783,.T.);
#5783 = EDGE_LOOP('',(#5784,#5792,#5800,#5806));
#5784 = ORIENTED_EDGE('',*,*,#5785,.T.);
#5785 = EDGE_CURVE('',#5753,#5786,#5788,.T.);
#5786 = VERTEX_POINT('',#5787);
#5787 = CARTESIAN_POINT('',(-0.375,0.39,-0.475));
#5788 = LINE('',#5789,#5790);
#5789 = CARTESIAN_POINT('',(0.375,0.39,-0.475));
#5790 = VECTOR('',#5791,1.);
#5791 = DIRECTION('',(-1.,0.,0.));
#5792 = ORIENTED_EDGE('',*,*,#5793,.F.);
#5793 = EDGE_CURVE('',#5794,#5786,#5796,.T.);
#5794 = VERTEX_POINT('',#5795);
#5795 = CARTESIAN_POINT('',(-0.375,0.49,-0.475));
#5796 = LINE('',#5797,#5798);
#5797 = CARTESIAN_POINT('',(-0.375,0.49,-0.475));
#5798 = VECTOR('',#5799,1.);
#5799 = DIRECTION('',(-0.,-1.,-0.));
#5800 = ORIENTED_EDGE('',*,*,#5801,.F.);
#5801 = EDGE_CURVE('',#5762,#5794,#5802,.T.);
#5802 = LINE('',#5803,#5804);
#5803 = CARTESIAN_POINT('',(0.375,0.49,-0.475));
#5804 = VECTOR('',#5805,1.);
#5805 = DIRECTION('',(-1.,0.,0.));
#5806 = ORIENTED_EDGE('',*,*,#5761,.T.);
#5807 = PLANE('',#5808);
#5808 = AXIS2_PLACEMENT_3D('',#5809,#5810,#5811);
#5809 = CARTESIAN_POINT('',(0.375,0.49,-0.475));
#5810 = DIRECTION('',(0.,-0.,1.));
#5811 = DIRECTION('',(1.,0.,0.));
#5812 = ADVANCED_FACE('',(#5813),#5840,.T.);
#5813 = FACE_BOUND('',#5814,.T.);
#5814 = EDGE_LOOP('',(#5815,#5824,#5832,#5839));
#5815 = ORIENTED_EDGE('',*,*,#5816,.T.);
#5816 = EDGE_CURVE('',#5786,#5817,#5819,.T.);
#5817 = VERTEX_POINT('',#5818);
#5818 = CARTESIAN_POINT('',(-0.475,0.39,-0.375));
#5819 = CIRCLE('',#5820,1.E-01);
#5820 = AXIS2_PLACEMENT_3D('',#5821,#5822,#5823);
#5821 = CARTESIAN_POINT('',(-0.375,0.39,-0.375));
#5822 = DIRECTION('',(0.,1.,0.));
#5823 = DIRECTION('',(0.,-0.,1.));
#5824 = ORIENTED_EDGE('',*,*,#5825,.F.);
#5825 = EDGE_CURVE('',#5826,#5817,#5828,.T.);
#5826 = VERTEX_POINT('',#5827);
#5827 = CARTESIAN_POINT('',(-0.475,0.49,-0.375));
#5828 = LINE('',#5829,#5830);
#5829 = CARTESIAN_POINT('',(-0.475,0.49,-0.375));
#5830 = VECTOR('',#5831,1.);
#5831 = DIRECTION('',(-0.,-1.,-0.));
#5832 = ORIENTED_EDGE('',*,*,#5833,.F.);
#5833 = EDGE_CURVE('',#5794,#5826,#5834,.T.);
#5834 = CIRCLE('',#5835,1.E-01);
#5835 = AXIS2_PLACEMENT_3D('',#5836,#5837,#5838);
#5836 = CARTESIAN_POINT('',(-0.375,0.49,-0.375));
#5837 = DIRECTION('',(0.,1.,0.));
#5838 = DIRECTION('',(0.,-0.,1.));
#5839 = ORIENTED_EDGE('',*,*,#5793,.T.);
#5840 = CYLINDRICAL_SURFACE('',#5841,1.E-01);
#5841 = AXIS2_PLACEMENT_3D('',#5842,#5843,#5844);
#5842 = CARTESIAN_POINT('',(-0.375,0.49,-0.375));
#5843 = DIRECTION('',(-0.,-1.,-0.));
#5844 = DIRECTION('',(0.,0.,-1.));
#5845 = ADVANCED_FACE('',(#5846),#5862,.F.);
#5846 = FACE_BOUND('',#5847,.T.);
#5847 = EDGE_LOOP('',(#5848,#5854,#5855,#5861));
#5848 = ORIENTED_EDGE('',*,*,#5849,.T.);
#5849 = EDGE_CURVE('',#5817,#5616,#5850,.T.);
#5850 = LINE('',#5851,#5852);
#5851 = CARTESIAN_POINT('',(-0.475,0.39,-0.375));
#5852 = VECTOR('',#5853,1.);
#5853 = DIRECTION('',(0.,0.,1.));
#5854 = ORIENTED_EDGE('',*,*,#5643,.F.);
#5855 = ORIENTED_EDGE('',*,*,#5856,.F.);
#5856 = EDGE_CURVE('',#5826,#5635,#5857,.T.);
#5857 = LINE('',#5858,#5859);
#5858 = CARTESIAN_POINT('',(-0.475,0.49,-0.375));
#5859 = VECTOR('',#5860,1.);
#5860 = DIRECTION('',(0.,0.,1.));
#5861 = ORIENTED_EDGE('',*,*,#5825,.T.);
#5862 = PLANE('',#5863);
#5863 = AXIS2_PLACEMENT_3D('',#5864,#5865,#5866);
#5864 = CARTESIAN_POINT('',(-0.475,0.49,-0.375));
#5865 = DIRECTION('',(1.,0.,0.));
#5866 = DIRECTION('',(0.,0.,-1.));
#5867 = ADVANCED_FACE('',(#5868,#5902,#5936,#5970),#5980,.T.);
#5868 = FACE_BOUND('',#5869,.T.);
#5869 = EDGE_LOOP('',(#5870,#5880,#5888,#5896));
#5870 = ORIENTED_EDGE('',*,*,#5871,.F.);
#5871 = EDGE_CURVE('',#5872,#5874,#5876,.T.);
#5872 = VERTEX_POINT('',#5873);
#5873 = CARTESIAN_POINT('',(-0.34,0.49,0.34));
#5874 = VERTEX_POINT('',#5875);
#5875 = CARTESIAN_POINT('',(0.34,0.49,0.34));
#5876 = LINE('',#5877,#5878);
#5877 = CARTESIAN_POINT('',(0.34,0.49,0.34));
#5878 = VECTOR('',#5879,1.);
#5879 = DIRECTION('',(1.,-0.,-0.));
#5880 = ORIENTED_EDGE('',*,*,#5881,.F.);
#5881 = EDGE_CURVE('',#5882,#5872,#5884,.T.);
#5882 = VERTEX_POINT('',#5883);
#5883 = CARTESIAN_POINT('',(-0.34,0.49,4.E-02));
#5884 = LINE('',#5885,#5886);
#5885 = CARTESIAN_POINT('',(-0.34,0.49,4.E-02));
#5886 = VECTOR('',#5887,1.);
#5887 = DIRECTION('',(0.,0.,1.));
#5888 = ORIENTED_EDGE('',*,*,#5889,.F.);
#5889 = EDGE_CURVE('',#5890,#5882,#5892,.T.);
#5890 = VERTEX_POINT('',#5891);
#5891 = CARTESIAN_POINT('',(0.34,0.49,4.E-02));
#5892 = LINE('',#5893,#5894);
#5893 = CARTESIAN_POINT('',(0.34,0.49,4.E-02));
#5894 = VECTOR('',#5895,1.);
#5895 = DIRECTION('',(-1.,0.,0.));
#5896 = ORIENTED_EDGE('',*,*,#5897,.F.);
#5897 = EDGE_CURVE('',#5874,#5890,#5898,.T.);
#5898 = LINE('',#5899,#5900);
#5899 = CARTESIAN_POINT('',(0.34,0.49,4.E-02));
#5900 = VECTOR('',#5901,1.);
#5901 = DIRECTION('',(-0.,-0.,-1.));
#5902 = FACE_BOUND('',#5903,.T.);
#5903 = EDGE_LOOP('',(#5904,#5914,#5922,#5930));
#5904 = ORIENTED_EDGE('',*,*,#5905,.F.);
#5905 = EDGE_CURVE('',#5906,#5908,#5910,.T.);
#5906 = VERTEX_POINT('',#5907);
#5907 = CARTESIAN_POINT('',(-0.34,0.49,-0.34));
#5908 = VERTEX_POINT('',#5909);
#5909 = CARTESIAN_POINT('',(-0.34,0.49,-4.E-02));
#5910 = LINE('',#5911,#5912);
#5911 = CARTESIAN_POINT('',(-0.34,0.49,-4.E-02));
#5912 = VECTOR('',#5913,1.);
#5913 = DIRECTION('',(7.228014483237E-16,-0.,1.));
#5914 = ORIENTED_EDGE('',*,*,#5915,.F.);
#5915 = EDGE_CURVE('',#5916,#5906,#5918,.T.);
#5916 = VERTEX_POINT('',#5917);
#5917 = CARTESIAN_POINT('',(-4.E-02,0.49,-0.34));
#5918 = LINE('',#5919,#5920);
#5919 = CARTESIAN_POINT('',(-4.E-02,0.49,-0.34));
#5920 = VECTOR('',#5921,1.);
#5921 = DIRECTION('',(-1.,0.,0.));
#5922 = ORIENTED_EDGE('',*,*,#5923,.F.);
#5923 = EDGE_CURVE('',#5924,#5916,#5926,.T.);
#5924 = VERTEX_POINT('',#5925);
#5925 = CARTESIAN_POINT('',(-4.E-02,0.49,-4.E-02));
#5926 = LINE('',#5927,#5928);
#5927 = CARTESIAN_POINT('',(-4.E-02,0.49,-4.E-02));
#5928 = VECTOR('',#5929,1.);
#5929 = DIRECTION('',(2.258754526011E-17,0.,-1.));
#5930 = ORIENTED_EDGE('',*,*,#5931,.F.);
#5931 = EDGE_CURVE('',#5908,#5924,#5932,.T.);
#5932 = LINE('',#5933,#5934);
#5933 = CARTESIAN_POINT('',(-4.E-02,0.49,-4.E-02));
#5934 = VECTOR('',#5935,1.);
#5935 = DIRECTION('',(1.,-0.,-9.035018104046E-17));
#5936 = FACE_BOUND('',#5937,.T.);
#5937 = EDGE_LOOP('',(#5938,#5948,#5956,#5964));
#5938 = ORIENTED_EDGE('',*,*,#5939,.F.);
#5939 = EDGE_CURVE('',#5940,#5942,#5944,.T.);
#5940 = VERTEX_POINT('',#5941);
#5941 = CARTESIAN_POINT('',(0.34,0.49,-0.34));
#5942 = VERTEX_POINT('',#5943);
#5943 = CARTESIAN_POINT('',(4.E-02,0.49,-0.34));
#5944 = LINE('',#5945,#5946);
#5945 = CARTESIAN_POINT('',(4.E-02,0.49,-0.34));
#5946 = VECTOR('',#5947,1.);
#5947 = DIRECTION('',(-1.,-0.,-0.));
#5948 = ORIENTED_EDGE('',*,*,#5949,.F.);
#5949 = EDGE_CURVE('',#5950,#5940,#5952,.T.);
#5950 = VERTEX_POINT('',#5951);
#5951 = CARTESIAN_POINT('',(0.34,0.49,-4.E-02));
#5952 = LINE('',#5953,#5954);
#5953 = CARTESIAN_POINT('',(0.34,0.49,-4.E-02));
#5954 = VECTOR('',#5955,1.);
#5955 = DIRECTION('',(3.614007241618E-16,0.,-1.));
#5956 = ORIENTED_EDGE('',*,*,#5957,.F.);
#5957 = EDGE_CURVE('',#5958,#5950,#5960,.T.);
#5958 = VERTEX_POINT('',#5959);
#5959 = CARTESIAN_POINT('',(4.E-02,0.49,-4.E-02));
#5960 = LINE('',#5961,#5962);
#5961 = CARTESIAN_POINT('',(4.E-02,0.49,-4.E-02));
#5962 = VECTOR('',#5963,1.);
#5963 = DIRECTION('',(1.,0.,9.035018104046E-17));
#5964 = ORIENTED_EDGE('',*,*,#5965,.F.);
#5965 = EDGE_CURVE('',#5942,#5958,#5966,.T.);
#5966 = LINE('',#5967,#5968);
#5967 = CARTESIAN_POINT('',(4.E-02,0.49,-4.E-02));
#5968 = VECTOR('',#5969,1.);
#5969 = DIRECTION('',(2.258754526011E-17,-0.,1.));
#5970 = FACE_BOUND('',#5971,.T.);
#5971 = EDGE_LOOP('',(#5972,#5973,#5974,#5975,#5976,#5977,#5978,#5979));
#5972 = ORIENTED_EDGE('',*,*,#5634,.T.);
#5973 = ORIENTED_EDGE('',*,*,#5673,.T.);
#5974 = ORIENTED_EDGE('',*,*,#5705,.T.);
#5975 = ORIENTED_EDGE('',*,*,#5737,.T.);
#5976 = ORIENTED_EDGE('',*,*,#5769,.T.);
#5977 = ORIENTED_EDGE('',*,*,#5801,.T.);
#5978 = ORIENTED_EDGE('',*,*,#5833,.T.);
#5979 = ORIENTED_EDGE('',*,*,#5856,.T.);
#5980 = PLANE('',#5981);
#5981 = AXIS2_PLACEMENT_3D('',#5982,#5983,#5984);
#5982 = CARTESIAN_POINT('',(-0.375,0.49,0.375));
#5983 = DIRECTION('',(0.,1.,0.));
#5984 = DIRECTION('',(0.,-0.,1.));
#5985 = ADVANCED_FACE('',(#5986,#6020,#6054,#6088),#6098,.F.);
#5986 = FACE_BOUND('',#5987,.T.);
#5987 = EDGE_LOOP('',(#5988,#5998,#6006,#6014));
#5988 = ORIENTED_EDGE('',*,*,#5989,.T.);
#5989 = EDGE_CURVE('',#5990,#5992,#5994,.T.);
#5990 = VERTEX_POINT('',#5991);
#5991 = CARTESIAN_POINT('',(-0.34,0.39,4.E-02));
#5992 = VERTEX_POINT('',#5993);
#5993 = CARTESIAN_POINT('',(-0.34,0.39,0.34));
#5994 = LINE('',#5995,#5996);
#5995 = CARTESIAN_POINT('',(-0.34,0.39,4.E-02));
#5996 = VECTOR('',#5997,1.);
#5997 = DIRECTION('',(0.,0.,1.));
#5998 = ORIENTED_EDGE('',*,*,#5999,.T.);
#5999 = EDGE_CURVE('',#5992,#6000,#6002,.T.);
#6000 = VERTEX_POINT('',#6001);
#6001 = CARTESIAN_POINT('',(0.34,0.39,0.34));
#6002 = LINE('',#6003,#6004);
#6003 = CARTESIAN_POINT('',(0.34,0.39,0.34));
#6004 = VECTOR('',#6005,1.);
#6005 = DIRECTION('',(1.,-0.,-0.));
#6006 = ORIENTED_EDGE('',*,*,#6007,.T.);
#6007 = EDGE_CURVE('',#6000,#6008,#6010,.T.);
#6008 = VERTEX_POINT('',#6009);
#6009 = CARTESIAN_POINT('',(0.34,0.39,4.E-02));
#6010 = LINE('',#6011,#6012);
#6011 = CARTESIAN_POINT('',(0.34,0.39,4.E-02));
#6012 = VECTOR('',#6013,1.);
#6013 = DIRECTION('',(-0.,-0.,-1.));
#6014 = ORIENTED_EDGE('',*,*,#6015,.T.);
#6015 = EDGE_CURVE('',#6008,#5990,#6016,.T.);
#6016 = LINE('',#6017,#6018);
#6017 = CARTESIAN_POINT('',(0.34,0.39,4.E-02));
#6018 = VECTOR('',#6019,1.);
#6019 = DIRECTION('',(-1.,0.,0.));
#6020 = FACE_BOUND('',#6021,.T.);
#6021 = EDGE_LOOP('',(#6022,#6032,#6040,#6048));
#6022 = ORIENTED_EDGE('',*,*,#6023,.T.);
#6023 = EDGE_CURVE('',#6024,#6026,#6028,.T.);
#6024 = VERTEX_POINT('',#6025);
#6025 = CARTESIAN_POINT('',(-4.E-02,0.39,-0.34));
#6026 = VERTEX_POINT('',#6027);
#6027 = CARTESIAN_POINT('',(-0.34,0.39,-0.34));
#6028 = LINE('',#6029,#6030);
#6029 = CARTESIAN_POINT('',(-4.E-02,0.39,-0.34));
#6030 = VECTOR('',#6031,1.);
#6031 = DIRECTION('',(-1.,0.,0.));
#6032 = ORIENTED_EDGE('',*,*,#6033,.T.);
#6033 = EDGE_CURVE('',#6026,#6034,#6036,.T.);
#6034 = VERTEX_POINT('',#6035);
#6035 = CARTESIAN_POINT('',(-0.34,0.39,-4.E-02));
#6036 = LINE('',#6037,#6038);
#6037 = CARTESIAN_POINT('',(-0.34,0.39,-4.E-02));
#6038 = VECTOR('',#6039,1.);
#6039 = DIRECTION('',(7.228014483237E-16,-0.,1.));
#6040 = ORIENTED_EDGE('',*,*,#6041,.T.);
#6041 = EDGE_CURVE('',#6034,#6042,#6044,.T.);
#6042 = VERTEX_POINT('',#6043);
#6043 = CARTESIAN_POINT('',(-4.E-02,0.39,-4.E-02));
#6044 = LINE('',#6045,#6046);
#6045 = CARTESIAN_POINT('',(-4.E-02,0.39,-4.E-02));
#6046 = VECTOR('',#6047,1.);
#6047 = DIRECTION('',(1.,-0.,-9.035018104046E-17));
#6048 = ORIENTED_EDGE('',*,*,#6049,.T.);
#6049 = EDGE_CURVE('',#6042,#6024,#6050,.T.);
#6050 = LINE('',#6051,#6052);
#6051 = CARTESIAN_POINT('',(-4.E-02,0.39,-4.E-02));
#6052 = VECTOR('',#6053,1.);
#6053 = DIRECTION('',(2.258754526011E-17,0.,-1.));
#6054 = FACE_BOUND('',#6055,.T.);
#6055 = EDGE_LOOP('',(#6056,#6066,#6074,#6082));
#6056 = ORIENTED_EDGE('',*,*,#6057,.T.);
#6057 = EDGE_CURVE('',#6058,#6060,#6062,.T.);
#6058 = VERTEX_POINT('',#6059);
#6059 = CARTESIAN_POINT('',(0.34,0.39,-4.E-02));
#6060 = VERTEX_POINT('',#6061);
#6061 = CARTESIAN_POINT('',(0.34,0.39,-0.34));
#6062 = LINE('',#6063,#6064);
#6063 = CARTESIAN_POINT('',(0.34,0.39,-4.E-02));
#6064 = VECTOR('',#6065,1.);
#6065 = DIRECTION('',(3.614007241618E-16,0.,-1.));
#6066 = ORIENTED_EDGE('',*,*,#6067,.T.);
#6067 = EDGE_CURVE('',#6060,#6068,#6070,.T.);
#6068 = VERTEX_POINT('',#6069);
#6069 = CARTESIAN_POINT('',(4.E-02,0.39,-0.34));
#6070 = LINE('',#6071,#6072);
#6071 = CARTESIAN_POINT('',(4.E-02,0.39,-0.34));
#6072 = VECTOR('',#6073,1.);
#6073 = DIRECTION('',(-1.,-0.,-0.));
#6074 = ORIENTED_EDGE('',*,*,#6075,.T.);
#6075 = EDGE_CURVE('',#6068,#6076,#6078,.T.);
#6076 = VERTEX_POINT('',#6077);
#6077 = CARTESIAN_POINT('',(4.E-02,0.39,-4.E-02));
#6078 = LINE('',#6079,#6080);
#6079 = CARTESIAN_POINT('',(4.E-02,0.39,-4.E-02));
#6080 = VECTOR('',#6081,1.);
#6081 = DIRECTION('',(2.258754526011E-17,-0.,1.));
#6082 = ORIENTED_EDGE('',*,*,#6083,.T.);
#6083 = EDGE_CURVE('',#6076,#6058,#6084,.T.);
#6084 = LINE('',#6085,#6086);
#6085 = CARTESIAN_POINT('',(4.E-02,0.39,-4.E-02));
#6086 = VECTOR('',#6087,1.);
#6087 = DIRECTION('',(1.,0.,9.035018104046E-17));
#6088 = FACE_BOUND('',#6089,.T.);
#6089 = EDGE_LOOP('',(#6090,#6091,#6092,#6093,#6094,#6095,#6096,#6097));
#6090 = ORIENTED_EDGE('',*,*,#5615,.F.);
#6091 = ORIENTED_EDGE('',*,*,#5849,.F.);
#6092 = ORIENTED_EDGE('',*,*,#5816,.F.);
#6093 = ORIENTED_EDGE('',*,*,#5785,.F.);
#6094 = ORIENTED_EDGE('',*,*,#5752,.F.);
#6095 = ORIENTED_EDGE('',*,*,#5721,.F.);
#6096 = ORIENTED_EDGE('',*,*,#5688,.F.);
#6097 = ORIENTED_EDGE('',*,*,#5657,.F.);
#6098 = PLANE('',#6099);
#6099 = AXIS2_PLACEMENT_3D('',#6100,#6101,#6102);
#6100 = CARTESIAN_POINT('',(-0.375,0.39,0.375));
#6101 = DIRECTION('',(0.,1.,0.));
#6102 = DIRECTION('',(0.,-0.,1.));
#6103 = ADVANCED_FACE('',(#6104),#6120,.F.);
#6104 = FACE_BOUND('',#6105,.T.);
#6105 = EDGE_LOOP('',(#6106,#6107,#6113,#6114));
#6106 = ORIENTED_EDGE('',*,*,#5939,.T.);
#6107 = ORIENTED_EDGE('',*,*,#6108,.F.);
#6108 = EDGE_CURVE('',#6068,#5942,#6109,.T.);
#6109 = LINE('',#6110,#6111);
#6110 = CARTESIAN_POINT('',(4.E-02,0.39,-0.34));
#6111 = VECTOR('',#6112,1.);
#6112 = DIRECTION('',(-0.,1.,-0.));
#6113 = ORIENTED_EDGE('',*,*,#6067,.F.);
#6114 = ORIENTED_EDGE('',*,*,#6115,.T.);
#6115 = EDGE_CURVE('',#6060,#5940,#6116,.T.);
#6116 = LINE('',#6117,#6118);
#6117 = CARTESIAN_POINT('',(0.34,0.39,-0.34));
#6118 = VECTOR('',#6119,1.);
#6119 = DIRECTION('',(-0.,1.,-0.));
#6120 = PLANE('',#6121);
#6121 = AXIS2_PLACEMENT_3D('',#6122,#6123,#6124);
#6122 = CARTESIAN_POINT('',(4.E-02,0.39,-0.34));
#6123 = DIRECTION('',(0.,0.,-1.));
#6124 = DIRECTION('',(-1.,0.,-0.));
#6125 = ADVANCED_FACE('',(#6126),#6137,.F.);
#6126 = FACE_BOUND('',#6127,.T.);
#6127 = EDGE_LOOP('',(#6128,#6129,#6130,#6131));
#6128 = ORIENTED_EDGE('',*,*,#5949,.T.);
#6129 = ORIENTED_EDGE('',*,*,#6115,.F.);
#6130 = ORIENTED_EDGE('',*,*,#6057,.F.);
#6131 = ORIENTED_EDGE('',*,*,#6132,.T.);
#6132 = EDGE_CURVE('',#6058,#5950,#6133,.T.);
#6133 = LINE('',#6134,#6135);
#6134 = CARTESIAN_POINT('',(0.34,0.39,-4.E-02));
#6135 = VECTOR('',#6136,1.);
#6136 = DIRECTION('',(-0.,1.,-0.));
#6137 = PLANE('',#6138);
#6138 = AXIS2_PLACEMENT_3D('',#6139,#6140,#6141);
#6139 = CARTESIAN_POINT('',(0.34,0.39,-4.E-02));
#6140 = DIRECTION('',(1.,0.,3.614007241618E-16));
#6141 = DIRECTION('',(3.614007241618E-16,0.,-1.));
#6142 = ADVANCED_FACE('',(#6143),#6154,.F.);
#6143 = FACE_BOUND('',#6144,.T.);
#6144 = EDGE_LOOP('',(#6145,#6146,#6147,#6148));
#6145 = ORIENTED_EDGE('',*,*,#5957,.T.);
#6146 = ORIENTED_EDGE('',*,*,#6132,.F.);
#6147 = ORIENTED_EDGE('',*,*,#6083,.F.);
#6148 = ORIENTED_EDGE('',*,*,#6149,.T.);
#6149 = EDGE_CURVE('',#6076,#5958,#6150,.T.);
#6150 = LINE('',#6151,#6152);
#6151 = CARTESIAN_POINT('',(4.E-02,0.39,-4.E-02));
#6152 = VECTOR('',#6153,1.);
#6153 = DIRECTION('',(-0.,1.,-0.));
#6154 = PLANE('',#6155);
#6155 = AXIS2_PLACEMENT_3D('',#6156,#6157,#6158);
#6156 = CARTESIAN_POINT('',(4.E-02,0.39,-4.E-02));
#6157 = DIRECTION('',(-9.035018104046E-17,0.,1.));
#6158 = DIRECTION('',(1.,0.,9.035018104046E-17));
#6159 = ADVANCED_FACE('',(#6160),#6166,.F.);
#6160 = FACE_BOUND('',#6161,.T.);
#6161 = EDGE_LOOP('',(#6162,#6163,#6164,#6165));
#6162 = ORIENTED_EDGE('',*,*,#5965,.T.);
#6163 = ORIENTED_EDGE('',*,*,#6149,.F.);
#6164 = ORIENTED_EDGE('',*,*,#6075,.F.);
#6165 = ORIENTED_EDGE('',*,*,#6108,.T.);
#6166 = PLANE('',#6167);
#6167 = AXIS2_PLACEMENT_3D('',#6168,#6169,#6170);
#6168 = CARTESIAN_POINT('',(4.E-02,0.39,-4.E-02));
#6169 = DIRECTION('',(-1.,0.,2.258754526011E-17));
#6170 = DIRECTION('',(2.258754526011E-17,0.,1.));
#6171 = ADVANCED_FACE('',(#6172),#6188,.F.);
#6172 = FACE_BOUND('',#6173,.T.);
#6173 = EDGE_LOOP('',(#6174,#6175,#6181,#6182));
#6174 = ORIENTED_EDGE('',*,*,#5905,.T.);
#6175 = ORIENTED_EDGE('',*,*,#6176,.F.);
#6176 = EDGE_CURVE('',#6034,#5908,#6177,.T.);
#6177 = LINE('',#6178,#6179);
#6178 = CARTESIAN_POINT('',(-0.34,0.39,-4.E-02));
#6179 = VECTOR('',#6180,1.);
#6180 = DIRECTION('',(-0.,1.,-0.));
#6181 = ORIENTED_EDGE('',*,*,#6033,.F.);
#6182 = ORIENTED_EDGE('',*,*,#6183,.T.);
#6183 = EDGE_CURVE('',#6026,#5906,#6184,.T.);
#6184 = LINE('',#6185,#6186);
#6185 = CARTESIAN_POINT('',(-0.34,0.39,-0.34));
#6186 = VECTOR('',#6187,1.);
#6187 = DIRECTION('',(-0.,1.,-0.));
#6188 = PLANE('',#6189);
#6189 = AXIS2_PLACEMENT_3D('',#6190,#6191,#6192);
#6190 = CARTESIAN_POINT('',(-0.34,0.39,-4.E-02));
#6191 = DIRECTION('',(-1.,0.,7.228014483237E-16));
#6192 = DIRECTION('',(7.228014483237E-16,0.,1.));
#6193 = ADVANCED_FACE('',(#6194),#6205,.F.);
#6194 = FACE_BOUND('',#6195,.T.);
#6195 = EDGE_LOOP('',(#6196,#6197,#6198,#6199));
#6196 = ORIENTED_EDGE('',*,*,#5915,.T.);
#6197 = ORIENTED_EDGE('',*,*,#6183,.F.);
#6198 = ORIENTED_EDGE('',*,*,#6023,.F.);
#6199 = ORIENTED_EDGE('',*,*,#6200,.T.);
#6200 = EDGE_CURVE('',#6024,#5916,#6201,.T.);
#6201 = LINE('',#6202,#6203);
#6202 = CARTESIAN_POINT('',(-4.E-02,0.39,-0.34));
#6203 = VECTOR('',#6204,1.);
#6204 = DIRECTION('',(-0.,1.,-0.));
#6205 = PLANE('',#6206);
#6206 = AXIS2_PLACEMENT_3D('',#6207,#6208,#6209);
#6207 = CARTESIAN_POINT('',(-4.E-02,0.39,-0.34));
#6208 = DIRECTION('',(-0.,0.,-1.));
#6209 = DIRECTION('',(-1.,0.,0.));
#6210 = ADVANCED_FACE('',(#6211),#6222,.F.);
#6211 = FACE_BOUND('',#6212,.T.);
#6212 = EDGE_LOOP('',(#6213,#6214,#6215,#6216));
#6213 = ORIENTED_EDGE('',*,*,#5923,.T.);
#6214 = ORIENTED_EDGE('',*,*,#6200,.F.);
#6215 = ORIENTED_EDGE('',*,*,#6049,.F.);
#6216 = ORIENTED_EDGE('',*,*,#6217,.T.);
#6217 = EDGE_CURVE('',#6042,#5924,#6218,.T.);
#6218 = LINE('',#6219,#6220);
#6219 = CARTESIAN_POINT('',(-4.E-02,0.39,-4.E-02));
#6220 = VECTOR('',#6221,1.);
#6221 = DIRECTION('',(-0.,1.,-0.));
#6222 = PLANE('',#6223);
#6223 = AXIS2_PLACEMENT_3D('',#6224,#6225,#6226);
#6224 = CARTESIAN_POINT('',(-4.E-02,0.39,-4.E-02));
#6225 = DIRECTION('',(1.,0.,2.258754526011E-17));
#6226 = DIRECTION('',(2.258754526011E-17,0.,-1.));
#6227 = ADVANCED_FACE('',(#6228),#6234,.F.);
#6228 = FACE_BOUND('',#6229,.T.);
#6229 = EDGE_LOOP('',(#6230,#6231,#6232,#6233));
#6230 = ORIENTED_EDGE('',*,*,#5931,.T.);
#6231 = ORIENTED_EDGE('',*,*,#6217,.F.);
#6232 = ORIENTED_EDGE('',*,*,#6041,.F.);
#6233 = ORIENTED_EDGE('',*,*,#6176,.T.);
#6234 = PLANE('',#6235);
#6235 = AXIS2_PLACEMENT_3D('',#6236,#6237,#6238);
#6236 = CARTESIAN_POINT('',(-4.E-02,0.39,-4.E-02));
#6237 = DIRECTION('',(9.035018104046E-17,0.,1.));
#6238 = DIRECTION('',(1.,0.,-9.035018104046E-17));
#6239 = ADVANCED_FACE('',(#6240),#6256,.F.);
#6240 = FACE_BOUND('',#6241,.T.);
#6241 = EDGE_LOOP('',(#6242,#6243,#6249,#6250));
#6242 = ORIENTED_EDGE('',*,*,#5871,.T.);
#6243 = ORIENTED_EDGE('',*,*,#6244,.F.);
#6244 = EDGE_CURVE('',#6000,#5874,#6245,.T.);
#6245 = LINE('',#6246,#6247);
#6246 = CARTESIAN_POINT('',(0.34,0.39,0.34));
#6247 = VECTOR('',#6248,1.);
#6248 = DIRECTION('',(-0.,1.,-0.));
#6249 = ORIENTED_EDGE('',*,*,#5999,.F.);
#6250 = ORIENTED_EDGE('',*,*,#6251,.T.);
#6251 = EDGE_CURVE('',#5992,#5872,#6252,.T.);
#6252 = LINE('',#6253,#6254);
#6253 = CARTESIAN_POINT('',(-0.34,0.39,0.34));
#6254 = VECTOR('',#6255,1.);
#6255 = DIRECTION('',(-0.,1.,-0.));
#6256 = PLANE('',#6257);
#6257 = AXIS2_PLACEMENT_3D('',#6258,#6259,#6260);
#6258 = CARTESIAN_POINT('',(0.34,0.39,0.34));
#6259 = DIRECTION('',(0.,0.,1.));
#6260 = DIRECTION('',(1.,0.,-0.));
#6261 = ADVANCED_FACE('',(#6262),#6273,.F.);
#6262 = FACE_BOUND('',#6263,.T.);
#6263 = EDGE_LOOP('',(#6264,#6265,#6266,#6267));
#6264 = ORIENTED_EDGE('',*,*,#5881,.T.);
#6265 = ORIENTED_EDGE('',*,*,#6251,.F.);
#6266 = ORIENTED_EDGE('',*,*,#5989,.F.);
#6267 = ORIENTED_EDGE('',*,*,#6268,.T.);
#6268 = EDGE_CURVE('',#5990,#5882,#6269,.T.);
#6269 = LINE('',#6270,#6271);
#6270 = CARTESIAN_POINT('',(-0.34,0.39,4.E-02));
#6271 = VECTOR('',#6272,1.);
#6272 = DIRECTION('',(-0.,1.,-0.));
#6273 = PLANE('',#6274);
#6274 = AXIS2_PLACEMENT_3D('',#6275,#6276,#6277);
#6275 = CARTESIAN_POINT('',(-0.34,0.39,4.E-02));
#6276 = DIRECTION('',(-1.,0.,0.));
#6277 = DIRECTION('',(0.,0.,1.));
#6278 = ADVANCED_FACE('',(#6279),#6290,.F.);
#6279 = FACE_BOUND('',#6280,.T.);
#6280 = EDGE_LOOP('',(#6281,#6282,#6283,#6284));
#6281 = ORIENTED_EDGE('',*,*,#5889,.T.);
#6282 = ORIENTED_EDGE('',*,*,#6268,.F.);
#6283 = ORIENTED_EDGE('',*,*,#6015,.F.);
#6284 = ORIENTED_EDGE('',*,*,#6285,.T.);
#6285 = EDGE_CURVE('',#6008,#5890,#6286,.T.);
#6286 = LINE('',#6287,#6288);
#6287 = CARTESIAN_POINT('',(0.34,0.39,4.E-02));
#6288 = VECTOR('',#6289,1.);
#6289 = DIRECTION('',(-0.,1.,-0.));
#6290 = PLANE('',#6291);
#6291 = AXIS2_PLACEMENT_3D('',#6292,#6293,#6294);
#6292 = CARTESIAN_POINT('',(0.34,0.39,4.E-02));
#6293 = DIRECTION('',(-0.,0.,-1.));
#6294 = DIRECTION('',(-1.,0.,0.));
#6295 = ADVANCED_FACE('',(#6296),#6302,.F.);
#6296 = FACE_BOUND('',#6297,.T.);
#6297 = EDGE_LOOP('',(#6298,#6299,#6300,#6301));
#6298 = ORIENTED_EDGE('',*,*,#5897,.T.);
#6299 = ORIENTED_EDGE('',*,*,#6285,.F.);
#6300 = ORIENTED_EDGE('',*,*,#6007,.F.);
#6301 = ORIENTED_EDGE('',*,*,#6244,.T.);
#6302 = PLANE('',#6303);
#6303 = AXIS2_PLACEMENT_3D('',#6304,#6305,#6306);
#6304 = CARTESIAN_POINT('',(0.34,0.39,4.E-02));
#6305 = DIRECTION('',(1.,0.,-0.));
#6306 = DIRECTION('',(-0.,0.,-1.));
#6307 = MANIFOLD_SOLID_BREP('',#6308);
#6308 = CLOSED_SHELL('',(#6309,#6349,#6389,#6411,#6428,#6445));
#6309 = ADVANCED_FACE('',(#6310),#6344,.T.);
#6310 = FACE_BOUND('',#6311,.T.);
#6311 = EDGE_LOOP('',(#6312,#6322,#6330,#6338));
#6312 = ORIENTED_EDGE('',*,*,#6313,.F.);
#6313 = EDGE_CURVE('',#6314,#6316,#6318,.T.);
#6314 = VERTEX_POINT('',#6315);
#6315 = CARTESIAN_POINT('',(-0.34,0.39,0.34));
#6316 = VERTEX_POINT('',#6317);
#6317 = CARTESIAN_POINT('',(0.34,0.39,0.34));
#6318 = LINE('',#6319,#6320);
#6319 = CARTESIAN_POINT('',(0.34,0.39,0.34));
#6320 = VECTOR('',#6321,1.);
#6321 = DIRECTION('',(1.,0.,0.));
#6322 = ORIENTED_EDGE('',*,*,#6323,.F.);
#6323 = EDGE_CURVE('',#6324,#6314,#6326,.T.);
#6324 = VERTEX_POINT('',#6325);
#6325 = CARTESIAN_POINT('',(-0.34,0.39,4.E-02));
#6326 = LINE('',#6327,#6328);
#6327 = CARTESIAN_POINT('',(-0.34,0.39,4.E-02));
#6328 = VECTOR('',#6329,1.);
#6329 = DIRECTION('',(0.,0.,1.));
#6330 = ORIENTED_EDGE('',*,*,#6331,.F.);
#6331 = EDGE_CURVE('',#6332,#6324,#6334,.T.);
#6332 = VERTEX_POINT('',#6333);
#6333 = CARTESIAN_POINT('',(0.34,0.39,4.E-02));
#6334 = LINE('',#6335,#6336);
#6335 = CARTESIAN_POINT('',(0.34,0.39,4.E-02));
#6336 = VECTOR('',#6337,1.);
#6337 = DIRECTION('',(-1.,0.,0.));
#6338 = ORIENTED_EDGE('',*,*,#6339,.F.);
#6339 = EDGE_CURVE('',#6316,#6332,#6340,.T.);
#6340 = LINE('',#6341,#6342);
#6341 = CARTESIAN_POINT('',(0.34,0.39,4.E-02));
#6342 = VECTOR('',#6343,1.);
#6343 = DIRECTION('',(0.,0.,-1.));
#6344 = PLANE('',#6345);
#6345 = AXIS2_PLACEMENT_3D('',#6346,#6347,#6348);
#6346 = CARTESIAN_POINT('',(0.,0.39,0.));
#6347 = DIRECTION('',(0.,-1.,0.));
#6348 = DIRECTION('',(0.,-0.,-1.));
#6349 = ADVANCED_FACE('',(#6350),#6384,.T.);
#6350 = FACE_BOUND('',#6351,.T.);
#6351 = EDGE_LOOP('',(#6352,#6362,#6370,#6378));
#6352 = ORIENTED_EDGE('',*,*,#6353,.T.);
#6353 = EDGE_CURVE('',#6354,#6356,#6358,.T.);
#6354 = VERTEX_POINT('',#6355);
#6355 = CARTESIAN_POINT('',(-0.34,0.49,0.34));
#6356 = VERTEX_POINT('',#6357);
#6357 = CARTESIAN_POINT('',(0.34,0.49,0.34));
#6358 = LINE('',#6359,#6360);
#6359 = CARTESIAN_POINT('',(0.34,0.49,0.34));
#6360 = VECTOR('',#6361,1.);
#6361 = DIRECTION('',(1.,-0.,-0.));
#6362 = ORIENTED_EDGE('',*,*,#6363,.T.);
#6363 = EDGE_CURVE('',#6356,#6364,#6366,.T.);
#6364 = VERTEX_POINT('',#6365);
#6365 = CARTESIAN_POINT('',(0.34,0.49,4.E-02));
#6366 = LINE('',#6367,#6368);
#6367 = CARTESIAN_POINT('',(0.34,0.49,4.E-02));
#6368 = VECTOR('',#6369,1.);
#6369 = DIRECTION('',(-0.,-0.,-1.));
#6370 = ORIENTED_EDGE('',*,*,#6371,.T.);
#6371 = EDGE_CURVE('',#6364,#6372,#6374,.T.);
#6372 = VERTEX_POINT('',#6373);
#6373 = CARTESIAN_POINT('',(-0.34,0.49,4.E-02));
#6374 = LINE('',#6375,#6376);
#6375 = CARTESIAN_POINT('',(0.34,0.49,4.E-02));
#6376 = VECTOR('',#6377,1.);
#6377 = DIRECTION('',(-1.,0.,0.));
#6378 = ORIENTED_EDGE('',*,*,#6379,.T.);
#6379 = EDGE_CURVE('',#6372,#6354,#6380,.T.);
#6380 = LINE('',#6381,#6382);
#6381 = CARTESIAN_POINT('',(-0.34,0.49,4.E-02));
#6382 = VECTOR('',#6383,1.);
#6383 = DIRECTION('',(0.,0.,1.));
#6384 = PLANE('',#6385);
#6385 = AXIS2_PLACEMENT_3D('',#6386,#6387,#6388);
#6386 = CARTESIAN_POINT('',(0.,0.49,0.));
#6387 = DIRECTION('',(0.,1.,-0.));
#6388 = DIRECTION('',(0.,0.,1.));
#6389 = ADVANCED_FACE('',(#6390),#6406,.T.);
#6390 = FACE_BOUND('',#6391,.T.);
#6391 = EDGE_LOOP('',(#6392,#6398,#6399,#6405));
#6392 = ORIENTED_EDGE('',*,*,#6393,.F.);
#6393 = EDGE_CURVE('',#6316,#6356,#6394,.T.);
#6394 = LINE('',#6395,#6396);
#6395 = CARTESIAN_POINT('',(0.34,-0.353236167042,0.34));
#6396 = VECTOR('',#6397,1.);
#6397 = DIRECTION('',(0.,1.,0.));
#6398 = ORIENTED_EDGE('',*,*,#6339,.T.);
#6399 = ORIENTED_EDGE('',*,*,#6400,.T.);
#6400 = EDGE_CURVE('',#6332,#6364,#6401,.T.);
#6401 = LINE('',#6402,#6403);
#6402 = CARTESIAN_POINT('',(0.34,-0.353236167042,4.E-02));
#6403 = VECTOR('',#6404,1.);
#6404 = DIRECTION('',(0.,1.,0.));
#6405 = ORIENTED_EDGE('',*,*,#6363,.F.);
#6406 = PLANE('',#6407);
#6407 = AXIS2_PLACEMENT_3D('',#6408,#6409,#6410);
#6408 = CARTESIAN_POINT('',(0.34,-0.353236167042,4.E-02));
#6409 = DIRECTION('',(1.,0.,0.));
#6410 = DIRECTION('',(0.,0.,-1.));
#6411 = ADVANCED_FACE('',(#6412),#6423,.T.);
#6412 = FACE_BOUND('',#6413,.T.);
#6413 = EDGE_LOOP('',(#6414,#6415,#6416,#6422));
#6414 = ORIENTED_EDGE('',*,*,#6400,.F.);
#6415 = ORIENTED_EDGE('',*,*,#6331,.T.);
#6416 = ORIENTED_EDGE('',*,*,#6417,.T.);
#6417 = EDGE_CURVE('',#6324,#6372,#6418,.T.);
#6418 = LINE('',#6419,#6420);
#6419 = CARTESIAN_POINT('',(-0.34,-0.353236167042,4.E-02));
#6420 = VECTOR('',#6421,1.);
#6421 = DIRECTION('',(0.,1.,0.));
#6422 = ORIENTED_EDGE('',*,*,#6371,.F.);
#6423 = PLANE('',#6424);
#6424 = AXIS2_PLACEMENT_3D('',#6425,#6426,#6427);
#6425 = CARTESIAN_POINT('',(0.34,-0.353236167042,4.E-02));
#6426 = DIRECTION('',(0.,0.,-1.));
#6427 = DIRECTION('',(-1.,0.,-0.));
#6428 = ADVANCED_FACE('',(#6429),#6440,.T.);
#6429 = FACE_BOUND('',#6430,.T.);
#6430 = EDGE_LOOP('',(#6431,#6432,#6433,#6439));
#6431 = ORIENTED_EDGE('',*,*,#6417,.F.);
#6432 = ORIENTED_EDGE('',*,*,#6323,.T.);
#6433 = ORIENTED_EDGE('',*,*,#6434,.T.);
#6434 = EDGE_CURVE('',#6314,#6354,#6435,.T.);
#6435 = LINE('',#6436,#6437);
#6436 = CARTESIAN_POINT('',(-0.34,-0.353236167042,0.34));
#6437 = VECTOR('',#6438,1.);
#6438 = DIRECTION('',(0.,1.,0.));
#6439 = ORIENTED_EDGE('',*,*,#6379,.F.);
#6440 = PLANE('',#6441);
#6441 = AXIS2_PLACEMENT_3D('',#6442,#6443,#6444);
#6442 = CARTESIAN_POINT('',(-0.34,-0.353236167042,4.E-02));
#6443 = DIRECTION('',(-1.,0.,0.));
#6444 = DIRECTION('',(0.,0.,1.));
#6445 = ADVANCED_FACE('',(#6446),#6452,.T.);
#6446 = FACE_BOUND('',#6447,.T.);
#6447 = EDGE_LOOP('',(#6448,#6449,#6450,#6451));
#6448 = ORIENTED_EDGE('',*,*,#6434,.F.);
#6449 = ORIENTED_EDGE('',*,*,#6313,.T.);
#6450 = ORIENTED_EDGE('',*,*,#6393,.T.);
#6451 = ORIENTED_EDGE('',*,*,#6353,.F.);
#6452 = PLANE('',#6453);
#6453 = AXIS2_PLACEMENT_3D('',#6454,#6455,#6456);
#6454 = CARTESIAN_POINT('',(0.34,-0.353236167042,0.34));
#6455 = DIRECTION('',(0.,-0.,1.));
#6456 = DIRECTION('',(1.,0.,0.));
#6457 = MANIFOLD_SOLID_BREP('',#6458);
#6458 = CLOSED_SHELL('',(#6459,#6499,#6539,#6561,#6578,#6595));
#6459 = ADVANCED_FACE('',(#6460),#6494,.T.);
#6460 = FACE_BOUND('',#6461,.T.);
#6461 = EDGE_LOOP('',(#6462,#6472,#6480,#6488));
#6462 = ORIENTED_EDGE('',*,*,#6463,.F.);
#6463 = EDGE_CURVE('',#6464,#6466,#6468,.T.);
#6464 = VERTEX_POINT('',#6465);
#6465 = CARTESIAN_POINT('',(-0.34,0.39,-0.34));
#6466 = VERTEX_POINT('',#6467);
#6467 = CARTESIAN_POINT('',(-0.34,0.39,-4.E-02));
#6468 = LINE('',#6469,#6470);
#6469 = CARTESIAN_POINT('',(-0.34,0.39,-4.E-02));
#6470 = VECTOR('',#6471,1.);
#6471 = DIRECTION('',(7.228014483237E-16,0.,1.));
#6472 = ORIENTED_EDGE('',*,*,#6473,.F.);
#6473 = EDGE_CURVE('',#6474,#6464,#6476,.T.);
#6474 = VERTEX_POINT('',#6475);
#6475 = CARTESIAN_POINT('',(-4.E-02,0.39,-0.34));
#6476 = LINE('',#6477,#6478);
#6477 = CARTESIAN_POINT('',(-4.E-02,0.39,-0.34));
#6478 = VECTOR('',#6479,1.);
#6479 = DIRECTION('',(-1.,0.,0.));
#6480 = ORIENTED_EDGE('',*,*,#6481,.F.);
#6481 = EDGE_CURVE('',#6482,#6474,#6484,.T.);
#6482 = VERTEX_POINT('',#6483);
#6483 = CARTESIAN_POINT('',(-4.E-02,0.39,-4.E-02));
#6484 = LINE('',#6485,#6486);
#6485 = CARTESIAN_POINT('',(-4.E-02,0.39,-4.E-02));
#6486 = VECTOR('',#6487,1.);
#6487 = DIRECTION('',(2.258754526011E-17,0.,-1.));
#6488 = ORIENTED_EDGE('',*,*,#6489,.F.);
#6489 = EDGE_CURVE('',#6466,#6482,#6490,.T.);
#6490 = LINE('',#6491,#6492);
#6491 = CARTESIAN_POINT('',(-4.E-02,0.39,-4.E-02));
#6492 = VECTOR('',#6493,1.);
#6493 = DIRECTION('',(1.,0.,-9.035018104046E-17));
#6494 = PLANE('',#6495);
#6495 = AXIS2_PLACEMENT_3D('',#6496,#6497,#6498);
#6496 = CARTESIAN_POINT('',(0.,0.39,0.));
#6497 = DIRECTION('',(0.,-1.,0.));
#6498 = DIRECTION('',(0.,-0.,-1.));
#6499 = ADVANCED_FACE('',(#6500),#6534,.T.);
#6500 = FACE_BOUND('',#6501,.T.);
#6501 = EDGE_LOOP('',(#6502,#6512,#6520,#6528));
#6502 = ORIENTED_EDGE('',*,*,#6503,.T.);
#6503 = EDGE_CURVE('',#6504,#6506,#6508,.T.);
#6504 = VERTEX_POINT('',#6505);
#6505 = CARTESIAN_POINT('',(-0.34,0.49,-0.34));
#6506 = VERTEX_POINT('',#6507);
#6507 = CARTESIAN_POINT('',(-0.34,0.49,-4.E-02));
#6508 = LINE('',#6509,#6510);
#6509 = CARTESIAN_POINT('',(-0.34,0.49,-4.E-02));
#6510 = VECTOR('',#6511,1.);
#6511 = DIRECTION('',(7.228014483237E-16,-0.,1.));
#6512 = ORIENTED_EDGE('',*,*,#6513,.T.);
#6513 = EDGE_CURVE('',#6506,#6514,#6516,.T.);
#6514 = VERTEX_POINT('',#6515);
#6515 = CARTESIAN_POINT('',(-4.E-02,0.49,-4.E-02));
#6516 = LINE('',#6517,#6518);
#6517 = CARTESIAN_POINT('',(-4.E-02,0.49,-4.E-02));
#6518 = VECTOR('',#6519,1.);
#6519 = DIRECTION('',(1.,-0.,-9.035018104046E-17));
#6520 = ORIENTED_EDGE('',*,*,#6521,.T.);
#6521 = EDGE_CURVE('',#6514,#6522,#6524,.T.);
#6522 = VERTEX_POINT('',#6523);
#6523 = CARTESIAN_POINT('',(-4.E-02,0.49,-0.34));
#6524 = LINE('',#6525,#6526);
#6525 = CARTESIAN_POINT('',(-4.E-02,0.49,-4.E-02));
#6526 = VECTOR('',#6527,1.);
#6527 = DIRECTION('',(2.258754526011E-17,0.,-1.));
#6528 = ORIENTED_EDGE('',*,*,#6529,.T.);
#6529 = EDGE_CURVE('',#6522,#6504,#6530,.T.);
#6530 = LINE('',#6531,#6532);
#6531 = CARTESIAN_POINT('',(-4.E-02,0.49,-0.34));
#6532 = VECTOR('',#6533,1.);
#6533 = DIRECTION('',(-1.,0.,0.));
#6534 = PLANE('',#6535);
#6535 = AXIS2_PLACEMENT_3D('',#6536,#6537,#6538);
#6536 = CARTESIAN_POINT('',(0.,0.49,0.));
#6537 = DIRECTION('',(0.,1.,0.));
#6538 = DIRECTION('',(0.,-0.,1.));
#6539 = ADVANCED_FACE('',(#6540),#6556,.T.);
#6540 = FACE_BOUND('',#6541,.T.);
#6541 = EDGE_LOOP('',(#6542,#6548,#6549,#6555));
#6542 = ORIENTED_EDGE('',*,*,#6543,.F.);
#6543 = EDGE_CURVE('',#6466,#6506,#6544,.T.);
#6544 = LINE('',#6545,#6546);
#6545 = CARTESIAN_POINT('',(-0.34,-0.353236167042,-4.E-02));
#6546 = VECTOR('',#6547,1.);
#6547 = DIRECTION('',(0.,1.,0.));
#6548 = ORIENTED_EDGE('',*,*,#6489,.T.);
#6549 = ORIENTED_EDGE('',*,*,#6550,.T.);
#6550 = EDGE_CURVE('',#6482,#6514,#6551,.T.);
#6551 = LINE('',#6552,#6553);
#6552 = CARTESIAN_POINT('',(-4.E-02,-0.353236167042,-4.E-02));
#6553 = VECTOR('',#6554,1.);
#6554 = DIRECTION('',(0.,1.,0.));
#6555 = ORIENTED_EDGE('',*,*,#6513,.F.);
#6556 = PLANE('',#6557);
#6557 = AXIS2_PLACEMENT_3D('',#6558,#6559,#6560);
#6558 = CARTESIAN_POINT('',(-4.E-02,-0.353236167042,-4.E-02));
#6559 = DIRECTION('',(9.035018104046E-17,-0.,1.));
#6560 = DIRECTION('',(1.,0.,-9.035018104046E-17));
#6561 = ADVANCED_FACE('',(#6562),#6573,.T.);
#6562 = FACE_BOUND('',#6563,.T.);
#6563 = EDGE_LOOP('',(#6564,#6565,#6566,#6572));
#6564 = ORIENTED_EDGE('',*,*,#6550,.F.);
#6565 = ORIENTED_EDGE('',*,*,#6481,.T.);
#6566 = ORIENTED_EDGE('',*,*,#6567,.T.);
#6567 = EDGE_CURVE('',#6474,#6522,#6568,.T.);
#6568 = LINE('',#6569,#6570);
#6569 = CARTESIAN_POINT('',(-4.E-02,-0.353236167042,-0.34));
#6570 = VECTOR('',#6571,1.);
#6571 = DIRECTION('',(0.,1.,0.));
#6572 = ORIENTED_EDGE('',*,*,#6521,.F.);
#6573 = PLANE('',#6574);
#6574 = AXIS2_PLACEMENT_3D('',#6575,#6576,#6577);
#6575 = CARTESIAN_POINT('',(-4.E-02,-0.353236167042,-4.E-02));
#6576 = DIRECTION('',(1.,-0.,2.258754526011E-17));
#6577 = DIRECTION('',(2.258754526011E-17,0.,-1.));
#6578 = ADVANCED_FACE('',(#6579),#6590,.T.);
#6579 = FACE_BOUND('',#6580,.T.);
#6580 = EDGE_LOOP('',(#6581,#6582,#6583,#6589));
#6581 = ORIENTED_EDGE('',*,*,#6567,.F.);
#6582 = ORIENTED_EDGE('',*,*,#6473,.T.);
#6583 = ORIENTED_EDGE('',*,*,#6584,.T.);
#6584 = EDGE_CURVE('',#6464,#6504,#6585,.T.);
#6585 = LINE('',#6586,#6587);
#6586 = CARTESIAN_POINT('',(-0.34,-0.353236167042,-0.34));
#6587 = VECTOR('',#6588,1.);
#6588 = DIRECTION('',(0.,1.,0.));
#6589 = ORIENTED_EDGE('',*,*,#6529,.F.);
#6590 = PLANE('',#6591);
#6591 = AXIS2_PLACEMENT_3D('',#6592,#6593,#6594);
#6592 = CARTESIAN_POINT('',(-4.E-02,-0.353236167042,-0.34));
#6593 = DIRECTION('',(0.,0.,-1.));
#6594 = DIRECTION('',(-1.,0.,-0.));
#6595 = ADVANCED_FACE('',(#6596),#6602,.T.);
#6596 = FACE_BOUND('',#6597,.T.);
#6597 = EDGE_LOOP('',(#6598,#6599,#6600,#6601));
#6598 = ORIENTED_EDGE('',*,*,#6584,.F.);
#6599 = ORIENTED_EDGE('',*,*,#6463,.T.);
#6600 = ORIENTED_EDGE('',*,*,#6543,.T.);
#6601 = ORIENTED_EDGE('',*,*,#6503,.F.);
#6602 = PLANE('',#6603);
#6603 = AXIS2_PLACEMENT_3D('',#6604,#6605,#6606);
#6604 = CARTESIAN_POINT('',(-0.34,-0.353236167042,-4.E-02));
#6605 = DIRECTION('',(-1.,0.,7.228014483237E-16));
#6606 = DIRECTION('',(7.228014483237E-16,0.,1.));
#6607 = MANIFOLD_SOLID_BREP('',#6608);
#6608 = CLOSED_SHELL('',(#6609,#6649,#6689,#6711,#6728,#6745));
#6609 = ADVANCED_FACE('',(#6610),#6644,.T.);
#6610 = FACE_BOUND('',#6611,.T.);
#6611 = EDGE_LOOP('',(#6612,#6622,#6630,#6638));
#6612 = ORIENTED_EDGE('',*,*,#6613,.F.);
#6613 = EDGE_CURVE('',#6614,#6616,#6618,.T.);
#6614 = VERTEX_POINT('',#6615);
#6615 = CARTESIAN_POINT('',(0.34,0.39,-0.34));
#6616 = VERTEX_POINT('',#6617);
#6617 = CARTESIAN_POINT('',(4.E-02,0.39,-0.34));
#6618 = LINE('',#6619,#6620);
#6619 = CARTESIAN_POINT('',(4.E-02,0.39,-0.34));
#6620 = VECTOR('',#6621,1.);
#6621 = DIRECTION('',(-1.,0.,0.));
#6622 = ORIENTED_EDGE('',*,*,#6623,.F.);
#6623 = EDGE_CURVE('',#6624,#6614,#6626,.T.);
#6624 = VERTEX_POINT('',#6625);
#6625 = CARTESIAN_POINT('',(0.34,0.39,-4.E-02));
#6626 = LINE('',#6627,#6628);
#6627 = CARTESIAN_POINT('',(0.34,0.39,-4.E-02));
#6628 = VECTOR('',#6629,1.);
#6629 = DIRECTION('',(3.614007241618E-16,0.,-1.));
#6630 = ORIENTED_EDGE('',*,*,#6631,.F.);
#6631 = EDGE_CURVE('',#6632,#6624,#6634,.T.);
#6632 = VERTEX_POINT('',#6633);
#6633 = CARTESIAN_POINT('',(4.E-02,0.39,-4.E-02));
#6634 = LINE('',#6635,#6636);
#6635 = CARTESIAN_POINT('',(4.E-02,0.39,-4.E-02));
#6636 = VECTOR('',#6637,1.);
#6637 = DIRECTION('',(1.,0.,9.035018104046E-17));
#6638 = ORIENTED_EDGE('',*,*,#6639,.F.);
#6639 = EDGE_CURVE('',#6616,#6632,#6640,.T.);
#6640 = LINE('',#6641,#6642);
#6641 = CARTESIAN_POINT('',(4.E-02,0.39,-4.E-02));
#6642 = VECTOR('',#6643,1.);
#6643 = DIRECTION('',(2.258754526011E-17,0.,1.));
#6644 = PLANE('',#6645);
#6645 = AXIS2_PLACEMENT_3D('',#6646,#6647,#6648);
#6646 = CARTESIAN_POINT('',(0.,0.39,0.));
#6647 = DIRECTION('',(0.,-1.,0.));
#6648 = DIRECTION('',(0.,-0.,-1.));
#6649 = ADVANCED_FACE('',(#6650),#6684,.T.);
#6650 = FACE_BOUND('',#6651,.T.);
#6651 = EDGE_LOOP('',(#6652,#6662,#6670,#6678));
#6652 = ORIENTED_EDGE('',*,*,#6653,.T.);
#6653 = EDGE_CURVE('',#6654,#6656,#6658,.T.);
#6654 = VERTEX_POINT('',#6655);
#6655 = CARTESIAN_POINT('',(0.34,0.49,-0.34));
#6656 = VERTEX_POINT('',#6657);
#6657 = CARTESIAN_POINT('',(4.E-02,0.49,-0.34));
#6658 = LINE('',#6659,#6660);
#6659 = CARTESIAN_POINT('',(4.E-02,0.49,-0.34));
#6660 = VECTOR('',#6661,1.);
#6661 = DIRECTION('',(-1.,-0.,-0.));
#6662 = ORIENTED_EDGE('',*,*,#6663,.T.);
#6663 = EDGE_CURVE('',#6656,#6664,#6666,.T.);
#6664 = VERTEX_POINT('',#6665);
#6665 = CARTESIAN_POINT('',(4.E-02,0.49,-4.E-02));
#6666 = LINE('',#6667,#6668);
#6667 = CARTESIAN_POINT('',(4.E-02,0.49,-4.E-02));
#6668 = VECTOR('',#6669,1.);
#6669 = DIRECTION('',(2.258754526011E-17,-0.,1.));
#6670 = ORIENTED_EDGE('',*,*,#6671,.T.);
#6671 = EDGE_CURVE('',#6664,#6672,#6674,.T.);
#6672 = VERTEX_POINT('',#6673);
#6673 = CARTESIAN_POINT('',(0.34,0.49,-4.E-02));
#6674 = LINE('',#6675,#6676);
#6675 = CARTESIAN_POINT('',(4.E-02,0.49,-4.E-02));
#6676 = VECTOR('',#6677,1.);
#6677 = DIRECTION('',(1.,0.,9.035018104046E-17));
#6678 = ORIENTED_EDGE('',*,*,#6679,.T.);
#6679 = EDGE_CURVE('',#6672,#6654,#6680,.T.);
#6680 = LINE('',#6681,#6682);
#6681 = CARTESIAN_POINT('',(0.34,0.49,-4.E-02));
#6682 = VECTOR('',#6683,1.);
#6683 = DIRECTION('',(3.614007241618E-16,0.,-1.));
#6684 = PLANE('',#6685);
#6685 = AXIS2_PLACEMENT_3D('',#6686,#6687,#6688);
#6686 = CARTESIAN_POINT('',(0.,0.49,0.));
#6687 = DIRECTION('',(-0.,1.,0.));
#6688 = DIRECTION('',(0.,0.,1.));
#6689 = ADVANCED_FACE('',(#6690),#6706,.T.);
#6690 = FACE_BOUND('',#6691,.T.);
#6691 = EDGE_LOOP('',(#6692,#6698,#6699,#6705));
#6692 = ORIENTED_EDGE('',*,*,#6693,.F.);
#6693 = EDGE_CURVE('',#6616,#6656,#6694,.T.);
#6694 = LINE('',#6695,#6696);
#6695 = CARTESIAN_POINT('',(4.E-02,-0.353236167042,-0.34));
#6696 = VECTOR('',#6697,1.);
#6697 = DIRECTION('',(0.,1.,0.));
#6698 = ORIENTED_EDGE('',*,*,#6639,.T.);
#6699 = ORIENTED_EDGE('',*,*,#6700,.T.);
#6700 = EDGE_CURVE('',#6632,#6664,#6701,.T.);
#6701 = LINE('',#6702,#6703);
#6702 = CARTESIAN_POINT('',(4.E-02,-0.353236167042,-4.E-02));
#6703 = VECTOR('',#6704,1.);
#6704 = DIRECTION('',(0.,1.,0.));
#6705 = ORIENTED_EDGE('',*,*,#6663,.F.);
#6706 = PLANE('',#6707);
#6707 = AXIS2_PLACEMENT_3D('',#6708,#6709,#6710);
#6708 = CARTESIAN_POINT('',(4.E-02,-0.353236167042,-4.E-02));
#6709 = DIRECTION('',(-1.,0.,2.258754526011E-17));
#6710 = DIRECTION('',(2.258754526011E-17,0.,1.));
#6711 = ADVANCED_FACE('',(#6712),#6723,.T.);
#6712 = FACE_BOUND('',#6713,.T.);
#6713 = EDGE_LOOP('',(#6714,#6715,#6716,#6722));
#6714 = ORIENTED_EDGE('',*,*,#6700,.F.);
#6715 = ORIENTED_EDGE('',*,*,#6631,.T.);
#6716 = ORIENTED_EDGE('',*,*,#6717,.T.);
#6717 = EDGE_CURVE('',#6624,#6672,#6718,.T.);
#6718 = LINE('',#6719,#6720);
#6719 = CARTESIAN_POINT('',(0.34,-0.353236167042,-4.E-02));
#6720 = VECTOR('',#6721,1.);
#6721 = DIRECTION('',(0.,1.,0.));
#6722 = ORIENTED_EDGE('',*,*,#6671,.F.);
#6723 = PLANE('',#6724);
#6724 = AXIS2_PLACEMENT_3D('',#6725,#6726,#6727);
#6725 = CARTESIAN_POINT('',(4.E-02,-0.353236167042,-4.E-02));
#6726 = DIRECTION('',(-9.035018104046E-17,0.,1.));
#6727 = DIRECTION('',(1.,0.,9.035018104046E-17));
#6728 = ADVANCED_FACE('',(#6729),#6740,.T.);
#6729 = FACE_BOUND('',#6730,.T.);
#6730 = EDGE_LOOP('',(#6731,#6732,#6733,#6739));
#6731 = ORIENTED_EDGE('',*,*,#6717,.F.);
#6732 = ORIENTED_EDGE('',*,*,#6623,.T.);
#6733 = ORIENTED_EDGE('',*,*,#6734,.T.);
#6734 = EDGE_CURVE('',#6614,#6654,#6735,.T.);
#6735 = LINE('',#6736,#6737);
#6736 = CARTESIAN_POINT('',(0.34,-0.353236167042,-0.34));
#6737 = VECTOR('',#6738,1.);
#6738 = DIRECTION('',(0.,1.,0.));
#6739 = ORIENTED_EDGE('',*,*,#6679,.F.);
#6740 = PLANE('',#6741);
#6741 = AXIS2_PLACEMENT_3D('',#6742,#6743,#6744);
#6742 = CARTESIAN_POINT('',(0.34,-0.353236167042,-4.E-02));
#6743 = DIRECTION('',(1.,-0.,3.614007241618E-16));
#6744 = DIRECTION('',(3.614007241618E-16,0.,-1.));
#6745 = ADVANCED_FACE('',(#6746),#6752,.T.);
#6746 = FACE_BOUND('',#6747,.T.);
#6747 = EDGE_LOOP('',(#6748,#6749,#6750,#6751));
#6748 = ORIENTED_EDGE('',*,*,#6734,.F.);
#6749 = ORIENTED_EDGE('',*,*,#6613,.T.);
#6750 = ORIENTED_EDGE('',*,*,#6693,.T.);
#6751 = ORIENTED_EDGE('',*,*,#6653,.F.);
#6752 = PLANE('',#6753);
#6753 = AXIS2_PLACEMENT_3D('',#6754,#6755,#6756);
#6754 = CARTESIAN_POINT('',(4.E-02,-0.353236167042,-0.34));
#6755 = DIRECTION('',(0.,0.,-1.));
#6756 = DIRECTION('',(-1.,0.,-0.));
#6757 = MANIFOLD_SOLID_BREP('',#6758);
#6758 = CLOSED_SHELL('',(#6759,#7351,#7382,#7406,#7430,#7447,#7459,#7490
    ,#7514,#7538,#7555,#7567,#7598,#7622,#7646,#7663,#7675,#7706,#7730,
    #7754,#7771,#7783,#7814,#7838,#7862,#7879,#7891,#7922,#7946,#7977,
    #7994,#8012,#8043,#8067,#8091,#8108,#8120,#8151,#8175,#8199,#8216,
    #8228,#8259,#8283,#8307,#8324,#8336,#8367,#8391,#8415,#8432,#8444,
    #8475,#8499,#8523,#8540,#8552,#8583,#8607,#8631,#8648,#8660,#8691,
    #8715,#8739,#8756,#8768,#8799,#8823,#8847,#8864,#8876,#8907,#8931,
    #8955,#8972,#8984,#9015,#9039,#9063,#9080,#9092,#9123,#9147,#9171,
    #9188,#9200));
#6759 = ADVANCED_FACE('',(#6760,#6794,#6828,#6862,#6896,#6930,#6972,
    #7006,#7040,#7074,#7108,#7142,#7176,#7210,#7244,#7278,#7312),#7346,
  .T.);
#6760 = FACE_BOUND('',#6761,.T.);
#6761 = EDGE_LOOP('',(#6762,#6772,#6780,#6788));
#6762 = ORIENTED_EDGE('',*,*,#6763,.F.);
#6763 = EDGE_CURVE('',#6764,#6766,#6768,.T.);
#6764 = VERTEX_POINT('',#6765);
#6765 = CARTESIAN_POINT('',(1.3,0.,1.825));
#6766 = VERTEX_POINT('',#6767);
#6767 = CARTESIAN_POINT('',(1.3,0.,-1.825));
#6768 = LINE('',#6769,#6770);
#6769 = CARTESIAN_POINT('',(1.3,0.,1.825));
#6770 = VECTOR('',#6771,1.);
#6771 = DIRECTION('',(0.,0.,-1.));
#6772 = ORIENTED_EDGE('',*,*,#6773,.F.);
#6773 = EDGE_CURVE('',#6774,#6764,#6776,.T.);
#6774 = VERTEX_POINT('',#6775);
#6775 = CARTESIAN_POINT('',(-1.3,0.,1.825));
#6776 = LINE('',#6777,#6778);
#6777 = CARTESIAN_POINT('',(-1.3,0.,1.825));
#6778 = VECTOR('',#6779,1.);
#6779 = DIRECTION('',(1.,0.,0.));
#6780 = ORIENTED_EDGE('',*,*,#6781,.F.);
#6781 = EDGE_CURVE('',#6782,#6774,#6784,.T.);
#6782 = VERTEX_POINT('',#6783);
#6783 = CARTESIAN_POINT('',(-1.3,0.,-1.825));
#6784 = LINE('',#6785,#6786);
#6785 = CARTESIAN_POINT('',(-1.3,0.,1.825));
#6786 = VECTOR('',#6787,1.);
#6787 = DIRECTION('',(-0.,-0.,1.));
#6788 = ORIENTED_EDGE('',*,*,#6789,.F.);
#6789 = EDGE_CURVE('',#6766,#6782,#6790,.T.);
#6790 = LINE('',#6791,#6792);
#6791 = CARTESIAN_POINT('',(-1.3,0.,-1.825));
#6792 = VECTOR('',#6793,1.);
#6793 = DIRECTION('',(-1.,-0.,-0.));
#6794 = FACE_BOUND('',#6795,.T.);
#6795 = EDGE_LOOP('',(#6796,#6806,#6814,#6822));
#6796 = ORIENTED_EDGE('',*,*,#6797,.T.);
#6797 = EDGE_CURVE('',#6798,#6800,#6802,.T.);
#6798 = VERTEX_POINT('',#6799);
#6799 = CARTESIAN_POINT('',(0.9,0.,-1.725));
#6800 = VERTEX_POINT('',#6801);
#6801 = CARTESIAN_POINT('',(0.6,-0.,-1.725));
#6802 = LINE('',#6803,#6804);
#6803 = CARTESIAN_POINT('',(0.9,0.,-1.725));
#6804 = VECTOR('',#6805,1.);
#6805 = DIRECTION('',(-1.,0.,8.673617379884E-15));
#6806 = ORIENTED_EDGE('',*,*,#6807,.T.);
#6807 = EDGE_CURVE('',#6800,#6808,#6810,.T.);
#6808 = VERTEX_POINT('',#6809);
#6809 = CARTESIAN_POINT('',(0.6,0.,-1.425));
#6810 = LINE('',#6811,#6812);
#6811 = CARTESIAN_POINT('',(0.6,0.,-1.425));
#6812 = VECTOR('',#6813,1.);
#6813 = DIRECTION('',(-7.228014483237E-16,-0.,1.));
#6814 = ORIENTED_EDGE('',*,*,#6815,.T.);
#6815 = EDGE_CURVE('',#6808,#6816,#6818,.T.);
#6816 = VERTEX_POINT('',#6817);
#6817 = CARTESIAN_POINT('',(0.9,0.,-1.425));
#6818 = LINE('',#6819,#6820);
#6819 = CARTESIAN_POINT('',(0.9,0.,-1.425));
#6820 = VECTOR('',#6821,1.);
#6821 = DIRECTION('',(1.,-0.,-0.));
#6822 = ORIENTED_EDGE('',*,*,#6823,.T.);
#6823 = EDGE_CURVE('',#6816,#6798,#6824,.T.);
#6824 = LINE('',#6825,#6826);
#6825 = CARTESIAN_POINT('',(0.9,0.,-1.425));
#6826 = VECTOR('',#6827,1.);
#6827 = DIRECTION('',(0.,0.,-1.));
#6828 = FACE_BOUND('',#6829,.T.);
#6829 = EDGE_LOOP('',(#6830,#6840,#6848,#6856));
#6830 = ORIENTED_EDGE('',*,*,#6831,.T.);
#6831 = EDGE_CURVE('',#6832,#6834,#6836,.T.);
#6832 = VERTEX_POINT('',#6833);
#6833 = CARTESIAN_POINT('',(0.9,0.,1.725));
#6834 = VERTEX_POINT('',#6835);
#6835 = CARTESIAN_POINT('',(0.9,0.,1.425));
#6836 = LINE('',#6837,#6838);
#6837 = CARTESIAN_POINT('',(0.9,0.,1.425));
#6838 = VECTOR('',#6839,1.);
#6839 = DIRECTION('',(-0.,-0.,-1.));
#6840 = ORIENTED_EDGE('',*,*,#6841,.T.);
#6841 = EDGE_CURVE('',#6834,#6842,#6844,.T.);
#6842 = VERTEX_POINT('',#6843);
#6843 = CARTESIAN_POINT('',(0.6,0.,1.425));
#6844 = LINE('',#6845,#6846);
#6845 = CARTESIAN_POINT('',(0.9,0.,1.425));
#6846 = VECTOR('',#6847,1.);
#6847 = DIRECTION('',(-1.,0.,0.));
#6848 = ORIENTED_EDGE('',*,*,#6849,.T.);
#6849 = EDGE_CURVE('',#6842,#6850,#6852,.T.);
#6850 = VERTEX_POINT('',#6851);
#6851 = CARTESIAN_POINT('',(0.6,0.,1.725));
#6852 = LINE('',#6853,#6854);
#6853 = CARTESIAN_POINT('',(0.6,0.,1.425));
#6854 = VECTOR('',#6855,1.);
#6855 = DIRECTION('',(7.228014483237E-16,0.,1.));
#6856 = ORIENTED_EDGE('',*,*,#6857,.T.);
#6857 = EDGE_CURVE('',#6850,#6832,#6858,.T.);
#6858 = LINE('',#6859,#6860);
#6859 = CARTESIAN_POINT('',(0.9,0.,1.725));
#6860 = VECTOR('',#6861,1.);
#6861 = DIRECTION('',(1.,-0.,8.673617379884E-15));
#6862 = FACE_BOUND('',#6863,.T.);
#6863 = EDGE_LOOP('',(#6864,#6874,#6882,#6890));
#6864 = ORIENTED_EDGE('',*,*,#6865,.T.);
#6865 = EDGE_CURVE('',#6866,#6868,#6870,.T.);
#6866 = VERTEX_POINT('',#6867);
#6867 = CARTESIAN_POINT('',(0.4,0.,-1.725));
#6868 = VERTEX_POINT('',#6869);
#6869 = CARTESIAN_POINT('',(0.1,-0.,-1.725));
#6870 = LINE('',#6871,#6872);
#6871 = CARTESIAN_POINT('',(0.4,0.,-1.725));
#6872 = VECTOR('',#6873,1.);
#6873 = DIRECTION('',(-1.,0.,0.));
#6874 = ORIENTED_EDGE('',*,*,#6875,.T.);
#6875 = EDGE_CURVE('',#6868,#6876,#6878,.T.);
#6876 = VERTEX_POINT('',#6877);
#6877 = CARTESIAN_POINT('',(1.E-01,0.,-1.425));
#6878 = LINE('',#6879,#6880);
#6879 = CARTESIAN_POINT('',(1.E-01,0.,-1.425));
#6880 = VECTOR('',#6881,1.);
#6881 = DIRECTION('',(-3.614007241618E-16,-0.,1.));
#6882 = ORIENTED_EDGE('',*,*,#6883,.T.);
#6883 = EDGE_CURVE('',#6876,#6884,#6886,.T.);
#6884 = VERTEX_POINT('',#6885);
#6885 = CARTESIAN_POINT('',(0.4,0.,-1.425));
#6886 = LINE('',#6887,#6888);
#6887 = CARTESIAN_POINT('',(0.4,0.,-1.425));
#6888 = VECTOR('',#6889,1.);
#6889 = DIRECTION('',(1.,-0.,-0.));
#6890 = ORIENTED_EDGE('',*,*,#6891,.T.);
#6891 = EDGE_CURVE('',#6884,#6866,#6892,.T.);
#6892 = LINE('',#6893,#6894);
#6893 = CARTESIAN_POINT('',(0.4,0.,-1.425));
#6894 = VECTOR('',#6895,1.);
#6895 = DIRECTION('',(0.,0.,-1.));
#6896 = FACE_BOUND('',#6897,.T.);
#6897 = EDGE_LOOP('',(#6898,#6908,#6916,#6924));
#6898 = ORIENTED_EDGE('',*,*,#6899,.T.);
#6899 = EDGE_CURVE('',#6900,#6902,#6904,.T.);
#6900 = VERTEX_POINT('',#6901);
#6901 = CARTESIAN_POINT('',(-1.E-01,0.,-1.725));
#6902 = VERTEX_POINT('',#6903);
#6903 = CARTESIAN_POINT('',(-0.4,0.,-1.725));
#6904 = LINE('',#6905,#6906);
#6905 = CARTESIAN_POINT('',(-1.E-01,0.,-1.725));
#6906 = VECTOR('',#6907,1.);
#6907 = DIRECTION('',(-1.,0.,0.));
#6908 = ORIENTED_EDGE('',*,*,#6909,.T.);
#6909 = EDGE_CURVE('',#6902,#6910,#6912,.T.);
#6910 = VERTEX_POINT('',#6911);
#6911 = CARTESIAN_POINT('',(-0.4,0.,-1.425));
#6912 = LINE('',#6913,#6914);
#6913 = CARTESIAN_POINT('',(-0.4,0.,-1.425));
#6914 = VECTOR('',#6915,1.);
#6915 = DIRECTION('',(-3.614007241618E-16,-0.,1.));
#6916 = ORIENTED_EDGE('',*,*,#6917,.T.);
#6917 = EDGE_CURVE('',#6910,#6918,#6920,.T.);
#6918 = VERTEX_POINT('',#6919);
#6919 = CARTESIAN_POINT('',(-1.E-01,0.,-1.425));
#6920 = LINE('',#6921,#6922);
#6921 = CARTESIAN_POINT('',(-1.E-01,0.,-1.425));
#6922 = VECTOR('',#6923,1.);
#6923 = DIRECTION('',(1.,-0.,-0.));
#6924 = ORIENTED_EDGE('',*,*,#6925,.T.);
#6925 = EDGE_CURVE('',#6918,#6900,#6926,.T.);
#6926 = LINE('',#6927,#6928);
#6927 = CARTESIAN_POINT('',(-1.E-01,0.,-1.425));
#6928 = VECTOR('',#6929,1.);
#6929 = DIRECTION('',(0.,0.,-1.));
#6930 = FACE_BOUND('',#6931,.T.);
#6931 = EDGE_LOOP('',(#6932,#6942,#6950,#6958,#6966));
#6932 = ORIENTED_EDGE('',*,*,#6933,.T.);
#6933 = EDGE_CURVE('',#6934,#6936,#6938,.T.);
#6934 = VERTEX_POINT('',#6935);
#6935 = CARTESIAN_POINT('',(-0.6,0.,-1.725));
#6936 = VERTEX_POINT('',#6937);
#6937 = CARTESIAN_POINT('',(-0.9,0.,-1.725));
#6938 = LINE('',#6939,#6940);
#6939 = CARTESIAN_POINT('',(-0.6,0.,-1.725));
#6940 = VECTOR('',#6941,1.);
#6941 = DIRECTION('',(-1.,0.,0.));
#6942 = ORIENTED_EDGE('',*,*,#6943,.T.);
#6943 = EDGE_CURVE('',#6936,#6944,#6946,.T.);
#6944 = VERTEX_POINT('',#6945);
#6945 = CARTESIAN_POINT('',(-0.9,0.,-1.425));
#6946 = LINE('',#6947,#6948);
#6947 = CARTESIAN_POINT('',(-0.9,0.,-1.425));
#6948 = VECTOR('',#6949,1.);
#6949 = DIRECTION('',(-3.614007241618E-16,-0.,1.));
#6950 = ORIENTED_EDGE('',*,*,#6951,.T.);
#6951 = EDGE_CURVE('',#6944,#6952,#6954,.T.);
#6952 = VERTEX_POINT('',#6953);
#6953 = CARTESIAN_POINT('',(-0.7251579,0.,-1.425));
#6954 = LINE('',#6955,#6956);
#6955 = CARTESIAN_POINT('',(-0.6,0.,-1.425));
#6956 = VECTOR('',#6957,1.);
#6957 = DIRECTION('',(1.,-0.,-0.));
#6958 = ORIENTED_EDGE('',*,*,#6959,.T.);
#6959 = EDGE_CURVE('',#6952,#6960,#6962,.T.);
#6960 = VERTEX_POINT('',#6961);
#6961 = CARTESIAN_POINT('',(-0.6,0.,-1.5501579));
#6962 = LINE('',#6963,#6964);
#6963 = CARTESIAN_POINT('',(-0.7251579,0.,-1.425));
#6964 = VECTOR('',#6965,1.);
#6965 = DIRECTION('',(0.707106781187,-0.,-0.707106781187));
#6966 = ORIENTED_EDGE('',*,*,#6967,.T.);
#6967 = EDGE_CURVE('',#6960,#6934,#6968,.T.);
#6968 = LINE('',#6969,#6970);
#6969 = CARTESIAN_POINT('',(-0.6,0.,-1.425));
#6970 = VECTOR('',#6971,1.);
#6971 = DIRECTION('',(0.,0.,-1.));
#6972 = FACE_BOUND('',#6973,.T.);
#6973 = EDGE_LOOP('',(#6974,#6984,#6992,#7000));
#6974 = ORIENTED_EDGE('',*,*,#6975,.T.);
#6975 = EDGE_CURVE('',#6976,#6978,#6980,.T.);
#6976 = VERTEX_POINT('',#6977);
#6977 = CARTESIAN_POINT('',(-0.6,0.,1.725));
#6978 = VERTEX_POINT('',#6979);
#6979 = CARTESIAN_POINT('',(-0.6,-0.,1.425));
#6980 = LINE('',#6981,#6982);
#6981 = CARTESIAN_POINT('',(-0.6,0.,1.425));
#6982 = VECTOR('',#6983,1.);
#6983 = DIRECTION('',(-0.,-0.,-1.));
#6984 = ORIENTED_EDGE('',*,*,#6985,.T.);
#6985 = EDGE_CURVE('',#6978,#6986,#6988,.T.);
#6986 = VERTEX_POINT('',#6987);
#6987 = CARTESIAN_POINT('',(-0.9,0.,1.425));
#6988 = LINE('',#6989,#6990);
#6989 = CARTESIAN_POINT('',(-0.6,0.,1.425));
#6990 = VECTOR('',#6991,1.);
#6991 = DIRECTION('',(-1.,0.,0.));
#6992 = ORIENTED_EDGE('',*,*,#6993,.T.);
#6993 = EDGE_CURVE('',#6986,#6994,#6996,.T.);
#6994 = VERTEX_POINT('',#6995);
#6995 = CARTESIAN_POINT('',(-0.9,0.,1.725));
#6996 = LINE('',#6997,#6998);
#6997 = CARTESIAN_POINT('',(-0.9,0.,1.425));
#6998 = VECTOR('',#6999,1.);
#6999 = DIRECTION('',(3.614007241618E-16,0.,1.));
#7000 = ORIENTED_EDGE('',*,*,#7001,.T.);
#7001 = EDGE_CURVE('',#6994,#6976,#7002,.T.);
#7002 = LINE('',#7003,#7004);
#7003 = CARTESIAN_POINT('',(-0.6,0.,1.725));
#7004 = VECTOR('',#7005,1.);
#7005 = DIRECTION('',(1.,-0.,-0.));
#7006 = FACE_BOUND('',#7007,.T.);
#7007 = EDGE_LOOP('',(#7008,#7018,#7026,#7034));
#7008 = ORIENTED_EDGE('',*,*,#7009,.T.);
#7009 = EDGE_CURVE('',#7010,#7012,#7014,.T.);
#7010 = VERTEX_POINT('',#7011);
#7011 = CARTESIAN_POINT('',(-1.E-01,0.,1.725));
#7012 = VERTEX_POINT('',#7013);
#7013 = CARTESIAN_POINT('',(-1.E-01,-0.,1.425));
#7014 = LINE('',#7015,#7016);
#7015 = CARTESIAN_POINT('',(-1.E-01,0.,1.425));
#7016 = VECTOR('',#7017,1.);
#7017 = DIRECTION('',(-0.,-0.,-1.));
#7018 = ORIENTED_EDGE('',*,*,#7019,.T.);
#7019 = EDGE_CURVE('',#7012,#7020,#7022,.T.);
#7020 = VERTEX_POINT('',#7021);
#7021 = CARTESIAN_POINT('',(-0.4,0.,1.425));
#7022 = LINE('',#7023,#7024);
#7023 = CARTESIAN_POINT('',(-1.E-01,0.,1.425));
#7024 = VECTOR('',#7025,1.);
#7025 = DIRECTION('',(-1.,0.,0.));
#7026 = ORIENTED_EDGE('',*,*,#7027,.T.);
#7027 = EDGE_CURVE('',#7020,#7028,#7030,.T.);
#7028 = VERTEX_POINT('',#7029);
#7029 = CARTESIAN_POINT('',(-0.4,0.,1.725));
#7030 = LINE('',#7031,#7032);
#7031 = CARTESIAN_POINT('',(-0.4,0.,1.425));
#7032 = VECTOR('',#7033,1.);
#7033 = DIRECTION('',(3.614007241618E-16,0.,1.));
#7034 = ORIENTED_EDGE('',*,*,#7035,.T.);
#7035 = EDGE_CURVE('',#7028,#7010,#7036,.T.);
#7036 = LINE('',#7037,#7038);
#7037 = CARTESIAN_POINT('',(-1.E-01,0.,1.725));
#7038 = VECTOR('',#7039,1.);
#7039 = DIRECTION('',(1.,-0.,-0.));
#7040 = FACE_BOUND('',#7041,.T.);
#7041 = EDGE_LOOP('',(#7042,#7052,#7060,#7068));
#7042 = ORIENTED_EDGE('',*,*,#7043,.T.);
#7043 = EDGE_CURVE('',#7044,#7046,#7048,.T.);
#7044 = VERTEX_POINT('',#7045);
#7045 = CARTESIAN_POINT('',(0.4,0.,1.725));
#7046 = VERTEX_POINT('',#7047);
#7047 = CARTESIAN_POINT('',(0.4,0.,1.425));
#7048 = LINE('',#7049,#7050);
#7049 = CARTESIAN_POINT('',(0.4,0.,1.425));
#7050 = VECTOR('',#7051,1.);
#7051 = DIRECTION('',(-0.,-0.,-1.));
#7052 = ORIENTED_EDGE('',*,*,#7053,.T.);
#7053 = EDGE_CURVE('',#7046,#7054,#7056,.T.);
#7054 = VERTEX_POINT('',#7055);
#7055 = CARTESIAN_POINT('',(1.E-01,0.,1.425));
#7056 = LINE('',#7057,#7058);
#7057 = CARTESIAN_POINT('',(0.4,0.,1.425));
#7058 = VECTOR('',#7059,1.);
#7059 = DIRECTION('',(-1.,0.,0.));
#7060 = ORIENTED_EDGE('',*,*,#7061,.T.);
#7061 = EDGE_CURVE('',#7054,#7062,#7064,.T.);
#7062 = VERTEX_POINT('',#7063);
#7063 = CARTESIAN_POINT('',(0.1,0.,1.725));
#7064 = LINE('',#7065,#7066);
#7065 = CARTESIAN_POINT('',(1.E-01,0.,1.425));
#7066 = VECTOR('',#7067,1.);
#7067 = DIRECTION('',(3.614007241618E-16,0.,1.));
#7068 = ORIENTED_EDGE('',*,*,#7069,.T.);
#7069 = EDGE_CURVE('',#7062,#7044,#7070,.T.);
#7070 = LINE('',#7071,#7072);
#7071 = CARTESIAN_POINT('',(0.4,0.,1.725));
#7072 = VECTOR('',#7073,1.);
#7073 = DIRECTION('',(1.,-0.,-0.));
#7074 = FACE_BOUND('',#7075,.T.);
#7075 = EDGE_LOOP('',(#7076,#7086,#7094,#7102));
#7076 = ORIENTED_EDGE('',*,*,#7077,.T.);
#7077 = EDGE_CURVE('',#7078,#7080,#7082,.T.);
#7078 = VERTEX_POINT('',#7079);
#7079 = CARTESIAN_POINT('',(1.2,0.,0.6));
#7080 = VERTEX_POINT('',#7081);
#7081 = CARTESIAN_POINT('',(0.9,0.,0.6));
#7082 = LINE('',#7083,#7084);
#7083 = CARTESIAN_POINT('',(1.2,0.,0.6));
#7084 = VECTOR('',#7085,1.);
#7085 = DIRECTION('',(-1.,0.,0.));
#7086 = ORIENTED_EDGE('',*,*,#7087,.T.);
#7087 = EDGE_CURVE('',#7080,#7088,#7090,.T.);
#7088 = VERTEX_POINT('',#7089);
#7089 = CARTESIAN_POINT('',(0.9,0.,0.9));
#7090 = LINE('',#7091,#7092);
#7091 = CARTESIAN_POINT('',(0.9,0.,0.9));
#7092 = VECTOR('',#7093,1.);
#7093 = DIRECTION('',(-0.,-0.,1.));
#7094 = ORIENTED_EDGE('',*,*,#7095,.T.);
#7095 = EDGE_CURVE('',#7088,#7096,#7098,.T.);
#7096 = VERTEX_POINT('',#7097);
#7097 = CARTESIAN_POINT('',(1.2,0.,0.9));
#7098 = LINE('',#7099,#7100);
#7099 = CARTESIAN_POINT('',(1.2,0.,0.9));
#7100 = VECTOR('',#7101,1.);
#7101 = DIRECTION('',(1.,-0.,-0.));
#7102 = ORIENTED_EDGE('',*,*,#7103,.T.);
#7103 = EDGE_CURVE('',#7096,#7078,#7104,.T.);
#7104 = LINE('',#7105,#7106);
#7105 = CARTESIAN_POINT('',(1.2,0.,0.9));
#7106 = VECTOR('',#7107,1.);
#7107 = DIRECTION('',(0.,0.,-1.));
#7108 = FACE_BOUND('',#7109,.T.);
#7109 = EDGE_LOOP('',(#7110,#7120,#7128,#7136));
#7110 = ORIENTED_EDGE('',*,*,#7111,.T.);
#7111 = EDGE_CURVE('',#7112,#7114,#7116,.T.);
#7112 = VERTEX_POINT('',#7113);
#7113 = CARTESIAN_POINT('',(-1.2,0.,0.6));
#7114 = VERTEX_POINT('',#7115);
#7115 = CARTESIAN_POINT('',(-1.2,0.,0.9));
#7116 = LINE('',#7117,#7118);
#7117 = CARTESIAN_POINT('',(-1.2,0.,0.9));
#7118 = VECTOR('',#7119,1.);
#7119 = DIRECTION('',(-0.,-0.,1.));
#7120 = ORIENTED_EDGE('',*,*,#7121,.T.);
#7121 = EDGE_CURVE('',#7114,#7122,#7124,.T.);
#7122 = VERTEX_POINT('',#7123);
#7123 = CARTESIAN_POINT('',(-0.9,0.,0.9));
#7124 = LINE('',#7125,#7126);
#7125 = CARTESIAN_POINT('',(-1.2,0.,0.9));
#7126 = VECTOR('',#7127,1.);
#7127 = DIRECTION('',(1.,0.,0.));
#7128 = ORIENTED_EDGE('',*,*,#7129,.T.);
#7129 = EDGE_CURVE('',#7122,#7130,#7132,.T.);
#7130 = VERTEX_POINT('',#7131);
#7131 = CARTESIAN_POINT('',(-0.9,0.,0.6));
#7132 = LINE('',#7133,#7134);
#7133 = CARTESIAN_POINT('',(-0.9,0.,0.9));
#7134 = VECTOR('',#7135,1.);
#7135 = DIRECTION('',(0.,0.,-1.));
#7136 = ORIENTED_EDGE('',*,*,#7137,.T.);
#7137 = EDGE_CURVE('',#7130,#7112,#7138,.T.);
#7138 = LINE('',#7139,#7140);
#7139 = CARTESIAN_POINT('',(-1.2,0.,0.6));
#7140 = VECTOR('',#7141,1.);
#7141 = DIRECTION('',(-1.,-0.,-0.));
#7142 = FACE_BOUND('',#7143,.T.);
#7143 = EDGE_LOOP('',(#7144,#7154,#7162,#7170));
#7144 = ORIENTED_EDGE('',*,*,#7145,.T.);
#7145 = EDGE_CURVE('',#7146,#7148,#7150,.T.);
#7146 = VERTEX_POINT('',#7147);
#7147 = CARTESIAN_POINT('',(1.2,0.,0.1));
#7148 = VERTEX_POINT('',#7149);
#7149 = CARTESIAN_POINT('',(0.9,0.,0.1));
#7150 = LINE('',#7151,#7152);
#7151 = CARTESIAN_POINT('',(1.2,0.,0.1));
#7152 = VECTOR('',#7153,1.);
#7153 = DIRECTION('',(-1.,0.,0.));
#7154 = ORIENTED_EDGE('',*,*,#7155,.T.);
#7155 = EDGE_CURVE('',#7148,#7156,#7158,.T.);
#7156 = VERTEX_POINT('',#7157);
#7157 = CARTESIAN_POINT('',(0.9,0.,0.4));
#7158 = LINE('',#7159,#7160);
#7159 = CARTESIAN_POINT('',(0.9,0.,0.4));
#7160 = VECTOR('',#7161,1.);
#7161 = DIRECTION('',(-0.,-0.,1.));
#7162 = ORIENTED_EDGE('',*,*,#7163,.T.);
#7163 = EDGE_CURVE('',#7156,#7164,#7166,.T.);
#7164 = VERTEX_POINT('',#7165);
#7165 = CARTESIAN_POINT('',(1.2,0.,0.4));
#7166 = LINE('',#7167,#7168);
#7167 = CARTESIAN_POINT('',(1.2,0.,0.4));
#7168 = VECTOR('',#7169,1.);
#7169 = DIRECTION('',(1.,-0.,-0.));
#7170 = ORIENTED_EDGE('',*,*,#7171,.T.);
#7171 = EDGE_CURVE('',#7164,#7146,#7172,.T.);
#7172 = LINE('',#7173,#7174);
#7173 = CARTESIAN_POINT('',(1.2,0.,0.4));
#7174 = VECTOR('',#7175,1.);
#7175 = DIRECTION('',(0.,0.,-1.));
#7176 = FACE_BOUND('',#7177,.T.);
#7177 = EDGE_LOOP('',(#7178,#7188,#7196,#7204));
#7178 = ORIENTED_EDGE('',*,*,#7179,.T.);
#7179 = EDGE_CURVE('',#7180,#7182,#7184,.T.);
#7180 = VERTEX_POINT('',#7181);
#7181 = CARTESIAN_POINT('',(1.2,0.,-0.4));
#7182 = VERTEX_POINT('',#7183);
#7183 = CARTESIAN_POINT('',(0.9,-0.,-0.4));
#7184 = LINE('',#7185,#7186);
#7185 = CARTESIAN_POINT('',(1.2,0.,-0.4));
#7186 = VECTOR('',#7187,1.);
#7187 = DIRECTION('',(-1.,0.,0.));
#7188 = ORIENTED_EDGE('',*,*,#7189,.T.);
#7189 = EDGE_CURVE('',#7182,#7190,#7192,.T.);
#7190 = VERTEX_POINT('',#7191);
#7191 = CARTESIAN_POINT('',(0.9,0.,-1.E-01));
#7192 = LINE('',#7193,#7194);
#7193 = CARTESIAN_POINT('',(0.9,0.,-1.E-01));
#7194 = VECTOR('',#7195,1.);
#7195 = DIRECTION('',(-0.,-0.,1.));
#7196 = ORIENTED_EDGE('',*,*,#7197,.T.);
#7197 = EDGE_CURVE('',#7190,#7198,#7200,.T.);
#7198 = VERTEX_POINT('',#7199);
#7199 = CARTESIAN_POINT('',(1.2,0.,-1.E-01));
#7200 = LINE('',#7201,#7202);
#7201 = CARTESIAN_POINT('',(1.2,0.,-1.E-01));
#7202 = VECTOR('',#7203,1.);
#7203 = DIRECTION('',(1.,-0.,-0.));
#7204 = ORIENTED_EDGE('',*,*,#7205,.T.);
#7205 = EDGE_CURVE('',#7198,#7180,#7206,.T.);
#7206 = LINE('',#7207,#7208);
#7207 = CARTESIAN_POINT('',(1.2,0.,-1.E-01));
#7208 = VECTOR('',#7209,1.);
#7209 = DIRECTION('',(0.,0.,-1.));
#7210 = FACE_BOUND('',#7211,.T.);
#7211 = EDGE_LOOP('',(#7212,#7222,#7230,#7238));
#7212 = ORIENTED_EDGE('',*,*,#7213,.T.);
#7213 = EDGE_CURVE('',#7214,#7216,#7218,.T.);
#7214 = VERTEX_POINT('',#7215);
#7215 = CARTESIAN_POINT('',(1.2,0.,-0.9));
#7216 = VERTEX_POINT('',#7217);
#7217 = CARTESIAN_POINT('',(0.9,-0.,-0.9));
#7218 = LINE('',#7219,#7220);
#7219 = CARTESIAN_POINT('',(1.2,0.,-0.9));
#7220 = VECTOR('',#7221,1.);
#7221 = DIRECTION('',(-1.,0.,0.));
#7222 = ORIENTED_EDGE('',*,*,#7223,.T.);
#7223 = EDGE_CURVE('',#7216,#7224,#7226,.T.);
#7224 = VERTEX_POINT('',#7225);
#7225 = CARTESIAN_POINT('',(0.9,0.,-0.6));
#7226 = LINE('',#7227,#7228);
#7227 = CARTESIAN_POINT('',(0.9,0.,-0.6));
#7228 = VECTOR('',#7229,1.);
#7229 = DIRECTION('',(-0.,-0.,1.));
#7230 = ORIENTED_EDGE('',*,*,#7231,.T.);
#7231 = EDGE_CURVE('',#7224,#7232,#7234,.T.);
#7232 = VERTEX_POINT('',#7233);
#7233 = CARTESIAN_POINT('',(1.2,0.,-0.6));
#7234 = LINE('',#7235,#7236);
#7235 = CARTESIAN_POINT('',(1.2,0.,-0.6));
#7236 = VECTOR('',#7237,1.);
#7237 = DIRECTION('',(1.,-0.,-0.));
#7238 = ORIENTED_EDGE('',*,*,#7239,.T.);
#7239 = EDGE_CURVE('',#7232,#7214,#7240,.T.);
#7240 = LINE('',#7241,#7242);
#7241 = CARTESIAN_POINT('',(1.2,0.,-0.6));
#7242 = VECTOR('',#7243,1.);
#7243 = DIRECTION('',(0.,0.,-1.));
#7244 = FACE_BOUND('',#7245,.T.);
#7245 = EDGE_LOOP('',(#7246,#7256,#7264,#7272));
#7246 = ORIENTED_EDGE('',*,*,#7247,.T.);
#7247 = EDGE_CURVE('',#7248,#7250,#7252,.T.);
#7248 = VERTEX_POINT('',#7249);
#7249 = CARTESIAN_POINT('',(-1.2,0.,-0.9));
#7250 = VERTEX_POINT('',#7251);
#7251 = CARTESIAN_POINT('',(-1.2,-0.,-0.6));
#7252 = LINE('',#7253,#7254);
#7253 = CARTESIAN_POINT('',(-1.2,0.,-0.6));
#7254 = VECTOR('',#7255,1.);
#7255 = DIRECTION('',(-0.,-0.,1.));
#7256 = ORIENTED_EDGE('',*,*,#7257,.T.);
#7257 = EDGE_CURVE('',#7250,#7258,#7260,.T.);
#7258 = VERTEX_POINT('',#7259);
#7259 = CARTESIAN_POINT('',(-0.9,0.,-0.6));
#7260 = LINE('',#7261,#7262);
#7261 = CARTESIAN_POINT('',(-1.2,0.,-0.6));
#7262 = VECTOR('',#7263,1.);
#7263 = DIRECTION('',(1.,0.,0.));
#7264 = ORIENTED_EDGE('',*,*,#7265,.T.);
#7265 = EDGE_CURVE('',#7258,#7266,#7268,.T.);
#7266 = VERTEX_POINT('',#7267);
#7267 = CARTESIAN_POINT('',(-0.9,0.,-0.9));
#7268 = LINE('',#7269,#7270);
#7269 = CARTESIAN_POINT('',(-0.9,0.,-0.6));
#7270 = VECTOR('',#7271,1.);
#7271 = DIRECTION('',(0.,0.,-1.));
#7272 = ORIENTED_EDGE('',*,*,#7273,.T.);
#7273 = EDGE_CURVE('',#7266,#7248,#7274,.T.);
#7274 = LINE('',#7275,#7276);
#7275 = CARTESIAN_POINT('',(-1.2,0.,-0.9));
#7276 = VECTOR('',#7277,1.);
#7277 = DIRECTION('',(-1.,-0.,-0.));
#7278 = FACE_BOUND('',#7279,.T.);
#7279 = EDGE_LOOP('',(#7280,#7290,#7298,#7306));
#7280 = ORIENTED_EDGE('',*,*,#7281,.T.);
#7281 = EDGE_CURVE('',#7282,#7284,#7286,.T.);
#7282 = VERTEX_POINT('',#7283);
#7283 = CARTESIAN_POINT('',(-1.2,0.,-0.4));
#7284 = VERTEX_POINT('',#7285);
#7285 = CARTESIAN_POINT('',(-1.2,-0.,-1.E-01));
#7286 = LINE('',#7287,#7288);
#7287 = CARTESIAN_POINT('',(-1.2,0.,-1.E-01));
#7288 = VECTOR('',#7289,1.);
#7289 = DIRECTION('',(-0.,-0.,1.));
#7290 = ORIENTED_EDGE('',*,*,#7291,.T.);
#7291 = EDGE_CURVE('',#7284,#7292,#7294,.T.);
#7292 = VERTEX_POINT('',#7293);
#7293 = CARTESIAN_POINT('',(-0.9,0.,-1.E-01));
#7294 = LINE('',#7295,#7296);
#7295 = CARTESIAN_POINT('',(-1.2,0.,-1.E-01));
#7296 = VECTOR('',#7297,1.);
#7297 = DIRECTION('',(1.,0.,0.));
#7298 = ORIENTED_EDGE('',*,*,#7299,.T.);
#7299 = EDGE_CURVE('',#7292,#7300,#7302,.T.);
#7300 = VERTEX_POINT('',#7301);
#7301 = CARTESIAN_POINT('',(-0.9,0.,-0.4));
#7302 = LINE('',#7303,#7304);
#7303 = CARTESIAN_POINT('',(-0.9,0.,-1.E-01));
#7304 = VECTOR('',#7305,1.);
#7305 = DIRECTION('',(0.,0.,-1.));
#7306 = ORIENTED_EDGE('',*,*,#7307,.T.);
#7307 = EDGE_CURVE('',#7300,#7282,#7308,.T.);
#7308 = LINE('',#7309,#7310);
#7309 = CARTESIAN_POINT('',(-1.2,0.,-0.4));
#7310 = VECTOR('',#7311,1.);
#7311 = DIRECTION('',(-1.,-0.,-0.));
#7312 = FACE_BOUND('',#7313,.T.);
#7313 = EDGE_LOOP('',(#7314,#7324,#7332,#7340));
#7314 = ORIENTED_EDGE('',*,*,#7315,.T.);
#7315 = EDGE_CURVE('',#7316,#7318,#7320,.T.);
#7316 = VERTEX_POINT('',#7317);
#7317 = CARTESIAN_POINT('',(-1.2,0.,0.1));
#7318 = VERTEX_POINT('',#7319);
#7319 = CARTESIAN_POINT('',(-1.2,0.,0.4));
#7320 = LINE('',#7321,#7322);
#7321 = CARTESIAN_POINT('',(-1.2,0.,0.4));
#7322 = VECTOR('',#7323,1.);
#7323 = DIRECTION('',(-0.,-0.,1.));
#7324 = ORIENTED_EDGE('',*,*,#7325,.T.);
#7325 = EDGE_CURVE('',#7318,#7326,#7328,.T.);
#7326 = VERTEX_POINT('',#7327);
#7327 = CARTESIAN_POINT('',(-0.9,0.,0.4));
#7328 = LINE('',#7329,#7330);
#7329 = CARTESIAN_POINT('',(-1.2,0.,0.4));
#7330 = VECTOR('',#7331,1.);
#7331 = DIRECTION('',(1.,0.,0.));
#7332 = ORIENTED_EDGE('',*,*,#7333,.T.);
#7333 = EDGE_CURVE('',#7326,#7334,#7336,.T.);
#7334 = VERTEX_POINT('',#7335);
#7335 = CARTESIAN_POINT('',(-0.9,0.,0.1));
#7336 = LINE('',#7337,#7338);
#7337 = CARTESIAN_POINT('',(-0.9,0.,0.4));
#7338 = VECTOR('',#7339,1.);
#7339 = DIRECTION('',(0.,0.,-1.));
#7340 = ORIENTED_EDGE('',*,*,#7341,.T.);
#7341 = EDGE_CURVE('',#7334,#7316,#7342,.T.);
#7342 = LINE('',#7343,#7344);
#7343 = CARTESIAN_POINT('',(-1.2,0.,0.1));
#7344 = VECTOR('',#7345,1.);
#7345 = DIRECTION('',(-1.,-0.,-0.));
#7346 = PLANE('',#7347);
#7347 = AXIS2_PLACEMENT_3D('',#7348,#7349,#7350);
#7348 = CARTESIAN_POINT('',(0.,0.,0.));
#7349 = DIRECTION('',(0.,-1.,0.));
#7350 = DIRECTION('',(0.,-0.,-1.));
#7351 = ADVANCED_FACE('',(#7352),#7377,.F.);
#7352 = FACE_BOUND('',#7353,.T.);
#7353 = EDGE_LOOP('',(#7354,#7364,#7370,#7371));
#7354 = ORIENTED_EDGE('',*,*,#7355,.F.);
#7355 = EDGE_CURVE('',#7356,#7358,#7360,.T.);
#7356 = VERTEX_POINT('',#7357);
#7357 = CARTESIAN_POINT('',(1.3,0.21,1.825));
#7358 = VERTEX_POINT('',#7359);
#7359 = CARTESIAN_POINT('',(1.3,0.21,-1.825));
#7360 = LINE('',#7361,#7362);
#7361 = CARTESIAN_POINT('',(1.3,0.21,1.825));
#7362 = VECTOR('',#7363,1.);
#7363 = DIRECTION('',(0.,0.,-1.));
#7364 = ORIENTED_EDGE('',*,*,#7365,.T.);
#7365 = EDGE_CURVE('',#7356,#6764,#7366,.T.);
#7366 = LINE('',#7367,#7368);
#7367 = CARTESIAN_POINT('',(1.3,1.19,1.825));
#7368 = VECTOR('',#7369,1.);
#7369 = DIRECTION('',(-0.,-1.,-0.));
#7370 = ORIENTED_EDGE('',*,*,#6763,.T.);
#7371 = ORIENTED_EDGE('',*,*,#7372,.F.);
#7372 = EDGE_CURVE('',#7358,#6766,#7373,.T.);
#7373 = LINE('',#7374,#7375);
#7374 = CARTESIAN_POINT('',(1.3,1.19,-1.825));
#7375 = VECTOR('',#7376,1.);
#7376 = DIRECTION('',(-0.,-1.,-0.));
#7377 = PLANE('',#7378);
#7378 = AXIS2_PLACEMENT_3D('',#7379,#7380,#7381);
#7379 = CARTESIAN_POINT('',(1.3,1.19,1.825));
#7380 = DIRECTION('',(-1.,0.,0.));
#7381 = DIRECTION('',(0.,0.,1.));
#7382 = ADVANCED_FACE('',(#7383),#7401,.F.);
#7383 = FACE_BOUND('',#7384,.T.);
#7384 = EDGE_LOOP('',(#7385,#7393,#7394,#7395));
#7385 = ORIENTED_EDGE('',*,*,#7386,.F.);
#7386 = EDGE_CURVE('',#7358,#7387,#7389,.T.);
#7387 = VERTEX_POINT('',#7388);
#7388 = CARTESIAN_POINT('',(-1.3,0.21,-1.825));
#7389 = LINE('',#7390,#7391);
#7390 = CARTESIAN_POINT('',(-1.3,0.21,-1.825));
#7391 = VECTOR('',#7392,1.);
#7392 = DIRECTION('',(-1.,0.,0.));
#7393 = ORIENTED_EDGE('',*,*,#7372,.T.);
#7394 = ORIENTED_EDGE('',*,*,#6789,.T.);
#7395 = ORIENTED_EDGE('',*,*,#7396,.F.);
#7396 = EDGE_CURVE('',#7387,#6782,#7397,.T.);
#7397 = LINE('',#7398,#7399);
#7398 = CARTESIAN_POINT('',(-1.3,1.19,-1.825));
#7399 = VECTOR('',#7400,1.);
#7400 = DIRECTION('',(-0.,-1.,-0.));
#7401 = PLANE('',#7402);
#7402 = AXIS2_PLACEMENT_3D('',#7403,#7404,#7405);
#7403 = CARTESIAN_POINT('',(-1.3,1.19,-1.825));
#7404 = DIRECTION('',(0.,0.,1.));
#7405 = DIRECTION('',(1.,0.,-0.));
#7406 = ADVANCED_FACE('',(#7407),#7425,.F.);
#7407 = FACE_BOUND('',#7408,.T.);
#7408 = EDGE_LOOP('',(#7409,#7417,#7418,#7419));
#7409 = ORIENTED_EDGE('',*,*,#7410,.F.);
#7410 = EDGE_CURVE('',#7387,#7411,#7413,.T.);
#7411 = VERTEX_POINT('',#7412);
#7412 = CARTESIAN_POINT('',(-1.3,0.21,1.825));
#7413 = LINE('',#7414,#7415);
#7414 = CARTESIAN_POINT('',(-1.3,0.21,1.825));
#7415 = VECTOR('',#7416,1.);
#7416 = DIRECTION('',(-0.,0.,1.));
#7417 = ORIENTED_EDGE('',*,*,#7396,.T.);
#7418 = ORIENTED_EDGE('',*,*,#6781,.T.);
#7419 = ORIENTED_EDGE('',*,*,#7420,.F.);
#7420 = EDGE_CURVE('',#7411,#6774,#7421,.T.);
#7421 = LINE('',#7422,#7423);
#7422 = CARTESIAN_POINT('',(-1.3,1.19,1.825));
#7423 = VECTOR('',#7424,1.);
#7424 = DIRECTION('',(-0.,-1.,-0.));
#7425 = PLANE('',#7426);
#7426 = AXIS2_PLACEMENT_3D('',#7427,#7428,#7429);
#7427 = CARTESIAN_POINT('',(-1.3,1.19,1.825));
#7428 = DIRECTION('',(1.,-0.,0.));
#7429 = DIRECTION('',(0.,0.,-1.));
#7430 = ADVANCED_FACE('',(#7431),#7442,.F.);
#7431 = FACE_BOUND('',#7432,.T.);
#7432 = EDGE_LOOP('',(#7433,#7439,#7440,#7441));
#7433 = ORIENTED_EDGE('',*,*,#7434,.F.);
#7434 = EDGE_CURVE('',#7411,#7356,#7435,.T.);
#7435 = LINE('',#7436,#7437);
#7436 = CARTESIAN_POINT('',(-1.3,0.21,1.825));
#7437 = VECTOR('',#7438,1.);
#7438 = DIRECTION('',(1.,-0.,0.));
#7439 = ORIENTED_EDGE('',*,*,#7420,.T.);
#7440 = ORIENTED_EDGE('',*,*,#6773,.T.);
#7441 = ORIENTED_EDGE('',*,*,#7365,.F.);
#7442 = PLANE('',#7443);
#7443 = AXIS2_PLACEMENT_3D('',#7444,#7445,#7446);
#7444 = CARTESIAN_POINT('',(-1.3,1.19,1.825));
#7445 = DIRECTION('',(0.,0.,-1.));
#7446 = DIRECTION('',(-1.,0.,-0.));
#7447 = ADVANCED_FACE('',(#7448),#7454,.T.);
#7448 = FACE_BOUND('',#7449,.T.);
#7449 = EDGE_LOOP('',(#7450,#7451,#7452,#7453));
#7450 = ORIENTED_EDGE('',*,*,#7434,.T.);
#7451 = ORIENTED_EDGE('',*,*,#7355,.T.);
#7452 = ORIENTED_EDGE('',*,*,#7386,.T.);
#7453 = ORIENTED_EDGE('',*,*,#7410,.T.);
#7454 = PLANE('',#7455);
#7455 = AXIS2_PLACEMENT_3D('',#7456,#7457,#7458);
#7456 = CARTESIAN_POINT('',(0.,0.21,0.));
#7457 = DIRECTION('',(0.,1.,0.));
#7458 = DIRECTION('',(0.,-0.,1.));
#7459 = ADVANCED_FACE('',(#7460),#7485,.T.);
#7460 = FACE_BOUND('',#7461,.T.);
#7461 = EDGE_LOOP('',(#7462,#7463,#7471,#7479));
#7462 = ORIENTED_EDGE('',*,*,#6807,.F.);
#7463 = ORIENTED_EDGE('',*,*,#7464,.F.);
#7464 = EDGE_CURVE('',#7465,#6800,#7467,.T.);
#7465 = VERTEX_POINT('',#7466);
#7466 = CARTESIAN_POINT('',(0.6,0.1,-1.725));
#7467 = LINE('',#7468,#7469);
#7468 = CARTESIAN_POINT('',(0.6,0.1,-1.725));
#7469 = VECTOR('',#7470,1.);
#7470 = DIRECTION('',(0.,-1.,0.));
#7471 = ORIENTED_EDGE('',*,*,#7472,.T.);
#7472 = EDGE_CURVE('',#7465,#7473,#7475,.T.);
#7473 = VERTEX_POINT('',#7474);
#7474 = CARTESIAN_POINT('',(0.6,0.1,-1.425));
#7475 = LINE('',#7476,#7477);
#7476 = CARTESIAN_POINT('',(0.6,0.1,-1.425));
#7477 = VECTOR('',#7478,1.);
#7478 = DIRECTION('',(-7.228014483237E-16,-0.,1.));
#7479 = ORIENTED_EDGE('',*,*,#7480,.T.);
#7480 = EDGE_CURVE('',#7473,#6808,#7481,.T.);
#7481 = LINE('',#7482,#7483);
#7482 = CARTESIAN_POINT('',(0.6,0.1,-1.425));
#7483 = VECTOR('',#7484,1.);
#7484 = DIRECTION('',(0.,-1.,0.));
#7485 = PLANE('',#7486);
#7486 = AXIS2_PLACEMENT_3D('',#7487,#7488,#7489);
#7487 = CARTESIAN_POINT('',(0.6,0.1,-1.425));
#7488 = DIRECTION('',(1.,0.,7.228014483237E-16));
#7489 = DIRECTION('',(7.228014483237E-16,0.,-1.));
#7490 = ADVANCED_FACE('',(#7491),#7509,.T.);
#7491 = FACE_BOUND('',#7492,.T.);
#7492 = EDGE_LOOP('',(#7493,#7494,#7495,#7503));
#7493 = ORIENTED_EDGE('',*,*,#6815,.F.);
#7494 = ORIENTED_EDGE('',*,*,#7480,.F.);
#7495 = ORIENTED_EDGE('',*,*,#7496,.T.);
#7496 = EDGE_CURVE('',#7473,#7497,#7499,.T.);
#7497 = VERTEX_POINT('',#7498);
#7498 = CARTESIAN_POINT('',(0.9,0.1,-1.425));
#7499 = LINE('',#7500,#7501);
#7500 = CARTESIAN_POINT('',(0.9,0.1,-1.425));
#7501 = VECTOR('',#7502,1.);
#7502 = DIRECTION('',(1.,-0.,-0.));
#7503 = ORIENTED_EDGE('',*,*,#7504,.T.);
#7504 = EDGE_CURVE('',#7497,#6816,#7505,.T.);
#7505 = LINE('',#7506,#7507);
#7506 = CARTESIAN_POINT('',(0.9,0.1,-1.425));
#7507 = VECTOR('',#7508,1.);
#7508 = DIRECTION('',(0.,-1.,0.));
#7509 = PLANE('',#7510);
#7510 = AXIS2_PLACEMENT_3D('',#7511,#7512,#7513);
#7511 = CARTESIAN_POINT('',(0.9,0.1,-1.425));
#7512 = DIRECTION('',(-0.,0.,-1.));
#7513 = DIRECTION('',(-1.,0.,0.));
#7514 = ADVANCED_FACE('',(#7515),#7533,.T.);
#7515 = FACE_BOUND('',#7516,.T.);
#7516 = EDGE_LOOP('',(#7517,#7518,#7519,#7527));
#7517 = ORIENTED_EDGE('',*,*,#6823,.F.);
#7518 = ORIENTED_EDGE('',*,*,#7504,.F.);
#7519 = ORIENTED_EDGE('',*,*,#7520,.T.);
#7520 = EDGE_CURVE('',#7497,#7521,#7523,.T.);
#7521 = VERTEX_POINT('',#7522);
#7522 = CARTESIAN_POINT('',(0.9,0.1,-1.725));
#7523 = LINE('',#7524,#7525);
#7524 = CARTESIAN_POINT('',(0.9,0.1,-1.425));
#7525 = VECTOR('',#7526,1.);
#7526 = DIRECTION('',(0.,0.,-1.));
#7527 = ORIENTED_EDGE('',*,*,#7528,.T.);
#7528 = EDGE_CURVE('',#7521,#6798,#7529,.T.);
#7529 = LINE('',#7530,#7531);
#7530 = CARTESIAN_POINT('',(0.9,0.1,-1.725));
#7531 = VECTOR('',#7532,1.);
#7532 = DIRECTION('',(0.,-1.,0.));
#7533 = PLANE('',#7534);
#7534 = AXIS2_PLACEMENT_3D('',#7535,#7536,#7537);
#7535 = CARTESIAN_POINT('',(0.9,0.1,-1.425));
#7536 = DIRECTION('',(-1.,0.,-0.));
#7537 = DIRECTION('',(0.,0.,1.));
#7538 = ADVANCED_FACE('',(#7539),#7550,.T.);
#7539 = FACE_BOUND('',#7540,.T.);
#7540 = EDGE_LOOP('',(#7541,#7542,#7543,#7549));
#7541 = ORIENTED_EDGE('',*,*,#6797,.F.);
#7542 = ORIENTED_EDGE('',*,*,#7528,.F.);
#7543 = ORIENTED_EDGE('',*,*,#7544,.T.);
#7544 = EDGE_CURVE('',#7521,#7465,#7545,.T.);
#7545 = LINE('',#7546,#7547);
#7546 = CARTESIAN_POINT('',(0.9,0.1,-1.725));
#7547 = VECTOR('',#7548,1.);
#7548 = DIRECTION('',(-1.,0.,8.673617379884E-15));
#7549 = ORIENTED_EDGE('',*,*,#7464,.T.);
#7550 = PLANE('',#7551);
#7551 = AXIS2_PLACEMENT_3D('',#7552,#7553,#7554);
#7552 = CARTESIAN_POINT('',(0.9,0.1,-1.725));
#7553 = DIRECTION('',(8.673617379884E-15,0.,1.));
#7554 = DIRECTION('',(1.,0.,-8.673617379884E-15));
#7555 = ADVANCED_FACE('',(#7556),#7562,.F.);
#7556 = FACE_BOUND('',#7557,.T.);
#7557 = EDGE_LOOP('',(#7558,#7559,#7560,#7561));
#7558 = ORIENTED_EDGE('',*,*,#7472,.F.);
#7559 = ORIENTED_EDGE('',*,*,#7544,.F.);
#7560 = ORIENTED_EDGE('',*,*,#7520,.F.);
#7561 = ORIENTED_EDGE('',*,*,#7496,.F.);
#7562 = PLANE('',#7563);
#7563 = AXIS2_PLACEMENT_3D('',#7564,#7565,#7566);
#7564 = CARTESIAN_POINT('',(0.,0.1,0.));
#7565 = DIRECTION('',(0.,1.,0.));
#7566 = DIRECTION('',(0.,-0.,1.));
#7567 = ADVANCED_FACE('',(#7568),#7593,.T.);
#7568 = FACE_BOUND('',#7569,.T.);
#7569 = EDGE_LOOP('',(#7570,#7571,#7579,#7587));
#7570 = ORIENTED_EDGE('',*,*,#6841,.F.);
#7571 = ORIENTED_EDGE('',*,*,#7572,.F.);
#7572 = EDGE_CURVE('',#7573,#6834,#7575,.T.);
#7573 = VERTEX_POINT('',#7574);
#7574 = CARTESIAN_POINT('',(0.9,0.1,1.425));
#7575 = LINE('',#7576,#7577);
#7576 = CARTESIAN_POINT('',(0.9,0.1,1.425));
#7577 = VECTOR('',#7578,1.);
#7578 = DIRECTION('',(0.,-1.,0.));
#7579 = ORIENTED_EDGE('',*,*,#7580,.T.);
#7580 = EDGE_CURVE('',#7573,#7581,#7583,.T.);
#7581 = VERTEX_POINT('',#7582);
#7582 = CARTESIAN_POINT('',(0.6,0.1,1.425));
#7583 = LINE('',#7584,#7585);
#7584 = CARTESIAN_POINT('',(0.9,0.1,1.425));
#7585 = VECTOR('',#7586,1.);
#7586 = DIRECTION('',(-1.,0.,0.));
#7587 = ORIENTED_EDGE('',*,*,#7588,.T.);
#7588 = EDGE_CURVE('',#7581,#6842,#7589,.T.);
#7589 = LINE('',#7590,#7591);
#7590 = CARTESIAN_POINT('',(0.6,0.1,1.425));
#7591 = VECTOR('',#7592,1.);
#7592 = DIRECTION('',(0.,-1.,0.));
#7593 = PLANE('',#7594);
#7594 = AXIS2_PLACEMENT_3D('',#7595,#7596,#7597);
#7595 = CARTESIAN_POINT('',(0.9,0.1,1.425));
#7596 = DIRECTION('',(0.,0.,1.));
#7597 = DIRECTION('',(1.,0.,-0.));
#7598 = ADVANCED_FACE('',(#7599),#7617,.T.);
#7599 = FACE_BOUND('',#7600,.T.);
#7600 = EDGE_LOOP('',(#7601,#7602,#7603,#7611));
#7601 = ORIENTED_EDGE('',*,*,#6849,.F.);
#7602 = ORIENTED_EDGE('',*,*,#7588,.F.);
#7603 = ORIENTED_EDGE('',*,*,#7604,.T.);
#7604 = EDGE_CURVE('',#7581,#7605,#7607,.T.);
#7605 = VERTEX_POINT('',#7606);
#7606 = CARTESIAN_POINT('',(0.6,0.1,1.725));
#7607 = LINE('',#7608,#7609);
#7608 = CARTESIAN_POINT('',(0.6,0.1,1.425));
#7609 = VECTOR('',#7610,1.);
#7610 = DIRECTION('',(7.228014483237E-16,0.,1.));
#7611 = ORIENTED_EDGE('',*,*,#7612,.T.);
#7612 = EDGE_CURVE('',#7605,#6850,#7613,.T.);
#7613 = LINE('',#7614,#7615);
#7614 = CARTESIAN_POINT('',(0.6,0.1,1.725));
#7615 = VECTOR('',#7616,1.);
#7616 = DIRECTION('',(0.,-1.,0.));
#7617 = PLANE('',#7618);
#7618 = AXIS2_PLACEMENT_3D('',#7619,#7620,#7621);
#7619 = CARTESIAN_POINT('',(0.6,0.1,1.425));
#7620 = DIRECTION('',(1.,0.,-7.228014483237E-16));
#7621 = DIRECTION('',(-7.228014483237E-16,0.,-1.));
#7622 = ADVANCED_FACE('',(#7623),#7641,.T.);
#7623 = FACE_BOUND('',#7624,.T.);
#7624 = EDGE_LOOP('',(#7625,#7626,#7627,#7635));
#7625 = ORIENTED_EDGE('',*,*,#6857,.F.);
#7626 = ORIENTED_EDGE('',*,*,#7612,.F.);
#7627 = ORIENTED_EDGE('',*,*,#7628,.T.);
#7628 = EDGE_CURVE('',#7605,#7629,#7631,.T.);
#7629 = VERTEX_POINT('',#7630);
#7630 = CARTESIAN_POINT('',(0.9,0.1,1.725));
#7631 = LINE('',#7632,#7633);
#7632 = CARTESIAN_POINT('',(0.9,0.1,1.725));
#7633 = VECTOR('',#7634,1.);
#7634 = DIRECTION('',(1.,-0.,8.673617379884E-15));
#7635 = ORIENTED_EDGE('',*,*,#7636,.T.);
#7636 = EDGE_CURVE('',#7629,#6832,#7637,.T.);
#7637 = LINE('',#7638,#7639);
#7638 = CARTESIAN_POINT('',(0.9,0.1,1.725));
#7639 = VECTOR('',#7640,1.);
#7640 = DIRECTION('',(0.,-1.,0.));
#7641 = PLANE('',#7642);
#7642 = AXIS2_PLACEMENT_3D('',#7643,#7644,#7645);
#7643 = CARTESIAN_POINT('',(0.9,0.1,1.725));
#7644 = DIRECTION('',(8.673617379884E-15,0.,-1.));
#7645 = DIRECTION('',(-1.,0.,-8.673617379884E-15));
#7646 = ADVANCED_FACE('',(#7647),#7658,.T.);
#7647 = FACE_BOUND('',#7648,.T.);
#7648 = EDGE_LOOP('',(#7649,#7650,#7651,#7657));
#7649 = ORIENTED_EDGE('',*,*,#6831,.F.);
#7650 = ORIENTED_EDGE('',*,*,#7636,.F.);
#7651 = ORIENTED_EDGE('',*,*,#7652,.T.);
#7652 = EDGE_CURVE('',#7629,#7573,#7653,.T.);
#7653 = LINE('',#7654,#7655);
#7654 = CARTESIAN_POINT('',(0.9,0.1,1.425));
#7655 = VECTOR('',#7656,1.);
#7656 = DIRECTION('',(-0.,-0.,-1.));
#7657 = ORIENTED_EDGE('',*,*,#7572,.T.);
#7658 = PLANE('',#7659);
#7659 = AXIS2_PLACEMENT_3D('',#7660,#7661,#7662);
#7660 = CARTESIAN_POINT('',(0.9,0.1,1.425));
#7661 = DIRECTION('',(-1.,0.,0.));
#7662 = DIRECTION('',(0.,0.,1.));
#7663 = ADVANCED_FACE('',(#7664),#7670,.F.);
#7664 = FACE_BOUND('',#7665,.T.);
#7665 = EDGE_LOOP('',(#7666,#7667,#7668,#7669));
#7666 = ORIENTED_EDGE('',*,*,#7580,.F.);
#7667 = ORIENTED_EDGE('',*,*,#7652,.F.);
#7668 = ORIENTED_EDGE('',*,*,#7628,.F.);
#7669 = ORIENTED_EDGE('',*,*,#7604,.F.);
#7670 = PLANE('',#7671);
#7671 = AXIS2_PLACEMENT_3D('',#7672,#7673,#7674);
#7672 = CARTESIAN_POINT('',(0.,0.1,0.));
#7673 = DIRECTION('',(0.,1.,-0.));
#7674 = DIRECTION('',(0.,0.,1.));
#7675 = ADVANCED_FACE('',(#7676),#7701,.T.);
#7676 = FACE_BOUND('',#7677,.T.);
#7677 = EDGE_LOOP('',(#7678,#7679,#7687,#7695));
#7678 = ORIENTED_EDGE('',*,*,#6875,.F.);
#7679 = ORIENTED_EDGE('',*,*,#7680,.F.);
#7680 = EDGE_CURVE('',#7681,#6868,#7683,.T.);
#7681 = VERTEX_POINT('',#7682);
#7682 = CARTESIAN_POINT('',(0.1,0.1,-1.725));
#7683 = LINE('',#7684,#7685);
#7684 = CARTESIAN_POINT('',(0.1,0.1,-1.725));
#7685 = VECTOR('',#7686,1.);
#7686 = DIRECTION('',(0.,-1.,0.));
#7687 = ORIENTED_EDGE('',*,*,#7688,.T.);
#7688 = EDGE_CURVE('',#7681,#7689,#7691,.T.);
#7689 = VERTEX_POINT('',#7690);
#7690 = CARTESIAN_POINT('',(1.E-01,0.1,-1.425));
#7691 = LINE('',#7692,#7693);
#7692 = CARTESIAN_POINT('',(1.E-01,0.1,-1.425));
#7693 = VECTOR('',#7694,1.);
#7694 = DIRECTION('',(-3.614007241618E-16,-0.,1.));
#7695 = ORIENTED_EDGE('',*,*,#7696,.T.);
#7696 = EDGE_CURVE('',#7689,#6876,#7697,.T.);
#7697 = LINE('',#7698,#7699);
#7698 = CARTESIAN_POINT('',(1.E-01,0.1,-1.425));
#7699 = VECTOR('',#7700,1.);
#7700 = DIRECTION('',(0.,-1.,0.));
#7701 = PLANE('',#7702);
#7702 = AXIS2_PLACEMENT_3D('',#7703,#7704,#7705);
#7703 = CARTESIAN_POINT('',(1.E-01,0.1,-1.425));
#7704 = DIRECTION('',(1.,0.,3.614007241618E-16));
#7705 = DIRECTION('',(3.614007241618E-16,0.,-1.));
#7706 = ADVANCED_FACE('',(#7707),#7725,.T.);
#7707 = FACE_BOUND('',#7708,.T.);
#7708 = EDGE_LOOP('',(#7709,#7710,#7711,#7719));
#7709 = ORIENTED_EDGE('',*,*,#6883,.F.);
#7710 = ORIENTED_EDGE('',*,*,#7696,.F.);
#7711 = ORIENTED_EDGE('',*,*,#7712,.T.);
#7712 = EDGE_CURVE('',#7689,#7713,#7715,.T.);
#7713 = VERTEX_POINT('',#7714);
#7714 = CARTESIAN_POINT('',(0.4,0.1,-1.425));
#7715 = LINE('',#7716,#7717);
#7716 = CARTESIAN_POINT('',(0.4,0.1,-1.425));
#7717 = VECTOR('',#7718,1.);
#7718 = DIRECTION('',(1.,-0.,-0.));
#7719 = ORIENTED_EDGE('',*,*,#7720,.T.);
#7720 = EDGE_CURVE('',#7713,#6884,#7721,.T.);
#7721 = LINE('',#7722,#7723);
#7722 = CARTESIAN_POINT('',(0.4,0.1,-1.425));
#7723 = VECTOR('',#7724,1.);
#7724 = DIRECTION('',(0.,-1.,0.));
#7725 = PLANE('',#7726);
#7726 = AXIS2_PLACEMENT_3D('',#7727,#7728,#7729);
#7727 = CARTESIAN_POINT('',(0.4,0.1,-1.425));
#7728 = DIRECTION('',(-0.,0.,-1.));
#7729 = DIRECTION('',(-1.,0.,0.));
#7730 = ADVANCED_FACE('',(#7731),#7749,.T.);
#7731 = FACE_BOUND('',#7732,.T.);
#7732 = EDGE_LOOP('',(#7733,#7734,#7735,#7743));
#7733 = ORIENTED_EDGE('',*,*,#6891,.F.);
#7734 = ORIENTED_EDGE('',*,*,#7720,.F.);
#7735 = ORIENTED_EDGE('',*,*,#7736,.T.);
#7736 = EDGE_CURVE('',#7713,#7737,#7739,.T.);
#7737 = VERTEX_POINT('',#7738);
#7738 = CARTESIAN_POINT('',(0.4,0.1,-1.725));
#7739 = LINE('',#7740,#7741);
#7740 = CARTESIAN_POINT('',(0.4,0.1,-1.425));
#7741 = VECTOR('',#7742,1.);
#7742 = DIRECTION('',(0.,0.,-1.));
#7743 = ORIENTED_EDGE('',*,*,#7744,.T.);
#7744 = EDGE_CURVE('',#7737,#6866,#7745,.T.);
#7745 = LINE('',#7746,#7747);
#7746 = CARTESIAN_POINT('',(0.4,0.1,-1.725));
#7747 = VECTOR('',#7748,1.);
#7748 = DIRECTION('',(0.,-1.,0.));
#7749 = PLANE('',#7750);
#7750 = AXIS2_PLACEMENT_3D('',#7751,#7752,#7753);
#7751 = CARTESIAN_POINT('',(0.4,0.1,-1.425));
#7752 = DIRECTION('',(-1.,0.,-0.));
#7753 = DIRECTION('',(0.,0.,1.));
#7754 = ADVANCED_FACE('',(#7755),#7766,.T.);
#7755 = FACE_BOUND('',#7756,.T.);
#7756 = EDGE_LOOP('',(#7757,#7758,#7759,#7765));
#7757 = ORIENTED_EDGE('',*,*,#6865,.F.);
#7758 = ORIENTED_EDGE('',*,*,#7744,.F.);
#7759 = ORIENTED_EDGE('',*,*,#7760,.T.);
#7760 = EDGE_CURVE('',#7737,#7681,#7761,.T.);
#7761 = LINE('',#7762,#7763);
#7762 = CARTESIAN_POINT('',(0.4,0.1,-1.725));
#7763 = VECTOR('',#7764,1.);
#7764 = DIRECTION('',(-1.,0.,0.));
#7765 = ORIENTED_EDGE('',*,*,#7680,.T.);
#7766 = PLANE('',#7767);
#7767 = AXIS2_PLACEMENT_3D('',#7768,#7769,#7770);
#7768 = CARTESIAN_POINT('',(0.4,0.1,-1.725));
#7769 = DIRECTION('',(0.,0.,1.));
#7770 = DIRECTION('',(1.,0.,-0.));
#7771 = ADVANCED_FACE('',(#7772),#7778,.F.);
#7772 = FACE_BOUND('',#7773,.T.);
#7773 = EDGE_LOOP('',(#7774,#7775,#7776,#7777));
#7774 = ORIENTED_EDGE('',*,*,#7688,.F.);
#7775 = ORIENTED_EDGE('',*,*,#7760,.F.);
#7776 = ORIENTED_EDGE('',*,*,#7736,.F.);
#7777 = ORIENTED_EDGE('',*,*,#7712,.F.);
#7778 = PLANE('',#7779);
#7779 = AXIS2_PLACEMENT_3D('',#7780,#7781,#7782);
#7780 = CARTESIAN_POINT('',(0.,0.1,0.));
#7781 = DIRECTION('',(0.,1.,0.));
#7782 = DIRECTION('',(0.,-0.,1.));
#7783 = ADVANCED_FACE('',(#7784),#7809,.T.);
#7784 = FACE_BOUND('',#7785,.T.);
#7785 = EDGE_LOOP('',(#7786,#7787,#7795,#7803));
#7786 = ORIENTED_EDGE('',*,*,#6909,.F.);
#7787 = ORIENTED_EDGE('',*,*,#7788,.F.);
#7788 = EDGE_CURVE('',#7789,#6902,#7791,.T.);
#7789 = VERTEX_POINT('',#7790);
#7790 = CARTESIAN_POINT('',(-0.4,0.1,-1.725));
#7791 = LINE('',#7792,#7793);
#7792 = CARTESIAN_POINT('',(-0.4,0.1,-1.725));
#7793 = VECTOR('',#7794,1.);
#7794 = DIRECTION('',(0.,-1.,0.));
#7795 = ORIENTED_EDGE('',*,*,#7796,.T.);
#7796 = EDGE_CURVE('',#7789,#7797,#7799,.T.);
#7797 = VERTEX_POINT('',#7798);
#7798 = CARTESIAN_POINT('',(-0.4,0.1,-1.425));
#7799 = LINE('',#7800,#7801);
#7800 = CARTESIAN_POINT('',(-0.4,0.1,-1.425));
#7801 = VECTOR('',#7802,1.);
#7802 = DIRECTION('',(-3.614007241618E-16,-0.,1.));
#7803 = ORIENTED_EDGE('',*,*,#7804,.T.);
#7804 = EDGE_CURVE('',#7797,#6910,#7805,.T.);
#7805 = LINE('',#7806,#7807);
#7806 = CARTESIAN_POINT('',(-0.4,0.1,-1.425));
#7807 = VECTOR('',#7808,1.);
#7808 = DIRECTION('',(0.,-1.,0.));
#7809 = PLANE('',#7810);
#7810 = AXIS2_PLACEMENT_3D('',#7811,#7812,#7813);
#7811 = CARTESIAN_POINT('',(-0.4,0.1,-1.425));
#7812 = DIRECTION('',(1.,0.,3.614007241618E-16));
#7813 = DIRECTION('',(3.614007241618E-16,0.,-1.));
#7814 = ADVANCED_FACE('',(#7815),#7833,.T.);
#7815 = FACE_BOUND('',#7816,.T.);
#7816 = EDGE_LOOP('',(#7817,#7818,#7819,#7827));
#7817 = ORIENTED_EDGE('',*,*,#6917,.F.);
#7818 = ORIENTED_EDGE('',*,*,#7804,.F.);
#7819 = ORIENTED_EDGE('',*,*,#7820,.T.);
#7820 = EDGE_CURVE('',#7797,#7821,#7823,.T.);
#7821 = VERTEX_POINT('',#7822);
#7822 = CARTESIAN_POINT('',(-1.E-01,0.1,-1.425));
#7823 = LINE('',#7824,#7825);
#7824 = CARTESIAN_POINT('',(-1.E-01,0.1,-1.425));
#7825 = VECTOR('',#7826,1.);
#7826 = DIRECTION('',(1.,-0.,-0.));
#7827 = ORIENTED_EDGE('',*,*,#7828,.T.);
#7828 = EDGE_CURVE('',#7821,#6918,#7829,.T.);
#7829 = LINE('',#7830,#7831);
#7830 = CARTESIAN_POINT('',(-1.E-01,0.1,-1.425));
#7831 = VECTOR('',#7832,1.);
#7832 = DIRECTION('',(0.,-1.,0.));
#7833 = PLANE('',#7834);
#7834 = AXIS2_PLACEMENT_3D('',#7835,#7836,#7837);
#7835 = CARTESIAN_POINT('',(-1.E-01,0.1,-1.425));
#7836 = DIRECTION('',(-0.,0.,-1.));
#7837 = DIRECTION('',(-1.,0.,0.));
#7838 = ADVANCED_FACE('',(#7839),#7857,.T.);
#7839 = FACE_BOUND('',#7840,.T.);
#7840 = EDGE_LOOP('',(#7841,#7842,#7843,#7851));
#7841 = ORIENTED_EDGE('',*,*,#6925,.F.);
#7842 = ORIENTED_EDGE('',*,*,#7828,.F.);
#7843 = ORIENTED_EDGE('',*,*,#7844,.T.);
#7844 = EDGE_CURVE('',#7821,#7845,#7847,.T.);
#7845 = VERTEX_POINT('',#7846);
#7846 = CARTESIAN_POINT('',(-1.E-01,0.1,-1.725));
#7847 = LINE('',#7848,#7849);
#7848 = CARTESIAN_POINT('',(-1.E-01,0.1,-1.425));
#7849 = VECTOR('',#7850,1.);
#7850 = DIRECTION('',(0.,0.,-1.));
#7851 = ORIENTED_EDGE('',*,*,#7852,.T.);
#7852 = EDGE_CURVE('',#7845,#6900,#7853,.T.);
#7853 = LINE('',#7854,#7855);
#7854 = CARTESIAN_POINT('',(-1.E-01,0.1,-1.725));
#7855 = VECTOR('',#7856,1.);
#7856 = DIRECTION('',(0.,-1.,0.));
#7857 = PLANE('',#7858);
#7858 = AXIS2_PLACEMENT_3D('',#7859,#7860,#7861);
#7859 = CARTESIAN_POINT('',(-1.E-01,0.1,-1.425));
#7860 = DIRECTION('',(-1.,0.,-0.));
#7861 = DIRECTION('',(0.,0.,1.));
#7862 = ADVANCED_FACE('',(#7863),#7874,.T.);
#7863 = FACE_BOUND('',#7864,.T.);
#7864 = EDGE_LOOP('',(#7865,#7866,#7867,#7873));
#7865 = ORIENTED_EDGE('',*,*,#6899,.F.);
#7866 = ORIENTED_EDGE('',*,*,#7852,.F.);
#7867 = ORIENTED_EDGE('',*,*,#7868,.T.);
#7868 = EDGE_CURVE('',#7845,#7789,#7869,.T.);
#7869 = LINE('',#7870,#7871);
#7870 = CARTESIAN_POINT('',(-1.E-01,0.1,-1.725));
#7871 = VECTOR('',#7872,1.);
#7872 = DIRECTION('',(-1.,0.,0.));
#7873 = ORIENTED_EDGE('',*,*,#7788,.T.);
#7874 = PLANE('',#7875);
#7875 = AXIS2_PLACEMENT_3D('',#7876,#7877,#7878);
#7876 = CARTESIAN_POINT('',(-1.E-01,0.1,-1.725));
#7877 = DIRECTION('',(0.,0.,1.));
#7878 = DIRECTION('',(1.,0.,-0.));
#7879 = ADVANCED_FACE('',(#7880),#7886,.F.);
#7880 = FACE_BOUND('',#7881,.T.);
#7881 = EDGE_LOOP('',(#7882,#7883,#7884,#7885));
#7882 = ORIENTED_EDGE('',*,*,#7796,.F.);
#7883 = ORIENTED_EDGE('',*,*,#7868,.F.);
#7884 = ORIENTED_EDGE('',*,*,#7844,.F.);
#7885 = ORIENTED_EDGE('',*,*,#7820,.F.);
#7886 = PLANE('',#7887);
#7887 = AXIS2_PLACEMENT_3D('',#7888,#7889,#7890);
#7888 = CARTESIAN_POINT('',(0.,0.1,0.));
#7889 = DIRECTION('',(0.,1.,0.));
#7890 = DIRECTION('',(0.,-0.,1.));
#7891 = ADVANCED_FACE('',(#7892),#7917,.T.);
#7892 = FACE_BOUND('',#7893,.T.);
#7893 = EDGE_LOOP('',(#7894,#7895,#7903,#7911));
#7894 = ORIENTED_EDGE('',*,*,#6943,.F.);
#7895 = ORIENTED_EDGE('',*,*,#7896,.F.);
#7896 = EDGE_CURVE('',#7897,#6936,#7899,.T.);
#7897 = VERTEX_POINT('',#7898);
#7898 = CARTESIAN_POINT('',(-0.9,0.1,-1.725));
#7899 = LINE('',#7900,#7901);
#7900 = CARTESIAN_POINT('',(-0.9,0.1,-1.725));
#7901 = VECTOR('',#7902,1.);
#7902 = DIRECTION('',(0.,-1.,0.));
#7903 = ORIENTED_EDGE('',*,*,#7904,.T.);
#7904 = EDGE_CURVE('',#7897,#7905,#7907,.T.);
#7905 = VERTEX_POINT('',#7906);
#7906 = CARTESIAN_POINT('',(-0.9,0.1,-1.425));
#7907 = LINE('',#7908,#7909);
#7908 = CARTESIAN_POINT('',(-0.9,0.1,-1.425));
#7909 = VECTOR('',#7910,1.);
#7910 = DIRECTION('',(-3.614007241618E-16,-0.,1.));
#7911 = ORIENTED_EDGE('',*,*,#7912,.T.);
#7912 = EDGE_CURVE('',#7905,#6944,#7913,.T.);
#7913 = LINE('',#7914,#7915);
#7914 = CARTESIAN_POINT('',(-0.9,0.1,-1.425));
#7915 = VECTOR('',#7916,1.);
#7916 = DIRECTION('',(0.,-1.,0.));
#7917 = PLANE('',#7918);
#7918 = AXIS2_PLACEMENT_3D('',#7919,#7920,#7921);
#7919 = CARTESIAN_POINT('',(-0.9,0.1,-1.425));
#7920 = DIRECTION('',(1.,0.,3.614007241618E-16));
#7921 = DIRECTION('',(3.614007241618E-16,0.,-1.));
#7922 = ADVANCED_FACE('',(#7923),#7941,.T.);
#7923 = FACE_BOUND('',#7924,.T.);
#7924 = EDGE_LOOP('',(#7925,#7933,#7939,#7940));
#7925 = ORIENTED_EDGE('',*,*,#7926,.T.);
#7926 = EDGE_CURVE('',#7905,#7927,#7929,.T.);
#7927 = VERTEX_POINT('',#7928);
#7928 = CARTESIAN_POINT('',(-0.7251579,0.1,-1.425));
#7929 = LINE('',#7930,#7931);
#7930 = CARTESIAN_POINT('',(-0.6,0.1,-1.425));
#7931 = VECTOR('',#7932,1.);
#7932 = DIRECTION('',(1.,-0.,-0.));
#7933 = ORIENTED_EDGE('',*,*,#7934,.T.);
#7934 = EDGE_CURVE('',#7927,#6952,#7935,.T.);
#7935 = LINE('',#7936,#7937);
#7936 = CARTESIAN_POINT('',(-0.7251579,0.,-1.425));
#7937 = VECTOR('',#7938,1.);
#7938 = DIRECTION('',(0.,-1.,0.));
#7939 = ORIENTED_EDGE('',*,*,#6951,.F.);
#7940 = ORIENTED_EDGE('',*,*,#7912,.F.);
#7941 = PLANE('',#7942);
#7942 = AXIS2_PLACEMENT_3D('',#7943,#7944,#7945);
#7943 = CARTESIAN_POINT('',(-0.6,0.1,-1.425));
#7944 = DIRECTION('',(-0.,0.,-1.));
#7945 = DIRECTION('',(-1.,0.,0.));
#7946 = ADVANCED_FACE('',(#7947),#7972,.T.);
#7947 = FACE_BOUND('',#7948,.T.);
#7948 = EDGE_LOOP('',(#7949,#7950,#7958,#7966));
#7949 = ORIENTED_EDGE('',*,*,#6967,.F.);
#7950 = ORIENTED_EDGE('',*,*,#7951,.T.);
#7951 = EDGE_CURVE('',#6960,#7952,#7954,.T.);
#7952 = VERTEX_POINT('',#7953);
#7953 = CARTESIAN_POINT('',(-0.6,0.1,-1.5501579));
#7954 = LINE('',#7955,#7956);
#7955 = CARTESIAN_POINT('',(-0.6,0.1,-1.5501579));
#7956 = VECTOR('',#7957,1.);
#7957 = DIRECTION('',(0.,1.,0.));
#7958 = ORIENTED_EDGE('',*,*,#7959,.T.);
#7959 = EDGE_CURVE('',#7952,#7960,#7962,.T.);
#7960 = VERTEX_POINT('',#7961);
#7961 = CARTESIAN_POINT('',(-0.6,0.1,-1.725));
#7962 = LINE('',#7963,#7964);
#7963 = CARTESIAN_POINT('',(-0.6,0.1,-1.425));
#7964 = VECTOR('',#7965,1.);
#7965 = DIRECTION('',(0.,0.,-1.));
#7966 = ORIENTED_EDGE('',*,*,#7967,.T.);
#7967 = EDGE_CURVE('',#7960,#6934,#7968,.T.);
#7968 = LINE('',#7969,#7970);
#7969 = CARTESIAN_POINT('',(-0.6,0.1,-1.725));
#7970 = VECTOR('',#7971,1.);
#7971 = DIRECTION('',(0.,-1.,0.));
#7972 = PLANE('',#7973);
#7973 = AXIS2_PLACEMENT_3D('',#7974,#7975,#7976);
#7974 = CARTESIAN_POINT('',(-0.6,0.1,-1.425));
#7975 = DIRECTION('',(-1.,0.,-0.));
#7976 = DIRECTION('',(0.,0.,1.));
#7977 = ADVANCED_FACE('',(#7978),#7989,.T.);
#7978 = FACE_BOUND('',#7979,.T.);
#7979 = EDGE_LOOP('',(#7980,#7981,#7982,#7988));
#7980 = ORIENTED_EDGE('',*,*,#6933,.F.);
#7981 = ORIENTED_EDGE('',*,*,#7967,.F.);
#7982 = ORIENTED_EDGE('',*,*,#7983,.T.);
#7983 = EDGE_CURVE('',#7960,#7897,#7984,.T.);
#7984 = LINE('',#7985,#7986);
#7985 = CARTESIAN_POINT('',(-0.6,0.1,-1.725));
#7986 = VECTOR('',#7987,1.);
#7987 = DIRECTION('',(-1.,0.,0.));
#7988 = ORIENTED_EDGE('',*,*,#7896,.T.);
#7989 = PLANE('',#7990);
#7990 = AXIS2_PLACEMENT_3D('',#7991,#7992,#7993);
#7991 = CARTESIAN_POINT('',(-0.6,0.1,-1.725));
#7992 = DIRECTION('',(0.,0.,1.));
#7993 = DIRECTION('',(1.,0.,-0.));
#7994 = ADVANCED_FACE('',(#7995),#8007,.F.);
#7995 = FACE_BOUND('',#7996,.T.);
#7996 = EDGE_LOOP('',(#7997,#7998,#8004,#8005,#8006));
#7997 = ORIENTED_EDGE('',*,*,#7959,.F.);
#7998 = ORIENTED_EDGE('',*,*,#7999,.T.);
#7999 = EDGE_CURVE('',#7952,#7927,#8000,.T.);
#8000 = LINE('',#8001,#8002);
#8001 = CARTESIAN_POINT('',(-0.7251579,0.1,-1.425));
#8002 = VECTOR('',#8003,1.);
#8003 = DIRECTION('',(-0.707106781187,-0.,0.707106781187));
#8004 = ORIENTED_EDGE('',*,*,#7926,.F.);
#8005 = ORIENTED_EDGE('',*,*,#7904,.F.);
#8006 = ORIENTED_EDGE('',*,*,#7983,.F.);
#8007 = PLANE('',#8008);
#8008 = AXIS2_PLACEMENT_3D('',#8009,#8010,#8011);
#8009 = CARTESIAN_POINT('',(0.,0.1,0.));
#8010 = DIRECTION('',(0.,1.,0.));
#8011 = DIRECTION('',(0.,-0.,1.));
#8012 = ADVANCED_FACE('',(#8013),#8038,.T.);
#8013 = FACE_BOUND('',#8014,.T.);
#8014 = EDGE_LOOP('',(#8015,#8016,#8024,#8032));
#8015 = ORIENTED_EDGE('',*,*,#6985,.F.);
#8016 = ORIENTED_EDGE('',*,*,#8017,.F.);
#8017 = EDGE_CURVE('',#8018,#6978,#8020,.T.);
#8018 = VERTEX_POINT('',#8019);
#8019 = CARTESIAN_POINT('',(-0.6,0.1,1.425));
#8020 = LINE('',#8021,#8022);
#8021 = CARTESIAN_POINT('',(-0.6,0.1,1.425));
#8022 = VECTOR('',#8023,1.);
#8023 = DIRECTION('',(0.,-1.,0.));
#8024 = ORIENTED_EDGE('',*,*,#8025,.T.);
#8025 = EDGE_CURVE('',#8018,#8026,#8028,.T.);
#8026 = VERTEX_POINT('',#8027);
#8027 = CARTESIAN_POINT('',(-0.9,0.1,1.425));
#8028 = LINE('',#8029,#8030);
#8029 = CARTESIAN_POINT('',(-0.6,0.1,1.425));
#8030 = VECTOR('',#8031,1.);
#8031 = DIRECTION('',(-1.,0.,0.));
#8032 = ORIENTED_EDGE('',*,*,#8033,.T.);
#8033 = EDGE_CURVE('',#8026,#6986,#8034,.T.);
#8034 = LINE('',#8035,#8036);
#8035 = CARTESIAN_POINT('',(-0.9,0.1,1.425));
#8036 = VECTOR('',#8037,1.);
#8037 = DIRECTION('',(0.,-1.,0.));
#8038 = PLANE('',#8039);
#8039 = AXIS2_PLACEMENT_3D('',#8040,#8041,#8042);
#8040 = CARTESIAN_POINT('',(-0.6,0.1,1.425));
#8041 = DIRECTION('',(0.,0.,1.));
#8042 = DIRECTION('',(1.,0.,-0.));
#8043 = ADVANCED_FACE('',(#8044),#8062,.T.);
#8044 = FACE_BOUND('',#8045,.T.);
#8045 = EDGE_LOOP('',(#8046,#8047,#8048,#8056));
#8046 = ORIENTED_EDGE('',*,*,#6993,.F.);
#8047 = ORIENTED_EDGE('',*,*,#8033,.F.);
#8048 = ORIENTED_EDGE('',*,*,#8049,.T.);
#8049 = EDGE_CURVE('',#8026,#8050,#8052,.T.);
#8050 = VERTEX_POINT('',#8051);
#8051 = CARTESIAN_POINT('',(-0.9,0.1,1.725));
#8052 = LINE('',#8053,#8054);
#8053 = CARTESIAN_POINT('',(-0.9,0.1,1.425));
#8054 = VECTOR('',#8055,1.);
#8055 = DIRECTION('',(3.614007241618E-16,0.,1.));
#8056 = ORIENTED_EDGE('',*,*,#8057,.T.);
#8057 = EDGE_CURVE('',#8050,#6994,#8058,.T.);
#8058 = LINE('',#8059,#8060);
#8059 = CARTESIAN_POINT('',(-0.9,0.1,1.725));
#8060 = VECTOR('',#8061,1.);
#8061 = DIRECTION('',(0.,-1.,0.));
#8062 = PLANE('',#8063);
#8063 = AXIS2_PLACEMENT_3D('',#8064,#8065,#8066);
#8064 = CARTESIAN_POINT('',(-0.9,0.1,1.425));
#8065 = DIRECTION('',(1.,0.,-3.614007241618E-16));
#8066 = DIRECTION('',(-3.614007241618E-16,0.,-1.));
#8067 = ADVANCED_FACE('',(#8068),#8086,.T.);
#8068 = FACE_BOUND('',#8069,.T.);
#8069 = EDGE_LOOP('',(#8070,#8071,#8072,#8080));
#8070 = ORIENTED_EDGE('',*,*,#7001,.F.);
#8071 = ORIENTED_EDGE('',*,*,#8057,.F.);
#8072 = ORIENTED_EDGE('',*,*,#8073,.T.);
#8073 = EDGE_CURVE('',#8050,#8074,#8076,.T.);
#8074 = VERTEX_POINT('',#8075);
#8075 = CARTESIAN_POINT('',(-0.6,0.1,1.725));
#8076 = LINE('',#8077,#8078);
#8077 = CARTESIAN_POINT('',(-0.6,0.1,1.725));
#8078 = VECTOR('',#8079,1.);
#8079 = DIRECTION('',(1.,-0.,-0.));
#8080 = ORIENTED_EDGE('',*,*,#8081,.T.);
#8081 = EDGE_CURVE('',#8074,#6976,#8082,.T.);
#8082 = LINE('',#8083,#8084);
#8083 = CARTESIAN_POINT('',(-0.6,0.1,1.725));
#8084 = VECTOR('',#8085,1.);
#8085 = DIRECTION('',(0.,-1.,0.));
#8086 = PLANE('',#8087);
#8087 = AXIS2_PLACEMENT_3D('',#8088,#8089,#8090);
#8088 = CARTESIAN_POINT('',(-0.6,0.1,1.725));
#8089 = DIRECTION('',(-0.,0.,-1.));
#8090 = DIRECTION('',(-1.,0.,0.));
#8091 = ADVANCED_FACE('',(#8092),#8103,.T.);
#8092 = FACE_BOUND('',#8093,.T.);
#8093 = EDGE_LOOP('',(#8094,#8095,#8096,#8102));
#8094 = ORIENTED_EDGE('',*,*,#6975,.F.);
#8095 = ORIENTED_EDGE('',*,*,#8081,.F.);
#8096 = ORIENTED_EDGE('',*,*,#8097,.T.);
#8097 = EDGE_CURVE('',#8074,#8018,#8098,.T.);
#8098 = LINE('',#8099,#8100);
#8099 = CARTESIAN_POINT('',(-0.6,0.1,1.425));
#8100 = VECTOR('',#8101,1.);
#8101 = DIRECTION('',(-0.,-0.,-1.));
#8102 = ORIENTED_EDGE('',*,*,#8017,.T.);
#8103 = PLANE('',#8104);
#8104 = AXIS2_PLACEMENT_3D('',#8105,#8106,#8107);
#8105 = CARTESIAN_POINT('',(-0.6,0.1,1.425));
#8106 = DIRECTION('',(-1.,0.,0.));
#8107 = DIRECTION('',(0.,0.,1.));
#8108 = ADVANCED_FACE('',(#8109),#8115,.F.);
#8109 = FACE_BOUND('',#8110,.T.);
#8110 = EDGE_LOOP('',(#8111,#8112,#8113,#8114));
#8111 = ORIENTED_EDGE('',*,*,#8025,.F.);
#8112 = ORIENTED_EDGE('',*,*,#8097,.F.);
#8113 = ORIENTED_EDGE('',*,*,#8073,.F.);
#8114 = ORIENTED_EDGE('',*,*,#8049,.F.);
#8115 = PLANE('',#8116);
#8116 = AXIS2_PLACEMENT_3D('',#8117,#8118,#8119);
#8117 = CARTESIAN_POINT('',(0.,0.1,0.));
#8118 = DIRECTION('',(0.,1.,-0.));
#8119 = DIRECTION('',(0.,0.,1.));
#8120 = ADVANCED_FACE('',(#8121),#8146,.T.);
#8121 = FACE_BOUND('',#8122,.T.);
#8122 = EDGE_LOOP('',(#8123,#8124,#8132,#8140));
#8123 = ORIENTED_EDGE('',*,*,#7019,.F.);
#8124 = ORIENTED_EDGE('',*,*,#8125,.F.);
#8125 = EDGE_CURVE('',#8126,#7012,#8128,.T.);
#8126 = VERTEX_POINT('',#8127);
#8127 = CARTESIAN_POINT('',(-1.E-01,0.1,1.425));
#8128 = LINE('',#8129,#8130);
#8129 = CARTESIAN_POINT('',(-1.E-01,0.1,1.425));
#8130 = VECTOR('',#8131,1.);
#8131 = DIRECTION('',(0.,-1.,0.));
#8132 = ORIENTED_EDGE('',*,*,#8133,.T.);
#8133 = EDGE_CURVE('',#8126,#8134,#8136,.T.);
#8134 = VERTEX_POINT('',#8135);
#8135 = CARTESIAN_POINT('',(-0.4,0.1,1.425));
#8136 = LINE('',#8137,#8138);
#8137 = CARTESIAN_POINT('',(-1.E-01,0.1,1.425));
#8138 = VECTOR('',#8139,1.);
#8139 = DIRECTION('',(-1.,0.,0.));
#8140 = ORIENTED_EDGE('',*,*,#8141,.T.);
#8141 = EDGE_CURVE('',#8134,#7020,#8142,.T.);
#8142 = LINE('',#8143,#8144);
#8143 = CARTESIAN_POINT('',(-0.4,0.1,1.425));
#8144 = VECTOR('',#8145,1.);
#8145 = DIRECTION('',(0.,-1.,0.));
#8146 = PLANE('',#8147);
#8147 = AXIS2_PLACEMENT_3D('',#8148,#8149,#8150);
#8148 = CARTESIAN_POINT('',(-1.E-01,0.1,1.425));
#8149 = DIRECTION('',(0.,0.,1.));
#8150 = DIRECTION('',(1.,0.,-0.));
#8151 = ADVANCED_FACE('',(#8152),#8170,.T.);
#8152 = FACE_BOUND('',#8153,.T.);
#8153 = EDGE_LOOP('',(#8154,#8155,#8156,#8164));
#8154 = ORIENTED_EDGE('',*,*,#7027,.F.);
#8155 = ORIENTED_EDGE('',*,*,#8141,.F.);
#8156 = ORIENTED_EDGE('',*,*,#8157,.T.);
#8157 = EDGE_CURVE('',#8134,#8158,#8160,.T.);
#8158 = VERTEX_POINT('',#8159);
#8159 = CARTESIAN_POINT('',(-0.4,0.1,1.725));
#8160 = LINE('',#8161,#8162);
#8161 = CARTESIAN_POINT('',(-0.4,0.1,1.425));
#8162 = VECTOR('',#8163,1.);
#8163 = DIRECTION('',(3.614007241618E-16,0.,1.));
#8164 = ORIENTED_EDGE('',*,*,#8165,.T.);
#8165 = EDGE_CURVE('',#8158,#7028,#8166,.T.);
#8166 = LINE('',#8167,#8168);
#8167 = CARTESIAN_POINT('',(-0.4,0.1,1.725));
#8168 = VECTOR('',#8169,1.);
#8169 = DIRECTION('',(0.,-1.,0.));
#8170 = PLANE('',#8171);
#8171 = AXIS2_PLACEMENT_3D('',#8172,#8173,#8174);
#8172 = CARTESIAN_POINT('',(-0.4,0.1,1.425));
#8173 = DIRECTION('',(1.,0.,-3.614007241618E-16));
#8174 = DIRECTION('',(-3.614007241618E-16,0.,-1.));
#8175 = ADVANCED_FACE('',(#8176),#8194,.T.);
#8176 = FACE_BOUND('',#8177,.T.);
#8177 = EDGE_LOOP('',(#8178,#8179,#8180,#8188));
#8178 = ORIENTED_EDGE('',*,*,#7035,.F.);
#8179 = ORIENTED_EDGE('',*,*,#8165,.F.);
#8180 = ORIENTED_EDGE('',*,*,#8181,.T.);
#8181 = EDGE_CURVE('',#8158,#8182,#8184,.T.);
#8182 = VERTEX_POINT('',#8183);
#8183 = CARTESIAN_POINT('',(-1.E-01,0.1,1.725));
#8184 = LINE('',#8185,#8186);
#8185 = CARTESIAN_POINT('',(-1.E-01,0.1,1.725));
#8186 = VECTOR('',#8187,1.);
#8187 = DIRECTION('',(1.,-0.,-0.));
#8188 = ORIENTED_EDGE('',*,*,#8189,.T.);
#8189 = EDGE_CURVE('',#8182,#7010,#8190,.T.);
#8190 = LINE('',#8191,#8192);
#8191 = CARTESIAN_POINT('',(-1.E-01,0.1,1.725));
#8192 = VECTOR('',#8193,1.);
#8193 = DIRECTION('',(0.,-1.,0.));
#8194 = PLANE('',#8195);
#8195 = AXIS2_PLACEMENT_3D('',#8196,#8197,#8198);
#8196 = CARTESIAN_POINT('',(-1.E-01,0.1,1.725));
#8197 = DIRECTION('',(-0.,0.,-1.));
#8198 = DIRECTION('',(-1.,0.,0.));
#8199 = ADVANCED_FACE('',(#8200),#8211,.T.);
#8200 = FACE_BOUND('',#8201,.T.);
#8201 = EDGE_LOOP('',(#8202,#8203,#8204,#8210));
#8202 = ORIENTED_EDGE('',*,*,#7009,.F.);
#8203 = ORIENTED_EDGE('',*,*,#8189,.F.);
#8204 = ORIENTED_EDGE('',*,*,#8205,.T.);
#8205 = EDGE_CURVE('',#8182,#8126,#8206,.T.);
#8206 = LINE('',#8207,#8208);
#8207 = CARTESIAN_POINT('',(-1.E-01,0.1,1.425));
#8208 = VECTOR('',#8209,1.);
#8209 = DIRECTION('',(-0.,-0.,-1.));
#8210 = ORIENTED_EDGE('',*,*,#8125,.T.);
#8211 = PLANE('',#8212);
#8212 = AXIS2_PLACEMENT_3D('',#8213,#8214,#8215);
#8213 = CARTESIAN_POINT('',(-1.E-01,0.1,1.425));
#8214 = DIRECTION('',(-1.,0.,0.));
#8215 = DIRECTION('',(0.,0.,1.));
#8216 = ADVANCED_FACE('',(#8217),#8223,.F.);
#8217 = FACE_BOUND('',#8218,.T.);
#8218 = EDGE_LOOP('',(#8219,#8220,#8221,#8222));
#8219 = ORIENTED_EDGE('',*,*,#8133,.F.);
#8220 = ORIENTED_EDGE('',*,*,#8205,.F.);
#8221 = ORIENTED_EDGE('',*,*,#8181,.F.);
#8222 = ORIENTED_EDGE('',*,*,#8157,.F.);
#8223 = PLANE('',#8224);
#8224 = AXIS2_PLACEMENT_3D('',#8225,#8226,#8227);
#8225 = CARTESIAN_POINT('',(0.,0.1,0.));
#8226 = DIRECTION('',(0.,1.,-0.));
#8227 = DIRECTION('',(0.,0.,1.));
#8228 = ADVANCED_FACE('',(#8229),#8254,.T.);
#8229 = FACE_BOUND('',#8230,.T.);
#8230 = EDGE_LOOP('',(#8231,#8232,#8240,#8248));
#8231 = ORIENTED_EDGE('',*,*,#7053,.F.);
#8232 = ORIENTED_EDGE('',*,*,#8233,.F.);
#8233 = EDGE_CURVE('',#8234,#7046,#8236,.T.);
#8234 = VERTEX_POINT('',#8235);
#8235 = CARTESIAN_POINT('',(0.4,0.1,1.425));
#8236 = LINE('',#8237,#8238);
#8237 = CARTESIAN_POINT('',(0.4,0.1,1.425));
#8238 = VECTOR('',#8239,1.);
#8239 = DIRECTION('',(0.,-1.,0.));
#8240 = ORIENTED_EDGE('',*,*,#8241,.T.);
#8241 = EDGE_CURVE('',#8234,#8242,#8244,.T.);
#8242 = VERTEX_POINT('',#8243);
#8243 = CARTESIAN_POINT('',(1.E-01,0.1,1.425));
#8244 = LINE('',#8245,#8246);
#8245 = CARTESIAN_POINT('',(0.4,0.1,1.425));
#8246 = VECTOR('',#8247,1.);
#8247 = DIRECTION('',(-1.,0.,0.));
#8248 = ORIENTED_EDGE('',*,*,#8249,.T.);
#8249 = EDGE_CURVE('',#8242,#7054,#8250,.T.);
#8250 = LINE('',#8251,#8252);
#8251 = CARTESIAN_POINT('',(1.E-01,0.1,1.425));
#8252 = VECTOR('',#8253,1.);
#8253 = DIRECTION('',(0.,-1.,0.));
#8254 = PLANE('',#8255);
#8255 = AXIS2_PLACEMENT_3D('',#8256,#8257,#8258);
#8256 = CARTESIAN_POINT('',(0.4,0.1,1.425));
#8257 = DIRECTION('',(0.,0.,1.));
#8258 = DIRECTION('',(1.,0.,-0.));
#8259 = ADVANCED_FACE('',(#8260),#8278,.T.);
#8260 = FACE_BOUND('',#8261,.T.);
#8261 = EDGE_LOOP('',(#8262,#8263,#8264,#8272));
#8262 = ORIENTED_EDGE('',*,*,#7061,.F.);
#8263 = ORIENTED_EDGE('',*,*,#8249,.F.);
#8264 = ORIENTED_EDGE('',*,*,#8265,.T.);
#8265 = EDGE_CURVE('',#8242,#8266,#8268,.T.);
#8266 = VERTEX_POINT('',#8267);
#8267 = CARTESIAN_POINT('',(0.1,0.1,1.725));
#8268 = LINE('',#8269,#8270);
#8269 = CARTESIAN_POINT('',(1.E-01,0.1,1.425));
#8270 = VECTOR('',#8271,1.);
#8271 = DIRECTION('',(3.614007241618E-16,0.,1.));
#8272 = ORIENTED_EDGE('',*,*,#8273,.T.);
#8273 = EDGE_CURVE('',#8266,#7062,#8274,.T.);
#8274 = LINE('',#8275,#8276);
#8275 = CARTESIAN_POINT('',(0.1,0.1,1.725));
#8276 = VECTOR('',#8277,1.);
#8277 = DIRECTION('',(0.,-1.,0.));
#8278 = PLANE('',#8279);
#8279 = AXIS2_PLACEMENT_3D('',#8280,#8281,#8282);
#8280 = CARTESIAN_POINT('',(1.E-01,0.1,1.425));
#8281 = DIRECTION('',(1.,0.,-3.614007241618E-16));
#8282 = DIRECTION('',(-3.614007241618E-16,0.,-1.));
#8283 = ADVANCED_FACE('',(#8284),#8302,.T.);
#8284 = FACE_BOUND('',#8285,.T.);
#8285 = EDGE_LOOP('',(#8286,#8287,#8288,#8296));
#8286 = ORIENTED_EDGE('',*,*,#7069,.F.);
#8287 = ORIENTED_EDGE('',*,*,#8273,.F.);
#8288 = ORIENTED_EDGE('',*,*,#8289,.T.);
#8289 = EDGE_CURVE('',#8266,#8290,#8292,.T.);
#8290 = VERTEX_POINT('',#8291);
#8291 = CARTESIAN_POINT('',(0.4,0.1,1.725));
#8292 = LINE('',#8293,#8294);
#8293 = CARTESIAN_POINT('',(0.4,0.1,1.725));
#8294 = VECTOR('',#8295,1.);
#8295 = DIRECTION('',(1.,-0.,-0.));
#8296 = ORIENTED_EDGE('',*,*,#8297,.T.);
#8297 = EDGE_CURVE('',#8290,#7044,#8298,.T.);
#8298 = LINE('',#8299,#8300);
#8299 = CARTESIAN_POINT('',(0.4,0.1,1.725));
#8300 = VECTOR('',#8301,1.);
#8301 = DIRECTION('',(0.,-1.,0.));
#8302 = PLANE('',#8303);
#8303 = AXIS2_PLACEMENT_3D('',#8304,#8305,#8306);
#8304 = CARTESIAN_POINT('',(0.4,0.1,1.725));
#8305 = DIRECTION('',(-0.,0.,-1.));
#8306 = DIRECTION('',(-1.,0.,0.));
#8307 = ADVANCED_FACE('',(#8308),#8319,.T.);
#8308 = FACE_BOUND('',#8309,.T.);
#8309 = EDGE_LOOP('',(#8310,#8311,#8312,#8318));
#8310 = ORIENTED_EDGE('',*,*,#7043,.F.);
#8311 = ORIENTED_EDGE('',*,*,#8297,.F.);
#8312 = ORIENTED_EDGE('',*,*,#8313,.T.);
#8313 = EDGE_CURVE('',#8290,#8234,#8314,.T.);
#8314 = LINE('',#8315,#8316);
#8315 = CARTESIAN_POINT('',(0.4,0.1,1.425));
#8316 = VECTOR('',#8317,1.);
#8317 = DIRECTION('',(-0.,-0.,-1.));
#8318 = ORIENTED_EDGE('',*,*,#8233,.T.);
#8319 = PLANE('',#8320);
#8320 = AXIS2_PLACEMENT_3D('',#8321,#8322,#8323);
#8321 = CARTESIAN_POINT('',(0.4,0.1,1.425));
#8322 = DIRECTION('',(-1.,0.,0.));
#8323 = DIRECTION('',(0.,0.,1.));
#8324 = ADVANCED_FACE('',(#8325),#8331,.F.);
#8325 = FACE_BOUND('',#8326,.T.);
#8326 = EDGE_LOOP('',(#8327,#8328,#8329,#8330));
#8327 = ORIENTED_EDGE('',*,*,#8241,.F.);
#8328 = ORIENTED_EDGE('',*,*,#8313,.F.);
#8329 = ORIENTED_EDGE('',*,*,#8289,.F.);
#8330 = ORIENTED_EDGE('',*,*,#8265,.F.);
#8331 = PLANE('',#8332);
#8332 = AXIS2_PLACEMENT_3D('',#8333,#8334,#8335);
#8333 = CARTESIAN_POINT('',(0.,0.1,0.));
#8334 = DIRECTION('',(0.,1.,-0.));
#8335 = DIRECTION('',(0.,0.,1.));
#8336 = ADVANCED_FACE('',(#8337),#8362,.T.);
#8337 = FACE_BOUND('',#8338,.T.);
#8338 = EDGE_LOOP('',(#8339,#8340,#8348,#8356));
#8339 = ORIENTED_EDGE('',*,*,#7087,.F.);
#8340 = ORIENTED_EDGE('',*,*,#8341,.F.);
#8341 = EDGE_CURVE('',#8342,#7080,#8344,.T.);
#8342 = VERTEX_POINT('',#8343);
#8343 = CARTESIAN_POINT('',(0.9,0.1,0.6));
#8344 = LINE('',#8345,#8346);
#8345 = CARTESIAN_POINT('',(0.9,0.1,0.6));
#8346 = VECTOR('',#8347,1.);
#8347 = DIRECTION('',(0.,-1.,0.));
#8348 = ORIENTED_EDGE('',*,*,#8349,.T.);
#8349 = EDGE_CURVE('',#8342,#8350,#8352,.T.);
#8350 = VERTEX_POINT('',#8351);
#8351 = CARTESIAN_POINT('',(0.9,0.1,0.9));
#8352 = LINE('',#8353,#8354);
#8353 = CARTESIAN_POINT('',(0.9,0.1,0.9));
#8354 = VECTOR('',#8355,1.);
#8355 = DIRECTION('',(-0.,-0.,1.));
#8356 = ORIENTED_EDGE('',*,*,#8357,.T.);
#8357 = EDGE_CURVE('',#8350,#7088,#8358,.T.);
#8358 = LINE('',#8359,#8360);
#8359 = CARTESIAN_POINT('',(0.9,0.1,0.9));
#8360 = VECTOR('',#8361,1.);
#8361 = DIRECTION('',(0.,-1.,0.));
#8362 = PLANE('',#8363);
#8363 = AXIS2_PLACEMENT_3D('',#8364,#8365,#8366);
#8364 = CARTESIAN_POINT('',(0.9,0.1,0.9));
#8365 = DIRECTION('',(1.,0.,0.));
#8366 = DIRECTION('',(0.,0.,-1.));
#8367 = ADVANCED_FACE('',(#8368),#8386,.T.);
#8368 = FACE_BOUND('',#8369,.T.);
#8369 = EDGE_LOOP('',(#8370,#8371,#8372,#8380));
#8370 = ORIENTED_EDGE('',*,*,#7095,.F.);
#8371 = ORIENTED_EDGE('',*,*,#8357,.F.);
#8372 = ORIENTED_EDGE('',*,*,#8373,.T.);
#8373 = EDGE_CURVE('',#8350,#8374,#8376,.T.);
#8374 = VERTEX_POINT('',#8375);
#8375 = CARTESIAN_POINT('',(1.2,0.1,0.9));
#8376 = LINE('',#8377,#8378);
#8377 = CARTESIAN_POINT('',(1.2,0.1,0.9));
#8378 = VECTOR('',#8379,1.);
#8379 = DIRECTION('',(1.,-0.,-0.));
#8380 = ORIENTED_EDGE('',*,*,#8381,.T.);
#8381 = EDGE_CURVE('',#8374,#7096,#8382,.T.);
#8382 = LINE('',#8383,#8384);
#8383 = CARTESIAN_POINT('',(1.2,0.1,0.9));
#8384 = VECTOR('',#8385,1.);
#8385 = DIRECTION('',(0.,-1.,0.));
#8386 = PLANE('',#8387);
#8387 = AXIS2_PLACEMENT_3D('',#8388,#8389,#8390);
#8388 = CARTESIAN_POINT('',(1.2,0.1,0.9));
#8389 = DIRECTION('',(-0.,0.,-1.));
#8390 = DIRECTION('',(-1.,0.,0.));
#8391 = ADVANCED_FACE('',(#8392),#8410,.T.);
#8392 = FACE_BOUND('',#8393,.T.);
#8393 = EDGE_LOOP('',(#8394,#8395,#8396,#8404));
#8394 = ORIENTED_EDGE('',*,*,#7103,.F.);
#8395 = ORIENTED_EDGE('',*,*,#8381,.F.);
#8396 = ORIENTED_EDGE('',*,*,#8397,.T.);
#8397 = EDGE_CURVE('',#8374,#8398,#8400,.T.);
#8398 = VERTEX_POINT('',#8399);
#8399 = CARTESIAN_POINT('',(1.2,0.1,0.6));
#8400 = LINE('',#8401,#8402);
#8401 = CARTESIAN_POINT('',(1.2,0.1,0.9));
#8402 = VECTOR('',#8403,1.);
#8403 = DIRECTION('',(0.,0.,-1.));
#8404 = ORIENTED_EDGE('',*,*,#8405,.T.);
#8405 = EDGE_CURVE('',#8398,#7078,#8406,.T.);
#8406 = LINE('',#8407,#8408);
#8407 = CARTESIAN_POINT('',(1.2,0.1,0.6));
#8408 = VECTOR('',#8409,1.);
#8409 = DIRECTION('',(0.,-1.,0.));
#8410 = PLANE('',#8411);
#8411 = AXIS2_PLACEMENT_3D('',#8412,#8413,#8414);
#8412 = CARTESIAN_POINT('',(1.2,0.1,0.9));
#8413 = DIRECTION('',(-1.,0.,-0.));
#8414 = DIRECTION('',(0.,0.,1.));
#8415 = ADVANCED_FACE('',(#8416),#8427,.T.);
#8416 = FACE_BOUND('',#8417,.T.);
#8417 = EDGE_LOOP('',(#8418,#8419,#8420,#8426));
#8418 = ORIENTED_EDGE('',*,*,#7077,.F.);
#8419 = ORIENTED_EDGE('',*,*,#8405,.F.);
#8420 = ORIENTED_EDGE('',*,*,#8421,.T.);
#8421 = EDGE_CURVE('',#8398,#8342,#8422,.T.);
#8422 = LINE('',#8423,#8424);
#8423 = CARTESIAN_POINT('',(1.2,0.1,0.6));
#8424 = VECTOR('',#8425,1.);
#8425 = DIRECTION('',(-1.,0.,0.));
#8426 = ORIENTED_EDGE('',*,*,#8341,.T.);
#8427 = PLANE('',#8428);
#8428 = AXIS2_PLACEMENT_3D('',#8429,#8430,#8431);
#8429 = CARTESIAN_POINT('',(1.2,0.1,0.6));
#8430 = DIRECTION('',(0.,0.,1.));
#8431 = DIRECTION('',(1.,0.,-0.));
#8432 = ADVANCED_FACE('',(#8433),#8439,.F.);
#8433 = FACE_BOUND('',#8434,.T.);
#8434 = EDGE_LOOP('',(#8435,#8436,#8437,#8438));
#8435 = ORIENTED_EDGE('',*,*,#8349,.F.);
#8436 = ORIENTED_EDGE('',*,*,#8421,.F.);
#8437 = ORIENTED_EDGE('',*,*,#8397,.F.);
#8438 = ORIENTED_EDGE('',*,*,#8373,.F.);
#8439 = PLANE('',#8440);
#8440 = AXIS2_PLACEMENT_3D('',#8441,#8442,#8443);
#8441 = CARTESIAN_POINT('',(0.,0.1,0.));
#8442 = DIRECTION('',(0.,1.,0.));
#8443 = DIRECTION('',(0.,-0.,1.));
#8444 = ADVANCED_FACE('',(#8445),#8470,.T.);
#8445 = FACE_BOUND('',#8446,.T.);
#8446 = EDGE_LOOP('',(#8447,#8448,#8456,#8464));
#8447 = ORIENTED_EDGE('',*,*,#7121,.F.);
#8448 = ORIENTED_EDGE('',*,*,#8449,.F.);
#8449 = EDGE_CURVE('',#8450,#7114,#8452,.T.);
#8450 = VERTEX_POINT('',#8451);
#8451 = CARTESIAN_POINT('',(-1.2,0.1,0.9));
#8452 = LINE('',#8453,#8454);
#8453 = CARTESIAN_POINT('',(-1.2,0.1,0.9));
#8454 = VECTOR('',#8455,1.);
#8455 = DIRECTION('',(0.,-1.,0.));
#8456 = ORIENTED_EDGE('',*,*,#8457,.T.);
#8457 = EDGE_CURVE('',#8450,#8458,#8460,.T.);
#8458 = VERTEX_POINT('',#8459);
#8459 = CARTESIAN_POINT('',(-0.9,0.1,0.9));
#8460 = LINE('',#8461,#8462);
#8461 = CARTESIAN_POINT('',(-1.2,0.1,0.9));
#8462 = VECTOR('',#8463,1.);
#8463 = DIRECTION('',(1.,0.,0.));
#8464 = ORIENTED_EDGE('',*,*,#8465,.T.);
#8465 = EDGE_CURVE('',#8458,#7122,#8466,.T.);
#8466 = LINE('',#8467,#8468);
#8467 = CARTESIAN_POINT('',(-0.9,0.1,0.9));
#8468 = VECTOR('',#8469,1.);
#8469 = DIRECTION('',(0.,-1.,0.));
#8470 = PLANE('',#8471);
#8471 = AXIS2_PLACEMENT_3D('',#8472,#8473,#8474);
#8472 = CARTESIAN_POINT('',(-1.2,0.1,0.9));
#8473 = DIRECTION('',(0.,0.,-1.));
#8474 = DIRECTION('',(-1.,0.,-0.));
#8475 = ADVANCED_FACE('',(#8476),#8494,.T.);
#8476 = FACE_BOUND('',#8477,.T.);
#8477 = EDGE_LOOP('',(#8478,#8479,#8480,#8488));
#8478 = ORIENTED_EDGE('',*,*,#7129,.F.);
#8479 = ORIENTED_EDGE('',*,*,#8465,.F.);
#8480 = ORIENTED_EDGE('',*,*,#8481,.T.);
#8481 = EDGE_CURVE('',#8458,#8482,#8484,.T.);
#8482 = VERTEX_POINT('',#8483);
#8483 = CARTESIAN_POINT('',(-0.9,0.1,0.6));
#8484 = LINE('',#8485,#8486);
#8485 = CARTESIAN_POINT('',(-0.9,0.1,0.9));
#8486 = VECTOR('',#8487,1.);
#8487 = DIRECTION('',(0.,0.,-1.));
#8488 = ORIENTED_EDGE('',*,*,#8489,.T.);
#8489 = EDGE_CURVE('',#8482,#7130,#8490,.T.);
#8490 = LINE('',#8491,#8492);
#8491 = CARTESIAN_POINT('',(-0.9,0.1,0.6));
#8492 = VECTOR('',#8493,1.);
#8493 = DIRECTION('',(0.,-1.,0.));
#8494 = PLANE('',#8495);
#8495 = AXIS2_PLACEMENT_3D('',#8496,#8497,#8498);
#8496 = CARTESIAN_POINT('',(-0.9,0.1,0.9));
#8497 = DIRECTION('',(-1.,0.,-0.));
#8498 = DIRECTION('',(0.,0.,1.));
#8499 = ADVANCED_FACE('',(#8500),#8518,.T.);
#8500 = FACE_BOUND('',#8501,.T.);
#8501 = EDGE_LOOP('',(#8502,#8503,#8504,#8512));
#8502 = ORIENTED_EDGE('',*,*,#7137,.F.);
#8503 = ORIENTED_EDGE('',*,*,#8489,.F.);
#8504 = ORIENTED_EDGE('',*,*,#8505,.T.);
#8505 = EDGE_CURVE('',#8482,#8506,#8508,.T.);
#8506 = VERTEX_POINT('',#8507);
#8507 = CARTESIAN_POINT('',(-1.2,0.1,0.6));
#8508 = LINE('',#8509,#8510);
#8509 = CARTESIAN_POINT('',(-1.2,0.1,0.6));
#8510 = VECTOR('',#8511,1.);
#8511 = DIRECTION('',(-1.,-0.,-0.));
#8512 = ORIENTED_EDGE('',*,*,#8513,.T.);
#8513 = EDGE_CURVE('',#8506,#7112,#8514,.T.);
#8514 = LINE('',#8515,#8516);
#8515 = CARTESIAN_POINT('',(-1.2,0.1,0.6));
#8516 = VECTOR('',#8517,1.);
#8517 = DIRECTION('',(0.,-1.,0.));
#8518 = PLANE('',#8519);
#8519 = AXIS2_PLACEMENT_3D('',#8520,#8521,#8522);
#8520 = CARTESIAN_POINT('',(-1.2,0.1,0.6));
#8521 = DIRECTION('',(-0.,0.,1.));
#8522 = DIRECTION('',(1.,0.,0.));
#8523 = ADVANCED_FACE('',(#8524),#8535,.T.);
#8524 = FACE_BOUND('',#8525,.T.);
#8525 = EDGE_LOOP('',(#8526,#8527,#8528,#8534));
#8526 = ORIENTED_EDGE('',*,*,#7111,.F.);
#8527 = ORIENTED_EDGE('',*,*,#8513,.F.);
#8528 = ORIENTED_EDGE('',*,*,#8529,.T.);
#8529 = EDGE_CURVE('',#8506,#8450,#8530,.T.);
#8530 = LINE('',#8531,#8532);
#8531 = CARTESIAN_POINT('',(-1.2,0.1,0.9));
#8532 = VECTOR('',#8533,1.);
#8533 = DIRECTION('',(-0.,-0.,1.));
#8534 = ORIENTED_EDGE('',*,*,#8449,.T.);
#8535 = PLANE('',#8536);
#8536 = AXIS2_PLACEMENT_3D('',#8537,#8538,#8539);
#8537 = CARTESIAN_POINT('',(-1.2,0.1,0.9));
#8538 = DIRECTION('',(1.,0.,0.));
#8539 = DIRECTION('',(0.,0.,-1.));
#8540 = ADVANCED_FACE('',(#8541),#8547,.F.);
#8541 = FACE_BOUND('',#8542,.T.);
#8542 = EDGE_LOOP('',(#8543,#8544,#8545,#8546));
#8543 = ORIENTED_EDGE('',*,*,#8457,.F.);
#8544 = ORIENTED_EDGE('',*,*,#8529,.F.);
#8545 = ORIENTED_EDGE('',*,*,#8505,.F.);
#8546 = ORIENTED_EDGE('',*,*,#8481,.F.);
#8547 = PLANE('',#8548);
#8548 = AXIS2_PLACEMENT_3D('',#8549,#8550,#8551);
#8549 = CARTESIAN_POINT('',(0.,0.1,0.));
#8550 = DIRECTION('',(-0.,1.,0.));
#8551 = DIRECTION('',(0.,0.,1.));
#8552 = ADVANCED_FACE('',(#8553),#8578,.T.);
#8553 = FACE_BOUND('',#8554,.T.);
#8554 = EDGE_LOOP('',(#8555,#8556,#8564,#8572));
#8555 = ORIENTED_EDGE('',*,*,#7155,.F.);
#8556 = ORIENTED_EDGE('',*,*,#8557,.F.);
#8557 = EDGE_CURVE('',#8558,#7148,#8560,.T.);
#8558 = VERTEX_POINT('',#8559);
#8559 = CARTESIAN_POINT('',(0.9,0.1,0.1));
#8560 = LINE('',#8561,#8562);
#8561 = CARTESIAN_POINT('',(0.9,0.1,0.1));
#8562 = VECTOR('',#8563,1.);
#8563 = DIRECTION('',(0.,-1.,0.));
#8564 = ORIENTED_EDGE('',*,*,#8565,.T.);
#8565 = EDGE_CURVE('',#8558,#8566,#8568,.T.);
#8566 = VERTEX_POINT('',#8567);
#8567 = CARTESIAN_POINT('',(0.9,0.1,0.4));
#8568 = LINE('',#8569,#8570);
#8569 = CARTESIAN_POINT('',(0.9,0.1,0.4));
#8570 = VECTOR('',#8571,1.);
#8571 = DIRECTION('',(-0.,-0.,1.));
#8572 = ORIENTED_EDGE('',*,*,#8573,.T.);
#8573 = EDGE_CURVE('',#8566,#7156,#8574,.T.);
#8574 = LINE('',#8575,#8576);
#8575 = CARTESIAN_POINT('',(0.9,0.1,0.4));
#8576 = VECTOR('',#8577,1.);
#8577 = DIRECTION('',(0.,-1.,0.));
#8578 = PLANE('',#8579);
#8579 = AXIS2_PLACEMENT_3D('',#8580,#8581,#8582);
#8580 = CARTESIAN_POINT('',(0.9,0.1,0.4));
#8581 = DIRECTION('',(1.,0.,0.));
#8582 = DIRECTION('',(0.,0.,-1.));
#8583 = ADVANCED_FACE('',(#8584),#8602,.T.);
#8584 = FACE_BOUND('',#8585,.T.);
#8585 = EDGE_LOOP('',(#8586,#8587,#8588,#8596));
#8586 = ORIENTED_EDGE('',*,*,#7163,.F.);
#8587 = ORIENTED_EDGE('',*,*,#8573,.F.);
#8588 = ORIENTED_EDGE('',*,*,#8589,.T.);
#8589 = EDGE_CURVE('',#8566,#8590,#8592,.T.);
#8590 = VERTEX_POINT('',#8591);
#8591 = CARTESIAN_POINT('',(1.2,0.1,0.4));
#8592 = LINE('',#8593,#8594);
#8593 = CARTESIAN_POINT('',(1.2,0.1,0.4));
#8594 = VECTOR('',#8595,1.);
#8595 = DIRECTION('',(1.,-0.,-0.));
#8596 = ORIENTED_EDGE('',*,*,#8597,.T.);
#8597 = EDGE_CURVE('',#8590,#7164,#8598,.T.);
#8598 = LINE('',#8599,#8600);
#8599 = CARTESIAN_POINT('',(1.2,0.1,0.4));
#8600 = VECTOR('',#8601,1.);
#8601 = DIRECTION('',(0.,-1.,0.));
#8602 = PLANE('',#8603);
#8603 = AXIS2_PLACEMENT_3D('',#8604,#8605,#8606);
#8604 = CARTESIAN_POINT('',(1.2,0.1,0.4));
#8605 = DIRECTION('',(-0.,0.,-1.));
#8606 = DIRECTION('',(-1.,0.,0.));
#8607 = ADVANCED_FACE('',(#8608),#8626,.T.);
#8608 = FACE_BOUND('',#8609,.T.);
#8609 = EDGE_LOOP('',(#8610,#8611,#8612,#8620));
#8610 = ORIENTED_EDGE('',*,*,#7171,.F.);
#8611 = ORIENTED_EDGE('',*,*,#8597,.F.);
#8612 = ORIENTED_EDGE('',*,*,#8613,.T.);
#8613 = EDGE_CURVE('',#8590,#8614,#8616,.T.);
#8614 = VERTEX_POINT('',#8615);
#8615 = CARTESIAN_POINT('',(1.2,0.1,0.1));
#8616 = LINE('',#8617,#8618);
#8617 = CARTESIAN_POINT('',(1.2,0.1,0.4));
#8618 = VECTOR('',#8619,1.);
#8619 = DIRECTION('',(0.,0.,-1.));
#8620 = ORIENTED_EDGE('',*,*,#8621,.T.);
#8621 = EDGE_CURVE('',#8614,#7146,#8622,.T.);
#8622 = LINE('',#8623,#8624);
#8623 = CARTESIAN_POINT('',(1.2,0.1,0.1));
#8624 = VECTOR('',#8625,1.);
#8625 = DIRECTION('',(0.,-1.,0.));
#8626 = PLANE('',#8627);
#8627 = AXIS2_PLACEMENT_3D('',#8628,#8629,#8630);
#8628 = CARTESIAN_POINT('',(1.2,0.1,0.4));
#8629 = DIRECTION('',(-1.,0.,-0.));
#8630 = DIRECTION('',(0.,0.,1.));
#8631 = ADVANCED_FACE('',(#8632),#8643,.T.);
#8632 = FACE_BOUND('',#8633,.T.);
#8633 = EDGE_LOOP('',(#8634,#8635,#8636,#8642));
#8634 = ORIENTED_EDGE('',*,*,#7145,.F.);
#8635 = ORIENTED_EDGE('',*,*,#8621,.F.);
#8636 = ORIENTED_EDGE('',*,*,#8637,.T.);
#8637 = EDGE_CURVE('',#8614,#8558,#8638,.T.);
#8638 = LINE('',#8639,#8640);
#8639 = CARTESIAN_POINT('',(1.2,0.1,0.1));
#8640 = VECTOR('',#8641,1.);
#8641 = DIRECTION('',(-1.,0.,0.));
#8642 = ORIENTED_EDGE('',*,*,#8557,.T.);
#8643 = PLANE('',#8644);
#8644 = AXIS2_PLACEMENT_3D('',#8645,#8646,#8647);
#8645 = CARTESIAN_POINT('',(1.2,0.1,0.1));
#8646 = DIRECTION('',(0.,0.,1.));
#8647 = DIRECTION('',(1.,0.,-0.));
#8648 = ADVANCED_FACE('',(#8649),#8655,.F.);
#8649 = FACE_BOUND('',#8650,.T.);
#8650 = EDGE_LOOP('',(#8651,#8652,#8653,#8654));
#8651 = ORIENTED_EDGE('',*,*,#8565,.F.);
#8652 = ORIENTED_EDGE('',*,*,#8637,.F.);
#8653 = ORIENTED_EDGE('',*,*,#8613,.F.);
#8654 = ORIENTED_EDGE('',*,*,#8589,.F.);
#8655 = PLANE('',#8656);
#8656 = AXIS2_PLACEMENT_3D('',#8657,#8658,#8659);
#8657 = CARTESIAN_POINT('',(0.,0.1,0.));
#8658 = DIRECTION('',(0.,1.,0.));
#8659 = DIRECTION('',(0.,-0.,1.));
#8660 = ADVANCED_FACE('',(#8661),#8686,.T.);
#8661 = FACE_BOUND('',#8662,.T.);
#8662 = EDGE_LOOP('',(#8663,#8664,#8672,#8680));
#8663 = ORIENTED_EDGE('',*,*,#7189,.F.);
#8664 = ORIENTED_EDGE('',*,*,#8665,.F.);
#8665 = EDGE_CURVE('',#8666,#7182,#8668,.T.);
#8666 = VERTEX_POINT('',#8667);
#8667 = CARTESIAN_POINT('',(0.9,0.1,-0.4));
#8668 = LINE('',#8669,#8670);
#8669 = CARTESIAN_POINT('',(0.9,0.1,-0.4));
#8670 = VECTOR('',#8671,1.);
#8671 = DIRECTION('',(0.,-1.,0.));
#8672 = ORIENTED_EDGE('',*,*,#8673,.T.);
#8673 = EDGE_CURVE('',#8666,#8674,#8676,.T.);
#8674 = VERTEX_POINT('',#8675);
#8675 = CARTESIAN_POINT('',(0.9,0.1,-1.E-01));
#8676 = LINE('',#8677,#8678);
#8677 = CARTESIAN_POINT('',(0.9,0.1,-1.E-01));
#8678 = VECTOR('',#8679,1.);
#8679 = DIRECTION('',(-0.,-0.,1.));
#8680 = ORIENTED_EDGE('',*,*,#8681,.T.);
#8681 = EDGE_CURVE('',#8674,#7190,#8682,.T.);
#8682 = LINE('',#8683,#8684);
#8683 = CARTESIAN_POINT('',(0.9,0.1,-1.E-01));
#8684 = VECTOR('',#8685,1.);
#8685 = DIRECTION('',(0.,-1.,0.));
#8686 = PLANE('',#8687);
#8687 = AXIS2_PLACEMENT_3D('',#8688,#8689,#8690);
#8688 = CARTESIAN_POINT('',(0.9,0.1,-1.E-01));
#8689 = DIRECTION('',(1.,0.,0.));
#8690 = DIRECTION('',(0.,0.,-1.));
#8691 = ADVANCED_FACE('',(#8692),#8710,.T.);
#8692 = FACE_BOUND('',#8693,.T.);
#8693 = EDGE_LOOP('',(#8694,#8695,#8696,#8704));
#8694 = ORIENTED_EDGE('',*,*,#7197,.F.);
#8695 = ORIENTED_EDGE('',*,*,#8681,.F.);
#8696 = ORIENTED_EDGE('',*,*,#8697,.T.);
#8697 = EDGE_CURVE('',#8674,#8698,#8700,.T.);
#8698 = VERTEX_POINT('',#8699);
#8699 = CARTESIAN_POINT('',(1.2,0.1,-1.E-01));
#8700 = LINE('',#8701,#8702);
#8701 = CARTESIAN_POINT('',(1.2,0.1,-1.E-01));
#8702 = VECTOR('',#8703,1.);
#8703 = DIRECTION('',(1.,-0.,-0.));
#8704 = ORIENTED_EDGE('',*,*,#8705,.T.);
#8705 = EDGE_CURVE('',#8698,#7198,#8706,.T.);
#8706 = LINE('',#8707,#8708);
#8707 = CARTESIAN_POINT('',(1.2,0.1,-1.E-01));
#8708 = VECTOR('',#8709,1.);
#8709 = DIRECTION('',(0.,-1.,0.));
#8710 = PLANE('',#8711);
#8711 = AXIS2_PLACEMENT_3D('',#8712,#8713,#8714);
#8712 = CARTESIAN_POINT('',(1.2,0.1,-1.E-01));
#8713 = DIRECTION('',(-0.,0.,-1.));
#8714 = DIRECTION('',(-1.,0.,0.));
#8715 = ADVANCED_FACE('',(#8716),#8734,.T.);
#8716 = FACE_BOUND('',#8717,.T.);
#8717 = EDGE_LOOP('',(#8718,#8719,#8720,#8728));
#8718 = ORIENTED_EDGE('',*,*,#7205,.F.);
#8719 = ORIENTED_EDGE('',*,*,#8705,.F.);
#8720 = ORIENTED_EDGE('',*,*,#8721,.T.);
#8721 = EDGE_CURVE('',#8698,#8722,#8724,.T.);
#8722 = VERTEX_POINT('',#8723);
#8723 = CARTESIAN_POINT('',(1.2,0.1,-0.4));
#8724 = LINE('',#8725,#8726);
#8725 = CARTESIAN_POINT('',(1.2,0.1,-1.E-01));
#8726 = VECTOR('',#8727,1.);
#8727 = DIRECTION('',(0.,0.,-1.));
#8728 = ORIENTED_EDGE('',*,*,#8729,.T.);
#8729 = EDGE_CURVE('',#8722,#7180,#8730,.T.);
#8730 = LINE('',#8731,#8732);
#8731 = CARTESIAN_POINT('',(1.2,0.1,-0.4));
#8732 = VECTOR('',#8733,1.);
#8733 = DIRECTION('',(0.,-1.,0.));
#8734 = PLANE('',#8735);
#8735 = AXIS2_PLACEMENT_3D('',#8736,#8737,#8738);
#8736 = CARTESIAN_POINT('',(1.2,0.1,-1.E-01));
#8737 = DIRECTION('',(-1.,0.,-0.));
#8738 = DIRECTION('',(0.,0.,1.));
#8739 = ADVANCED_FACE('',(#8740),#8751,.T.);
#8740 = FACE_BOUND('',#8741,.T.);
#8741 = EDGE_LOOP('',(#8742,#8743,#8744,#8750));
#8742 = ORIENTED_EDGE('',*,*,#7179,.F.);
#8743 = ORIENTED_EDGE('',*,*,#8729,.F.);
#8744 = ORIENTED_EDGE('',*,*,#8745,.T.);
#8745 = EDGE_CURVE('',#8722,#8666,#8746,.T.);
#8746 = LINE('',#8747,#8748);
#8747 = CARTESIAN_POINT('',(1.2,0.1,-0.4));
#8748 = VECTOR('',#8749,1.);
#8749 = DIRECTION('',(-1.,0.,0.));
#8750 = ORIENTED_EDGE('',*,*,#8665,.T.);
#8751 = PLANE('',#8752);
#8752 = AXIS2_PLACEMENT_3D('',#8753,#8754,#8755);
#8753 = CARTESIAN_POINT('',(1.2,0.1,-0.4));
#8754 = DIRECTION('',(0.,0.,1.));
#8755 = DIRECTION('',(1.,0.,-0.));
#8756 = ADVANCED_FACE('',(#8757),#8763,.F.);
#8757 = FACE_BOUND('',#8758,.T.);
#8758 = EDGE_LOOP('',(#8759,#8760,#8761,#8762));
#8759 = ORIENTED_EDGE('',*,*,#8673,.F.);
#8760 = ORIENTED_EDGE('',*,*,#8745,.F.);
#8761 = ORIENTED_EDGE('',*,*,#8721,.F.);
#8762 = ORIENTED_EDGE('',*,*,#8697,.F.);
#8763 = PLANE('',#8764);
#8764 = AXIS2_PLACEMENT_3D('',#8765,#8766,#8767);
#8765 = CARTESIAN_POINT('',(0.,0.1,0.));
#8766 = DIRECTION('',(0.,1.,0.));
#8767 = DIRECTION('',(0.,-0.,1.));
#8768 = ADVANCED_FACE('',(#8769),#8794,.T.);
#8769 = FACE_BOUND('',#8770,.T.);
#8770 = EDGE_LOOP('',(#8771,#8772,#8780,#8788));
#8771 = ORIENTED_EDGE('',*,*,#7223,.F.);
#8772 = ORIENTED_EDGE('',*,*,#8773,.F.);
#8773 = EDGE_CURVE('',#8774,#7216,#8776,.T.);
#8774 = VERTEX_POINT('',#8775);
#8775 = CARTESIAN_POINT('',(0.9,0.1,-0.9));
#8776 = LINE('',#8777,#8778);
#8777 = CARTESIAN_POINT('',(0.9,0.1,-0.9));
#8778 = VECTOR('',#8779,1.);
#8779 = DIRECTION('',(0.,-1.,0.));
#8780 = ORIENTED_EDGE('',*,*,#8781,.T.);
#8781 = EDGE_CURVE('',#8774,#8782,#8784,.T.);
#8782 = VERTEX_POINT('',#8783);
#8783 = CARTESIAN_POINT('',(0.9,0.1,-0.6));
#8784 = LINE('',#8785,#8786);
#8785 = CARTESIAN_POINT('',(0.9,0.1,-0.6));
#8786 = VECTOR('',#8787,1.);
#8787 = DIRECTION('',(-0.,-0.,1.));
#8788 = ORIENTED_EDGE('',*,*,#8789,.T.);
#8789 = EDGE_CURVE('',#8782,#7224,#8790,.T.);
#8790 = LINE('',#8791,#8792);
#8791 = CARTESIAN_POINT('',(0.9,0.1,-0.6));
#8792 = VECTOR('',#8793,1.);
#8793 = DIRECTION('',(0.,-1.,0.));
#8794 = PLANE('',#8795);
#8795 = AXIS2_PLACEMENT_3D('',#8796,#8797,#8798);
#8796 = CARTESIAN_POINT('',(0.9,0.1,-0.6));
#8797 = DIRECTION('',(1.,0.,0.));
#8798 = DIRECTION('',(0.,0.,-1.));
#8799 = ADVANCED_FACE('',(#8800),#8818,.T.);
#8800 = FACE_BOUND('',#8801,.T.);
#8801 = EDGE_LOOP('',(#8802,#8803,#8804,#8812));
#8802 = ORIENTED_EDGE('',*,*,#7231,.F.);
#8803 = ORIENTED_EDGE('',*,*,#8789,.F.);
#8804 = ORIENTED_EDGE('',*,*,#8805,.T.);
#8805 = EDGE_CURVE('',#8782,#8806,#8808,.T.);
#8806 = VERTEX_POINT('',#8807);
#8807 = CARTESIAN_POINT('',(1.2,0.1,-0.6));
#8808 = LINE('',#8809,#8810);
#8809 = CARTESIAN_POINT('',(1.2,0.1,-0.6));
#8810 = VECTOR('',#8811,1.);
#8811 = DIRECTION('',(1.,-0.,-0.));
#8812 = ORIENTED_EDGE('',*,*,#8813,.T.);
#8813 = EDGE_CURVE('',#8806,#7232,#8814,.T.);
#8814 = LINE('',#8815,#8816);
#8815 = CARTESIAN_POINT('',(1.2,0.1,-0.6));
#8816 = VECTOR('',#8817,1.);
#8817 = DIRECTION('',(0.,-1.,0.));
#8818 = PLANE('',#8819);
#8819 = AXIS2_PLACEMENT_3D('',#8820,#8821,#8822);
#8820 = CARTESIAN_POINT('',(1.2,0.1,-0.6));
#8821 = DIRECTION('',(-0.,0.,-1.));
#8822 = DIRECTION('',(-1.,0.,0.));
#8823 = ADVANCED_FACE('',(#8824),#8842,.T.);
#8824 = FACE_BOUND('',#8825,.T.);
#8825 = EDGE_LOOP('',(#8826,#8827,#8828,#8836));
#8826 = ORIENTED_EDGE('',*,*,#7239,.F.);
#8827 = ORIENTED_EDGE('',*,*,#8813,.F.);
#8828 = ORIENTED_EDGE('',*,*,#8829,.T.);
#8829 = EDGE_CURVE('',#8806,#8830,#8832,.T.);
#8830 = VERTEX_POINT('',#8831);
#8831 = CARTESIAN_POINT('',(1.2,0.1,-0.9));
#8832 = LINE('',#8833,#8834);
#8833 = CARTESIAN_POINT('',(1.2,0.1,-0.6));
#8834 = VECTOR('',#8835,1.);
#8835 = DIRECTION('',(0.,0.,-1.));
#8836 = ORIENTED_EDGE('',*,*,#8837,.T.);
#8837 = EDGE_CURVE('',#8830,#7214,#8838,.T.);
#8838 = LINE('',#8839,#8840);
#8839 = CARTESIAN_POINT('',(1.2,0.1,-0.9));
#8840 = VECTOR('',#8841,1.);
#8841 = DIRECTION('',(0.,-1.,0.));
#8842 = PLANE('',#8843);
#8843 = AXIS2_PLACEMENT_3D('',#8844,#8845,#8846);
#8844 = CARTESIAN_POINT('',(1.2,0.1,-0.6));
#8845 = DIRECTION('',(-1.,0.,-0.));
#8846 = DIRECTION('',(0.,0.,1.));
#8847 = ADVANCED_FACE('',(#8848),#8859,.T.);
#8848 = FACE_BOUND('',#8849,.T.);
#8849 = EDGE_LOOP('',(#8850,#8851,#8852,#8858));
#8850 = ORIENTED_EDGE('',*,*,#7213,.F.);
#8851 = ORIENTED_EDGE('',*,*,#8837,.F.);
#8852 = ORIENTED_EDGE('',*,*,#8853,.T.);
#8853 = EDGE_CURVE('',#8830,#8774,#8854,.T.);
#8854 = LINE('',#8855,#8856);
#8855 = CARTESIAN_POINT('',(1.2,0.1,-0.9));
#8856 = VECTOR('',#8857,1.);
#8857 = DIRECTION('',(-1.,0.,0.));
#8858 = ORIENTED_EDGE('',*,*,#8773,.T.);
#8859 = PLANE('',#8860);
#8860 = AXIS2_PLACEMENT_3D('',#8861,#8862,#8863);
#8861 = CARTESIAN_POINT('',(1.2,0.1,-0.9));
#8862 = DIRECTION('',(0.,0.,1.));
#8863 = DIRECTION('',(1.,0.,-0.));
#8864 = ADVANCED_FACE('',(#8865),#8871,.F.);
#8865 = FACE_BOUND('',#8866,.T.);
#8866 = EDGE_LOOP('',(#8867,#8868,#8869,#8870));
#8867 = ORIENTED_EDGE('',*,*,#8781,.F.);
#8868 = ORIENTED_EDGE('',*,*,#8853,.F.);
#8869 = ORIENTED_EDGE('',*,*,#8829,.F.);
#8870 = ORIENTED_EDGE('',*,*,#8805,.F.);
#8871 = PLANE('',#8872);
#8872 = AXIS2_PLACEMENT_3D('',#8873,#8874,#8875);
#8873 = CARTESIAN_POINT('',(0.,0.1,0.));
#8874 = DIRECTION('',(0.,1.,0.));
#8875 = DIRECTION('',(0.,-0.,1.));
#8876 = ADVANCED_FACE('',(#8877),#8902,.T.);
#8877 = FACE_BOUND('',#8878,.T.);
#8878 = EDGE_LOOP('',(#8879,#8880,#8888,#8896));
#8879 = ORIENTED_EDGE('',*,*,#7257,.F.);
#8880 = ORIENTED_EDGE('',*,*,#8881,.F.);
#8881 = EDGE_CURVE('',#8882,#7250,#8884,.T.);
#8882 = VERTEX_POINT('',#8883);
#8883 = CARTESIAN_POINT('',(-1.2,0.1,-0.6));
#8884 = LINE('',#8885,#8886);
#8885 = CARTESIAN_POINT('',(-1.2,0.1,-0.6));
#8886 = VECTOR('',#8887,1.);
#8887 = DIRECTION('',(0.,-1.,0.));
#8888 = ORIENTED_EDGE('',*,*,#8889,.T.);
#8889 = EDGE_CURVE('',#8882,#8890,#8892,.T.);
#8890 = VERTEX_POINT('',#8891);
#8891 = CARTESIAN_POINT('',(-0.9,0.1,-0.6));
#8892 = LINE('',#8893,#8894);
#8893 = CARTESIAN_POINT('',(-1.2,0.1,-0.6));
#8894 = VECTOR('',#8895,1.);
#8895 = DIRECTION('',(1.,0.,0.));
#8896 = ORIENTED_EDGE('',*,*,#8897,.T.);
#8897 = EDGE_CURVE('',#8890,#7258,#8898,.T.);
#8898 = LINE('',#8899,#8900);
#8899 = CARTESIAN_POINT('',(-0.9,0.1,-0.6));
#8900 = VECTOR('',#8901,1.);
#8901 = DIRECTION('',(0.,-1.,0.));
#8902 = PLANE('',#8903);
#8903 = AXIS2_PLACEMENT_3D('',#8904,#8905,#8906);
#8904 = CARTESIAN_POINT('',(-1.2,0.1,-0.6));
#8905 = DIRECTION('',(0.,0.,-1.));
#8906 = DIRECTION('',(-1.,0.,-0.));
#8907 = ADVANCED_FACE('',(#8908),#8926,.T.);
#8908 = FACE_BOUND('',#8909,.T.);
#8909 = EDGE_LOOP('',(#8910,#8911,#8912,#8920));
#8910 = ORIENTED_EDGE('',*,*,#7265,.F.);
#8911 = ORIENTED_EDGE('',*,*,#8897,.F.);
#8912 = ORIENTED_EDGE('',*,*,#8913,.T.);
#8913 = EDGE_CURVE('',#8890,#8914,#8916,.T.);
#8914 = VERTEX_POINT('',#8915);
#8915 = CARTESIAN_POINT('',(-0.9,0.1,-0.9));
#8916 = LINE('',#8917,#8918);
#8917 = CARTESIAN_POINT('',(-0.9,0.1,-0.6));
#8918 = VECTOR('',#8919,1.);
#8919 = DIRECTION('',(0.,0.,-1.));
#8920 = ORIENTED_EDGE('',*,*,#8921,.T.);
#8921 = EDGE_CURVE('',#8914,#7266,#8922,.T.);
#8922 = LINE('',#8923,#8924);
#8923 = CARTESIAN_POINT('',(-0.9,0.1,-0.9));
#8924 = VECTOR('',#8925,1.);
#8925 = DIRECTION('',(0.,-1.,0.));
#8926 = PLANE('',#8927);
#8927 = AXIS2_PLACEMENT_3D('',#8928,#8929,#8930);
#8928 = CARTESIAN_POINT('',(-0.9,0.1,-0.6));
#8929 = DIRECTION('',(-1.,0.,-0.));
#8930 = DIRECTION('',(0.,0.,1.));
#8931 = ADVANCED_FACE('',(#8932),#8950,.T.);
#8932 = FACE_BOUND('',#8933,.T.);
#8933 = EDGE_LOOP('',(#8934,#8935,#8936,#8944));
#8934 = ORIENTED_EDGE('',*,*,#7273,.F.);
#8935 = ORIENTED_EDGE('',*,*,#8921,.F.);
#8936 = ORIENTED_EDGE('',*,*,#8937,.T.);
#8937 = EDGE_CURVE('',#8914,#8938,#8940,.T.);
#8938 = VERTEX_POINT('',#8939);
#8939 = CARTESIAN_POINT('',(-1.2,0.1,-0.9));
#8940 = LINE('',#8941,#8942);
#8941 = CARTESIAN_POINT('',(-1.2,0.1,-0.9));
#8942 = VECTOR('',#8943,1.);
#8943 = DIRECTION('',(-1.,-0.,-0.));
#8944 = ORIENTED_EDGE('',*,*,#8945,.T.);
#8945 = EDGE_CURVE('',#8938,#7248,#8946,.T.);
#8946 = LINE('',#8947,#8948);
#8947 = CARTESIAN_POINT('',(-1.2,0.1,-0.9));
#8948 = VECTOR('',#8949,1.);
#8949 = DIRECTION('',(0.,-1.,0.));
#8950 = PLANE('',#8951);
#8951 = AXIS2_PLACEMENT_3D('',#8952,#8953,#8954);
#8952 = CARTESIAN_POINT('',(-1.2,0.1,-0.9));
#8953 = DIRECTION('',(-0.,0.,1.));
#8954 = DIRECTION('',(1.,0.,0.));
#8955 = ADVANCED_FACE('',(#8956),#8967,.T.);
#8956 = FACE_BOUND('',#8957,.T.);
#8957 = EDGE_LOOP('',(#8958,#8959,#8960,#8966));
#8958 = ORIENTED_EDGE('',*,*,#7247,.F.);
#8959 = ORIENTED_EDGE('',*,*,#8945,.F.);
#8960 = ORIENTED_EDGE('',*,*,#8961,.T.);
#8961 = EDGE_CURVE('',#8938,#8882,#8962,.T.);
#8962 = LINE('',#8963,#8964);
#8963 = CARTESIAN_POINT('',(-1.2,0.1,-0.6));
#8964 = VECTOR('',#8965,1.);
#8965 = DIRECTION('',(-0.,-0.,1.));
#8966 = ORIENTED_EDGE('',*,*,#8881,.T.);
#8967 = PLANE('',#8968);
#8968 = AXIS2_PLACEMENT_3D('',#8969,#8970,#8971);
#8969 = CARTESIAN_POINT('',(-1.2,0.1,-0.6));
#8970 = DIRECTION('',(1.,0.,0.));
#8971 = DIRECTION('',(0.,0.,-1.));
#8972 = ADVANCED_FACE('',(#8973),#8979,.F.);
#8973 = FACE_BOUND('',#8974,.T.);
#8974 = EDGE_LOOP('',(#8975,#8976,#8977,#8978));
#8975 = ORIENTED_EDGE('',*,*,#8889,.F.);
#8976 = ORIENTED_EDGE('',*,*,#8961,.F.);
#8977 = ORIENTED_EDGE('',*,*,#8937,.F.);
#8978 = ORIENTED_EDGE('',*,*,#8913,.F.);
#8979 = PLANE('',#8980);
#8980 = AXIS2_PLACEMENT_3D('',#8981,#8982,#8983);
#8981 = CARTESIAN_POINT('',(0.,0.1,0.));
#8982 = DIRECTION('',(-0.,1.,0.));
#8983 = DIRECTION('',(0.,0.,1.));
#8984 = ADVANCED_FACE('',(#8985),#9010,.T.);
#8985 = FACE_BOUND('',#8986,.T.);
#8986 = EDGE_LOOP('',(#8987,#8988,#8996,#9004));
#8987 = ORIENTED_EDGE('',*,*,#7291,.F.);
#8988 = ORIENTED_EDGE('',*,*,#8989,.F.);
#8989 = EDGE_CURVE('',#8990,#7284,#8992,.T.);
#8990 = VERTEX_POINT('',#8991);
#8991 = CARTESIAN_POINT('',(-1.2,0.1,-1.E-01));
#8992 = LINE('',#8993,#8994);
#8993 = CARTESIAN_POINT('',(-1.2,0.1,-1.E-01));
#8994 = VECTOR('',#8995,1.);
#8995 = DIRECTION('',(0.,-1.,0.));
#8996 = ORIENTED_EDGE('',*,*,#8997,.T.);
#8997 = EDGE_CURVE('',#8990,#8998,#9000,.T.);
#8998 = VERTEX_POINT('',#8999);
#8999 = CARTESIAN_POINT('',(-0.9,0.1,-1.E-01));
#9000 = LINE('',#9001,#9002);
#9001 = CARTESIAN_POINT('',(-1.2,0.1,-1.E-01));
#9002 = VECTOR('',#9003,1.);
#9003 = DIRECTION('',(1.,0.,0.));
#9004 = ORIENTED_EDGE('',*,*,#9005,.T.);
#9005 = EDGE_CURVE('',#8998,#7292,#9006,.T.);
#9006 = LINE('',#9007,#9008);
#9007 = CARTESIAN_POINT('',(-0.9,0.1,-1.E-01));
#9008 = VECTOR('',#9009,1.);
#9009 = DIRECTION('',(0.,-1.,0.));
#9010 = PLANE('',#9011);
#9011 = AXIS2_PLACEMENT_3D('',#9012,#9013,#9014);
#9012 = CARTESIAN_POINT('',(-1.2,0.1,-1.E-01));
#9013 = DIRECTION('',(0.,0.,-1.));
#9014 = DIRECTION('',(-1.,0.,-0.));
#9015 = ADVANCED_FACE('',(#9016),#9034,.T.);
#9016 = FACE_BOUND('',#9017,.T.);
#9017 = EDGE_LOOP('',(#9018,#9019,#9020,#9028));
#9018 = ORIENTED_EDGE('',*,*,#7299,.F.);
#9019 = ORIENTED_EDGE('',*,*,#9005,.F.);
#9020 = ORIENTED_EDGE('',*,*,#9021,.T.);
#9021 = EDGE_CURVE('',#8998,#9022,#9024,.T.);
#9022 = VERTEX_POINT('',#9023);
#9023 = CARTESIAN_POINT('',(-0.9,0.1,-0.4));
#9024 = LINE('',#9025,#9026);
#9025 = CARTESIAN_POINT('',(-0.9,0.1,-1.E-01));
#9026 = VECTOR('',#9027,1.);
#9027 = DIRECTION('',(0.,0.,-1.));
#9028 = ORIENTED_EDGE('',*,*,#9029,.T.);
#9029 = EDGE_CURVE('',#9022,#7300,#9030,.T.);
#9030 = LINE('',#9031,#9032);
#9031 = CARTESIAN_POINT('',(-0.9,0.1,-0.4));
#9032 = VECTOR('',#9033,1.);
#9033 = DIRECTION('',(0.,-1.,0.));
#9034 = PLANE('',#9035);
#9035 = AXIS2_PLACEMENT_3D('',#9036,#9037,#9038);
#9036 = CARTESIAN_POINT('',(-0.9,0.1,-1.E-01));
#9037 = DIRECTION('',(-1.,0.,-0.));
#9038 = DIRECTION('',(0.,0.,1.));
#9039 = ADVANCED_FACE('',(#9040),#9058,.T.);
#9040 = FACE_BOUND('',#9041,.T.);
#9041 = EDGE_LOOP('',(#9042,#9043,#9044,#9052));
#9042 = ORIENTED_EDGE('',*,*,#7307,.F.);
#9043 = ORIENTED_EDGE('',*,*,#9029,.F.);
#9044 = ORIENTED_EDGE('',*,*,#9045,.T.);
#9045 = EDGE_CURVE('',#9022,#9046,#9048,.T.);
#9046 = VERTEX_POINT('',#9047);
#9047 = CARTESIAN_POINT('',(-1.2,0.1,-0.4));
#9048 = LINE('',#9049,#9050);
#9049 = CARTESIAN_POINT('',(-1.2,0.1,-0.4));
#9050 = VECTOR('',#9051,1.);
#9051 = DIRECTION('',(-1.,-0.,-0.));
#9052 = ORIENTED_EDGE('',*,*,#9053,.T.);
#9053 = EDGE_CURVE('',#9046,#7282,#9054,.T.);
#9054 = LINE('',#9055,#9056);
#9055 = CARTESIAN_POINT('',(-1.2,0.1,-0.4));
#9056 = VECTOR('',#9057,1.);
#9057 = DIRECTION('',(0.,-1.,0.));
#9058 = PLANE('',#9059);
#9059 = AXIS2_PLACEMENT_3D('',#9060,#9061,#9062);
#9060 = CARTESIAN_POINT('',(-1.2,0.1,-0.4));
#9061 = DIRECTION('',(-0.,0.,1.));
#9062 = DIRECTION('',(1.,0.,0.));
#9063 = ADVANCED_FACE('',(#9064),#9075,.T.);
#9064 = FACE_BOUND('',#9065,.T.);
#9065 = EDGE_LOOP('',(#9066,#9067,#9068,#9074));
#9066 = ORIENTED_EDGE('',*,*,#7281,.F.);
#9067 = ORIENTED_EDGE('',*,*,#9053,.F.);
#9068 = ORIENTED_EDGE('',*,*,#9069,.T.);
#9069 = EDGE_CURVE('',#9046,#8990,#9070,.T.);
#9070 = LINE('',#9071,#9072);
#9071 = CARTESIAN_POINT('',(-1.2,0.1,-1.E-01));
#9072 = VECTOR('',#9073,1.);
#9073 = DIRECTION('',(-0.,-0.,1.));
#9074 = ORIENTED_EDGE('',*,*,#8989,.T.);
#9075 = PLANE('',#9076);
#9076 = AXIS2_PLACEMENT_3D('',#9077,#9078,#9079);
#9077 = CARTESIAN_POINT('',(-1.2,0.1,-1.E-01));
#9078 = DIRECTION('',(1.,0.,0.));
#9079 = DIRECTION('',(0.,0.,-1.));
#9080 = ADVANCED_FACE('',(#9081),#9087,.F.);
#9081 = FACE_BOUND('',#9082,.T.);
#9082 = EDGE_LOOP('',(#9083,#9084,#9085,#9086));
#9083 = ORIENTED_EDGE('',*,*,#8997,.F.);
#9084 = ORIENTED_EDGE('',*,*,#9069,.F.);
#9085 = ORIENTED_EDGE('',*,*,#9045,.F.);
#9086 = ORIENTED_EDGE('',*,*,#9021,.F.);
#9087 = PLANE('',#9088);
#9088 = AXIS2_PLACEMENT_3D('',#9089,#9090,#9091);
#9089 = CARTESIAN_POINT('',(0.,0.1,0.));
#9090 = DIRECTION('',(-0.,1.,0.));
#9091 = DIRECTION('',(0.,0.,1.));
#9092 = ADVANCED_FACE('',(#9093),#9118,.T.);
#9093 = FACE_BOUND('',#9094,.T.);
#9094 = EDGE_LOOP('',(#9095,#9096,#9104,#9112));
#9095 = ORIENTED_EDGE('',*,*,#7325,.F.);
#9096 = ORIENTED_EDGE('',*,*,#9097,.F.);
#9097 = EDGE_CURVE('',#9098,#7318,#9100,.T.);
#9098 = VERTEX_POINT('',#9099);
#9099 = CARTESIAN_POINT('',(-1.2,0.1,0.4));
#9100 = LINE('',#9101,#9102);
#9101 = CARTESIAN_POINT('',(-1.2,0.1,0.4));
#9102 = VECTOR('',#9103,1.);
#9103 = DIRECTION('',(0.,-1.,0.));
#9104 = ORIENTED_EDGE('',*,*,#9105,.T.);
#9105 = EDGE_CURVE('',#9098,#9106,#9108,.T.);
#9106 = VERTEX_POINT('',#9107);
#9107 = CARTESIAN_POINT('',(-0.9,0.1,0.4));
#9108 = LINE('',#9109,#9110);
#9109 = CARTESIAN_POINT('',(-1.2,0.1,0.4));
#9110 = VECTOR('',#9111,1.);
#9111 = DIRECTION('',(1.,0.,0.));
#9112 = ORIENTED_EDGE('',*,*,#9113,.T.);
#9113 = EDGE_CURVE('',#9106,#7326,#9114,.T.);
#9114 = LINE('',#9115,#9116);
#9115 = CARTESIAN_POINT('',(-0.9,0.1,0.4));
#9116 = VECTOR('',#9117,1.);
#9117 = DIRECTION('',(0.,-1.,0.));
#9118 = PLANE('',#9119);
#9119 = AXIS2_PLACEMENT_3D('',#9120,#9121,#9122);
#9120 = CARTESIAN_POINT('',(-1.2,0.1,0.4));
#9121 = DIRECTION('',(0.,0.,-1.));
#9122 = DIRECTION('',(-1.,0.,-0.));
#9123 = ADVANCED_FACE('',(#9124),#9142,.T.);
#9124 = FACE_BOUND('',#9125,.T.);
#9125 = EDGE_LOOP('',(#9126,#9127,#9128,#9136));
#9126 = ORIENTED_EDGE('',*,*,#7333,.F.);
#9127 = ORIENTED_EDGE('',*,*,#9113,.F.);
#9128 = ORIENTED_EDGE('',*,*,#9129,.T.);
#9129 = EDGE_CURVE('',#9106,#9130,#9132,.T.);
#9130 = VERTEX_POINT('',#9131);
#9131 = CARTESIAN_POINT('',(-0.9,0.1,0.1));
#9132 = LINE('',#9133,#9134);
#9133 = CARTESIAN_POINT('',(-0.9,0.1,0.4));
#9134 = VECTOR('',#9135,1.);
#9135 = DIRECTION('',(0.,0.,-1.));
#9136 = ORIENTED_EDGE('',*,*,#9137,.T.);
#9137 = EDGE_CURVE('',#9130,#7334,#9138,.T.);
#9138 = LINE('',#9139,#9140);
#9139 = CARTESIAN_POINT('',(-0.9,0.1,0.1));
#9140 = VECTOR('',#9141,1.);
#9141 = DIRECTION('',(0.,-1.,0.));
#9142 = PLANE('',#9143);
#9143 = AXIS2_PLACEMENT_3D('',#9144,#9145,#9146);
#9144 = CARTESIAN_POINT('',(-0.9,0.1,0.4));
#9145 = DIRECTION('',(-1.,0.,-0.));
#9146 = DIRECTION('',(0.,0.,1.));
#9147 = ADVANCED_FACE('',(#9148),#9166,.T.);
#9148 = FACE_BOUND('',#9149,.T.);
#9149 = EDGE_LOOP('',(#9150,#9151,#9152,#9160));
#9150 = ORIENTED_EDGE('',*,*,#7341,.F.);
#9151 = ORIENTED_EDGE('',*,*,#9137,.F.);
#9152 = ORIENTED_EDGE('',*,*,#9153,.T.);
#9153 = EDGE_CURVE('',#9130,#9154,#9156,.T.);
#9154 = VERTEX_POINT('',#9155);
#9155 = CARTESIAN_POINT('',(-1.2,0.1,0.1));
#9156 = LINE('',#9157,#9158);
#9157 = CARTESIAN_POINT('',(-1.2,0.1,0.1));
#9158 = VECTOR('',#9159,1.);
#9159 = DIRECTION('',(-1.,-0.,-0.));
#9160 = ORIENTED_EDGE('',*,*,#9161,.T.);
#9161 = EDGE_CURVE('',#9154,#7316,#9162,.T.);
#9162 = LINE('',#9163,#9164);
#9163 = CARTESIAN_POINT('',(-1.2,0.1,0.1));
#9164 = VECTOR('',#9165,1.);
#9165 = DIRECTION('',(0.,-1.,0.));
#9166 = PLANE('',#9167);
#9167 = AXIS2_PLACEMENT_3D('',#9168,#9169,#9170);
#9168 = CARTESIAN_POINT('',(-1.2,0.1,0.1));
#9169 = DIRECTION('',(-0.,0.,1.));
#9170 = DIRECTION('',(1.,0.,0.));
#9171 = ADVANCED_FACE('',(#9172),#9183,.T.);
#9172 = FACE_BOUND('',#9173,.T.);
#9173 = EDGE_LOOP('',(#9174,#9175,#9176,#9182));
#9174 = ORIENTED_EDGE('',*,*,#7315,.F.);
#9175 = ORIENTED_EDGE('',*,*,#9161,.F.);
#9176 = ORIENTED_EDGE('',*,*,#9177,.T.);
#9177 = EDGE_CURVE('',#9154,#9098,#9178,.T.);
#9178 = LINE('',#9179,#9180);
#9179 = CARTESIAN_POINT('',(-1.2,0.1,0.4));
#9180 = VECTOR('',#9181,1.);
#9181 = DIRECTION('',(-0.,-0.,1.));
#9182 = ORIENTED_EDGE('',*,*,#9097,.T.);
#9183 = PLANE('',#9184);
#9184 = AXIS2_PLACEMENT_3D('',#9185,#9186,#9187);
#9185 = CARTESIAN_POINT('',(-1.2,0.1,0.4));
#9186 = DIRECTION('',(1.,0.,0.));
#9187 = DIRECTION('',(0.,0.,-1.));
#9188 = ADVANCED_FACE('',(#9189),#9195,.F.);
#9189 = FACE_BOUND('',#9190,.T.);
#9190 = EDGE_LOOP('',(#9191,#9192,#9193,#9194));
#9191 = ORIENTED_EDGE('',*,*,#9105,.F.);
#9192 = ORIENTED_EDGE('',*,*,#9177,.F.);
#9193 = ORIENTED_EDGE('',*,*,#9153,.F.);
#9194 = ORIENTED_EDGE('',*,*,#9129,.F.);
#9195 = PLANE('',#9196);
#9196 = AXIS2_PLACEMENT_3D('',#9197,#9198,#9199);
#9197 = CARTESIAN_POINT('',(0.,0.1,0.));
#9198 = DIRECTION('',(-0.,1.,0.));
#9199 = DIRECTION('',(0.,0.,1.));
#9200 = ADVANCED_FACE('',(#9201),#9207,.T.);
#9201 = FACE_BOUND('',#9202,.T.);
#9202 = EDGE_LOOP('',(#9203,#9204,#9205,#9206));
#9203 = ORIENTED_EDGE('',*,*,#7999,.F.);
#9204 = ORIENTED_EDGE('',*,*,#7951,.F.);
#9205 = ORIENTED_EDGE('',*,*,#6959,.F.);
#9206 = ORIENTED_EDGE('',*,*,#7934,.F.);
#9207 = PLANE('',#9208);
#9208 = AXIS2_PLACEMENT_3D('',#9209,#9210,#9211);
#9209 = CARTESIAN_POINT('',(-0.7251579,0.1,-1.425));
#9210 = DIRECTION('',(-0.707106781187,0.,-0.707106781187));
#9211 = DIRECTION('',(0.,1.,0.));
#9212 = MANIFOLD_SOLID_BREP('',#9213);
#9213 = CLOSED_SHELL('',(#9214,#9254,#9285,#9316,#9338,#9350));
#9214 = ADVANCED_FACE('',(#9215),#9249,.F.);
#9215 = FACE_BOUND('',#9216,.T.);
#9216 = EDGE_LOOP('',(#9217,#9227,#9235,#9243));
#9217 = ORIENTED_EDGE('',*,*,#9218,.F.);
#9218 = EDGE_CURVE('',#9219,#9221,#9223,.T.);
#9219 = VERTEX_POINT('',#9220);
#9220 = CARTESIAN_POINT('',(0.6,1.E-01,-1.725));
#9221 = VERTEX_POINT('',#9222);
#9222 = CARTESIAN_POINT('',(0.6,1.E-01,-1.425));
#9223 = LINE('',#9224,#9225);
#9224 = CARTESIAN_POINT('',(0.6,1.E-01,-1.425));
#9225 = VECTOR('',#9226,1.);
#9226 = DIRECTION('',(-7.228014483237E-16,0.,1.));
#9227 = ORIENTED_EDGE('',*,*,#9228,.T.);
#9228 = EDGE_CURVE('',#9219,#9229,#9231,.T.);
#9229 = VERTEX_POINT('',#9230);
#9230 = CARTESIAN_POINT('',(0.6,0.,-1.725));
#9231 = LINE('',#9232,#9233);
#9232 = CARTESIAN_POINT('',(0.6,0.524264068712,-1.725));
#9233 = VECTOR('',#9234,1.);
#9234 = DIRECTION('',(-0.,-1.,-0.));
#9235 = ORIENTED_EDGE('',*,*,#9236,.T.);
#9236 = EDGE_CURVE('',#9229,#9237,#9239,.T.);
#9237 = VERTEX_POINT('',#9238);
#9238 = CARTESIAN_POINT('',(0.6,0.,-1.425));
#9239 = LINE('',#9240,#9241);
#9240 = CARTESIAN_POINT('',(0.6,0.,-1.425));
#9241 = VECTOR('',#9242,1.);
#9242 = DIRECTION('',(-7.228014483237E-16,-0.,1.));
#9243 = ORIENTED_EDGE('',*,*,#9244,.F.);
#9244 = EDGE_CURVE('',#9221,#9237,#9245,.T.);
#9245 = LINE('',#9246,#9247);
#9246 = CARTESIAN_POINT('',(0.6,0.524264068712,-1.425));
#9247 = VECTOR('',#9248,1.);
#9248 = DIRECTION('',(-0.,-1.,-0.));
#9249 = PLANE('',#9250);
#9250 = AXIS2_PLACEMENT_3D('',#9251,#9252,#9253);
#9251 = CARTESIAN_POINT('',(0.6,0.524264068712,-1.425));
#9252 = DIRECTION('',(1.,-0.,7.228014483237E-16));
#9253 = DIRECTION('',(7.228014483237E-16,0.,-1.));
#9254 = ADVANCED_FACE('',(#9255),#9280,.F.);
#9255 = FACE_BOUND('',#9256,.T.);
#9256 = EDGE_LOOP('',(#9257,#9265,#9266,#9274));
#9257 = ORIENTED_EDGE('',*,*,#9258,.F.);
#9258 = EDGE_CURVE('',#9221,#9259,#9261,.T.);
#9259 = VERTEX_POINT('',#9260);
#9260 = CARTESIAN_POINT('',(0.9,1.E-01,-1.425));
#9261 = LINE('',#9262,#9263);
#9262 = CARTESIAN_POINT('',(0.9,1.E-01,-1.425));
#9263 = VECTOR('',#9264,1.);
#9264 = DIRECTION('',(1.,-0.,0.));
#9265 = ORIENTED_EDGE('',*,*,#9244,.T.);
#9266 = ORIENTED_EDGE('',*,*,#9267,.T.);
#9267 = EDGE_CURVE('',#9237,#9268,#9270,.T.);
#9268 = VERTEX_POINT('',#9269);
#9269 = CARTESIAN_POINT('',(0.9,0.,-1.425));
#9270 = LINE('',#9271,#9272);
#9271 = CARTESIAN_POINT('',(0.9,0.,-1.425));
#9272 = VECTOR('',#9273,1.);
#9273 = DIRECTION('',(1.,-0.,-0.));
#9274 = ORIENTED_EDGE('',*,*,#9275,.F.);
#9275 = EDGE_CURVE('',#9259,#9268,#9276,.T.);
#9276 = LINE('',#9277,#9278);
#9277 = CARTESIAN_POINT('',(0.9,0.524264068712,-1.425));
#9278 = VECTOR('',#9279,1.);
#9279 = DIRECTION('',(-0.,-1.,-0.));
#9280 = PLANE('',#9281);
#9281 = AXIS2_PLACEMENT_3D('',#9282,#9283,#9284);
#9282 = CARTESIAN_POINT('',(0.9,0.524264068712,-1.425));
#9283 = DIRECTION('',(0.,0.,-1.));
#9284 = DIRECTION('',(-1.,0.,-0.));
#9285 = ADVANCED_FACE('',(#9286),#9311,.F.);
#9286 = FACE_BOUND('',#9287,.T.);
#9287 = EDGE_LOOP('',(#9288,#9296,#9297,#9305));
#9288 = ORIENTED_EDGE('',*,*,#9289,.F.);
#9289 = EDGE_CURVE('',#9259,#9290,#9292,.T.);
#9290 = VERTEX_POINT('',#9291);
#9291 = CARTESIAN_POINT('',(0.9,1.E-01,-1.725));
#9292 = LINE('',#9293,#9294);
#9293 = CARTESIAN_POINT('',(0.9,1.E-01,-1.425));
#9294 = VECTOR('',#9295,1.);
#9295 = DIRECTION('',(0.,0.,-1.));
#9296 = ORIENTED_EDGE('',*,*,#9275,.T.);
#9297 = ORIENTED_EDGE('',*,*,#9298,.T.);
#9298 = EDGE_CURVE('',#9268,#9299,#9301,.T.);
#9299 = VERTEX_POINT('',#9300);
#9300 = CARTESIAN_POINT('',(0.9,0.,-1.725));
#9301 = LINE('',#9302,#9303);
#9302 = CARTESIAN_POINT('',(0.9,0.,-1.425));
#9303 = VECTOR('',#9304,1.);
#9304 = DIRECTION('',(0.,0.,-1.));
#9305 = ORIENTED_EDGE('',*,*,#9306,.F.);
#9306 = EDGE_CURVE('',#9290,#9299,#9307,.T.);
#9307 = LINE('',#9308,#9309);
#9308 = CARTESIAN_POINT('',(0.9,0.524264068712,-1.725));
#9309 = VECTOR('',#9310,1.);
#9310 = DIRECTION('',(-0.,-1.,-0.));
#9311 = PLANE('',#9312);
#9312 = AXIS2_PLACEMENT_3D('',#9313,#9314,#9315);
#9313 = CARTESIAN_POINT('',(0.9,0.524264068712,-1.425));
#9314 = DIRECTION('',(-1.,0.,0.));
#9315 = DIRECTION('',(0.,0.,1.));
#9316 = ADVANCED_FACE('',(#9317),#9333,.F.);
#9317 = FACE_BOUND('',#9318,.T.);
#9318 = EDGE_LOOP('',(#9319,#9325,#9326,#9332));
#9319 = ORIENTED_EDGE('',*,*,#9320,.F.);
#9320 = EDGE_CURVE('',#9290,#9219,#9321,.T.);
#9321 = LINE('',#9322,#9323);
#9322 = CARTESIAN_POINT('',(0.9,1.E-01,-1.725));
#9323 = VECTOR('',#9324,1.);
#9324 = DIRECTION('',(-1.,0.,8.673617379884E-15));
#9325 = ORIENTED_EDGE('',*,*,#9306,.T.);
#9326 = ORIENTED_EDGE('',*,*,#9327,.T.);
#9327 = EDGE_CURVE('',#9299,#9229,#9328,.T.);
#9328 = LINE('',#9329,#9330);
#9329 = CARTESIAN_POINT('',(0.9,0.,-1.725));
#9330 = VECTOR('',#9331,1.);
#9331 = DIRECTION('',(-1.,0.,8.673617379884E-15));
#9332 = ORIENTED_EDGE('',*,*,#9228,.F.);
#9333 = PLANE('',#9334);
#9334 = AXIS2_PLACEMENT_3D('',#9335,#9336,#9337);
#9335 = CARTESIAN_POINT('',(0.9,0.524264068712,-1.725));
#9336 = DIRECTION('',(8.673617379884E-15,-0.,1.));
#9337 = DIRECTION('',(1.,0.,-8.673617379884E-15));
#9338 = ADVANCED_FACE('',(#9339),#9345,.F.);
#9339 = FACE_BOUND('',#9340,.T.);
#9340 = EDGE_LOOP('',(#9341,#9342,#9343,#9344));
#9341 = ORIENTED_EDGE('',*,*,#9236,.F.);
#9342 = ORIENTED_EDGE('',*,*,#9327,.F.);
#9343 = ORIENTED_EDGE('',*,*,#9298,.F.);
#9344 = ORIENTED_EDGE('',*,*,#9267,.F.);
#9345 = PLANE('',#9346);
#9346 = AXIS2_PLACEMENT_3D('',#9347,#9348,#9349);
#9347 = CARTESIAN_POINT('',(0.,0.,0.));
#9348 = DIRECTION('',(0.,1.,0.));
#9349 = DIRECTION('',(0.,-0.,1.));
#9350 = ADVANCED_FACE('',(#9351),#9357,.T.);
#9351 = FACE_BOUND('',#9352,.T.);
#9352 = EDGE_LOOP('',(#9353,#9354,#9355,#9356));
#9353 = ORIENTED_EDGE('',*,*,#9320,.T.);
#9354 = ORIENTED_EDGE('',*,*,#9218,.T.);
#9355 = ORIENTED_EDGE('',*,*,#9258,.T.);
#9356 = ORIENTED_EDGE('',*,*,#9289,.T.);
#9357 = PLANE('',#9358);
#9358 = AXIS2_PLACEMENT_3D('',#9359,#9360,#9361);
#9359 = CARTESIAN_POINT('',(0.,0.1,0.));
#9360 = DIRECTION('',(0.,1.,0.));
#9361 = DIRECTION('',(0.,-0.,1.));
#9362 = MANIFOLD_SOLID_BREP('',#9363);
#9363 = CLOSED_SHELL('',(#9364,#9404,#9435,#9466,#9488,#9500));
#9364 = ADVANCED_FACE('',(#9365),#9399,.F.);
#9365 = FACE_BOUND('',#9366,.T.);
#9366 = EDGE_LOOP('',(#9367,#9377,#9385,#9393));
#9367 = ORIENTED_EDGE('',*,*,#9368,.F.);
#9368 = EDGE_CURVE('',#9369,#9371,#9373,.T.);
#9369 = VERTEX_POINT('',#9370);
#9370 = CARTESIAN_POINT('',(0.9,1.E-01,0.6));
#9371 = VERTEX_POINT('',#9372);
#9372 = CARTESIAN_POINT('',(0.9,1.E-01,0.9));
#9373 = LINE('',#9374,#9375);
#9374 = CARTESIAN_POINT('',(0.9,1.E-01,0.9));
#9375 = VECTOR('',#9376,1.);
#9376 = DIRECTION('',(-0.,0.,1.));
#9377 = ORIENTED_EDGE('',*,*,#9378,.T.);
#9378 = EDGE_CURVE('',#9369,#9379,#9381,.T.);
#9379 = VERTEX_POINT('',#9380);
#9380 = CARTESIAN_POINT('',(0.9,0.,0.6));
#9381 = LINE('',#9382,#9383);
#9382 = CARTESIAN_POINT('',(0.9,0.524264068712,0.6));
#9383 = VECTOR('',#9384,1.);
#9384 = DIRECTION('',(-0.,-1.,-0.));
#9385 = ORIENTED_EDGE('',*,*,#9386,.T.);
#9386 = EDGE_CURVE('',#9379,#9387,#9389,.T.);
#9387 = VERTEX_POINT('',#9388);
#9388 = CARTESIAN_POINT('',(0.9,0.,0.9));
#9389 = LINE('',#9390,#9391);
#9390 = CARTESIAN_POINT('',(0.9,0.,0.9));
#9391 = VECTOR('',#9392,1.);
#9392 = DIRECTION('',(-0.,-0.,1.));
#9393 = ORIENTED_EDGE('',*,*,#9394,.F.);
#9394 = EDGE_CURVE('',#9371,#9387,#9395,.T.);
#9395 = LINE('',#9396,#9397);
#9396 = CARTESIAN_POINT('',(0.9,0.524264068712,0.9));
#9397 = VECTOR('',#9398,1.);
#9398 = DIRECTION('',(-0.,-1.,-0.));
#9399 = PLANE('',#9400);
#9400 = AXIS2_PLACEMENT_3D('',#9401,#9402,#9403);
#9401 = CARTESIAN_POINT('',(0.9,0.524264068712,0.9));
#9402 = DIRECTION('',(1.,-0.,0.));
#9403 = DIRECTION('',(0.,0.,-1.));
#9404 = ADVANCED_FACE('',(#9405),#9430,.F.);
#9405 = FACE_BOUND('',#9406,.T.);
#9406 = EDGE_LOOP('',(#9407,#9415,#9416,#9424));
#9407 = ORIENTED_EDGE('',*,*,#9408,.F.);
#9408 = EDGE_CURVE('',#9371,#9409,#9411,.T.);
#9409 = VERTEX_POINT('',#9410);
#9410 = CARTESIAN_POINT('',(1.2,1.E-01,0.9));
#9411 = LINE('',#9412,#9413);
#9412 = CARTESIAN_POINT('',(1.2,1.E-01,0.9));
#9413 = VECTOR('',#9414,1.);
#9414 = DIRECTION('',(1.,-0.,0.));
#9415 = ORIENTED_EDGE('',*,*,#9394,.T.);
#9416 = ORIENTED_EDGE('',*,*,#9417,.T.);
#9417 = EDGE_CURVE('',#9387,#9418,#9420,.T.);
#9418 = VERTEX_POINT('',#9419);
#9419 = CARTESIAN_POINT('',(1.2,0.,0.9));
#9420 = LINE('',#9421,#9422);
#9421 = CARTESIAN_POINT('',(1.2,0.,0.9));
#9422 = VECTOR('',#9423,1.);
#9423 = DIRECTION('',(1.,-0.,-0.));
#9424 = ORIENTED_EDGE('',*,*,#9425,.F.);
#9425 = EDGE_CURVE('',#9409,#9418,#9426,.T.);
#9426 = LINE('',#9427,#9428);
#9427 = CARTESIAN_POINT('',(1.2,0.524264068712,0.9));
#9428 = VECTOR('',#9429,1.);
#9429 = DIRECTION('',(-0.,-1.,-0.));
#9430 = PLANE('',#9431);
#9431 = AXIS2_PLACEMENT_3D('',#9432,#9433,#9434);
#9432 = CARTESIAN_POINT('',(1.2,0.524264068712,0.9));
#9433 = DIRECTION('',(0.,0.,-1.));
#9434 = DIRECTION('',(-1.,0.,-0.));
#9435 = ADVANCED_FACE('',(#9436),#9461,.F.);
#9436 = FACE_BOUND('',#9437,.T.);
#9437 = EDGE_LOOP('',(#9438,#9446,#9447,#9455));
#9438 = ORIENTED_EDGE('',*,*,#9439,.F.);
#9439 = EDGE_CURVE('',#9409,#9440,#9442,.T.);
#9440 = VERTEX_POINT('',#9441);
#9441 = CARTESIAN_POINT('',(1.2,1.E-01,0.6));
#9442 = LINE('',#9443,#9444);
#9443 = CARTESIAN_POINT('',(1.2,1.E-01,0.9));
#9444 = VECTOR('',#9445,1.);
#9445 = DIRECTION('',(0.,0.,-1.));
#9446 = ORIENTED_EDGE('',*,*,#9425,.T.);
#9447 = ORIENTED_EDGE('',*,*,#9448,.T.);
#9448 = EDGE_CURVE('',#9418,#9449,#9451,.T.);
#9449 = VERTEX_POINT('',#9450);
#9450 = CARTESIAN_POINT('',(1.2,0.,0.6));
#9451 = LINE('',#9452,#9453);
#9452 = CARTESIAN_POINT('',(1.2,0.,0.9));
#9453 = VECTOR('',#9454,1.);
#9454 = DIRECTION('',(0.,0.,-1.));
#9455 = ORIENTED_EDGE('',*,*,#9456,.F.);
#9456 = EDGE_CURVE('',#9440,#9449,#9457,.T.);
#9457 = LINE('',#9458,#9459);
#9458 = CARTESIAN_POINT('',(1.2,0.524264068712,0.6));
#9459 = VECTOR('',#9460,1.);
#9460 = DIRECTION('',(-0.,-1.,-0.));
#9461 = PLANE('',#9462);
#9462 = AXIS2_PLACEMENT_3D('',#9463,#9464,#9465);
#9463 = CARTESIAN_POINT('',(1.2,0.524264068712,0.9));
#9464 = DIRECTION('',(-1.,0.,0.));
#9465 = DIRECTION('',(0.,0.,1.));
#9466 = ADVANCED_FACE('',(#9467),#9483,.F.);
#9467 = FACE_BOUND('',#9468,.T.);
#9468 = EDGE_LOOP('',(#9469,#9475,#9476,#9482));
#9469 = ORIENTED_EDGE('',*,*,#9470,.F.);
#9470 = EDGE_CURVE('',#9440,#9369,#9471,.T.);
#9471 = LINE('',#9472,#9473);
#9472 = CARTESIAN_POINT('',(1.2,1.E-01,0.6));
#9473 = VECTOR('',#9474,1.);
#9474 = DIRECTION('',(-1.,0.,0.));
#9475 = ORIENTED_EDGE('',*,*,#9456,.T.);
#9476 = ORIENTED_EDGE('',*,*,#9477,.T.);
#9477 = EDGE_CURVE('',#9449,#9379,#9478,.T.);
#9478 = LINE('',#9479,#9480);
#9479 = CARTESIAN_POINT('',(1.2,0.,0.6));
#9480 = VECTOR('',#9481,1.);
#9481 = DIRECTION('',(-1.,0.,0.));
#9482 = ORIENTED_EDGE('',*,*,#9378,.F.);
#9483 = PLANE('',#9484);
#9484 = AXIS2_PLACEMENT_3D('',#9485,#9486,#9487);
#9485 = CARTESIAN_POINT('',(1.2,0.524264068712,0.6));
#9486 = DIRECTION('',(0.,-0.,1.));
#9487 = DIRECTION('',(1.,0.,0.));
#9488 = ADVANCED_FACE('',(#9489),#9495,.F.);
#9489 = FACE_BOUND('',#9490,.T.);
#9490 = EDGE_LOOP('',(#9491,#9492,#9493,#9494));
#9491 = ORIENTED_EDGE('',*,*,#9386,.F.);
#9492 = ORIENTED_EDGE('',*,*,#9477,.F.);
#9493 = ORIENTED_EDGE('',*,*,#9448,.F.);
#9494 = ORIENTED_EDGE('',*,*,#9417,.F.);
#9495 = PLANE('',#9496);
#9496 = AXIS2_PLACEMENT_3D('',#9497,#9498,#9499);
#9497 = CARTESIAN_POINT('',(0.,0.,0.));
#9498 = DIRECTION('',(0.,1.,0.));
#9499 = DIRECTION('',(0.,-0.,1.));
#9500 = ADVANCED_FACE('',(#9501),#9507,.T.);
#9501 = FACE_BOUND('',#9502,.T.);
#9502 = EDGE_LOOP('',(#9503,#9504,#9505,#9506));
#9503 = ORIENTED_EDGE('',*,*,#9470,.T.);
#9504 = ORIENTED_EDGE('',*,*,#9368,.T.);
#9505 = ORIENTED_EDGE('',*,*,#9408,.T.);
#9506 = ORIENTED_EDGE('',*,*,#9439,.T.);
#9507 = PLANE('',#9508);
#9508 = AXIS2_PLACEMENT_3D('',#9509,#9510,#9511);
#9509 = CARTESIAN_POINT('',(0.,0.1,0.));
#9510 = DIRECTION('',(0.,1.,0.));
#9511 = DIRECTION('',(0.,-0.,1.));
#9512 = MANIFOLD_SOLID_BREP('',#9513);
#9513 = CLOSED_SHELL('',(#9514,#9554,#9585,#9616,#9638,#9650));
#9514 = ADVANCED_FACE('',(#9515),#9549,.F.);
#9515 = FACE_BOUND('',#9516,.T.);
#9516 = EDGE_LOOP('',(#9517,#9527,#9535,#9543));
#9517 = ORIENTED_EDGE('',*,*,#9518,.F.);
#9518 = EDGE_CURVE('',#9519,#9521,#9523,.T.);
#9519 = VERTEX_POINT('',#9520);
#9520 = CARTESIAN_POINT('',(-1.2,1.E-01,0.9));
#9521 = VERTEX_POINT('',#9522);
#9522 = CARTESIAN_POINT('',(-0.9,1.E-01,0.9));
#9523 = LINE('',#9524,#9525);
#9524 = CARTESIAN_POINT('',(-1.2,1.E-01,0.9));
#9525 = VECTOR('',#9526,1.);
#9526 = DIRECTION('',(1.,-0.,0.));
#9527 = ORIENTED_EDGE('',*,*,#9528,.T.);
#9528 = EDGE_CURVE('',#9519,#9529,#9531,.T.);
#9529 = VERTEX_POINT('',#9530);
#9530 = CARTESIAN_POINT('',(-1.2,0.,0.9));
#9531 = LINE('',#9532,#9533);
#9532 = CARTESIAN_POINT('',(-1.2,0.524264068712,0.9));
#9533 = VECTOR('',#9534,1.);
#9534 = DIRECTION('',(-0.,-1.,-0.));
#9535 = ORIENTED_EDGE('',*,*,#9536,.T.);
#9536 = EDGE_CURVE('',#9529,#9537,#9539,.T.);
#9537 = VERTEX_POINT('',#9538);
#9538 = CARTESIAN_POINT('',(-0.9,0.,0.9));
#9539 = LINE('',#9540,#9541);
#9540 = CARTESIAN_POINT('',(-1.2,0.,0.9));
#9541 = VECTOR('',#9542,1.);
#9542 = DIRECTION('',(1.,0.,0.));
#9543 = ORIENTED_EDGE('',*,*,#9544,.F.);
#9544 = EDGE_CURVE('',#9521,#9537,#9545,.T.);
#9545 = LINE('',#9546,#9547);
#9546 = CARTESIAN_POINT('',(-0.9,0.524264068712,0.9));
#9547 = VECTOR('',#9548,1.);
#9548 = DIRECTION('',(-0.,-1.,-0.));
#9549 = PLANE('',#9550);
#9550 = AXIS2_PLACEMENT_3D('',#9551,#9552,#9553);
#9551 = CARTESIAN_POINT('',(-1.2,0.524264068712,0.9));
#9552 = DIRECTION('',(0.,0.,-1.));
#9553 = DIRECTION('',(-1.,0.,-0.));
#9554 = ADVANCED_FACE('',(#9555),#9580,.F.);
#9555 = FACE_BOUND('',#9556,.T.);
#9556 = EDGE_LOOP('',(#9557,#9565,#9566,#9574));
#9557 = ORIENTED_EDGE('',*,*,#9558,.F.);
#9558 = EDGE_CURVE('',#9521,#9559,#9561,.T.);
#9559 = VERTEX_POINT('',#9560);
#9560 = CARTESIAN_POINT('',(-0.9,1.E-01,0.6));
#9561 = LINE('',#9562,#9563);
#9562 = CARTESIAN_POINT('',(-0.9,1.E-01,0.9));
#9563 = VECTOR('',#9564,1.);
#9564 = DIRECTION('',(0.,0.,-1.));
#9565 = ORIENTED_EDGE('',*,*,#9544,.T.);
#9566 = ORIENTED_EDGE('',*,*,#9567,.T.);
#9567 = EDGE_CURVE('',#9537,#9568,#9570,.T.);
#9568 = VERTEX_POINT('',#9569);
#9569 = CARTESIAN_POINT('',(-0.9,0.,0.6));
#9570 = LINE('',#9571,#9572);
#9571 = CARTESIAN_POINT('',(-0.9,0.,0.9));
#9572 = VECTOR('',#9573,1.);
#9573 = DIRECTION('',(0.,0.,-1.));
#9574 = ORIENTED_EDGE('',*,*,#9575,.F.);
#9575 = EDGE_CURVE('',#9559,#9568,#9576,.T.);
#9576 = LINE('',#9577,#9578);
#9577 = CARTESIAN_POINT('',(-0.9,0.524264068712,0.6));
#9578 = VECTOR('',#9579,1.);
#9579 = DIRECTION('',(-0.,-1.,-0.));
#9580 = PLANE('',#9581);
#9581 = AXIS2_PLACEMENT_3D('',#9582,#9583,#9584);
#9582 = CARTESIAN_POINT('',(-0.9,0.524264068712,0.9));
#9583 = DIRECTION('',(-1.,0.,0.));
#9584 = DIRECTION('',(0.,0.,1.));
#9585 = ADVANCED_FACE('',(#9586),#9611,.F.);
#9586 = FACE_BOUND('',#9587,.T.);
#9587 = EDGE_LOOP('',(#9588,#9596,#9597,#9605));
#9588 = ORIENTED_EDGE('',*,*,#9589,.F.);
#9589 = EDGE_CURVE('',#9559,#9590,#9592,.T.);
#9590 = VERTEX_POINT('',#9591);
#9591 = CARTESIAN_POINT('',(-1.2,1.E-01,0.6));
#9592 = LINE('',#9593,#9594);
#9593 = CARTESIAN_POINT('',(-1.2,1.E-01,0.6));
#9594 = VECTOR('',#9595,1.);
#9595 = DIRECTION('',(-1.,0.,0.));
#9596 = ORIENTED_EDGE('',*,*,#9575,.T.);
#9597 = ORIENTED_EDGE('',*,*,#9598,.T.);
#9598 = EDGE_CURVE('',#9568,#9599,#9601,.T.);
#9599 = VERTEX_POINT('',#9600);
#9600 = CARTESIAN_POINT('',(-1.2,0.,0.6));
#9601 = LINE('',#9602,#9603);
#9602 = CARTESIAN_POINT('',(-1.2,0.,0.6));
#9603 = VECTOR('',#9604,1.);
#9604 = DIRECTION('',(-1.,-0.,-0.));
#9605 = ORIENTED_EDGE('',*,*,#9606,.F.);
#9606 = EDGE_CURVE('',#9590,#9599,#9607,.T.);
#9607 = LINE('',#9608,#9609);
#9608 = CARTESIAN_POINT('',(-1.2,0.524264068712,0.6));
#9609 = VECTOR('',#9610,1.);
#9610 = DIRECTION('',(-0.,-1.,-0.));
#9611 = PLANE('',#9612);
#9612 = AXIS2_PLACEMENT_3D('',#9613,#9614,#9615);
#9613 = CARTESIAN_POINT('',(-1.2,0.524264068712,0.6));
#9614 = DIRECTION('',(0.,0.,1.));
#9615 = DIRECTION('',(1.,0.,-0.));
#9616 = ADVANCED_FACE('',(#9617),#9633,.F.);
#9617 = FACE_BOUND('',#9618,.T.);
#9618 = EDGE_LOOP('',(#9619,#9625,#9626,#9632));
#9619 = ORIENTED_EDGE('',*,*,#9620,.F.);
#9620 = EDGE_CURVE('',#9590,#9519,#9621,.T.);
#9621 = LINE('',#9622,#9623);
#9622 = CARTESIAN_POINT('',(-1.2,1.E-01,0.9));
#9623 = VECTOR('',#9624,1.);
#9624 = DIRECTION('',(-0.,0.,1.));
#9625 = ORIENTED_EDGE('',*,*,#9606,.T.);
#9626 = ORIENTED_EDGE('',*,*,#9627,.T.);
#9627 = EDGE_CURVE('',#9599,#9529,#9628,.T.);
#9628 = LINE('',#9629,#9630);
#9629 = CARTESIAN_POINT('',(-1.2,0.,0.9));
#9630 = VECTOR('',#9631,1.);
#9631 = DIRECTION('',(-0.,-0.,1.));
#9632 = ORIENTED_EDGE('',*,*,#9528,.F.);
#9633 = PLANE('',#9634);
#9634 = AXIS2_PLACEMENT_3D('',#9635,#9636,#9637);
#9635 = CARTESIAN_POINT('',(-1.2,0.524264068712,0.9));
#9636 = DIRECTION('',(1.,-0.,0.));
#9637 = DIRECTION('',(0.,0.,-1.));
#9638 = ADVANCED_FACE('',(#9639),#9645,.F.);
#9639 = FACE_BOUND('',#9640,.T.);
#9640 = EDGE_LOOP('',(#9641,#9642,#9643,#9644));
#9641 = ORIENTED_EDGE('',*,*,#9536,.F.);
#9642 = ORIENTED_EDGE('',*,*,#9627,.F.);
#9643 = ORIENTED_EDGE('',*,*,#9598,.F.);
#9644 = ORIENTED_EDGE('',*,*,#9567,.F.);
#9645 = PLANE('',#9646);
#9646 = AXIS2_PLACEMENT_3D('',#9647,#9648,#9649);
#9647 = CARTESIAN_POINT('',(0.,0.,0.));
#9648 = DIRECTION('',(-0.,1.,0.));
#9649 = DIRECTION('',(0.,0.,1.));
#9650 = ADVANCED_FACE('',(#9651),#9657,.T.);
#9651 = FACE_BOUND('',#9652,.T.);
#9652 = EDGE_LOOP('',(#9653,#9654,#9655,#9656));
#9653 = ORIENTED_EDGE('',*,*,#9620,.T.);
#9654 = ORIENTED_EDGE('',*,*,#9518,.T.);
#9655 = ORIENTED_EDGE('',*,*,#9558,.T.);
#9656 = ORIENTED_EDGE('',*,*,#9589,.T.);
#9657 = PLANE('',#9658);
#9658 = AXIS2_PLACEMENT_3D('',#9659,#9660,#9661);
#9659 = CARTESIAN_POINT('',(0.,0.1,0.));
#9660 = DIRECTION('',(0.,1.,0.));
#9661 = DIRECTION('',(0.,-0.,1.));
#9662 = MANIFOLD_SOLID_BREP('',#9663);
#9663 = CLOSED_SHELL('',(#9664,#9704,#9735,#9766,#9788,#9800));
#9664 = ADVANCED_FACE('',(#9665),#9699,.F.);
#9665 = FACE_BOUND('',#9666,.T.);
#9666 = EDGE_LOOP('',(#9667,#9677,#9685,#9693));
#9667 = ORIENTED_EDGE('',*,*,#9668,.F.);
#9668 = EDGE_CURVE('',#9669,#9671,#9673,.T.);
#9669 = VERTEX_POINT('',#9670);
#9670 = CARTESIAN_POINT('',(0.9,1.E-01,0.1));
#9671 = VERTEX_POINT('',#9672);
#9672 = CARTESIAN_POINT('',(0.9,1.E-01,0.4));
#9673 = LINE('',#9674,#9675);
#9674 = CARTESIAN_POINT('',(0.9,1.E-01,0.4));
#9675 = VECTOR('',#9676,1.);
#9676 = DIRECTION('',(-0.,0.,1.));
#9677 = ORIENTED_EDGE('',*,*,#9678,.T.);
#9678 = EDGE_CURVE('',#9669,#9679,#9681,.T.);
#9679 = VERTEX_POINT('',#9680);
#9680 = CARTESIAN_POINT('',(0.9,0.,0.1));
#9681 = LINE('',#9682,#9683);
#9682 = CARTESIAN_POINT('',(0.9,0.524264068712,0.1));
#9683 = VECTOR('',#9684,1.);
#9684 = DIRECTION('',(-0.,-1.,-0.));
#9685 = ORIENTED_EDGE('',*,*,#9686,.T.);
#9686 = EDGE_CURVE('',#9679,#9687,#9689,.T.);
#9687 = VERTEX_POINT('',#9688);
#9688 = CARTESIAN_POINT('',(0.9,0.,0.4));
#9689 = LINE('',#9690,#9691);
#9690 = CARTESIAN_POINT('',(0.9,0.,0.4));
#9691 = VECTOR('',#9692,1.);
#9692 = DIRECTION('',(-0.,-0.,1.));
#9693 = ORIENTED_EDGE('',*,*,#9694,.F.);
#9694 = EDGE_CURVE('',#9671,#9687,#9695,.T.);
#9695 = LINE('',#9696,#9697);
#9696 = CARTESIAN_POINT('',(0.9,0.524264068712,0.4));
#9697 = VECTOR('',#9698,1.);
#9698 = DIRECTION('',(-0.,-1.,-0.));
#9699 = PLANE('',#9700);
#9700 = AXIS2_PLACEMENT_3D('',#9701,#9702,#9703);
#9701 = CARTESIAN_POINT('',(0.9,0.524264068712,0.4));
#9702 = DIRECTION('',(1.,-0.,0.));
#9703 = DIRECTION('',(0.,0.,-1.));
#9704 = ADVANCED_FACE('',(#9705),#9730,.F.);
#9705 = FACE_BOUND('',#9706,.T.);
#9706 = EDGE_LOOP('',(#9707,#9715,#9716,#9724));
#9707 = ORIENTED_EDGE('',*,*,#9708,.F.);
#9708 = EDGE_CURVE('',#9671,#9709,#9711,.T.);
#9709 = VERTEX_POINT('',#9710);
#9710 = CARTESIAN_POINT('',(1.2,1.E-01,0.4));
#9711 = LINE('',#9712,#9713);
#9712 = CARTESIAN_POINT('',(1.2,1.E-01,0.4));
#9713 = VECTOR('',#9714,1.);
#9714 = DIRECTION('',(1.,-0.,0.));
#9715 = ORIENTED_EDGE('',*,*,#9694,.T.);
#9716 = ORIENTED_EDGE('',*,*,#9717,.T.);
#9717 = EDGE_CURVE('',#9687,#9718,#9720,.T.);
#9718 = VERTEX_POINT('',#9719);
#9719 = CARTESIAN_POINT('',(1.2,0.,0.4));
#9720 = LINE('',#9721,#9722);
#9721 = CARTESIAN_POINT('',(1.2,0.,0.4));
#9722 = VECTOR('',#9723,1.);
#9723 = DIRECTION('',(1.,-0.,-0.));
#9724 = ORIENTED_EDGE('',*,*,#9725,.F.);
#9725 = EDGE_CURVE('',#9709,#9718,#9726,.T.);
#9726 = LINE('',#9727,#9728);
#9727 = CARTESIAN_POINT('',(1.2,0.524264068712,0.4));
#9728 = VECTOR('',#9729,1.);
#9729 = DIRECTION('',(-0.,-1.,-0.));
#9730 = PLANE('',#9731);
#9731 = AXIS2_PLACEMENT_3D('',#9732,#9733,#9734);
#9732 = CARTESIAN_POINT('',(1.2,0.524264068712,0.4));
#9733 = DIRECTION('',(0.,0.,-1.));
#9734 = DIRECTION('',(-1.,0.,-0.));
#9735 = ADVANCED_FACE('',(#9736),#9761,.F.);
#9736 = FACE_BOUND('',#9737,.T.);
#9737 = EDGE_LOOP('',(#9738,#9746,#9747,#9755));
#9738 = ORIENTED_EDGE('',*,*,#9739,.F.);
#9739 = EDGE_CURVE('',#9709,#9740,#9742,.T.);
#9740 = VERTEX_POINT('',#9741);
#9741 = CARTESIAN_POINT('',(1.2,1.E-01,0.1));
#9742 = LINE('',#9743,#9744);
#9743 = CARTESIAN_POINT('',(1.2,1.E-01,0.4));
#9744 = VECTOR('',#9745,1.);
#9745 = DIRECTION('',(0.,0.,-1.));
#9746 = ORIENTED_EDGE('',*,*,#9725,.T.);
#9747 = ORIENTED_EDGE('',*,*,#9748,.T.);
#9748 = EDGE_CURVE('',#9718,#9749,#9751,.T.);
#9749 = VERTEX_POINT('',#9750);
#9750 = CARTESIAN_POINT('',(1.2,0.,0.1));
#9751 = LINE('',#9752,#9753);
#9752 = CARTESIAN_POINT('',(1.2,0.,0.4));
#9753 = VECTOR('',#9754,1.);
#9754 = DIRECTION('',(0.,0.,-1.));
#9755 = ORIENTED_EDGE('',*,*,#9756,.F.);
#9756 = EDGE_CURVE('',#9740,#9749,#9757,.T.);
#9757 = LINE('',#9758,#9759);
#9758 = CARTESIAN_POINT('',(1.2,0.524264068712,0.1));
#9759 = VECTOR('',#9760,1.);
#9760 = DIRECTION('',(-0.,-1.,-0.));
#9761 = PLANE('',#9762);
#9762 = AXIS2_PLACEMENT_3D('',#9763,#9764,#9765);
#9763 = CARTESIAN_POINT('',(1.2,0.524264068712,0.4));
#9764 = DIRECTION('',(-1.,0.,0.));
#9765 = DIRECTION('',(0.,0.,1.));
#9766 = ADVANCED_FACE('',(#9767),#9783,.F.);
#9767 = FACE_BOUND('',#9768,.T.);
#9768 = EDGE_LOOP('',(#9769,#9775,#9776,#9782));
#9769 = ORIENTED_EDGE('',*,*,#9770,.F.);
#9770 = EDGE_CURVE('',#9740,#9669,#9771,.T.);
#9771 = LINE('',#9772,#9773);
#9772 = CARTESIAN_POINT('',(1.2,1.E-01,0.1));
#9773 = VECTOR('',#9774,1.);
#9774 = DIRECTION('',(-1.,0.,0.));
#9775 = ORIENTED_EDGE('',*,*,#9756,.T.);
#9776 = ORIENTED_EDGE('',*,*,#9777,.T.);
#9777 = EDGE_CURVE('',#9749,#9679,#9778,.T.);
#9778 = LINE('',#9779,#9780);
#9779 = CARTESIAN_POINT('',(1.2,0.,0.1));
#9780 = VECTOR('',#9781,1.);
#9781 = DIRECTION('',(-1.,0.,0.));
#9782 = ORIENTED_EDGE('',*,*,#9678,.F.);
#9783 = PLANE('',#9784);
#9784 = AXIS2_PLACEMENT_3D('',#9785,#9786,#9787);
#9785 = CARTESIAN_POINT('',(1.2,0.524264068712,0.1));
#9786 = DIRECTION('',(0.,-0.,1.));
#9787 = DIRECTION('',(1.,0.,0.));
#9788 = ADVANCED_FACE('',(#9789),#9795,.F.);
#9789 = FACE_BOUND('',#9790,.T.);
#9790 = EDGE_LOOP('',(#9791,#9792,#9793,#9794));
#9791 = ORIENTED_EDGE('',*,*,#9686,.F.);
#9792 = ORIENTED_EDGE('',*,*,#9777,.F.);
#9793 = ORIENTED_EDGE('',*,*,#9748,.F.);
#9794 = ORIENTED_EDGE('',*,*,#9717,.F.);
#9795 = PLANE('',#9796);
#9796 = AXIS2_PLACEMENT_3D('',#9797,#9798,#9799);
#9797 = CARTESIAN_POINT('',(0.,0.,0.));
#9798 = DIRECTION('',(0.,1.,0.));
#9799 = DIRECTION('',(0.,-0.,1.));
#9800 = ADVANCED_FACE('',(#9801),#9807,.T.);
#9801 = FACE_BOUND('',#9802,.T.);
#9802 = EDGE_LOOP('',(#9803,#9804,#9805,#9806));
#9803 = ORIENTED_EDGE('',*,*,#9770,.T.);
#9804 = ORIENTED_EDGE('',*,*,#9668,.T.);
#9805 = ORIENTED_EDGE('',*,*,#9708,.T.);
#9806 = ORIENTED_EDGE('',*,*,#9739,.T.);
#9807 = PLANE('',#9808);
#9808 = AXIS2_PLACEMENT_3D('',#9809,#9810,#9811);
#9809 = CARTESIAN_POINT('',(0.,0.1,0.));
#9810 = DIRECTION('',(0.,1.,0.));
#9811 = DIRECTION('',(0.,-0.,1.));
#9812 = MANIFOLD_SOLID_BREP('',#9813);
#9813 = CLOSED_SHELL('',(#9814,#9854,#9885,#9916,#9938,#9950));
#9814 = ADVANCED_FACE('',(#9815),#9849,.F.);
#9815 = FACE_BOUND('',#9816,.T.);
#9816 = EDGE_LOOP('',(#9817,#9827,#9835,#9843));
#9817 = ORIENTED_EDGE('',*,*,#9818,.F.);
#9818 = EDGE_CURVE('',#9819,#9821,#9823,.T.);
#9819 = VERTEX_POINT('',#9820);
#9820 = CARTESIAN_POINT('',(0.9,1.E-01,-0.4));
#9821 = VERTEX_POINT('',#9822);
#9822 = CARTESIAN_POINT('',(0.9,1.E-01,-1.E-01));
#9823 = LINE('',#9824,#9825);
#9824 = CARTESIAN_POINT('',(0.9,1.E-01,-1.E-01));
#9825 = VECTOR('',#9826,1.);
#9826 = DIRECTION('',(-0.,0.,1.));
#9827 = ORIENTED_EDGE('',*,*,#9828,.T.);
#9828 = EDGE_CURVE('',#9819,#9829,#9831,.T.);
#9829 = VERTEX_POINT('',#9830);
#9830 = CARTESIAN_POINT('',(0.9,0.,-0.4));
#9831 = LINE('',#9832,#9833);
#9832 = CARTESIAN_POINT('',(0.9,0.524264068712,-0.4));
#9833 = VECTOR('',#9834,1.);
#9834 = DIRECTION('',(-0.,-1.,-0.));
#9835 = ORIENTED_EDGE('',*,*,#9836,.T.);
#9836 = EDGE_CURVE('',#9829,#9837,#9839,.T.);
#9837 = VERTEX_POINT('',#9838);
#9838 = CARTESIAN_POINT('',(0.9,0.,-1.E-01));
#9839 = LINE('',#9840,#9841);
#9840 = CARTESIAN_POINT('',(0.9,0.,-1.E-01));
#9841 = VECTOR('',#9842,1.);
#9842 = DIRECTION('',(-0.,-0.,1.));
#9843 = ORIENTED_EDGE('',*,*,#9844,.F.);
#9844 = EDGE_CURVE('',#9821,#9837,#9845,.T.);
#9845 = LINE('',#9846,#9847);
#9846 = CARTESIAN_POINT('',(0.9,0.524264068712,-1.E-01));
#9847 = VECTOR('',#9848,1.);
#9848 = DIRECTION('',(-0.,-1.,-0.));
#9849 = PLANE('',#9850);
#9850 = AXIS2_PLACEMENT_3D('',#9851,#9852,#9853);
#9851 = CARTESIAN_POINT('',(0.9,0.524264068712,-1.E-01));
#9852 = DIRECTION('',(1.,-0.,0.));
#9853 = DIRECTION('',(0.,0.,-1.));
#9854 = ADVANCED_FACE('',(#9855),#9880,.F.);
#9855 = FACE_BOUND('',#9856,.T.);
#9856 = EDGE_LOOP('',(#9857,#9865,#9866,#9874));
#9857 = ORIENTED_EDGE('',*,*,#9858,.F.);
#9858 = EDGE_CURVE('',#9821,#9859,#9861,.T.);
#9859 = VERTEX_POINT('',#9860);
#9860 = CARTESIAN_POINT('',(1.2,1.E-01,-1.E-01));
#9861 = LINE('',#9862,#9863);
#9862 = CARTESIAN_POINT('',(1.2,1.E-01,-1.E-01));
#9863 = VECTOR('',#9864,1.);
#9864 = DIRECTION('',(1.,-0.,0.));
#9865 = ORIENTED_EDGE('',*,*,#9844,.T.);
#9866 = ORIENTED_EDGE('',*,*,#9867,.T.);
#9867 = EDGE_CURVE('',#9837,#9868,#9870,.T.);
#9868 = VERTEX_POINT('',#9869);
#9869 = CARTESIAN_POINT('',(1.2,0.,-1.E-01));
#9870 = LINE('',#9871,#9872);
#9871 = CARTESIAN_POINT('',(1.2,0.,-1.E-01));
#9872 = VECTOR('',#9873,1.);
#9873 = DIRECTION('',(1.,-0.,-0.));
#9874 = ORIENTED_EDGE('',*,*,#9875,.F.);
#9875 = EDGE_CURVE('',#9859,#9868,#9876,.T.);
#9876 = LINE('',#9877,#9878);
#9877 = CARTESIAN_POINT('',(1.2,0.524264068712,-1.E-01));
#9878 = VECTOR('',#9879,1.);
#9879 = DIRECTION('',(-0.,-1.,-0.));
#9880 = PLANE('',#9881);
#9881 = AXIS2_PLACEMENT_3D('',#9882,#9883,#9884);
#9882 = CARTESIAN_POINT('',(1.2,0.524264068712,-1.E-01));
#9883 = DIRECTION('',(0.,0.,-1.));
#9884 = DIRECTION('',(-1.,0.,-0.));
#9885 = ADVANCED_FACE('',(#9886),#9911,.F.);
#9886 = FACE_BOUND('',#9887,.T.);
#9887 = EDGE_LOOP('',(#9888,#9896,#9897,#9905));
#9888 = ORIENTED_EDGE('',*,*,#9889,.F.);
#9889 = EDGE_CURVE('',#9859,#9890,#9892,.T.);
#9890 = VERTEX_POINT('',#9891);
#9891 = CARTESIAN_POINT('',(1.2,1.E-01,-0.4));
#9892 = LINE('',#9893,#9894);
#9893 = CARTESIAN_POINT('',(1.2,1.E-01,-1.E-01));
#9894 = VECTOR('',#9895,1.);
#9895 = DIRECTION('',(0.,0.,-1.));
#9896 = ORIENTED_EDGE('',*,*,#9875,.T.);
#9897 = ORIENTED_EDGE('',*,*,#9898,.T.);
#9898 = EDGE_CURVE('',#9868,#9899,#9901,.T.);
#9899 = VERTEX_POINT('',#9900);
#9900 = CARTESIAN_POINT('',(1.2,0.,-0.4));
#9901 = LINE('',#9902,#9903);
#9902 = CARTESIAN_POINT('',(1.2,0.,-1.E-01));
#9903 = VECTOR('',#9904,1.);
#9904 = DIRECTION('',(0.,0.,-1.));
#9905 = ORIENTED_EDGE('',*,*,#9906,.F.);
#9906 = EDGE_CURVE('',#9890,#9899,#9907,.T.);
#9907 = LINE('',#9908,#9909);
#9908 = CARTESIAN_POINT('',(1.2,0.524264068712,-0.4));
#9909 = VECTOR('',#9910,1.);
#9910 = DIRECTION('',(-0.,-1.,-0.));
#9911 = PLANE('',#9912);
#9912 = AXIS2_PLACEMENT_3D('',#9913,#9914,#9915);
#9913 = CARTESIAN_POINT('',(1.2,0.524264068712,-1.E-01));
#9914 = DIRECTION('',(-1.,0.,0.));
#9915 = DIRECTION('',(0.,0.,1.));
#9916 = ADVANCED_FACE('',(#9917),#9933,.F.);
#9917 = FACE_BOUND('',#9918,.T.);
#9918 = EDGE_LOOP('',(#9919,#9925,#9926,#9932));
#9919 = ORIENTED_EDGE('',*,*,#9920,.F.);
#9920 = EDGE_CURVE('',#9890,#9819,#9921,.T.);
#9921 = LINE('',#9922,#9923);
#9922 = CARTESIAN_POINT('',(1.2,1.E-01,-0.4));
#9923 = VECTOR('',#9924,1.);
#9924 = DIRECTION('',(-1.,0.,0.));
#9925 = ORIENTED_EDGE('',*,*,#9906,.T.);
#9926 = ORIENTED_EDGE('',*,*,#9927,.T.);
#9927 = EDGE_CURVE('',#9899,#9829,#9928,.T.);
#9928 = LINE('',#9929,#9930);
#9929 = CARTESIAN_POINT('',(1.2,0.,-0.4));
#9930 = VECTOR('',#9931,1.);
#9931 = DIRECTION('',(-1.,0.,0.));
#9932 = ORIENTED_EDGE('',*,*,#9828,.F.);
#9933 = PLANE('',#9934);
#9934 = AXIS2_PLACEMENT_3D('',#9935,#9936,#9937);
#9935 = CARTESIAN_POINT('',(1.2,0.524264068712,-0.4));
#9936 = DIRECTION('',(0.,-0.,1.));
#9937 = DIRECTION('',(1.,0.,0.));
#9938 = ADVANCED_FACE('',(#9939),#9945,.F.);
#9939 = FACE_BOUND('',#9940,.T.);
#9940 = EDGE_LOOP('',(#9941,#9942,#9943,#9944));
#9941 = ORIENTED_EDGE('',*,*,#9836,.F.);
#9942 = ORIENTED_EDGE('',*,*,#9927,.F.);
#9943 = ORIENTED_EDGE('',*,*,#9898,.F.);
#9944 = ORIENTED_EDGE('',*,*,#9867,.F.);
#9945 = PLANE('',#9946);
#9946 = AXIS2_PLACEMENT_3D('',#9947,#9948,#9949);
#9947 = CARTESIAN_POINT('',(0.,0.,0.));
#9948 = DIRECTION('',(0.,1.,0.));
#9949 = DIRECTION('',(0.,-0.,1.));
#9950 = ADVANCED_FACE('',(#9951),#9957,.T.);
#9951 = FACE_BOUND('',#9952,.T.);
#9952 = EDGE_LOOP('',(#9953,#9954,#9955,#9956));
#9953 = ORIENTED_EDGE('',*,*,#9920,.T.);
#9954 = ORIENTED_EDGE('',*,*,#9818,.T.);
#9955 = ORIENTED_EDGE('',*,*,#9858,.T.);
#9956 = ORIENTED_EDGE('',*,*,#9889,.T.);
#9957 = PLANE('',#9958);
#9958 = AXIS2_PLACEMENT_3D('',#9959,#9960,#9961);
#9959 = CARTESIAN_POINT('',(0.,0.1,0.));
#9960 = DIRECTION('',(0.,1.,0.));
#9961 = DIRECTION('',(0.,-0.,1.));
#9962 = MANIFOLD_SOLID_BREP('',#9963);
#9963 = CLOSED_SHELL('',(#9964,#10004,#10035,#10066,#10088,#10100));
#9964 = ADVANCED_FACE('',(#9965),#9999,.F.);
#9965 = FACE_BOUND('',#9966,.T.);
#9966 = EDGE_LOOP('',(#9967,#9977,#9985,#9993));
#9967 = ORIENTED_EDGE('',*,*,#9968,.F.);
#9968 = EDGE_CURVE('',#9969,#9971,#9973,.T.);
#9969 = VERTEX_POINT('',#9970);
#9970 = CARTESIAN_POINT('',(0.9,1.E-01,-0.9));
#9971 = VERTEX_POINT('',#9972);
#9972 = CARTESIAN_POINT('',(0.9,1.E-01,-0.6));
#9973 = LINE('',#9974,#9975);
#9974 = CARTESIAN_POINT('',(0.9,1.E-01,-0.6));
#9975 = VECTOR('',#9976,1.);
#9976 = DIRECTION('',(-0.,0.,1.));
#9977 = ORIENTED_EDGE('',*,*,#9978,.T.);
#9978 = EDGE_CURVE('',#9969,#9979,#9981,.T.);
#9979 = VERTEX_POINT('',#9980);
#9980 = CARTESIAN_POINT('',(0.9,0.,-0.9));
#9981 = LINE('',#9982,#9983);
#9982 = CARTESIAN_POINT('',(0.9,0.524264068712,-0.9));
#9983 = VECTOR('',#9984,1.);
#9984 = DIRECTION('',(-0.,-1.,-0.));
#9985 = ORIENTED_EDGE('',*,*,#9986,.T.);
#9986 = EDGE_CURVE('',#9979,#9987,#9989,.T.);
#9987 = VERTEX_POINT('',#9988);
#9988 = CARTESIAN_POINT('',(0.9,0.,-0.6));
#9989 = LINE('',#9990,#9991);
#9990 = CARTESIAN_POINT('',(0.9,0.,-0.6));
#9991 = VECTOR('',#9992,1.);
#9992 = DIRECTION('',(-0.,-0.,1.));
#9993 = ORIENTED_EDGE('',*,*,#9994,.F.);
#9994 = EDGE_CURVE('',#9971,#9987,#9995,.T.);
#9995 = LINE('',#9996,#9997);
#9996 = CARTESIAN_POINT('',(0.9,0.524264068712,-0.6));
#9997 = VECTOR('',#9998,1.);
#9998 = DIRECTION('',(-0.,-1.,-0.));
#9999 = PLANE('',#10000);
#10000 = AXIS2_PLACEMENT_3D('',#10001,#10002,#10003);
#10001 = CARTESIAN_POINT('',(0.9,0.524264068712,-0.6));
#10002 = DIRECTION('',(1.,-0.,0.));
#10003 = DIRECTION('',(0.,0.,-1.));
#10004 = ADVANCED_FACE('',(#10005),#10030,.F.);
#10005 = FACE_BOUND('',#10006,.T.);
#10006 = EDGE_LOOP('',(#10007,#10015,#10016,#10024));
#10007 = ORIENTED_EDGE('',*,*,#10008,.F.);
#10008 = EDGE_CURVE('',#9971,#10009,#10011,.T.);
#10009 = VERTEX_POINT('',#10010);
#10010 = CARTESIAN_POINT('',(1.2,1.E-01,-0.6));
#10011 = LINE('',#10012,#10013);
#10012 = CARTESIAN_POINT('',(1.2,1.E-01,-0.6));
#10013 = VECTOR('',#10014,1.);
#10014 = DIRECTION('',(1.,-0.,0.));
#10015 = ORIENTED_EDGE('',*,*,#9994,.T.);
#10016 = ORIENTED_EDGE('',*,*,#10017,.T.);
#10017 = EDGE_CURVE('',#9987,#10018,#10020,.T.);
#10018 = VERTEX_POINT('',#10019);
#10019 = CARTESIAN_POINT('',(1.2,0.,-0.6));
#10020 = LINE('',#10021,#10022);
#10021 = CARTESIAN_POINT('',(1.2,0.,-0.6));
#10022 = VECTOR('',#10023,1.);
#10023 = DIRECTION('',(1.,-0.,-0.));
#10024 = ORIENTED_EDGE('',*,*,#10025,.F.);
#10025 = EDGE_CURVE('',#10009,#10018,#10026,.T.);
#10026 = LINE('',#10027,#10028);
#10027 = CARTESIAN_POINT('',(1.2,0.524264068712,-0.6));
#10028 = VECTOR('',#10029,1.);
#10029 = DIRECTION('',(-0.,-1.,-0.));
#10030 = PLANE('',#10031);
#10031 = AXIS2_PLACEMENT_3D('',#10032,#10033,#10034);
#10032 = CARTESIAN_POINT('',(1.2,0.524264068712,-0.6));
#10033 = DIRECTION('',(0.,0.,-1.));
#10034 = DIRECTION('',(-1.,0.,-0.));
#10035 = ADVANCED_FACE('',(#10036),#10061,.F.);
#10036 = FACE_BOUND('',#10037,.T.);
#10037 = EDGE_LOOP('',(#10038,#10046,#10047,#10055));
#10038 = ORIENTED_EDGE('',*,*,#10039,.F.);
#10039 = EDGE_CURVE('',#10009,#10040,#10042,.T.);
#10040 = VERTEX_POINT('',#10041);
#10041 = CARTESIAN_POINT('',(1.2,1.E-01,-0.9));
#10042 = LINE('',#10043,#10044);
#10043 = CARTESIAN_POINT('',(1.2,1.E-01,-0.6));
#10044 = VECTOR('',#10045,1.);
#10045 = DIRECTION('',(0.,0.,-1.));
#10046 = ORIENTED_EDGE('',*,*,#10025,.T.);
#10047 = ORIENTED_EDGE('',*,*,#10048,.T.);
#10048 = EDGE_CURVE('',#10018,#10049,#10051,.T.);
#10049 = VERTEX_POINT('',#10050);
#10050 = CARTESIAN_POINT('',(1.2,0.,-0.9));
#10051 = LINE('',#10052,#10053);
#10052 = CARTESIAN_POINT('',(1.2,0.,-0.6));
#10053 = VECTOR('',#10054,1.);
#10054 = DIRECTION('',(0.,0.,-1.));
#10055 = ORIENTED_EDGE('',*,*,#10056,.F.);
#10056 = EDGE_CURVE('',#10040,#10049,#10057,.T.);
#10057 = LINE('',#10058,#10059);
#10058 = CARTESIAN_POINT('',(1.2,0.524264068712,-0.9));
#10059 = VECTOR('',#10060,1.);
#10060 = DIRECTION('',(-0.,-1.,-0.));
#10061 = PLANE('',#10062);
#10062 = AXIS2_PLACEMENT_3D('',#10063,#10064,#10065);
#10063 = CARTESIAN_POINT('',(1.2,0.524264068712,-0.6));
#10064 = DIRECTION('',(-1.,0.,0.));
#10065 = DIRECTION('',(0.,0.,1.));
#10066 = ADVANCED_FACE('',(#10067),#10083,.F.);
#10067 = FACE_BOUND('',#10068,.T.);
#10068 = EDGE_LOOP('',(#10069,#10075,#10076,#10082));
#10069 = ORIENTED_EDGE('',*,*,#10070,.F.);
#10070 = EDGE_CURVE('',#10040,#9969,#10071,.T.);
#10071 = LINE('',#10072,#10073);
#10072 = CARTESIAN_POINT('',(1.2,1.E-01,-0.9));
#10073 = VECTOR('',#10074,1.);
#10074 = DIRECTION('',(-1.,0.,0.));
#10075 = ORIENTED_EDGE('',*,*,#10056,.T.);
#10076 = ORIENTED_EDGE('',*,*,#10077,.T.);
#10077 = EDGE_CURVE('',#10049,#9979,#10078,.T.);
#10078 = LINE('',#10079,#10080);
#10079 = CARTESIAN_POINT('',(1.2,0.,-0.9));
#10080 = VECTOR('',#10081,1.);
#10081 = DIRECTION('',(-1.,0.,0.));
#10082 = ORIENTED_EDGE('',*,*,#9978,.F.);
#10083 = PLANE('',#10084);
#10084 = AXIS2_PLACEMENT_3D('',#10085,#10086,#10087);
#10085 = CARTESIAN_POINT('',(1.2,0.524264068712,-0.9));
#10086 = DIRECTION('',(0.,-0.,1.));
#10087 = DIRECTION('',(1.,0.,0.));
#10088 = ADVANCED_FACE('',(#10089),#10095,.F.);
#10089 = FACE_BOUND('',#10090,.T.);
#10090 = EDGE_LOOP('',(#10091,#10092,#10093,#10094));
#10091 = ORIENTED_EDGE('',*,*,#9986,.F.);
#10092 = ORIENTED_EDGE('',*,*,#10077,.F.);
#10093 = ORIENTED_EDGE('',*,*,#10048,.F.);
#10094 = ORIENTED_EDGE('',*,*,#10017,.F.);
#10095 = PLANE('',#10096);
#10096 = AXIS2_PLACEMENT_3D('',#10097,#10098,#10099);
#10097 = CARTESIAN_POINT('',(0.,0.,0.));
#10098 = DIRECTION('',(0.,1.,0.));
#10099 = DIRECTION('',(0.,-0.,1.));
#10100 = ADVANCED_FACE('',(#10101),#10107,.T.);
#10101 = FACE_BOUND('',#10102,.T.);
#10102 = EDGE_LOOP('',(#10103,#10104,#10105,#10106));
#10103 = ORIENTED_EDGE('',*,*,#10070,.T.);
#10104 = ORIENTED_EDGE('',*,*,#9968,.T.);
#10105 = ORIENTED_EDGE('',*,*,#10008,.T.);
#10106 = ORIENTED_EDGE('',*,*,#10039,.T.);
#10107 = PLANE('',#10108);
#10108 = AXIS2_PLACEMENT_3D('',#10109,#10110,#10111);
#10109 = CARTESIAN_POINT('',(0.,0.1,0.));
#10110 = DIRECTION('',(0.,1.,0.));
#10111 = DIRECTION('',(0.,-0.,1.));
#10112 = MANIFOLD_SOLID_BREP('',#10113);
#10113 = CLOSED_SHELL('',(#10114,#10154,#10185,#10216,#10238,#10250));
#10114 = ADVANCED_FACE('',(#10115),#10149,.F.);
#10115 = FACE_BOUND('',#10116,.T.);
#10116 = EDGE_LOOP('',(#10117,#10127,#10135,#10143));
#10117 = ORIENTED_EDGE('',*,*,#10118,.F.);
#10118 = EDGE_CURVE('',#10119,#10121,#10123,.T.);
#10119 = VERTEX_POINT('',#10120);
#10120 = CARTESIAN_POINT('',(-1.2,1.E-01,-0.6));
#10121 = VERTEX_POINT('',#10122);
#10122 = CARTESIAN_POINT('',(-0.9,1.E-01,-0.6));
#10123 = LINE('',#10124,#10125);
#10124 = CARTESIAN_POINT('',(-1.2,1.E-01,-0.6));
#10125 = VECTOR('',#10126,1.);
#10126 = DIRECTION('',(1.,-0.,0.));
#10127 = ORIENTED_EDGE('',*,*,#10128,.T.);
#10128 = EDGE_CURVE('',#10119,#10129,#10131,.T.);
#10129 = VERTEX_POINT('',#10130);
#10130 = CARTESIAN_POINT('',(-1.2,0.,-0.6));
#10131 = LINE('',#10132,#10133);
#10132 = CARTESIAN_POINT('',(-1.2,0.524264068712,-0.6));
#10133 = VECTOR('',#10134,1.);
#10134 = DIRECTION('',(-0.,-1.,-0.));
#10135 = ORIENTED_EDGE('',*,*,#10136,.T.);
#10136 = EDGE_CURVE('',#10129,#10137,#10139,.T.);
#10137 = VERTEX_POINT('',#10138);
#10138 = CARTESIAN_POINT('',(-0.9,0.,-0.6));
#10139 = LINE('',#10140,#10141);
#10140 = CARTESIAN_POINT('',(-1.2,0.,-0.6));
#10141 = VECTOR('',#10142,1.);
#10142 = DIRECTION('',(1.,0.,0.));
#10143 = ORIENTED_EDGE('',*,*,#10144,.F.);
#10144 = EDGE_CURVE('',#10121,#10137,#10145,.T.);
#10145 = LINE('',#10146,#10147);
#10146 = CARTESIAN_POINT('',(-0.9,0.524264068712,-0.6));
#10147 = VECTOR('',#10148,1.);
#10148 = DIRECTION('',(-0.,-1.,-0.));
#10149 = PLANE('',#10150);
#10150 = AXIS2_PLACEMENT_3D('',#10151,#10152,#10153);
#10151 = CARTESIAN_POINT('',(-1.2,0.524264068712,-0.6));
#10152 = DIRECTION('',(0.,0.,-1.));
#10153 = DIRECTION('',(-1.,0.,-0.));
#10154 = ADVANCED_FACE('',(#10155),#10180,.F.);
#10155 = FACE_BOUND('',#10156,.T.);
#10156 = EDGE_LOOP('',(#10157,#10165,#10166,#10174));
#10157 = ORIENTED_EDGE('',*,*,#10158,.F.);
#10158 = EDGE_CURVE('',#10121,#10159,#10161,.T.);
#10159 = VERTEX_POINT('',#10160);
#10160 = CARTESIAN_POINT('',(-0.9,1.E-01,-0.9));
#10161 = LINE('',#10162,#10163);
#10162 = CARTESIAN_POINT('',(-0.9,1.E-01,-0.6));
#10163 = VECTOR('',#10164,1.);
#10164 = DIRECTION('',(0.,0.,-1.));
#10165 = ORIENTED_EDGE('',*,*,#10144,.T.);
#10166 = ORIENTED_EDGE('',*,*,#10167,.T.);
#10167 = EDGE_CURVE('',#10137,#10168,#10170,.T.);
#10168 = VERTEX_POINT('',#10169);
#10169 = CARTESIAN_POINT('',(-0.9,0.,-0.9));
#10170 = LINE('',#10171,#10172);
#10171 = CARTESIAN_POINT('',(-0.9,0.,-0.6));
#10172 = VECTOR('',#10173,1.);
#10173 = DIRECTION('',(0.,0.,-1.));
#10174 = ORIENTED_EDGE('',*,*,#10175,.F.);
#10175 = EDGE_CURVE('',#10159,#10168,#10176,.T.);
#10176 = LINE('',#10177,#10178);
#10177 = CARTESIAN_POINT('',(-0.9,0.524264068712,-0.9));
#10178 = VECTOR('',#10179,1.);
#10179 = DIRECTION('',(-0.,-1.,-0.));
#10180 = PLANE('',#10181);
#10181 = AXIS2_PLACEMENT_3D('',#10182,#10183,#10184);
#10182 = CARTESIAN_POINT('',(-0.9,0.524264068712,-0.6));
#10183 = DIRECTION('',(-1.,0.,0.));
#10184 = DIRECTION('',(0.,0.,1.));
#10185 = ADVANCED_FACE('',(#10186),#10211,.F.);
#10186 = FACE_BOUND('',#10187,.T.);
#10187 = EDGE_LOOP('',(#10188,#10196,#10197,#10205));
#10188 = ORIENTED_EDGE('',*,*,#10189,.F.);
#10189 = EDGE_CURVE('',#10159,#10190,#10192,.T.);
#10190 = VERTEX_POINT('',#10191);
#10191 = CARTESIAN_POINT('',(-1.2,1.E-01,-0.9));
#10192 = LINE('',#10193,#10194);
#10193 = CARTESIAN_POINT('',(-1.2,1.E-01,-0.9));
#10194 = VECTOR('',#10195,1.);
#10195 = DIRECTION('',(-1.,0.,0.));
#10196 = ORIENTED_EDGE('',*,*,#10175,.T.);
#10197 = ORIENTED_EDGE('',*,*,#10198,.T.);
#10198 = EDGE_CURVE('',#10168,#10199,#10201,.T.);
#10199 = VERTEX_POINT('',#10200);
#10200 = CARTESIAN_POINT('',(-1.2,0.,-0.9));
#10201 = LINE('',#10202,#10203);
#10202 = CARTESIAN_POINT('',(-1.2,0.,-0.9));
#10203 = VECTOR('',#10204,1.);
#10204 = DIRECTION('',(-1.,-0.,-0.));
#10205 = ORIENTED_EDGE('',*,*,#10206,.F.);
#10206 = EDGE_CURVE('',#10190,#10199,#10207,.T.);
#10207 = LINE('',#10208,#10209);
#10208 = CARTESIAN_POINT('',(-1.2,0.524264068712,-0.9));
#10209 = VECTOR('',#10210,1.);
#10210 = DIRECTION('',(-0.,-1.,-0.));
#10211 = PLANE('',#10212);
#10212 = AXIS2_PLACEMENT_3D('',#10213,#10214,#10215);
#10213 = CARTESIAN_POINT('',(-1.2,0.524264068712,-0.9));
#10214 = DIRECTION('',(0.,0.,1.));
#10215 = DIRECTION('',(1.,0.,-0.));
#10216 = ADVANCED_FACE('',(#10217),#10233,.F.);
#10217 = FACE_BOUND('',#10218,.T.);
#10218 = EDGE_LOOP('',(#10219,#10225,#10226,#10232));
#10219 = ORIENTED_EDGE('',*,*,#10220,.F.);
#10220 = EDGE_CURVE('',#10190,#10119,#10221,.T.);
#10221 = LINE('',#10222,#10223);
#10222 = CARTESIAN_POINT('',(-1.2,1.E-01,-0.6));
#10223 = VECTOR('',#10224,1.);
#10224 = DIRECTION('',(-0.,0.,1.));
#10225 = ORIENTED_EDGE('',*,*,#10206,.T.);
#10226 = ORIENTED_EDGE('',*,*,#10227,.T.);
#10227 = EDGE_CURVE('',#10199,#10129,#10228,.T.);
#10228 = LINE('',#10229,#10230);
#10229 = CARTESIAN_POINT('',(-1.2,0.,-0.6));
#10230 = VECTOR('',#10231,1.);
#10231 = DIRECTION('',(-0.,-0.,1.));
#10232 = ORIENTED_EDGE('',*,*,#10128,.F.);
#10233 = PLANE('',#10234);
#10234 = AXIS2_PLACEMENT_3D('',#10235,#10236,#10237);
#10235 = CARTESIAN_POINT('',(-1.2,0.524264068712,-0.6));
#10236 = DIRECTION('',(1.,-0.,0.));
#10237 = DIRECTION('',(0.,0.,-1.));
#10238 = ADVANCED_FACE('',(#10239),#10245,.F.);
#10239 = FACE_BOUND('',#10240,.T.);
#10240 = EDGE_LOOP('',(#10241,#10242,#10243,#10244));
#10241 = ORIENTED_EDGE('',*,*,#10136,.F.);
#10242 = ORIENTED_EDGE('',*,*,#10227,.F.);
#10243 = ORIENTED_EDGE('',*,*,#10198,.F.);
#10244 = ORIENTED_EDGE('',*,*,#10167,.F.);
#10245 = PLANE('',#10246);
#10246 = AXIS2_PLACEMENT_3D('',#10247,#10248,#10249);
#10247 = CARTESIAN_POINT('',(0.,0.,0.));
#10248 = DIRECTION('',(-0.,1.,0.));
#10249 = DIRECTION('',(0.,0.,1.));
#10250 = ADVANCED_FACE('',(#10251),#10257,.T.);
#10251 = FACE_BOUND('',#10252,.T.);
#10252 = EDGE_LOOP('',(#10253,#10254,#10255,#10256));
#10253 = ORIENTED_EDGE('',*,*,#10220,.T.);
#10254 = ORIENTED_EDGE('',*,*,#10118,.T.);
#10255 = ORIENTED_EDGE('',*,*,#10158,.T.);
#10256 = ORIENTED_EDGE('',*,*,#10189,.T.);
#10257 = PLANE('',#10258);
#10258 = AXIS2_PLACEMENT_3D('',#10259,#10260,#10261);
#10259 = CARTESIAN_POINT('',(0.,0.1,0.));
#10260 = DIRECTION('',(0.,1.,0.));
#10261 = DIRECTION('',(0.,-0.,1.));
#10262 = MANIFOLD_SOLID_BREP('',#10263);
#10263 = CLOSED_SHELL('',(#10264,#10304,#10335,#10366,#10388,#10400));
#10264 = ADVANCED_FACE('',(#10265),#10299,.F.);
#10265 = FACE_BOUND('',#10266,.T.);
#10266 = EDGE_LOOP('',(#10267,#10277,#10285,#10293));
#10267 = ORIENTED_EDGE('',*,*,#10268,.F.);
#10268 = EDGE_CURVE('',#10269,#10271,#10273,.T.);
#10269 = VERTEX_POINT('',#10270);
#10270 = CARTESIAN_POINT('',(-1.2,1.E-01,-1.E-01));
#10271 = VERTEX_POINT('',#10272);
#10272 = CARTESIAN_POINT('',(-0.9,1.E-01,-1.E-01));
#10273 = LINE('',#10274,#10275);
#10274 = CARTESIAN_POINT('',(-1.2,1.E-01,-1.E-01));
#10275 = VECTOR('',#10276,1.);
#10276 = DIRECTION('',(1.,-0.,0.));
#10277 = ORIENTED_EDGE('',*,*,#10278,.T.);
#10278 = EDGE_CURVE('',#10269,#10279,#10281,.T.);
#10279 = VERTEX_POINT('',#10280);
#10280 = CARTESIAN_POINT('',(-1.2,0.,-1.E-01));
#10281 = LINE('',#10282,#10283);
#10282 = CARTESIAN_POINT('',(-1.2,0.524264068712,-1.E-01));
#10283 = VECTOR('',#10284,1.);
#10284 = DIRECTION('',(-0.,-1.,-0.));
#10285 = ORIENTED_EDGE('',*,*,#10286,.T.);
#10286 = EDGE_CURVE('',#10279,#10287,#10289,.T.);
#10287 = VERTEX_POINT('',#10288);
#10288 = CARTESIAN_POINT('',(-0.9,0.,-1.E-01));
#10289 = LINE('',#10290,#10291);
#10290 = CARTESIAN_POINT('',(-1.2,0.,-1.E-01));
#10291 = VECTOR('',#10292,1.);
#10292 = DIRECTION('',(1.,0.,0.));
#10293 = ORIENTED_EDGE('',*,*,#10294,.F.);
#10294 = EDGE_CURVE('',#10271,#10287,#10295,.T.);
#10295 = LINE('',#10296,#10297);
#10296 = CARTESIAN_POINT('',(-0.9,0.524264068712,-1.E-01));
#10297 = VECTOR('',#10298,1.);
#10298 = DIRECTION('',(-0.,-1.,-0.));
#10299 = PLANE('',#10300);
#10300 = AXIS2_PLACEMENT_3D('',#10301,#10302,#10303);
#10301 = CARTESIAN_POINT('',(-1.2,0.524264068712,-1.E-01));
#10302 = DIRECTION('',(0.,0.,-1.));
#10303 = DIRECTION('',(-1.,0.,-0.));
#10304 = ADVANCED_FACE('',(#10305),#10330,.F.);
#10305 = FACE_BOUND('',#10306,.T.);
#10306 = EDGE_LOOP('',(#10307,#10315,#10316,#10324));
#10307 = ORIENTED_EDGE('',*,*,#10308,.F.);
#10308 = EDGE_CURVE('',#10271,#10309,#10311,.T.);
#10309 = VERTEX_POINT('',#10310);
#10310 = CARTESIAN_POINT('',(-0.9,1.E-01,-0.4));
#10311 = LINE('',#10312,#10313);
#10312 = CARTESIAN_POINT('',(-0.9,1.E-01,-1.E-01));
#10313 = VECTOR('',#10314,1.);
#10314 = DIRECTION('',(0.,0.,-1.));
#10315 = ORIENTED_EDGE('',*,*,#10294,.T.);
#10316 = ORIENTED_EDGE('',*,*,#10317,.T.);
#10317 = EDGE_CURVE('',#10287,#10318,#10320,.T.);
#10318 = VERTEX_POINT('',#10319);
#10319 = CARTESIAN_POINT('',(-0.9,0.,-0.4));
#10320 = LINE('',#10321,#10322);
#10321 = CARTESIAN_POINT('',(-0.9,0.,-1.E-01));
#10322 = VECTOR('',#10323,1.);
#10323 = DIRECTION('',(0.,0.,-1.));
#10324 = ORIENTED_EDGE('',*,*,#10325,.F.);
#10325 = EDGE_CURVE('',#10309,#10318,#10326,.T.);
#10326 = LINE('',#10327,#10328);
#10327 = CARTESIAN_POINT('',(-0.9,0.524264068712,-0.4));
#10328 = VECTOR('',#10329,1.);
#10329 = DIRECTION('',(-0.,-1.,-0.));
#10330 = PLANE('',#10331);
#10331 = AXIS2_PLACEMENT_3D('',#10332,#10333,#10334);
#10332 = CARTESIAN_POINT('',(-0.9,0.524264068712,-1.E-01));
#10333 = DIRECTION('',(-1.,0.,0.));
#10334 = DIRECTION('',(0.,0.,1.));
#10335 = ADVANCED_FACE('',(#10336),#10361,.F.);
#10336 = FACE_BOUND('',#10337,.T.);
#10337 = EDGE_LOOP('',(#10338,#10346,#10347,#10355));
#10338 = ORIENTED_EDGE('',*,*,#10339,.F.);
#10339 = EDGE_CURVE('',#10309,#10340,#10342,.T.);
#10340 = VERTEX_POINT('',#10341);
#10341 = CARTESIAN_POINT('',(-1.2,1.E-01,-0.4));
#10342 = LINE('',#10343,#10344);
#10343 = CARTESIAN_POINT('',(-1.2,1.E-01,-0.4));
#10344 = VECTOR('',#10345,1.);
#10345 = DIRECTION('',(-1.,0.,0.));
#10346 = ORIENTED_EDGE('',*,*,#10325,.T.);
#10347 = ORIENTED_EDGE('',*,*,#10348,.T.);
#10348 = EDGE_CURVE('',#10318,#10349,#10351,.T.);
#10349 = VERTEX_POINT('',#10350);
#10350 = CARTESIAN_POINT('',(-1.2,0.,-0.4));
#10351 = LINE('',#10352,#10353);
#10352 = CARTESIAN_POINT('',(-1.2,0.,-0.4));
#10353 = VECTOR('',#10354,1.);
#10354 = DIRECTION('',(-1.,-0.,-0.));
#10355 = ORIENTED_EDGE('',*,*,#10356,.F.);
#10356 = EDGE_CURVE('',#10340,#10349,#10357,.T.);
#10357 = LINE('',#10358,#10359);
#10358 = CARTESIAN_POINT('',(-1.2,0.524264068712,-0.4));
#10359 = VECTOR('',#10360,1.);
#10360 = DIRECTION('',(-0.,-1.,-0.));
#10361 = PLANE('',#10362);
#10362 = AXIS2_PLACEMENT_3D('',#10363,#10364,#10365);
#10363 = CARTESIAN_POINT('',(-1.2,0.524264068712,-0.4));
#10364 = DIRECTION('',(0.,0.,1.));
#10365 = DIRECTION('',(1.,0.,-0.));
#10366 = ADVANCED_FACE('',(#10367),#10383,.F.);
#10367 = FACE_BOUND('',#10368,.T.);
#10368 = EDGE_LOOP('',(#10369,#10375,#10376,#10382));
#10369 = ORIENTED_EDGE('',*,*,#10370,.F.);
#10370 = EDGE_CURVE('',#10340,#10269,#10371,.T.);
#10371 = LINE('',#10372,#10373);
#10372 = CARTESIAN_POINT('',(-1.2,1.E-01,-1.E-01));
#10373 = VECTOR('',#10374,1.);
#10374 = DIRECTION('',(-0.,0.,1.));
#10375 = ORIENTED_EDGE('',*,*,#10356,.T.);
#10376 = ORIENTED_EDGE('',*,*,#10377,.T.);
#10377 = EDGE_CURVE('',#10349,#10279,#10378,.T.);
#10378 = LINE('',#10379,#10380);
#10379 = CARTESIAN_POINT('',(-1.2,0.,-1.E-01));
#10380 = VECTOR('',#10381,1.);
#10381 = DIRECTION('',(-0.,-0.,1.));
#10382 = ORIENTED_EDGE('',*,*,#10278,.F.);
#10383 = PLANE('',#10384);
#10384 = AXIS2_PLACEMENT_3D('',#10385,#10386,#10387);
#10385 = CARTESIAN_POINT('',(-1.2,0.524264068712,-1.E-01));
#10386 = DIRECTION('',(1.,-0.,0.));
#10387 = DIRECTION('',(0.,0.,-1.));
#10388 = ADVANCED_FACE('',(#10389),#10395,.F.);
#10389 = FACE_BOUND('',#10390,.T.);
#10390 = EDGE_LOOP('',(#10391,#10392,#10393,#10394));
#10391 = ORIENTED_EDGE('',*,*,#10286,.F.);
#10392 = ORIENTED_EDGE('',*,*,#10377,.F.);
#10393 = ORIENTED_EDGE('',*,*,#10348,.F.);
#10394 = ORIENTED_EDGE('',*,*,#10317,.F.);
#10395 = PLANE('',#10396);
#10396 = AXIS2_PLACEMENT_3D('',#10397,#10398,#10399);
#10397 = CARTESIAN_POINT('',(0.,0.,0.));
#10398 = DIRECTION('',(-0.,1.,0.));
#10399 = DIRECTION('',(0.,0.,1.));
#10400 = ADVANCED_FACE('',(#10401),#10407,.T.);
#10401 = FACE_BOUND('',#10402,.T.);
#10402 = EDGE_LOOP('',(#10403,#10404,#10405,#10406));
#10403 = ORIENTED_EDGE('',*,*,#10370,.T.);
#10404 = ORIENTED_EDGE('',*,*,#10268,.T.);
#10405 = ORIENTED_EDGE('',*,*,#10308,.T.);
#10406 = ORIENTED_EDGE('',*,*,#10339,.T.);
#10407 = PLANE('',#10408);
#10408 = AXIS2_PLACEMENT_3D('',#10409,#10410,#10411);
#10409 = CARTESIAN_POINT('',(0.,0.1,0.));
#10410 = DIRECTION('',(0.,1.,0.));
#10411 = DIRECTION('',(0.,-0.,1.));
#10412 = MANIFOLD_SOLID_BREP('',#10413);
#10413 = CLOSED_SHELL('',(#10414,#10454,#10485,#10516,#10538,#10550));
#10414 = ADVANCED_FACE('',(#10415),#10449,.F.);
#10415 = FACE_BOUND('',#10416,.T.);
#10416 = EDGE_LOOP('',(#10417,#10427,#10435,#10443));
#10417 = ORIENTED_EDGE('',*,*,#10418,.F.);
#10418 = EDGE_CURVE('',#10419,#10421,#10423,.T.);
#10419 = VERTEX_POINT('',#10420);
#10420 = CARTESIAN_POINT('',(-1.2,1.E-01,0.4));
#10421 = VERTEX_POINT('',#10422);
#10422 = CARTESIAN_POINT('',(-0.9,1.E-01,0.4));
#10423 = LINE('',#10424,#10425);
#10424 = CARTESIAN_POINT('',(-1.2,1.E-01,0.4));
#10425 = VECTOR('',#10426,1.);
#10426 = DIRECTION('',(1.,-0.,0.));
#10427 = ORIENTED_EDGE('',*,*,#10428,.T.);
#10428 = EDGE_CURVE('',#10419,#10429,#10431,.T.);
#10429 = VERTEX_POINT('',#10430);
#10430 = CARTESIAN_POINT('',(-1.2,0.,0.4));
#10431 = LINE('',#10432,#10433);
#10432 = CARTESIAN_POINT('',(-1.2,0.524264068712,0.4));
#10433 = VECTOR('',#10434,1.);
#10434 = DIRECTION('',(-0.,-1.,-0.));
#10435 = ORIENTED_EDGE('',*,*,#10436,.T.);
#10436 = EDGE_CURVE('',#10429,#10437,#10439,.T.);
#10437 = VERTEX_POINT('',#10438);
#10438 = CARTESIAN_POINT('',(-0.9,0.,0.4));
#10439 = LINE('',#10440,#10441);
#10440 = CARTESIAN_POINT('',(-1.2,0.,0.4));
#10441 = VECTOR('',#10442,1.);
#10442 = DIRECTION('',(1.,0.,0.));
#10443 = ORIENTED_EDGE('',*,*,#10444,.F.);
#10444 = EDGE_CURVE('',#10421,#10437,#10445,.T.);
#10445 = LINE('',#10446,#10447);
#10446 = CARTESIAN_POINT('',(-0.9,0.524264068712,0.4));
#10447 = VECTOR('',#10448,1.);
#10448 = DIRECTION('',(-0.,-1.,-0.));
#10449 = PLANE('',#10450);
#10450 = AXIS2_PLACEMENT_3D('',#10451,#10452,#10453);
#10451 = CARTESIAN_POINT('',(-1.2,0.524264068712,0.4));
#10452 = DIRECTION('',(0.,0.,-1.));
#10453 = DIRECTION('',(-1.,0.,-0.));
#10454 = ADVANCED_FACE('',(#10455),#10480,.F.);
#10455 = FACE_BOUND('',#10456,.T.);
#10456 = EDGE_LOOP('',(#10457,#10465,#10466,#10474));
#10457 = ORIENTED_EDGE('',*,*,#10458,.F.);
#10458 = EDGE_CURVE('',#10421,#10459,#10461,.T.);
#10459 = VERTEX_POINT('',#10460);
#10460 = CARTESIAN_POINT('',(-0.9,1.E-01,0.1));
#10461 = LINE('',#10462,#10463);
#10462 = CARTESIAN_POINT('',(-0.9,1.E-01,0.4));
#10463 = VECTOR('',#10464,1.);
#10464 = DIRECTION('',(0.,0.,-1.));
#10465 = ORIENTED_EDGE('',*,*,#10444,.T.);
#10466 = ORIENTED_EDGE('',*,*,#10467,.T.);
#10467 = EDGE_CURVE('',#10437,#10468,#10470,.T.);
#10468 = VERTEX_POINT('',#10469);
#10469 = CARTESIAN_POINT('',(-0.9,0.,0.1));
#10470 = LINE('',#10471,#10472);
#10471 = CARTESIAN_POINT('',(-0.9,0.,0.4));
#10472 = VECTOR('',#10473,1.);
#10473 = DIRECTION('',(0.,0.,-1.));
#10474 = ORIENTED_EDGE('',*,*,#10475,.F.);
#10475 = EDGE_CURVE('',#10459,#10468,#10476,.T.);
#10476 = LINE('',#10477,#10478);
#10477 = CARTESIAN_POINT('',(-0.9,0.524264068712,0.1));
#10478 = VECTOR('',#10479,1.);
#10479 = DIRECTION('',(-0.,-1.,-0.));
#10480 = PLANE('',#10481);
#10481 = AXIS2_PLACEMENT_3D('',#10482,#10483,#10484);
#10482 = CARTESIAN_POINT('',(-0.9,0.524264068712,0.4));
#10483 = DIRECTION('',(-1.,0.,0.));
#10484 = DIRECTION('',(0.,0.,1.));
#10485 = ADVANCED_FACE('',(#10486),#10511,.F.);
#10486 = FACE_BOUND('',#10487,.T.);
#10487 = EDGE_LOOP('',(#10488,#10496,#10497,#10505));
#10488 = ORIENTED_EDGE('',*,*,#10489,.F.);
#10489 = EDGE_CURVE('',#10459,#10490,#10492,.T.);
#10490 = VERTEX_POINT('',#10491);
#10491 = CARTESIAN_POINT('',(-1.2,1.E-01,0.1));
#10492 = LINE('',#10493,#10494);
#10493 = CARTESIAN_POINT('',(-1.2,1.E-01,0.1));
#10494 = VECTOR('',#10495,1.);
#10495 = DIRECTION('',(-1.,0.,0.));
#10496 = ORIENTED_EDGE('',*,*,#10475,.T.);
#10497 = ORIENTED_EDGE('',*,*,#10498,.T.);
#10498 = EDGE_CURVE('',#10468,#10499,#10501,.T.);
#10499 = VERTEX_POINT('',#10500);
#10500 = CARTESIAN_POINT('',(-1.2,0.,0.1));
#10501 = LINE('',#10502,#10503);
#10502 = CARTESIAN_POINT('',(-1.2,0.,0.1));
#10503 = VECTOR('',#10504,1.);
#10504 = DIRECTION('',(-1.,-0.,-0.));
#10505 = ORIENTED_EDGE('',*,*,#10506,.F.);
#10506 = EDGE_CURVE('',#10490,#10499,#10507,.T.);
#10507 = LINE('',#10508,#10509);
#10508 = CARTESIAN_POINT('',(-1.2,0.524264068712,0.1));
#10509 = VECTOR('',#10510,1.);
#10510 = DIRECTION('',(-0.,-1.,-0.));
#10511 = PLANE('',#10512);
#10512 = AXIS2_PLACEMENT_3D('',#10513,#10514,#10515);
#10513 = CARTESIAN_POINT('',(-1.2,0.524264068712,0.1));
#10514 = DIRECTION('',(0.,0.,1.));
#10515 = DIRECTION('',(1.,0.,-0.));
#10516 = ADVANCED_FACE('',(#10517),#10533,.F.);
#10517 = FACE_BOUND('',#10518,.T.);
#10518 = EDGE_LOOP('',(#10519,#10525,#10526,#10532));
#10519 = ORIENTED_EDGE('',*,*,#10520,.F.);
#10520 = EDGE_CURVE('',#10490,#10419,#10521,.T.);
#10521 = LINE('',#10522,#10523);
#10522 = CARTESIAN_POINT('',(-1.2,1.E-01,0.4));
#10523 = VECTOR('',#10524,1.);
#10524 = DIRECTION('',(-0.,0.,1.));
#10525 = ORIENTED_EDGE('',*,*,#10506,.T.);
#10526 = ORIENTED_EDGE('',*,*,#10527,.T.);
#10527 = EDGE_CURVE('',#10499,#10429,#10528,.T.);
#10528 = LINE('',#10529,#10530);
#10529 = CARTESIAN_POINT('',(-1.2,0.,0.4));
#10530 = VECTOR('',#10531,1.);
#10531 = DIRECTION('',(-0.,-0.,1.));
#10532 = ORIENTED_EDGE('',*,*,#10428,.F.);
#10533 = PLANE('',#10534);
#10534 = AXIS2_PLACEMENT_3D('',#10535,#10536,#10537);
#10535 = CARTESIAN_POINT('',(-1.2,0.524264068712,0.4));
#10536 = DIRECTION('',(1.,-0.,0.));
#10537 = DIRECTION('',(0.,0.,-1.));
#10538 = ADVANCED_FACE('',(#10539),#10545,.F.);
#10539 = FACE_BOUND('',#10540,.T.);
#10540 = EDGE_LOOP('',(#10541,#10542,#10543,#10544));
#10541 = ORIENTED_EDGE('',*,*,#10436,.F.);
#10542 = ORIENTED_EDGE('',*,*,#10527,.F.);
#10543 = ORIENTED_EDGE('',*,*,#10498,.F.);
#10544 = ORIENTED_EDGE('',*,*,#10467,.F.);
#10545 = PLANE('',#10546);
#10546 = AXIS2_PLACEMENT_3D('',#10547,#10548,#10549);
#10547 = CARTESIAN_POINT('',(0.,0.,0.));
#10548 = DIRECTION('',(-0.,1.,0.));
#10549 = DIRECTION('',(0.,0.,1.));
#10550 = ADVANCED_FACE('',(#10551),#10557,.T.);
#10551 = FACE_BOUND('',#10552,.T.);
#10552 = EDGE_LOOP('',(#10553,#10554,#10555,#10556));
#10553 = ORIENTED_EDGE('',*,*,#10520,.T.);
#10554 = ORIENTED_EDGE('',*,*,#10418,.T.);
#10555 = ORIENTED_EDGE('',*,*,#10458,.T.);
#10556 = ORIENTED_EDGE('',*,*,#10489,.T.);
#10557 = PLANE('',#10558);
#10558 = AXIS2_PLACEMENT_3D('',#10559,#10560,#10561);
#10559 = CARTESIAN_POINT('',(0.,0.1,0.));
#10560 = DIRECTION('',(0.,1.,0.));
#10561 = DIRECTION('',(0.,-0.,1.));
#10562 = MANIFOLD_SOLID_BREP('',#10563);
#10563 = CLOSED_SHELL('',(#10564,#10604,#10635,#10666,#10688,#10700));
#10564 = ADVANCED_FACE('',(#10565),#10599,.F.);
#10565 = FACE_BOUND('',#10566,.T.);
#10566 = EDGE_LOOP('',(#10567,#10577,#10585,#10593));
#10567 = ORIENTED_EDGE('',*,*,#10568,.F.);
#10568 = EDGE_CURVE('',#10569,#10571,#10573,.T.);
#10569 = VERTEX_POINT('',#10570);
#10570 = CARTESIAN_POINT('',(0.9,1.E-01,1.425));
#10571 = VERTEX_POINT('',#10572);
#10572 = CARTESIAN_POINT('',(0.6,1.E-01,1.425));
#10573 = LINE('',#10574,#10575);
#10574 = CARTESIAN_POINT('',(0.9,1.E-01,1.425));
#10575 = VECTOR('',#10576,1.);
#10576 = DIRECTION('',(-1.,0.,0.));
#10577 = ORIENTED_EDGE('',*,*,#10578,.T.);
#10578 = EDGE_CURVE('',#10569,#10579,#10581,.T.);
#10579 = VERTEX_POINT('',#10580);
#10580 = CARTESIAN_POINT('',(0.9,0.,1.425));
#10581 = LINE('',#10582,#10583);
#10582 = CARTESIAN_POINT('',(0.9,0.524264068712,1.425));
#10583 = VECTOR('',#10584,1.);
#10584 = DIRECTION('',(-0.,-1.,-0.));
#10585 = ORIENTED_EDGE('',*,*,#10586,.T.);
#10586 = EDGE_CURVE('',#10579,#10587,#10589,.T.);
#10587 = VERTEX_POINT('',#10588);
#10588 = CARTESIAN_POINT('',(0.6,0.,1.425));
#10589 = LINE('',#10590,#10591);
#10590 = CARTESIAN_POINT('',(0.9,0.,1.425));
#10591 = VECTOR('',#10592,1.);
#10592 = DIRECTION('',(-1.,0.,0.));
#10593 = ORIENTED_EDGE('',*,*,#10594,.F.);
#10594 = EDGE_CURVE('',#10571,#10587,#10595,.T.);
#10595 = LINE('',#10596,#10597);
#10596 = CARTESIAN_POINT('',(0.6,0.524264068712,1.425));
#10597 = VECTOR('',#10598,1.);
#10598 = DIRECTION('',(-0.,-1.,-0.));
#10599 = PLANE('',#10600);
#10600 = AXIS2_PLACEMENT_3D('',#10601,#10602,#10603);
#10601 = CARTESIAN_POINT('',(0.9,0.524264068712,1.425));
#10602 = DIRECTION('',(0.,-0.,1.));
#10603 = DIRECTION('',(1.,0.,0.));
#10604 = ADVANCED_FACE('',(#10605),#10630,.F.);
#10605 = FACE_BOUND('',#10606,.T.);
#10606 = EDGE_LOOP('',(#10607,#10615,#10616,#10624));
#10607 = ORIENTED_EDGE('',*,*,#10608,.F.);
#10608 = EDGE_CURVE('',#10571,#10609,#10611,.T.);
#10609 = VERTEX_POINT('',#10610);
#10610 = CARTESIAN_POINT('',(0.6,1.E-01,1.725));
#10611 = LINE('',#10612,#10613);
#10612 = CARTESIAN_POINT('',(0.6,1.E-01,1.425));
#10613 = VECTOR('',#10614,1.);
#10614 = DIRECTION('',(7.228014483237E-16,-0.,1.));
#10615 = ORIENTED_EDGE('',*,*,#10594,.T.);
#10616 = ORIENTED_EDGE('',*,*,#10617,.T.);
#10617 = EDGE_CURVE('',#10587,#10618,#10620,.T.);
#10618 = VERTEX_POINT('',#10619);
#10619 = CARTESIAN_POINT('',(0.6,0.,1.725));
#10620 = LINE('',#10621,#10622);
#10621 = CARTESIAN_POINT('',(0.6,0.,1.425));
#10622 = VECTOR('',#10623,1.);
#10623 = DIRECTION('',(7.228014483237E-16,0.,1.));
#10624 = ORIENTED_EDGE('',*,*,#10625,.F.);
#10625 = EDGE_CURVE('',#10609,#10618,#10626,.T.);
#10626 = LINE('',#10627,#10628);
#10627 = CARTESIAN_POINT('',(0.6,0.524264068712,1.725));
#10628 = VECTOR('',#10629,1.);
#10629 = DIRECTION('',(-0.,-1.,-0.));
#10630 = PLANE('',#10631);
#10631 = AXIS2_PLACEMENT_3D('',#10632,#10633,#10634);
#10632 = CARTESIAN_POINT('',(0.6,0.524264068712,1.425));
#10633 = DIRECTION('',(1.,0.,-7.228014483237E-16));
#10634 = DIRECTION('',(-7.228014483237E-16,0.,-1.));
#10635 = ADVANCED_FACE('',(#10636),#10661,.F.);
#10636 = FACE_BOUND('',#10637,.T.);
#10637 = EDGE_LOOP('',(#10638,#10646,#10647,#10655));
#10638 = ORIENTED_EDGE('',*,*,#10639,.F.);
#10639 = EDGE_CURVE('',#10609,#10640,#10642,.T.);
#10640 = VERTEX_POINT('',#10641);
#10641 = CARTESIAN_POINT('',(0.9,1.E-01,1.725));
#10642 = LINE('',#10643,#10644);
#10643 = CARTESIAN_POINT('',(0.9,1.E-01,1.725));
#10644 = VECTOR('',#10645,1.);
#10645 = DIRECTION('',(1.,-0.,8.673617379884E-15));
#10646 = ORIENTED_EDGE('',*,*,#10625,.T.);
#10647 = ORIENTED_EDGE('',*,*,#10648,.T.);
#10648 = EDGE_CURVE('',#10618,#10649,#10651,.T.);
#10649 = VERTEX_POINT('',#10650);
#10650 = CARTESIAN_POINT('',(0.9,0.,1.725));
#10651 = LINE('',#10652,#10653);
#10652 = CARTESIAN_POINT('',(0.9,0.,1.725));
#10653 = VECTOR('',#10654,1.);
#10654 = DIRECTION('',(1.,-0.,8.673617379884E-15));
#10655 = ORIENTED_EDGE('',*,*,#10656,.F.);
#10656 = EDGE_CURVE('',#10640,#10649,#10657,.T.);
#10657 = LINE('',#10658,#10659);
#10658 = CARTESIAN_POINT('',(0.9,0.524264068712,1.725));
#10659 = VECTOR('',#10660,1.);
#10660 = DIRECTION('',(-0.,-1.,-0.));
#10661 = PLANE('',#10662);
#10662 = AXIS2_PLACEMENT_3D('',#10663,#10664,#10665);
#10663 = CARTESIAN_POINT('',(0.9,0.524264068712,1.725));
#10664 = DIRECTION('',(8.673617379884E-15,0.,-1.));
#10665 = DIRECTION('',(-1.,0.,-8.673617379884E-15));
#10666 = ADVANCED_FACE('',(#10667),#10683,.F.);
#10667 = FACE_BOUND('',#10668,.T.);
#10668 = EDGE_LOOP('',(#10669,#10675,#10676,#10682));
#10669 = ORIENTED_EDGE('',*,*,#10670,.F.);
#10670 = EDGE_CURVE('',#10640,#10569,#10671,.T.);
#10671 = LINE('',#10672,#10673);
#10672 = CARTESIAN_POINT('',(0.9,1.E-01,1.425));
#10673 = VECTOR('',#10674,1.);
#10674 = DIRECTION('',(0.,0.,-1.));
#10675 = ORIENTED_EDGE('',*,*,#10656,.T.);
#10676 = ORIENTED_EDGE('',*,*,#10677,.T.);
#10677 = EDGE_CURVE('',#10649,#10579,#10678,.T.);
#10678 = LINE('',#10679,#10680);
#10679 = CARTESIAN_POINT('',(0.9,0.,1.425));
#10680 = VECTOR('',#10681,1.);
#10681 = DIRECTION('',(-0.,-0.,-1.));
#10682 = ORIENTED_EDGE('',*,*,#10578,.F.);
#10683 = PLANE('',#10684);
#10684 = AXIS2_PLACEMENT_3D('',#10685,#10686,#10687);
#10685 = CARTESIAN_POINT('',(0.9,0.524264068712,1.425));
#10686 = DIRECTION('',(-1.,0.,0.));
#10687 = DIRECTION('',(0.,0.,1.));
#10688 = ADVANCED_FACE('',(#10689),#10695,.F.);
#10689 = FACE_BOUND('',#10690,.T.);
#10690 = EDGE_LOOP('',(#10691,#10692,#10693,#10694));
#10691 = ORIENTED_EDGE('',*,*,#10586,.F.);
#10692 = ORIENTED_EDGE('',*,*,#10677,.F.);
#10693 = ORIENTED_EDGE('',*,*,#10648,.F.);
#10694 = ORIENTED_EDGE('',*,*,#10617,.F.);
#10695 = PLANE('',#10696);
#10696 = AXIS2_PLACEMENT_3D('',#10697,#10698,#10699);
#10697 = CARTESIAN_POINT('',(0.,0.,0.));
#10698 = DIRECTION('',(0.,1.,-0.));
#10699 = DIRECTION('',(0.,0.,1.));
#10700 = ADVANCED_FACE('',(#10701),#10707,.T.);
#10701 = FACE_BOUND('',#10702,.T.);
#10702 = EDGE_LOOP('',(#10703,#10704,#10705,#10706));
#10703 = ORIENTED_EDGE('',*,*,#10670,.T.);
#10704 = ORIENTED_EDGE('',*,*,#10568,.T.);
#10705 = ORIENTED_EDGE('',*,*,#10608,.T.);
#10706 = ORIENTED_EDGE('',*,*,#10639,.T.);
#10707 = PLANE('',#10708);
#10708 = AXIS2_PLACEMENT_3D('',#10709,#10710,#10711);
#10709 = CARTESIAN_POINT('',(0.,0.1,0.));
#10710 = DIRECTION('',(0.,1.,0.));
#10711 = DIRECTION('',(0.,-0.,1.));
#10712 = MANIFOLD_SOLID_BREP('',#10713);
#10713 = CLOSED_SHELL('',(#10714,#10754,#10785,#10816,#10838,#10850));
#10714 = ADVANCED_FACE('',(#10715),#10749,.F.);
#10715 = FACE_BOUND('',#10716,.T.);
#10716 = EDGE_LOOP('',(#10717,#10727,#10735,#10743));
#10717 = ORIENTED_EDGE('',*,*,#10718,.F.);
#10718 = EDGE_CURVE('',#10719,#10721,#10723,.T.);
#10719 = VERTEX_POINT('',#10720);
#10720 = CARTESIAN_POINT('',(1.E-01,1.E-01,-1.725));
#10721 = VERTEX_POINT('',#10722);
#10722 = CARTESIAN_POINT('',(1.E-01,1.E-01,-1.425));
#10723 = LINE('',#10724,#10725);
#10724 = CARTESIAN_POINT('',(1.E-01,1.E-01,-1.425));
#10725 = VECTOR('',#10726,1.);
#10726 = DIRECTION('',(-3.614007241618E-16,0.,1.));
#10727 = ORIENTED_EDGE('',*,*,#10728,.T.);
#10728 = EDGE_CURVE('',#10719,#10729,#10731,.T.);
#10729 = VERTEX_POINT('',#10730);
#10730 = CARTESIAN_POINT('',(0.1,0.,-1.725));
#10731 = LINE('',#10732,#10733);
#10732 = CARTESIAN_POINT('',(0.1,0.524264068712,-1.725));
#10733 = VECTOR('',#10734,1.);
#10734 = DIRECTION('',(-0.,-1.,-0.));
#10735 = ORIENTED_EDGE('',*,*,#10736,.T.);
#10736 = EDGE_CURVE('',#10729,#10737,#10739,.T.);
#10737 = VERTEX_POINT('',#10738);
#10738 = CARTESIAN_POINT('',(1.E-01,0.,-1.425));
#10739 = LINE('',#10740,#10741);
#10740 = CARTESIAN_POINT('',(1.E-01,0.,-1.425));
#10741 = VECTOR('',#10742,1.);
#10742 = DIRECTION('',(-3.614007241618E-16,-0.,1.));
#10743 = ORIENTED_EDGE('',*,*,#10744,.F.);
#10744 = EDGE_CURVE('',#10721,#10737,#10745,.T.);
#10745 = LINE('',#10746,#10747);
#10746 = CARTESIAN_POINT('',(1.E-01,0.524264068712,-1.425));
#10747 = VECTOR('',#10748,1.);
#10748 = DIRECTION('',(-0.,-1.,-0.));
#10749 = PLANE('',#10750);
#10750 = AXIS2_PLACEMENT_3D('',#10751,#10752,#10753);
#10751 = CARTESIAN_POINT('',(1.E-01,0.524264068712,-1.425));
#10752 = DIRECTION('',(1.,-0.,3.614007241618E-16));
#10753 = DIRECTION('',(3.614007241618E-16,0.,-1.));
#10754 = ADVANCED_FACE('',(#10755),#10780,.F.);
#10755 = FACE_BOUND('',#10756,.T.);
#10756 = EDGE_LOOP('',(#10757,#10765,#10766,#10774));
#10757 = ORIENTED_EDGE('',*,*,#10758,.F.);
#10758 = EDGE_CURVE('',#10721,#10759,#10761,.T.);
#10759 = VERTEX_POINT('',#10760);
#10760 = CARTESIAN_POINT('',(0.4,1.E-01,-1.425));
#10761 = LINE('',#10762,#10763);
#10762 = CARTESIAN_POINT('',(0.4,1.E-01,-1.425));
#10763 = VECTOR('',#10764,1.);
#10764 = DIRECTION('',(1.,-0.,0.));
#10765 = ORIENTED_EDGE('',*,*,#10744,.T.);
#10766 = ORIENTED_EDGE('',*,*,#10767,.T.);
#10767 = EDGE_CURVE('',#10737,#10768,#10770,.T.);
#10768 = VERTEX_POINT('',#10769);
#10769 = CARTESIAN_POINT('',(0.4,0.,-1.425));
#10770 = LINE('',#10771,#10772);
#10771 = CARTESIAN_POINT('',(0.4,0.,-1.425));
#10772 = VECTOR('',#10773,1.);
#10773 = DIRECTION('',(1.,-0.,-0.));
#10774 = ORIENTED_EDGE('',*,*,#10775,.F.);
#10775 = EDGE_CURVE('',#10759,#10768,#10776,.T.);
#10776 = LINE('',#10777,#10778);
#10777 = CARTESIAN_POINT('',(0.4,0.524264068712,-1.425));
#10778 = VECTOR('',#10779,1.);
#10779 = DIRECTION('',(-0.,-1.,-0.));
#10780 = PLANE('',#10781);
#10781 = AXIS2_PLACEMENT_3D('',#10782,#10783,#10784);
#10782 = CARTESIAN_POINT('',(0.4,0.524264068712,-1.425));
#10783 = DIRECTION('',(0.,0.,-1.));
#10784 = DIRECTION('',(-1.,0.,-0.));
#10785 = ADVANCED_FACE('',(#10786),#10811,.F.);
#10786 = FACE_BOUND('',#10787,.T.);
#10787 = EDGE_LOOP('',(#10788,#10796,#10797,#10805));
#10788 = ORIENTED_EDGE('',*,*,#10789,.F.);
#10789 = EDGE_CURVE('',#10759,#10790,#10792,.T.);
#10790 = VERTEX_POINT('',#10791);
#10791 = CARTESIAN_POINT('',(0.4,1.E-01,-1.725));
#10792 = LINE('',#10793,#10794);
#10793 = CARTESIAN_POINT('',(0.4,1.E-01,-1.425));
#10794 = VECTOR('',#10795,1.);
#10795 = DIRECTION('',(0.,0.,-1.));
#10796 = ORIENTED_EDGE('',*,*,#10775,.T.);
#10797 = ORIENTED_EDGE('',*,*,#10798,.T.);
#10798 = EDGE_CURVE('',#10768,#10799,#10801,.T.);
#10799 = VERTEX_POINT('',#10800);
#10800 = CARTESIAN_POINT('',(0.4,0.,-1.725));
#10801 = LINE('',#10802,#10803);
#10802 = CARTESIAN_POINT('',(0.4,0.,-1.425));
#10803 = VECTOR('',#10804,1.);
#10804 = DIRECTION('',(0.,0.,-1.));
#10805 = ORIENTED_EDGE('',*,*,#10806,.F.);
#10806 = EDGE_CURVE('',#10790,#10799,#10807,.T.);
#10807 = LINE('',#10808,#10809);
#10808 = CARTESIAN_POINT('',(0.4,0.524264068712,-1.725));
#10809 = VECTOR('',#10810,1.);
#10810 = DIRECTION('',(-0.,-1.,-0.));
#10811 = PLANE('',#10812);
#10812 = AXIS2_PLACEMENT_3D('',#10813,#10814,#10815);
#10813 = CARTESIAN_POINT('',(0.4,0.524264068712,-1.425));
#10814 = DIRECTION('',(-1.,0.,0.));
#10815 = DIRECTION('',(0.,0.,1.));
#10816 = ADVANCED_FACE('',(#10817),#10833,.F.);
#10817 = FACE_BOUND('',#10818,.T.);
#10818 = EDGE_LOOP('',(#10819,#10825,#10826,#10832));
#10819 = ORIENTED_EDGE('',*,*,#10820,.F.);
#10820 = EDGE_CURVE('',#10790,#10719,#10821,.T.);
#10821 = LINE('',#10822,#10823);
#10822 = CARTESIAN_POINT('',(0.4,1.E-01,-1.725));
#10823 = VECTOR('',#10824,1.);
#10824 = DIRECTION('',(-1.,0.,0.));
#10825 = ORIENTED_EDGE('',*,*,#10806,.T.);
#10826 = ORIENTED_EDGE('',*,*,#10827,.T.);
#10827 = EDGE_CURVE('',#10799,#10729,#10828,.T.);
#10828 = LINE('',#10829,#10830);
#10829 = CARTESIAN_POINT('',(0.4,0.,-1.725));
#10830 = VECTOR('',#10831,1.);
#10831 = DIRECTION('',(-1.,0.,0.));
#10832 = ORIENTED_EDGE('',*,*,#10728,.F.);
#10833 = PLANE('',#10834);
#10834 = AXIS2_PLACEMENT_3D('',#10835,#10836,#10837);
#10835 = CARTESIAN_POINT('',(0.4,0.524264068712,-1.725));
#10836 = DIRECTION('',(0.,-0.,1.));
#10837 = DIRECTION('',(1.,0.,0.));
#10838 = ADVANCED_FACE('',(#10839),#10845,.F.);
#10839 = FACE_BOUND('',#10840,.T.);
#10840 = EDGE_LOOP('',(#10841,#10842,#10843,#10844));
#10841 = ORIENTED_EDGE('',*,*,#10736,.F.);
#10842 = ORIENTED_EDGE('',*,*,#10827,.F.);
#10843 = ORIENTED_EDGE('',*,*,#10798,.F.);
#10844 = ORIENTED_EDGE('',*,*,#10767,.F.);
#10845 = PLANE('',#10846);
#10846 = AXIS2_PLACEMENT_3D('',#10847,#10848,#10849);
#10847 = CARTESIAN_POINT('',(0.,0.,0.));
#10848 = DIRECTION('',(0.,1.,0.));
#10849 = DIRECTION('',(0.,-0.,1.));
#10850 = ADVANCED_FACE('',(#10851),#10857,.T.);
#10851 = FACE_BOUND('',#10852,.T.);
#10852 = EDGE_LOOP('',(#10853,#10854,#10855,#10856));
#10853 = ORIENTED_EDGE('',*,*,#10820,.T.);
#10854 = ORIENTED_EDGE('',*,*,#10718,.T.);
#10855 = ORIENTED_EDGE('',*,*,#10758,.T.);
#10856 = ORIENTED_EDGE('',*,*,#10789,.T.);
#10857 = PLANE('',#10858);
#10858 = AXIS2_PLACEMENT_3D('',#10859,#10860,#10861);
#10859 = CARTESIAN_POINT('',(0.,0.1,0.));
#10860 = DIRECTION('',(0.,1.,0.));
#10861 = DIRECTION('',(0.,-0.,1.));
#10862 = MANIFOLD_SOLID_BREP('',#10863);
#10863 = CLOSED_SHELL('',(#10864,#10904,#10935,#10966,#10988,#11000));
#10864 = ADVANCED_FACE('',(#10865),#10899,.F.);
#10865 = FACE_BOUND('',#10866,.T.);
#10866 = EDGE_LOOP('',(#10867,#10877,#10885,#10893));
#10867 = ORIENTED_EDGE('',*,*,#10868,.F.);
#10868 = EDGE_CURVE('',#10869,#10871,#10873,.T.);
#10869 = VERTEX_POINT('',#10870);
#10870 = CARTESIAN_POINT('',(-0.4,1.E-01,-1.725));
#10871 = VERTEX_POINT('',#10872);
#10872 = CARTESIAN_POINT('',(-0.4,1.E-01,-1.425));
#10873 = LINE('',#10874,#10875);
#10874 = CARTESIAN_POINT('',(-0.4,1.E-01,-1.425));
#10875 = VECTOR('',#10876,1.);
#10876 = DIRECTION('',(-3.614007241618E-16,0.,1.));
#10877 = ORIENTED_EDGE('',*,*,#10878,.T.);
#10878 = EDGE_CURVE('',#10869,#10879,#10881,.T.);
#10879 = VERTEX_POINT('',#10880);
#10880 = CARTESIAN_POINT('',(-0.4,0.,-1.725));
#10881 = LINE('',#10882,#10883);
#10882 = CARTESIAN_POINT('',(-0.4,0.524264068712,-1.725));
#10883 = VECTOR('',#10884,1.);
#10884 = DIRECTION('',(-0.,-1.,-0.));
#10885 = ORIENTED_EDGE('',*,*,#10886,.T.);
#10886 = EDGE_CURVE('',#10879,#10887,#10889,.T.);
#10887 = VERTEX_POINT('',#10888);
#10888 = CARTESIAN_POINT('',(-0.4,0.,-1.425));
#10889 = LINE('',#10890,#10891);
#10890 = CARTESIAN_POINT('',(-0.4,0.,-1.425));
#10891 = VECTOR('',#10892,1.);
#10892 = DIRECTION('',(-3.614007241618E-16,-0.,1.));
#10893 = ORIENTED_EDGE('',*,*,#10894,.F.);
#10894 = EDGE_CURVE('',#10871,#10887,#10895,.T.);
#10895 = LINE('',#10896,#10897);
#10896 = CARTESIAN_POINT('',(-0.4,0.524264068712,-1.425));
#10897 = VECTOR('',#10898,1.);
#10898 = DIRECTION('',(-0.,-1.,-0.));
#10899 = PLANE('',#10900);
#10900 = AXIS2_PLACEMENT_3D('',#10901,#10902,#10903);
#10901 = CARTESIAN_POINT('',(-0.4,0.524264068712,-1.425));
#10902 = DIRECTION('',(1.,-0.,3.614007241618E-16));
#10903 = DIRECTION('',(3.614007241618E-16,0.,-1.));
#10904 = ADVANCED_FACE('',(#10905),#10930,.F.);
#10905 = FACE_BOUND('',#10906,.T.);
#10906 = EDGE_LOOP('',(#10907,#10915,#10916,#10924));
#10907 = ORIENTED_EDGE('',*,*,#10908,.F.);
#10908 = EDGE_CURVE('',#10871,#10909,#10911,.T.);
#10909 = VERTEX_POINT('',#10910);
#10910 = CARTESIAN_POINT('',(-1.E-01,1.E-01,-1.425));
#10911 = LINE('',#10912,#10913);
#10912 = CARTESIAN_POINT('',(-1.E-01,1.E-01,-1.425));
#10913 = VECTOR('',#10914,1.);
#10914 = DIRECTION('',(1.,-0.,0.));
#10915 = ORIENTED_EDGE('',*,*,#10894,.T.);
#10916 = ORIENTED_EDGE('',*,*,#10917,.T.);
#10917 = EDGE_CURVE('',#10887,#10918,#10920,.T.);
#10918 = VERTEX_POINT('',#10919);
#10919 = CARTESIAN_POINT('',(-1.E-01,0.,-1.425));
#10920 = LINE('',#10921,#10922);
#10921 = CARTESIAN_POINT('',(-1.E-01,0.,-1.425));
#10922 = VECTOR('',#10923,1.);
#10923 = DIRECTION('',(1.,-0.,-0.));
#10924 = ORIENTED_EDGE('',*,*,#10925,.F.);
#10925 = EDGE_CURVE('',#10909,#10918,#10926,.T.);
#10926 = LINE('',#10927,#10928);
#10927 = CARTESIAN_POINT('',(-1.E-01,0.524264068712,-1.425));
#10928 = VECTOR('',#10929,1.);
#10929 = DIRECTION('',(-0.,-1.,-0.));
#10930 = PLANE('',#10931);
#10931 = AXIS2_PLACEMENT_3D('',#10932,#10933,#10934);
#10932 = CARTESIAN_POINT('',(-1.E-01,0.524264068712,-1.425));
#10933 = DIRECTION('',(0.,0.,-1.));
#10934 = DIRECTION('',(-1.,0.,-0.));
#10935 = ADVANCED_FACE('',(#10936),#10961,.F.);
#10936 = FACE_BOUND('',#10937,.T.);
#10937 = EDGE_LOOP('',(#10938,#10946,#10947,#10955));
#10938 = ORIENTED_EDGE('',*,*,#10939,.F.);
#10939 = EDGE_CURVE('',#10909,#10940,#10942,.T.);
#10940 = VERTEX_POINT('',#10941);
#10941 = CARTESIAN_POINT('',(-1.E-01,1.E-01,-1.725));
#10942 = LINE('',#10943,#10944);
#10943 = CARTESIAN_POINT('',(-1.E-01,1.E-01,-1.425));
#10944 = VECTOR('',#10945,1.);
#10945 = DIRECTION('',(0.,0.,-1.));
#10946 = ORIENTED_EDGE('',*,*,#10925,.T.);
#10947 = ORIENTED_EDGE('',*,*,#10948,.T.);
#10948 = EDGE_CURVE('',#10918,#10949,#10951,.T.);
#10949 = VERTEX_POINT('',#10950);
#10950 = CARTESIAN_POINT('',(-1.E-01,0.,-1.725));
#10951 = LINE('',#10952,#10953);
#10952 = CARTESIAN_POINT('',(-1.E-01,0.,-1.425));
#10953 = VECTOR('',#10954,1.);
#10954 = DIRECTION('',(0.,0.,-1.));
#10955 = ORIENTED_EDGE('',*,*,#10956,.F.);
#10956 = EDGE_CURVE('',#10940,#10949,#10957,.T.);
#10957 = LINE('',#10958,#10959);
#10958 = CARTESIAN_POINT('',(-1.E-01,0.524264068712,-1.725));
#10959 = VECTOR('',#10960,1.);
#10960 = DIRECTION('',(-0.,-1.,-0.));
#10961 = PLANE('',#10962);
#10962 = AXIS2_PLACEMENT_3D('',#10963,#10964,#10965);
#10963 = CARTESIAN_POINT('',(-1.E-01,0.524264068712,-1.425));
#10964 = DIRECTION('',(-1.,0.,0.));
#10965 = DIRECTION('',(0.,0.,1.));
#10966 = ADVANCED_FACE('',(#10967),#10983,.F.);
#10967 = FACE_BOUND('',#10968,.T.);
#10968 = EDGE_LOOP('',(#10969,#10975,#10976,#10982));
#10969 = ORIENTED_EDGE('',*,*,#10970,.F.);
#10970 = EDGE_CURVE('',#10940,#10869,#10971,.T.);
#10971 = LINE('',#10972,#10973);
#10972 = CARTESIAN_POINT('',(-1.E-01,1.E-01,-1.725));
#10973 = VECTOR('',#10974,1.);
#10974 = DIRECTION('',(-1.,0.,0.));
#10975 = ORIENTED_EDGE('',*,*,#10956,.T.);
#10976 = ORIENTED_EDGE('',*,*,#10977,.T.);
#10977 = EDGE_CURVE('',#10949,#10879,#10978,.T.);
#10978 = LINE('',#10979,#10980);
#10979 = CARTESIAN_POINT('',(-1.E-01,0.,-1.725));
#10980 = VECTOR('',#10981,1.);
#10981 = DIRECTION('',(-1.,0.,0.));
#10982 = ORIENTED_EDGE('',*,*,#10878,.F.);
#10983 = PLANE('',#10984);
#10984 = AXIS2_PLACEMENT_3D('',#10985,#10986,#10987);
#10985 = CARTESIAN_POINT('',(-1.E-01,0.524264068712,-1.725));
#10986 = DIRECTION('',(0.,-0.,1.));
#10987 = DIRECTION('',(1.,0.,0.));
#10988 = ADVANCED_FACE('',(#10989),#10995,.F.);
#10989 = FACE_BOUND('',#10990,.T.);
#10990 = EDGE_LOOP('',(#10991,#10992,#10993,#10994));
#10991 = ORIENTED_EDGE('',*,*,#10886,.F.);
#10992 = ORIENTED_EDGE('',*,*,#10977,.F.);
#10993 = ORIENTED_EDGE('',*,*,#10948,.F.);
#10994 = ORIENTED_EDGE('',*,*,#10917,.F.);
#10995 = PLANE('',#10996);
#10996 = AXIS2_PLACEMENT_3D('',#10997,#10998,#10999);
#10997 = CARTESIAN_POINT('',(0.,0.,0.));
#10998 = DIRECTION('',(0.,1.,0.));
#10999 = DIRECTION('',(0.,-0.,1.));
#11000 = ADVANCED_FACE('',(#11001),#11007,.T.);
#11001 = FACE_BOUND('',#11002,.T.);
#11002 = EDGE_LOOP('',(#11003,#11004,#11005,#11006));
#11003 = ORIENTED_EDGE('',*,*,#10970,.T.);
#11004 = ORIENTED_EDGE('',*,*,#10868,.T.);
#11005 = ORIENTED_EDGE('',*,*,#10908,.T.);
#11006 = ORIENTED_EDGE('',*,*,#10939,.T.);
#11007 = PLANE('',#11008);
#11008 = AXIS2_PLACEMENT_3D('',#11009,#11010,#11011);
#11009 = CARTESIAN_POINT('',(0.,0.1,0.));
#11010 = DIRECTION('',(0.,1.,0.));
#11011 = DIRECTION('',(0.,-0.,1.));
#11012 = MANIFOLD_SOLID_BREP('',#11013);
#11013 = CLOSED_SHELL('',(#11014,#11054,#11085,#11125,#11147,#11165,
    #11183));
#11014 = ADVANCED_FACE('',(#11015),#11049,.F.);
#11015 = FACE_BOUND('',#11016,.T.);
#11016 = EDGE_LOOP('',(#11017,#11027,#11035,#11043));
#11017 = ORIENTED_EDGE('',*,*,#11018,.F.);
#11018 = EDGE_CURVE('',#11019,#11021,#11023,.T.);
#11019 = VERTEX_POINT('',#11020);
#11020 = CARTESIAN_POINT('',(-0.9,1.E-01,-1.725));
#11021 = VERTEX_POINT('',#11022);
#11022 = CARTESIAN_POINT('',(-0.9,1.E-01,-1.425));
#11023 = LINE('',#11024,#11025);
#11024 = CARTESIAN_POINT('',(-0.9,1.E-01,-1.425));
#11025 = VECTOR('',#11026,1.);
#11026 = DIRECTION('',(-3.614007241618E-16,0.,1.));
#11027 = ORIENTED_EDGE('',*,*,#11028,.T.);
#11028 = EDGE_CURVE('',#11019,#11029,#11031,.T.);
#11029 = VERTEX_POINT('',#11030);
#11030 = CARTESIAN_POINT('',(-0.9,0.,-1.725));
#11031 = LINE('',#11032,#11033);
#11032 = CARTESIAN_POINT('',(-0.9,0.524264068712,-1.725));
#11033 = VECTOR('',#11034,1.);
#11034 = DIRECTION('',(-0.,-1.,-0.));
#11035 = ORIENTED_EDGE('',*,*,#11036,.T.);
#11036 = EDGE_CURVE('',#11029,#11037,#11039,.T.);
#11037 = VERTEX_POINT('',#11038);
#11038 = CARTESIAN_POINT('',(-0.9,0.,-1.425));
#11039 = LINE('',#11040,#11041);
#11040 = CARTESIAN_POINT('',(-0.9,0.,-1.425));
#11041 = VECTOR('',#11042,1.);
#11042 = DIRECTION('',(-3.614007241618E-16,-0.,1.));
#11043 = ORIENTED_EDGE('',*,*,#11044,.F.);
#11044 = EDGE_CURVE('',#11021,#11037,#11045,.T.);
#11045 = LINE('',#11046,#11047);
#11046 = CARTESIAN_POINT('',(-0.9,0.524264068712,-1.425));
#11047 = VECTOR('',#11048,1.);
#11048 = DIRECTION('',(-0.,-1.,-0.));
#11049 = PLANE('',#11050);
#11050 = AXIS2_PLACEMENT_3D('',#11051,#11052,#11053);
#11051 = CARTESIAN_POINT('',(-0.9,0.524264068712,-1.425));
#11052 = DIRECTION('',(1.,-0.,3.614007241618E-16));
#11053 = DIRECTION('',(3.614007241618E-16,0.,-1.));
#11054 = ADVANCED_FACE('',(#11055),#11080,.F.);
#11055 = FACE_BOUND('',#11056,.T.);
#11056 = EDGE_LOOP('',(#11057,#11065,#11073,#11079));
#11057 = ORIENTED_EDGE('',*,*,#11058,.T.);
#11058 = EDGE_CURVE('',#11037,#11059,#11061,.T.);
#11059 = VERTEX_POINT('',#11060);
#11060 = CARTESIAN_POINT('',(-0.7251579,0.,-1.425));
#11061 = LINE('',#11062,#11063);
#11062 = CARTESIAN_POINT('',(-0.6,0.,-1.425));
#11063 = VECTOR('',#11064,1.);
#11064 = DIRECTION('',(1.,-0.,-0.));
#11065 = ORIENTED_EDGE('',*,*,#11066,.T.);
#11066 = EDGE_CURVE('',#11059,#11067,#11069,.T.);
#11067 = VERTEX_POINT('',#11068);
#11068 = CARTESIAN_POINT('',(-0.7251579,1.E-01,-1.425));
#11069 = LINE('',#11070,#11071);
#11070 = CARTESIAN_POINT('',(-0.7251579,0.524264068712,-1.425));
#11071 = VECTOR('',#11072,1.);
#11072 = DIRECTION('',(0.,1.,0.));
#11073 = ORIENTED_EDGE('',*,*,#11074,.F.);
#11074 = EDGE_CURVE('',#11021,#11067,#11075,.T.);
#11075 = LINE('',#11076,#11077);
#11076 = CARTESIAN_POINT('',(-0.6,1.E-01,-1.425));
#11077 = VECTOR('',#11078,1.);
#11078 = DIRECTION('',(1.,-0.,0.));
#11079 = ORIENTED_EDGE('',*,*,#11044,.T.);
#11080 = PLANE('',#11081);
#11081 = AXIS2_PLACEMENT_3D('',#11082,#11083,#11084);
#11082 = CARTESIAN_POINT('',(-0.6,0.524264068712,-1.425));
#11083 = DIRECTION('',(0.,0.,-1.));
#11084 = DIRECTION('',(-1.,0.,-0.));
#11085 = ADVANCED_FACE('',(#11086),#11120,.F.);
#11086 = FACE_BOUND('',#11087,.T.);
#11087 = EDGE_LOOP('',(#11088,#11098,#11106,#11114));
#11088 = ORIENTED_EDGE('',*,*,#11089,.F.);
#11089 = EDGE_CURVE('',#11090,#11092,#11094,.T.);
#11090 = VERTEX_POINT('',#11091);
#11091 = CARTESIAN_POINT('',(-0.6,1.E-01,-1.5501579));
#11092 = VERTEX_POINT('',#11093);
#11093 = CARTESIAN_POINT('',(-0.6,1.E-01,-1.725));
#11094 = LINE('',#11095,#11096);
#11095 = CARTESIAN_POINT('',(-0.6,1.E-01,-1.425));
#11096 = VECTOR('',#11097,1.);
#11097 = DIRECTION('',(0.,0.,-1.));
#11098 = ORIENTED_EDGE('',*,*,#11099,.T.);
#11099 = EDGE_CURVE('',#11090,#11100,#11102,.T.);
#11100 = VERTEX_POINT('',#11101);
#11101 = CARTESIAN_POINT('',(-0.6,0.,-1.5501579));
#11102 = LINE('',#11103,#11104);
#11103 = CARTESIAN_POINT('',(-0.6,0.524264068712,-1.5501579));
#11104 = VECTOR('',#11105,1.);
#11105 = DIRECTION('',(0.,-1.,0.));
#11106 = ORIENTED_EDGE('',*,*,#11107,.T.);
#11107 = EDGE_CURVE('',#11100,#11108,#11110,.T.);
#11108 = VERTEX_POINT('',#11109);
#11109 = CARTESIAN_POINT('',(-0.6,0.,-1.725));
#11110 = LINE('',#11111,#11112);
#11111 = CARTESIAN_POINT('',(-0.6,0.,-1.425));
#11112 = VECTOR('',#11113,1.);
#11113 = DIRECTION('',(0.,0.,-1.));
#11114 = ORIENTED_EDGE('',*,*,#11115,.F.);
#11115 = EDGE_CURVE('',#11092,#11108,#11116,.T.);
#11116 = LINE('',#11117,#11118);
#11117 = CARTESIAN_POINT('',(-0.6,0.524264068712,-1.725));
#11118 = VECTOR('',#11119,1.);
#11119 = DIRECTION('',(-0.,-1.,-0.));
#11120 = PLANE('',#11121);
#11121 = AXIS2_PLACEMENT_3D('',#11122,#11123,#11124);
#11122 = CARTESIAN_POINT('',(-0.6,0.524264068712,-1.425));
#11123 = DIRECTION('',(-1.,0.,0.));
#11124 = DIRECTION('',(0.,0.,1.));
#11125 = ADVANCED_FACE('',(#11126),#11142,.F.);
#11126 = FACE_BOUND('',#11127,.T.);
#11127 = EDGE_LOOP('',(#11128,#11134,#11135,#11141));
#11128 = ORIENTED_EDGE('',*,*,#11129,.F.);
#11129 = EDGE_CURVE('',#11092,#11019,#11130,.T.);
#11130 = LINE('',#11131,#11132);
#11131 = CARTESIAN_POINT('',(-0.6,1.E-01,-1.725));
#11132 = VECTOR('',#11133,1.);
#11133 = DIRECTION('',(-1.,0.,0.));
#11134 = ORIENTED_EDGE('',*,*,#11115,.T.);
#11135 = ORIENTED_EDGE('',*,*,#11136,.T.);
#11136 = EDGE_CURVE('',#11108,#11029,#11137,.T.);
#11137 = LINE('',#11138,#11139);
#11138 = CARTESIAN_POINT('',(-0.6,0.,-1.725));
#11139 = VECTOR('',#11140,1.);
#11140 = DIRECTION('',(-1.,0.,0.));
#11141 = ORIENTED_EDGE('',*,*,#11028,.F.);
#11142 = PLANE('',#11143);
#11143 = AXIS2_PLACEMENT_3D('',#11144,#11145,#11146);
#11144 = CARTESIAN_POINT('',(-0.6,0.524264068712,-1.725));
#11145 = DIRECTION('',(0.,-0.,1.));
#11146 = DIRECTION('',(1.,0.,0.));
#11147 = ADVANCED_FACE('',(#11148),#11160,.F.);
#11148 = FACE_BOUND('',#11149,.T.);
#11149 = EDGE_LOOP('',(#11150,#11151,#11157,#11158,#11159));
#11150 = ORIENTED_EDGE('',*,*,#11107,.F.);
#11151 = ORIENTED_EDGE('',*,*,#11152,.T.);
#11152 = EDGE_CURVE('',#11100,#11059,#11153,.T.);
#11153 = LINE('',#11154,#11155);
#11154 = CARTESIAN_POINT('',(-0.6,0.,-1.5501579));
#11155 = VECTOR('',#11156,1.);
#11156 = DIRECTION('',(-0.707106781187,-0.,0.707106781187));
#11157 = ORIENTED_EDGE('',*,*,#11058,.F.);
#11158 = ORIENTED_EDGE('',*,*,#11036,.F.);
#11159 = ORIENTED_EDGE('',*,*,#11136,.F.);
#11160 = PLANE('',#11161);
#11161 = AXIS2_PLACEMENT_3D('',#11162,#11163,#11164);
#11162 = CARTESIAN_POINT('',(0.,0.,0.));
#11163 = DIRECTION('',(0.,1.,0.));
#11164 = DIRECTION('',(0.,-0.,1.));
#11165 = ADVANCED_FACE('',(#11166),#11178,.T.);
#11166 = FACE_BOUND('',#11167,.T.);
#11167 = EDGE_LOOP('',(#11168,#11169,#11175,#11176,#11177));
#11168 = ORIENTED_EDGE('',*,*,#11074,.T.);
#11169 = ORIENTED_EDGE('',*,*,#11170,.T.);
#11170 = EDGE_CURVE('',#11067,#11090,#11171,.T.);
#11171 = LINE('',#11172,#11173);
#11172 = CARTESIAN_POINT('',(-1.07507895,0.1,-1.07507895));
#11173 = VECTOR('',#11174,1.);
#11174 = DIRECTION('',(0.707106781187,-0.,-0.707106781187));
#11175 = ORIENTED_EDGE('',*,*,#11089,.T.);
#11176 = ORIENTED_EDGE('',*,*,#11129,.T.);
#11177 = ORIENTED_EDGE('',*,*,#11018,.T.);
#11178 = PLANE('',#11179);
#11179 = AXIS2_PLACEMENT_3D('',#11180,#11181,#11182);
#11180 = CARTESIAN_POINT('',(0.,0.1,0.));
#11181 = DIRECTION('',(0.,1.,0.));
#11182 = DIRECTION('',(0.,-0.,1.));
#11183 = ADVANCED_FACE('',(#11184),#11190,.F.);
#11184 = FACE_BOUND('',#11185,.T.);
#11185 = EDGE_LOOP('',(#11186,#11187,#11188,#11189));
#11186 = ORIENTED_EDGE('',*,*,#11170,.F.);
#11187 = ORIENTED_EDGE('',*,*,#11066,.F.);
#11188 = ORIENTED_EDGE('',*,*,#11152,.F.);
#11189 = ORIENTED_EDGE('',*,*,#11099,.F.);
#11190 = PLANE('',#11191);
#11191 = AXIS2_PLACEMENT_3D('',#11192,#11193,#11194);
#11192 = CARTESIAN_POINT('',(-0.6,0.524264068712,-1.5501579));
#11193 = DIRECTION('',(-0.707106781187,-0.,-0.707106781187));
#11194 = DIRECTION('',(0.,-1.,0.));
#11195 = MANIFOLD_SOLID_BREP('',#11196);
#11196 = CLOSED_SHELL('',(#11197,#11237,#11268,#11299,#11321,#11333));
#11197 = ADVANCED_FACE('',(#11198),#11232,.F.);
#11198 = FACE_BOUND('',#11199,.T.);
#11199 = EDGE_LOOP('',(#11200,#11210,#11218,#11226));
#11200 = ORIENTED_EDGE('',*,*,#11201,.F.);
#11201 = EDGE_CURVE('',#11202,#11204,#11206,.T.);
#11202 = VERTEX_POINT('',#11203);
#11203 = CARTESIAN_POINT('',(-0.6,1.E-01,1.425));
#11204 = VERTEX_POINT('',#11205);
#11205 = CARTESIAN_POINT('',(-0.9,1.E-01,1.425));
#11206 = LINE('',#11207,#11208);
#11207 = CARTESIAN_POINT('',(-0.6,1.E-01,1.425));
#11208 = VECTOR('',#11209,1.);
#11209 = DIRECTION('',(-1.,0.,0.));
#11210 = ORIENTED_EDGE('',*,*,#11211,.T.);
#11211 = EDGE_CURVE('',#11202,#11212,#11214,.T.);
#11212 = VERTEX_POINT('',#11213);
#11213 = CARTESIAN_POINT('',(-0.6,0.,1.425));
#11214 = LINE('',#11215,#11216);
#11215 = CARTESIAN_POINT('',(-0.6,0.524264068712,1.425));
#11216 = VECTOR('',#11217,1.);
#11217 = DIRECTION('',(-0.,-1.,-0.));
#11218 = ORIENTED_EDGE('',*,*,#11219,.T.);
#11219 = EDGE_CURVE('',#11212,#11220,#11222,.T.);
#11220 = VERTEX_POINT('',#11221);
#11221 = CARTESIAN_POINT('',(-0.9,0.,1.425));
#11222 = LINE('',#11223,#11224);
#11223 = CARTESIAN_POINT('',(-0.6,0.,1.425));
#11224 = VECTOR('',#11225,1.);
#11225 = DIRECTION('',(-1.,0.,0.));
#11226 = ORIENTED_EDGE('',*,*,#11227,.F.);
#11227 = EDGE_CURVE('',#11204,#11220,#11228,.T.);
#11228 = LINE('',#11229,#11230);
#11229 = CARTESIAN_POINT('',(-0.9,0.524264068712,1.425));
#11230 = VECTOR('',#11231,1.);
#11231 = DIRECTION('',(-0.,-1.,-0.));
#11232 = PLANE('',#11233);
#11233 = AXIS2_PLACEMENT_3D('',#11234,#11235,#11236);
#11234 = CARTESIAN_POINT('',(-0.6,0.524264068712,1.425));
#11235 = DIRECTION('',(0.,-0.,1.));
#11236 = DIRECTION('',(1.,0.,0.));
#11237 = ADVANCED_FACE('',(#11238),#11263,.F.);
#11238 = FACE_BOUND('',#11239,.T.);
#11239 = EDGE_LOOP('',(#11240,#11248,#11249,#11257));
#11240 = ORIENTED_EDGE('',*,*,#11241,.F.);
#11241 = EDGE_CURVE('',#11204,#11242,#11244,.T.);
#11242 = VERTEX_POINT('',#11243);
#11243 = CARTESIAN_POINT('',(-0.9,1.E-01,1.725));
#11244 = LINE('',#11245,#11246);
#11245 = CARTESIAN_POINT('',(-0.9,1.E-01,1.425));
#11246 = VECTOR('',#11247,1.);
#11247 = DIRECTION('',(3.614007241618E-16,-0.,1.));
#11248 = ORIENTED_EDGE('',*,*,#11227,.T.);
#11249 = ORIENTED_EDGE('',*,*,#11250,.T.);
#11250 = EDGE_CURVE('',#11220,#11251,#11253,.T.);
#11251 = VERTEX_POINT('',#11252);
#11252 = CARTESIAN_POINT('',(-0.9,0.,1.725));
#11253 = LINE('',#11254,#11255);
#11254 = CARTESIAN_POINT('',(-0.9,0.,1.425));
#11255 = VECTOR('',#11256,1.);
#11256 = DIRECTION('',(3.614007241618E-16,0.,1.));
#11257 = ORIENTED_EDGE('',*,*,#11258,.F.);
#11258 = EDGE_CURVE('',#11242,#11251,#11259,.T.);
#11259 = LINE('',#11260,#11261);
#11260 = CARTESIAN_POINT('',(-0.9,0.524264068712,1.725));
#11261 = VECTOR('',#11262,1.);
#11262 = DIRECTION('',(-0.,-1.,-0.));
#11263 = PLANE('',#11264);
#11264 = AXIS2_PLACEMENT_3D('',#11265,#11266,#11267);
#11265 = CARTESIAN_POINT('',(-0.9,0.524264068712,1.425));
#11266 = DIRECTION('',(1.,0.,-3.614007241618E-16));
#11267 = DIRECTION('',(-3.614007241618E-16,0.,-1.));
#11268 = ADVANCED_FACE('',(#11269),#11294,.F.);
#11269 = FACE_BOUND('',#11270,.T.);
#11270 = EDGE_LOOP('',(#11271,#11279,#11280,#11288));
#11271 = ORIENTED_EDGE('',*,*,#11272,.F.);
#11272 = EDGE_CURVE('',#11242,#11273,#11275,.T.);
#11273 = VERTEX_POINT('',#11274);
#11274 = CARTESIAN_POINT('',(-0.6,1.E-01,1.725));
#11275 = LINE('',#11276,#11277);
#11276 = CARTESIAN_POINT('',(-0.6,1.E-01,1.725));
#11277 = VECTOR('',#11278,1.);
#11278 = DIRECTION('',(1.,-0.,0.));
#11279 = ORIENTED_EDGE('',*,*,#11258,.T.);
#11280 = ORIENTED_EDGE('',*,*,#11281,.T.);
#11281 = EDGE_CURVE('',#11251,#11282,#11284,.T.);
#11282 = VERTEX_POINT('',#11283);
#11283 = CARTESIAN_POINT('',(-0.6,0.,1.725));
#11284 = LINE('',#11285,#11286);
#11285 = CARTESIAN_POINT('',(-0.6,0.,1.725));
#11286 = VECTOR('',#11287,1.);
#11287 = DIRECTION('',(1.,-0.,-0.));
#11288 = ORIENTED_EDGE('',*,*,#11289,.F.);
#11289 = EDGE_CURVE('',#11273,#11282,#11290,.T.);
#11290 = LINE('',#11291,#11292);
#11291 = CARTESIAN_POINT('',(-0.6,0.524264068712,1.725));
#11292 = VECTOR('',#11293,1.);
#11293 = DIRECTION('',(-0.,-1.,-0.));
#11294 = PLANE('',#11295);
#11295 = AXIS2_PLACEMENT_3D('',#11296,#11297,#11298);
#11296 = CARTESIAN_POINT('',(-0.6,0.524264068712,1.725));
#11297 = DIRECTION('',(0.,0.,-1.));
#11298 = DIRECTION('',(-1.,0.,-0.));
#11299 = ADVANCED_FACE('',(#11300),#11316,.F.);
#11300 = FACE_BOUND('',#11301,.T.);
#11301 = EDGE_LOOP('',(#11302,#11308,#11309,#11315));
#11302 = ORIENTED_EDGE('',*,*,#11303,.F.);
#11303 = EDGE_CURVE('',#11273,#11202,#11304,.T.);
#11304 = LINE('',#11305,#11306);
#11305 = CARTESIAN_POINT('',(-0.6,1.E-01,1.425));
#11306 = VECTOR('',#11307,1.);
#11307 = DIRECTION('',(0.,0.,-1.));
#11308 = ORIENTED_EDGE('',*,*,#11289,.T.);
#11309 = ORIENTED_EDGE('',*,*,#11310,.T.);
#11310 = EDGE_CURVE('',#11282,#11212,#11311,.T.);
#11311 = LINE('',#11312,#11313);
#11312 = CARTESIAN_POINT('',(-0.6,0.,1.425));
#11313 = VECTOR('',#11314,1.);
#11314 = DIRECTION('',(-0.,-0.,-1.));
#11315 = ORIENTED_EDGE('',*,*,#11211,.F.);
#11316 = PLANE('',#11317);
#11317 = AXIS2_PLACEMENT_3D('',#11318,#11319,#11320);
#11318 = CARTESIAN_POINT('',(-0.6,0.524264068712,1.425));
#11319 = DIRECTION('',(-1.,0.,0.));
#11320 = DIRECTION('',(0.,0.,1.));
#11321 = ADVANCED_FACE('',(#11322),#11328,.F.);
#11322 = FACE_BOUND('',#11323,.T.);
#11323 = EDGE_LOOP('',(#11324,#11325,#11326,#11327));
#11324 = ORIENTED_EDGE('',*,*,#11219,.F.);
#11325 = ORIENTED_EDGE('',*,*,#11310,.F.);
#11326 = ORIENTED_EDGE('',*,*,#11281,.F.);
#11327 = ORIENTED_EDGE('',*,*,#11250,.F.);
#11328 = PLANE('',#11329);
#11329 = AXIS2_PLACEMENT_3D('',#11330,#11331,#11332);
#11330 = CARTESIAN_POINT('',(0.,0.,0.));
#11331 = DIRECTION('',(0.,1.,-0.));
#11332 = DIRECTION('',(0.,0.,1.));
#11333 = ADVANCED_FACE('',(#11334),#11340,.T.);
#11334 = FACE_BOUND('',#11335,.T.);
#11335 = EDGE_LOOP('',(#11336,#11337,#11338,#11339));
#11336 = ORIENTED_EDGE('',*,*,#11303,.T.);
#11337 = ORIENTED_EDGE('',*,*,#11201,.T.);
#11338 = ORIENTED_EDGE('',*,*,#11241,.T.);
#11339 = ORIENTED_EDGE('',*,*,#11272,.T.);
#11340 = PLANE('',#11341);
#11341 = AXIS2_PLACEMENT_3D('',#11342,#11343,#11344);
#11342 = CARTESIAN_POINT('',(0.,0.1,0.));
#11343 = DIRECTION('',(0.,1.,0.));
#11344 = DIRECTION('',(0.,-0.,1.));
#11345 = MANIFOLD_SOLID_BREP('',#11346);
#11346 = CLOSED_SHELL('',(#11347,#11387,#11418,#11449,#11471,#11483));
#11347 = ADVANCED_FACE('',(#11348),#11382,.F.);
#11348 = FACE_BOUND('',#11349,.T.);
#11349 = EDGE_LOOP('',(#11350,#11360,#11368,#11376));
#11350 = ORIENTED_EDGE('',*,*,#11351,.F.);
#11351 = EDGE_CURVE('',#11352,#11354,#11356,.T.);
#11352 = VERTEX_POINT('',#11353);
#11353 = CARTESIAN_POINT('',(-1.E-01,1.E-01,1.425));
#11354 = VERTEX_POINT('',#11355);
#11355 = CARTESIAN_POINT('',(-0.4,1.E-01,1.425));
#11356 = LINE('',#11357,#11358);
#11357 = CARTESIAN_POINT('',(-1.E-01,1.E-01,1.425));
#11358 = VECTOR('',#11359,1.);
#11359 = DIRECTION('',(-1.,0.,0.));
#11360 = ORIENTED_EDGE('',*,*,#11361,.T.);
#11361 = EDGE_CURVE('',#11352,#11362,#11364,.T.);
#11362 = VERTEX_POINT('',#11363);
#11363 = CARTESIAN_POINT('',(-1.E-01,0.,1.425));
#11364 = LINE('',#11365,#11366);
#11365 = CARTESIAN_POINT('',(-1.E-01,0.524264068712,1.425));
#11366 = VECTOR('',#11367,1.);
#11367 = DIRECTION('',(-0.,-1.,-0.));
#11368 = ORIENTED_EDGE('',*,*,#11369,.T.);
#11369 = EDGE_CURVE('',#11362,#11370,#11372,.T.);
#11370 = VERTEX_POINT('',#11371);
#11371 = CARTESIAN_POINT('',(-0.4,0.,1.425));
#11372 = LINE('',#11373,#11374);
#11373 = CARTESIAN_POINT('',(-1.E-01,0.,1.425));
#11374 = VECTOR('',#11375,1.);
#11375 = DIRECTION('',(-1.,0.,0.));
#11376 = ORIENTED_EDGE('',*,*,#11377,.F.);
#11377 = EDGE_CURVE('',#11354,#11370,#11378,.T.);
#11378 = LINE('',#11379,#11380);
#11379 = CARTESIAN_POINT('',(-0.4,0.524264068712,1.425));
#11380 = VECTOR('',#11381,1.);
#11381 = DIRECTION('',(-0.,-1.,-0.));
#11382 = PLANE('',#11383);
#11383 = AXIS2_PLACEMENT_3D('',#11384,#11385,#11386);
#11384 = CARTESIAN_POINT('',(-1.E-01,0.524264068712,1.425));
#11385 = DIRECTION('',(0.,-0.,1.));
#11386 = DIRECTION('',(1.,0.,0.));
#11387 = ADVANCED_FACE('',(#11388),#11413,.F.);
#11388 = FACE_BOUND('',#11389,.T.);
#11389 = EDGE_LOOP('',(#11390,#11398,#11399,#11407));
#11390 = ORIENTED_EDGE('',*,*,#11391,.F.);
#11391 = EDGE_CURVE('',#11354,#11392,#11394,.T.);
#11392 = VERTEX_POINT('',#11393);
#11393 = CARTESIAN_POINT('',(-0.4,1.E-01,1.725));
#11394 = LINE('',#11395,#11396);
#11395 = CARTESIAN_POINT('',(-0.4,1.E-01,1.425));
#11396 = VECTOR('',#11397,1.);
#11397 = DIRECTION('',(3.614007241618E-16,-0.,1.));
#11398 = ORIENTED_EDGE('',*,*,#11377,.T.);
#11399 = ORIENTED_EDGE('',*,*,#11400,.T.);
#11400 = EDGE_CURVE('',#11370,#11401,#11403,.T.);
#11401 = VERTEX_POINT('',#11402);
#11402 = CARTESIAN_POINT('',(-0.4,0.,1.725));
#11403 = LINE('',#11404,#11405);
#11404 = CARTESIAN_POINT('',(-0.4,0.,1.425));
#11405 = VECTOR('',#11406,1.);
#11406 = DIRECTION('',(3.614007241618E-16,0.,1.));
#11407 = ORIENTED_EDGE('',*,*,#11408,.F.);
#11408 = EDGE_CURVE('',#11392,#11401,#11409,.T.);
#11409 = LINE('',#11410,#11411);
#11410 = CARTESIAN_POINT('',(-0.4,0.524264068712,1.725));
#11411 = VECTOR('',#11412,1.);
#11412 = DIRECTION('',(-0.,-1.,-0.));
#11413 = PLANE('',#11414);
#11414 = AXIS2_PLACEMENT_3D('',#11415,#11416,#11417);
#11415 = CARTESIAN_POINT('',(-0.4,0.524264068712,1.425));
#11416 = DIRECTION('',(1.,0.,-3.614007241618E-16));
#11417 = DIRECTION('',(-3.614007241618E-16,0.,-1.));
#11418 = ADVANCED_FACE('',(#11419),#11444,.F.);
#11419 = FACE_BOUND('',#11420,.T.);
#11420 = EDGE_LOOP('',(#11421,#11429,#11430,#11438));
#11421 = ORIENTED_EDGE('',*,*,#11422,.F.);
#11422 = EDGE_CURVE('',#11392,#11423,#11425,.T.);
#11423 = VERTEX_POINT('',#11424);
#11424 = CARTESIAN_POINT('',(-1.E-01,1.E-01,1.725));
#11425 = LINE('',#11426,#11427);
#11426 = CARTESIAN_POINT('',(-1.E-01,1.E-01,1.725));
#11427 = VECTOR('',#11428,1.);
#11428 = DIRECTION('',(1.,-0.,0.));
#11429 = ORIENTED_EDGE('',*,*,#11408,.T.);
#11430 = ORIENTED_EDGE('',*,*,#11431,.T.);
#11431 = EDGE_CURVE('',#11401,#11432,#11434,.T.);
#11432 = VERTEX_POINT('',#11433);
#11433 = CARTESIAN_POINT('',(-1.E-01,0.,1.725));
#11434 = LINE('',#11435,#11436);
#11435 = CARTESIAN_POINT('',(-1.E-01,0.,1.725));
#11436 = VECTOR('',#11437,1.);
#11437 = DIRECTION('',(1.,-0.,-0.));
#11438 = ORIENTED_EDGE('',*,*,#11439,.F.);
#11439 = EDGE_CURVE('',#11423,#11432,#11440,.T.);
#11440 = LINE('',#11441,#11442);
#11441 = CARTESIAN_POINT('',(-1.E-01,0.524264068712,1.725));
#11442 = VECTOR('',#11443,1.);
#11443 = DIRECTION('',(-0.,-1.,-0.));
#11444 = PLANE('',#11445);
#11445 = AXIS2_PLACEMENT_3D('',#11446,#11447,#11448);
#11446 = CARTESIAN_POINT('',(-1.E-01,0.524264068712,1.725));
#11447 = DIRECTION('',(0.,0.,-1.));
#11448 = DIRECTION('',(-1.,0.,-0.));
#11449 = ADVANCED_FACE('',(#11450),#11466,.F.);
#11450 = FACE_BOUND('',#11451,.T.);
#11451 = EDGE_LOOP('',(#11452,#11458,#11459,#11465));
#11452 = ORIENTED_EDGE('',*,*,#11453,.F.);
#11453 = EDGE_CURVE('',#11423,#11352,#11454,.T.);
#11454 = LINE('',#11455,#11456);
#11455 = CARTESIAN_POINT('',(-1.E-01,1.E-01,1.425));
#11456 = VECTOR('',#11457,1.);
#11457 = DIRECTION('',(0.,0.,-1.));
#11458 = ORIENTED_EDGE('',*,*,#11439,.T.);
#11459 = ORIENTED_EDGE('',*,*,#11460,.T.);
#11460 = EDGE_CURVE('',#11432,#11362,#11461,.T.);
#11461 = LINE('',#11462,#11463);
#11462 = CARTESIAN_POINT('',(-1.E-01,0.,1.425));
#11463 = VECTOR('',#11464,1.);
#11464 = DIRECTION('',(-0.,-0.,-1.));
#11465 = ORIENTED_EDGE('',*,*,#11361,.F.);
#11466 = PLANE('',#11467);
#11467 = AXIS2_PLACEMENT_3D('',#11468,#11469,#11470);
#11468 = CARTESIAN_POINT('',(-1.E-01,0.524264068712,1.425));
#11469 = DIRECTION('',(-1.,0.,0.));
#11470 = DIRECTION('',(0.,0.,1.));
#11471 = ADVANCED_FACE('',(#11472),#11478,.F.);
#11472 = FACE_BOUND('',#11473,.T.);
#11473 = EDGE_LOOP('',(#11474,#11475,#11476,#11477));
#11474 = ORIENTED_EDGE('',*,*,#11369,.F.);
#11475 = ORIENTED_EDGE('',*,*,#11460,.F.);
#11476 = ORIENTED_EDGE('',*,*,#11431,.F.);
#11477 = ORIENTED_EDGE('',*,*,#11400,.F.);
#11478 = PLANE('',#11479);
#11479 = AXIS2_PLACEMENT_3D('',#11480,#11481,#11482);
#11480 = CARTESIAN_POINT('',(0.,0.,0.));
#11481 = DIRECTION('',(0.,1.,-0.));
#11482 = DIRECTION('',(0.,0.,1.));
#11483 = ADVANCED_FACE('',(#11484),#11490,.T.);
#11484 = FACE_BOUND('',#11485,.T.);
#11485 = EDGE_LOOP('',(#11486,#11487,#11488,#11489));
#11486 = ORIENTED_EDGE('',*,*,#11453,.T.);
#11487 = ORIENTED_EDGE('',*,*,#11351,.T.);
#11488 = ORIENTED_EDGE('',*,*,#11391,.T.);
#11489 = ORIENTED_EDGE('',*,*,#11422,.T.);
#11490 = PLANE('',#11491);
#11491 = AXIS2_PLACEMENT_3D('',#11492,#11493,#11494);
#11492 = CARTESIAN_POINT('',(0.,0.1,0.));
#11493 = DIRECTION('',(0.,1.,0.));
#11494 = DIRECTION('',(0.,-0.,1.));
#11495 = MANIFOLD_SOLID_BREP('',#11496);
#11496 = CLOSED_SHELL('',(#11497,#11537,#11568,#11599,#11621,#11633));
#11497 = ADVANCED_FACE('',(#11498),#11532,.F.);
#11498 = FACE_BOUND('',#11499,.T.);
#11499 = EDGE_LOOP('',(#11500,#11510,#11518,#11526));
#11500 = ORIENTED_EDGE('',*,*,#11501,.F.);
#11501 = EDGE_CURVE('',#11502,#11504,#11506,.T.);
#11502 = VERTEX_POINT('',#11503);
#11503 = CARTESIAN_POINT('',(0.4,1.E-01,1.425));
#11504 = VERTEX_POINT('',#11505);
#11505 = CARTESIAN_POINT('',(1.E-01,1.E-01,1.425));
#11506 = LINE('',#11507,#11508);
#11507 = CARTESIAN_POINT('',(0.4,1.E-01,1.425));
#11508 = VECTOR('',#11509,1.);
#11509 = DIRECTION('',(-1.,0.,0.));
#11510 = ORIENTED_EDGE('',*,*,#11511,.T.);
#11511 = EDGE_CURVE('',#11502,#11512,#11514,.T.);
#11512 = VERTEX_POINT('',#11513);
#11513 = CARTESIAN_POINT('',(0.4,0.,1.425));
#11514 = LINE('',#11515,#11516);
#11515 = CARTESIAN_POINT('',(0.4,0.524264068712,1.425));
#11516 = VECTOR('',#11517,1.);
#11517 = DIRECTION('',(-0.,-1.,-0.));
#11518 = ORIENTED_EDGE('',*,*,#11519,.T.);
#11519 = EDGE_CURVE('',#11512,#11520,#11522,.T.);
#11520 = VERTEX_POINT('',#11521);
#11521 = CARTESIAN_POINT('',(1.E-01,0.,1.425));
#11522 = LINE('',#11523,#11524);
#11523 = CARTESIAN_POINT('',(0.4,0.,1.425));
#11524 = VECTOR('',#11525,1.);
#11525 = DIRECTION('',(-1.,0.,0.));
#11526 = ORIENTED_EDGE('',*,*,#11527,.F.);
#11527 = EDGE_CURVE('',#11504,#11520,#11528,.T.);
#11528 = LINE('',#11529,#11530);
#11529 = CARTESIAN_POINT('',(1.E-01,0.524264068712,1.425));
#11530 = VECTOR('',#11531,1.);
#11531 = DIRECTION('',(-0.,-1.,-0.));
#11532 = PLANE('',#11533);
#11533 = AXIS2_PLACEMENT_3D('',#11534,#11535,#11536);
#11534 = CARTESIAN_POINT('',(0.4,0.524264068712,1.425));
#11535 = DIRECTION('',(0.,-0.,1.));
#11536 = DIRECTION('',(1.,0.,0.));
#11537 = ADVANCED_FACE('',(#11538),#11563,.F.);
#11538 = FACE_BOUND('',#11539,.T.);
#11539 = EDGE_LOOP('',(#11540,#11548,#11549,#11557));
#11540 = ORIENTED_EDGE('',*,*,#11541,.F.);
#11541 = EDGE_CURVE('',#11504,#11542,#11544,.T.);
#11542 = VERTEX_POINT('',#11543);
#11543 = CARTESIAN_POINT('',(0.1,1.E-01,1.725));
#11544 = LINE('',#11545,#11546);
#11545 = CARTESIAN_POINT('',(1.E-01,1.E-01,1.425));
#11546 = VECTOR('',#11547,1.);
#11547 = DIRECTION('',(3.614007241618E-16,-0.,1.));
#11548 = ORIENTED_EDGE('',*,*,#11527,.T.);
#11549 = ORIENTED_EDGE('',*,*,#11550,.T.);
#11550 = EDGE_CURVE('',#11520,#11551,#11553,.T.);
#11551 = VERTEX_POINT('',#11552);
#11552 = CARTESIAN_POINT('',(0.1,0.,1.725));
#11553 = LINE('',#11554,#11555);
#11554 = CARTESIAN_POINT('',(1.E-01,0.,1.425));
#11555 = VECTOR('',#11556,1.);
#11556 = DIRECTION('',(3.614007241618E-16,0.,1.));
#11557 = ORIENTED_EDGE('',*,*,#11558,.F.);
#11558 = EDGE_CURVE('',#11542,#11551,#11559,.T.);
#11559 = LINE('',#11560,#11561);
#11560 = CARTESIAN_POINT('',(0.1,0.524264068712,1.725));
#11561 = VECTOR('',#11562,1.);
#11562 = DIRECTION('',(-0.,-1.,-0.));
#11563 = PLANE('',#11564);
#11564 = AXIS2_PLACEMENT_3D('',#11565,#11566,#11567);
#11565 = CARTESIAN_POINT('',(1.E-01,0.524264068712,1.425));
#11566 = DIRECTION('',(1.,0.,-3.614007241618E-16));
#11567 = DIRECTION('',(-3.614007241618E-16,0.,-1.));
#11568 = ADVANCED_FACE('',(#11569),#11594,.F.);
#11569 = FACE_BOUND('',#11570,.T.);
#11570 = EDGE_LOOP('',(#11571,#11579,#11580,#11588));
#11571 = ORIENTED_EDGE('',*,*,#11572,.F.);
#11572 = EDGE_CURVE('',#11542,#11573,#11575,.T.);
#11573 = VERTEX_POINT('',#11574);
#11574 = CARTESIAN_POINT('',(0.4,1.E-01,1.725));
#11575 = LINE('',#11576,#11577);
#11576 = CARTESIAN_POINT('',(0.4,1.E-01,1.725));
#11577 = VECTOR('',#11578,1.);
#11578 = DIRECTION('',(1.,-0.,0.));
#11579 = ORIENTED_EDGE('',*,*,#11558,.T.);
#11580 = ORIENTED_EDGE('',*,*,#11581,.T.);
#11581 = EDGE_CURVE('',#11551,#11582,#11584,.T.);
#11582 = VERTEX_POINT('',#11583);
#11583 = CARTESIAN_POINT('',(0.4,0.,1.725));
#11584 = LINE('',#11585,#11586);
#11585 = CARTESIAN_POINT('',(0.4,0.,1.725));
#11586 = VECTOR('',#11587,1.);
#11587 = DIRECTION('',(1.,-0.,-0.));
#11588 = ORIENTED_EDGE('',*,*,#11589,.F.);
#11589 = EDGE_CURVE('',#11573,#11582,#11590,.T.);
#11590 = LINE('',#11591,#11592);
#11591 = CARTESIAN_POINT('',(0.4,0.524264068712,1.725));
#11592 = VECTOR('',#11593,1.);
#11593 = DIRECTION('',(-0.,-1.,-0.));
#11594 = PLANE('',#11595);
#11595 = AXIS2_PLACEMENT_3D('',#11596,#11597,#11598);
#11596 = CARTESIAN_POINT('',(0.4,0.524264068712,1.725));
#11597 = DIRECTION('',(0.,0.,-1.));
#11598 = DIRECTION('',(-1.,0.,-0.));
#11599 = ADVANCED_FACE('',(#11600),#11616,.F.);
#11600 = FACE_BOUND('',#11601,.T.);
#11601 = EDGE_LOOP('',(#11602,#11608,#11609,#11615));
#11602 = ORIENTED_EDGE('',*,*,#11603,.F.);
#11603 = EDGE_CURVE('',#11573,#11502,#11604,.T.);
#11604 = LINE('',#11605,#11606);
#11605 = CARTESIAN_POINT('',(0.4,1.E-01,1.425));
#11606 = VECTOR('',#11607,1.);
#11607 = DIRECTION('',(0.,0.,-1.));
#11608 = ORIENTED_EDGE('',*,*,#11589,.T.);
#11609 = ORIENTED_EDGE('',*,*,#11610,.T.);
#11610 = EDGE_CURVE('',#11582,#11512,#11611,.T.);
#11611 = LINE('',#11612,#11613);
#11612 = CARTESIAN_POINT('',(0.4,0.,1.425));
#11613 = VECTOR('',#11614,1.);
#11614 = DIRECTION('',(-0.,-0.,-1.));
#11615 = ORIENTED_EDGE('',*,*,#11511,.F.);
#11616 = PLANE('',#11617);
#11617 = AXIS2_PLACEMENT_3D('',#11618,#11619,#11620);
#11618 = CARTESIAN_POINT('',(0.4,0.524264068712,1.425));
#11619 = DIRECTION('',(-1.,0.,0.));
#11620 = DIRECTION('',(0.,0.,1.));
#11621 = ADVANCED_FACE('',(#11622),#11628,.F.);
#11622 = FACE_BOUND('',#11623,.T.);
#11623 = EDGE_LOOP('',(#11624,#11625,#11626,#11627));
#11624 = ORIENTED_EDGE('',*,*,#11519,.F.);
#11625 = ORIENTED_EDGE('',*,*,#11610,.F.);
#11626 = ORIENTED_EDGE('',*,*,#11581,.F.);
#11627 = ORIENTED_EDGE('',*,*,#11550,.F.);
#11628 = PLANE('',#11629);
#11629 = AXIS2_PLACEMENT_3D('',#11630,#11631,#11632);
#11630 = CARTESIAN_POINT('',(0.,0.,0.));
#11631 = DIRECTION('',(0.,1.,-0.));
#11632 = DIRECTION('',(0.,0.,1.));
#11633 = ADVANCED_FACE('',(#11634),#11640,.T.);
#11634 = FACE_BOUND('',#11635,.T.);
#11635 = EDGE_LOOP('',(#11636,#11637,#11638,#11639));
#11636 = ORIENTED_EDGE('',*,*,#11603,.T.);
#11637 = ORIENTED_EDGE('',*,*,#11501,.T.);
#11638 = ORIENTED_EDGE('',*,*,#11541,.T.);
#11639 = ORIENTED_EDGE('',*,*,#11572,.T.);
#11640 = PLANE('',#11641);
#11641 = AXIS2_PLACEMENT_3D('',#11642,#11643,#11644);
#11642 = CARTESIAN_POINT('',(0.,0.1,0.));
#11643 = DIRECTION('',(0.,1.,0.));
#11644 = DIRECTION('',(0.,-0.,1.));
#11645 = MANIFOLD_SOLID_BREP('',#11646);
#11646 = CLOSED_SHELL('',(#11647,#11689,#11729,#11760,#11784,#11808,
    #11905,#11917,#11957,#11997,#12037,#12077,#12117,#12135,#12153,
    #12171,#12189,#12213,#12231,#12249,#12267,#12285,#12303,#12321,
    #12333,#12351));
#11647 = ADVANCED_FACE('',(#11648),#11684,.F.);
#11648 = FACE_BOUND('',#11649,.F.);
#11649 = EDGE_LOOP('',(#11650,#11660,#11669,#11677));
#11650 = ORIENTED_EDGE('',*,*,#11651,.T.);
#11651 = EDGE_CURVE('',#11652,#11654,#11656,.T.);
#11652 = VERTEX_POINT('',#11653);
#11653 = CARTESIAN_POINT('',(-1.,1.09,-1.425));
#11654 = VERTEX_POINT('',#11655);
#11655 = CARTESIAN_POINT('',(-1.,1.19,-1.425));
#11656 = LINE('',#11657,#11658);
#11657 = CARTESIAN_POINT('',(-1.,1.09,-1.425));
#11658 = VECTOR('',#11659,1.);
#11659 = DIRECTION('',(-0.,1.,-0.));
#11660 = ORIENTED_EDGE('',*,*,#11661,.F.);
#11661 = EDGE_CURVE('',#11662,#11654,#11664,.T.);
#11662 = VERTEX_POINT('',#11663);
#11663 = CARTESIAN_POINT('',(-1.,1.19,-1.625));
#11664 = CIRCLE('',#11665,0.1);
#11665 = AXIS2_PLACEMENT_3D('',#11666,#11667,#11668);
#11666 = CARTESIAN_POINT('',(-1.,1.19,-1.525));
#11667 = DIRECTION('',(0.,1.,0.));
#11668 = DIRECTION('',(0.,-0.,1.));
#11669 = ORIENTED_EDGE('',*,*,#11670,.F.);
#11670 = EDGE_CURVE('',#11671,#11662,#11673,.T.);
#11671 = VERTEX_POINT('',#11672);
#11672 = CARTESIAN_POINT('',(-1.,1.09,-1.625));
#11673 = LINE('',#11674,#11675);
#11674 = CARTESIAN_POINT('',(-1.,1.09,-1.625));
#11675 = VECTOR('',#11676,1.);
#11676 = DIRECTION('',(-0.,1.,-0.));
#11677 = ORIENTED_EDGE('',*,*,#11678,.T.);
#11678 = EDGE_CURVE('',#11671,#11652,#11679,.T.);
#11679 = CIRCLE('',#11680,0.1);
#11680 = AXIS2_PLACEMENT_3D('',#11681,#11682,#11683);
#11681 = CARTESIAN_POINT('',(-1.,1.09,-1.525));
#11682 = DIRECTION('',(0.,1.,0.));
#11683 = DIRECTION('',(0.,-0.,1.));
#11684 = CYLINDRICAL_SURFACE('',#11685,0.1);
#11685 = AXIS2_PLACEMENT_3D('',#11686,#11687,#11688);
#11686 = CARTESIAN_POINT('',(-1.,1.09,-1.525));
#11687 = DIRECTION('',(-0.,1.,-0.));
#11688 = DIRECTION('',(0.,0.,1.));
#11689 = ADVANCED_FACE('',(#11690),#11724,.F.);
#11690 = FACE_BOUND('',#11691,.T.);
#11691 = EDGE_LOOP('',(#11692,#11702,#11710,#11718));
#11692 = ORIENTED_EDGE('',*,*,#11693,.F.);
#11693 = EDGE_CURVE('',#11694,#11696,#11698,.T.);
#11694 = VERTEX_POINT('',#11695);
#11695 = CARTESIAN_POINT('',(-1.3,0.21,1.825));
#11696 = VERTEX_POINT('',#11697);
#11697 = CARTESIAN_POINT('',(1.3,0.21,1.825));
#11698 = LINE('',#11699,#11700);
#11699 = CARTESIAN_POINT('',(-1.3,0.21,1.825));
#11700 = VECTOR('',#11701,1.);
#11701 = DIRECTION('',(1.,-0.,0.));
#11702 = ORIENTED_EDGE('',*,*,#11703,.F.);
#11703 = EDGE_CURVE('',#11704,#11694,#11706,.T.);
#11704 = VERTEX_POINT('',#11705);
#11705 = CARTESIAN_POINT('',(-1.3,0.21,-1.825));
#11706 = LINE('',#11707,#11708);
#11707 = CARTESIAN_POINT('',(-1.3,0.21,1.825));
#11708 = VECTOR('',#11709,1.);
#11709 = DIRECTION('',(-0.,0.,1.));
#11710 = ORIENTED_EDGE('',*,*,#11711,.F.);
#11711 = EDGE_CURVE('',#11712,#11704,#11714,.T.);
#11712 = VERTEX_POINT('',#11713);
#11713 = CARTESIAN_POINT('',(1.3,0.21,-1.825));
#11714 = LINE('',#11715,#11716);
#11715 = CARTESIAN_POINT('',(-1.3,0.21,-1.825));
#11716 = VECTOR('',#11717,1.);
#11717 = DIRECTION('',(-1.,0.,0.));
#11718 = ORIENTED_EDGE('',*,*,#11719,.F.);
#11719 = EDGE_CURVE('',#11696,#11712,#11720,.T.);
#11720 = LINE('',#11721,#11722);
#11721 = CARTESIAN_POINT('',(1.3,0.21,1.825));
#11722 = VECTOR('',#11723,1.);
#11723 = DIRECTION('',(0.,0.,-1.));
#11724 = PLANE('',#11725);
#11725 = AXIS2_PLACEMENT_3D('',#11726,#11727,#11728);
#11726 = CARTESIAN_POINT('',(0.,0.21,0.));
#11727 = DIRECTION('',(0.,1.,0.));
#11728 = DIRECTION('',(0.,-0.,1.));
#11729 = ADVANCED_FACE('',(#11730),#11755,.F.);
#11730 = FACE_BOUND('',#11731,.T.);
#11731 = EDGE_LOOP('',(#11732,#11740,#11741,#11749));
#11732 = ORIENTED_EDGE('',*,*,#11733,.T.);
#11733 = EDGE_CURVE('',#11734,#11694,#11736,.T.);
#11734 = VERTEX_POINT('',#11735);
#11735 = CARTESIAN_POINT('',(-1.3,1.19,1.825));
#11736 = LINE('',#11737,#11738);
#11737 = CARTESIAN_POINT('',(-1.3,1.19,1.825));
#11738 = VECTOR('',#11739,1.);
#11739 = DIRECTION('',(-0.,-1.,-0.));
#11740 = ORIENTED_EDGE('',*,*,#11693,.T.);
#11741 = ORIENTED_EDGE('',*,*,#11742,.F.);
#11742 = EDGE_CURVE('',#11743,#11696,#11745,.T.);
#11743 = VERTEX_POINT('',#11744);
#11744 = CARTESIAN_POINT('',(1.3,1.19,1.825));
#11745 = LINE('',#11746,#11747);
#11746 = CARTESIAN_POINT('',(1.3,1.19,1.825));
#11747 = VECTOR('',#11748,1.);
#11748 = DIRECTION('',(-0.,-1.,-0.));
#11749 = ORIENTED_EDGE('',*,*,#11750,.F.);
#11750 = EDGE_CURVE('',#11734,#11743,#11751,.T.);
#11751 = LINE('',#11752,#11753);
#11752 = CARTESIAN_POINT('',(-1.3,1.19,1.825));
#11753 = VECTOR('',#11754,1.);
#11754 = DIRECTION('',(1.,0.,0.));
#11755 = PLANE('',#11756);
#11756 = AXIS2_PLACEMENT_3D('',#11757,#11758,#11759);
#11757 = CARTESIAN_POINT('',(-1.3,1.19,1.825));
#11758 = DIRECTION('',(0.,0.,-1.));
#11759 = DIRECTION('',(-1.,0.,-0.));
#11760 = ADVANCED_FACE('',(#11761),#11779,.F.);
#11761 = FACE_BOUND('',#11762,.T.);
#11762 = EDGE_LOOP('',(#11763,#11771,#11772,#11773));
#11763 = ORIENTED_EDGE('',*,*,#11764,.T.);
#11764 = EDGE_CURVE('',#11765,#11704,#11767,.T.);
#11765 = VERTEX_POINT('',#11766);
#11766 = CARTESIAN_POINT('',(-1.3,1.19,-1.825));
#11767 = LINE('',#11768,#11769);
#11768 = CARTESIAN_POINT('',(-1.3,1.19,-1.825));
#11769 = VECTOR('',#11770,1.);
#11770 = DIRECTION('',(-0.,-1.,-0.));
#11771 = ORIENTED_EDGE('',*,*,#11703,.T.);
#11772 = ORIENTED_EDGE('',*,*,#11733,.F.);
#11773 = ORIENTED_EDGE('',*,*,#11774,.F.);
#11774 = EDGE_CURVE('',#11765,#11734,#11775,.T.);
#11775 = LINE('',#11776,#11777);
#11776 = CARTESIAN_POINT('',(-1.3,1.19,1.825));
#11777 = VECTOR('',#11778,1.);
#11778 = DIRECTION('',(-0.,-0.,1.));
#11779 = PLANE('',#11780);
#11780 = AXIS2_PLACEMENT_3D('',#11781,#11782,#11783);
#11781 = CARTESIAN_POINT('',(-1.3,1.19,1.825));
#11782 = DIRECTION('',(1.,-0.,0.));
#11783 = DIRECTION('',(0.,0.,-1.));
#11784 = ADVANCED_FACE('',(#11785),#11803,.F.);
#11785 = FACE_BOUND('',#11786,.T.);
#11786 = EDGE_LOOP('',(#11787,#11788,#11789,#11797));
#11787 = ORIENTED_EDGE('',*,*,#11742,.T.);
#11788 = ORIENTED_EDGE('',*,*,#11719,.T.);
#11789 = ORIENTED_EDGE('',*,*,#11790,.F.);
#11790 = EDGE_CURVE('',#11791,#11712,#11793,.T.);
#11791 = VERTEX_POINT('',#11792);
#11792 = CARTESIAN_POINT('',(1.3,1.19,-1.825));
#11793 = LINE('',#11794,#11795);
#11794 = CARTESIAN_POINT('',(1.3,1.19,-1.825));
#11795 = VECTOR('',#11796,1.);
#11796 = DIRECTION('',(-0.,-1.,-0.));
#11797 = ORIENTED_EDGE('',*,*,#11798,.F.);
#11798 = EDGE_CURVE('',#11743,#11791,#11799,.T.);
#11799 = LINE('',#11800,#11801);
#11800 = CARTESIAN_POINT('',(1.3,1.19,1.825));
#11801 = VECTOR('',#11802,1.);
#11802 = DIRECTION('',(0.,0.,-1.));
#11803 = PLANE('',#11804);
#11804 = AXIS2_PLACEMENT_3D('',#11805,#11806,#11807);
#11805 = CARTESIAN_POINT('',(1.3,1.19,1.825));
#11806 = DIRECTION('',(-1.,0.,0.));
#11807 = DIRECTION('',(0.,0.,1.));
#11808 = ADVANCED_FACE('',(#11809,#11819,#11889),#11900,.F.);
#11809 = FACE_BOUND('',#11810,.T.);
#11810 = EDGE_LOOP('',(#11811,#11818));
#11811 = ORIENTED_EDGE('',*,*,#11812,.F.);
#11812 = EDGE_CURVE('',#11654,#11662,#11813,.T.);
#11813 = CIRCLE('',#11814,0.1);
#11814 = AXIS2_PLACEMENT_3D('',#11815,#11816,#11817);
#11815 = CARTESIAN_POINT('',(-1.,1.19,-1.525));
#11816 = DIRECTION('',(0.,1.,0.));
#11817 = DIRECTION('',(0.,-0.,1.));
#11818 = ORIENTED_EDGE('',*,*,#11661,.F.);
#11819 = FACE_BOUND('',#11820,.T.);
#11820 = EDGE_LOOP('',(#11821,#11831,#11840,#11848,#11857,#11865,#11874,
    #11882));
#11821 = ORIENTED_EDGE('',*,*,#11822,.T.);
#11822 = EDGE_CURVE('',#11823,#11825,#11827,.T.);
#11823 = VERTEX_POINT('',#11824);
#11824 = CARTESIAN_POINT('',(-0.575,1.19,0.375));
#11825 = VERTEX_POINT('',#11826);
#11826 = CARTESIAN_POINT('',(-0.575,1.19,-0.375));
#11827 = LINE('',#11828,#11829);
#11828 = CARTESIAN_POINT('',(-0.575,1.19,0.));
#11829 = VECTOR('',#11830,1.);
#11830 = DIRECTION('',(-0.,-0.,-1.));
#11831 = ORIENTED_EDGE('',*,*,#11832,.T.);
#11832 = EDGE_CURVE('',#11825,#11833,#11835,.T.);
#11833 = VERTEX_POINT('',#11834);
#11834 = CARTESIAN_POINT('',(-0.375,1.19,-0.575));
#11835 = CIRCLE('',#11836,0.2);
#11836 = AXIS2_PLACEMENT_3D('',#11837,#11838,#11839);
#11837 = CARTESIAN_POINT('',(-0.375,1.19,-0.375));
#11838 = DIRECTION('',(0.,-1.,0.));
#11839 = DIRECTION('',(0.,0.,-1.));
#11840 = ORIENTED_EDGE('',*,*,#11841,.T.);
#11841 = EDGE_CURVE('',#11833,#11842,#11844,.T.);
#11842 = VERTEX_POINT('',#11843);
#11843 = CARTESIAN_POINT('',(0.375,1.19,-0.575));
#11844 = LINE('',#11845,#11846);
#11845 = CARTESIAN_POINT('',(0.,1.19,-0.575));
#11846 = VECTOR('',#11847,1.);
#11847 = DIRECTION('',(1.,-0.,-0.));
#11848 = ORIENTED_EDGE('',*,*,#11849,.T.);
#11849 = EDGE_CURVE('',#11842,#11850,#11852,.T.);
#11850 = VERTEX_POINT('',#11851);
#11851 = CARTESIAN_POINT('',(0.575,1.19,-0.375));
#11852 = CIRCLE('',#11853,0.2);
#11853 = AXIS2_PLACEMENT_3D('',#11854,#11855,#11856);
#11854 = CARTESIAN_POINT('',(0.375,1.19,-0.375));
#11855 = DIRECTION('',(0.,-1.,0.));
#11856 = DIRECTION('',(0.,0.,-1.));
#11857 = ORIENTED_EDGE('',*,*,#11858,.T.);
#11858 = EDGE_CURVE('',#11850,#11859,#11861,.T.);
#11859 = VERTEX_POINT('',#11860);
#11860 = CARTESIAN_POINT('',(0.575,1.19,0.375));
#11861 = LINE('',#11862,#11863);
#11862 = CARTESIAN_POINT('',(0.575,1.19,0.));
#11863 = VECTOR('',#11864,1.);
#11864 = DIRECTION('',(-0.,-0.,1.));
#11865 = ORIENTED_EDGE('',*,*,#11866,.T.);
#11866 = EDGE_CURVE('',#11859,#11867,#11869,.T.);
#11867 = VERTEX_POINT('',#11868);
#11868 = CARTESIAN_POINT('',(0.375,1.19,0.575));
#11869 = CIRCLE('',#11870,0.2);
#11870 = AXIS2_PLACEMENT_3D('',#11871,#11872,#11873);
#11871 = CARTESIAN_POINT('',(0.375,1.19,0.375));
#11872 = DIRECTION('',(0.,-1.,0.));
#11873 = DIRECTION('',(0.,0.,-1.));
#11874 = ORIENTED_EDGE('',*,*,#11875,.T.);
#11875 = EDGE_CURVE('',#11867,#11876,#11878,.T.);
#11876 = VERTEX_POINT('',#11877);
#11877 = CARTESIAN_POINT('',(-0.375,1.19,0.575));
#11878 = LINE('',#11879,#11880);
#11879 = CARTESIAN_POINT('',(0.,1.19,0.575));
#11880 = VECTOR('',#11881,1.);
#11881 = DIRECTION('',(-1.,-0.,-0.));
#11882 = ORIENTED_EDGE('',*,*,#11883,.T.);
#11883 = EDGE_CURVE('',#11876,#11823,#11884,.T.);
#11884 = CIRCLE('',#11885,0.2);
#11885 = AXIS2_PLACEMENT_3D('',#11886,#11887,#11888);
#11886 = CARTESIAN_POINT('',(-0.375,1.19,0.375));
#11887 = DIRECTION('',(0.,-1.,0.));
#11888 = DIRECTION('',(0.,0.,-1.));
#11889 = FACE_BOUND('',#11890,.T.);
#11890 = EDGE_LOOP('',(#11891,#11892,#11898,#11899));
#11891 = ORIENTED_EDGE('',*,*,#11798,.T.);
#11892 = ORIENTED_EDGE('',*,*,#11893,.T.);
#11893 = EDGE_CURVE('',#11791,#11765,#11894,.T.);
#11894 = LINE('',#11895,#11896);
#11895 = CARTESIAN_POINT('',(-1.3,1.19,-1.825));
#11896 = VECTOR('',#11897,1.);
#11897 = DIRECTION('',(-1.,-0.,-0.));
#11898 = ORIENTED_EDGE('',*,*,#11774,.T.);
#11899 = ORIENTED_EDGE('',*,*,#11750,.T.);
#11900 = PLANE('',#11901);
#11901 = AXIS2_PLACEMENT_3D('',#11902,#11903,#11904);
#11902 = CARTESIAN_POINT('',(0.,1.19,0.));
#11903 = DIRECTION('',(0.,-1.,0.));
#11904 = DIRECTION('',(0.,-0.,-1.));
#11905 = ADVANCED_FACE('',(#11906),#11912,.F.);
#11906 = FACE_BOUND('',#11907,.T.);
#11907 = EDGE_LOOP('',(#11908,#11909,#11910,#11911));
#11908 = ORIENTED_EDGE('',*,*,#11790,.T.);
#11909 = ORIENTED_EDGE('',*,*,#11711,.T.);
#11910 = ORIENTED_EDGE('',*,*,#11764,.F.);
#11911 = ORIENTED_EDGE('',*,*,#11893,.F.);
#11912 = PLANE('',#11913);
#11913 = AXIS2_PLACEMENT_3D('',#11914,#11915,#11916);
#11914 = CARTESIAN_POINT('',(-1.3,1.19,-1.825));
#11915 = DIRECTION('',(0.,0.,1.));
#11916 = DIRECTION('',(1.,0.,-0.));
#11917 = ADVANCED_FACE('',(#11918),#11952,.F.);
#11918 = FACE_BOUND('',#11919,.T.);
#11919 = EDGE_LOOP('',(#11920,#11930,#11938,#11946));
#11920 = ORIENTED_EDGE('',*,*,#11921,.T.);
#11921 = EDGE_CURVE('',#11922,#11924,#11926,.T.);
#11922 = VERTEX_POINT('',#11923);
#11923 = CARTESIAN_POINT('',(0.475,0.39,0.375));
#11924 = VERTEX_POINT('',#11925);
#11925 = CARTESIAN_POINT('',(0.475,1.09,0.375));
#11926 = LINE('',#11927,#11928);
#11927 = CARTESIAN_POINT('',(0.475,1.19,0.375));
#11928 = VECTOR('',#11929,1.);
#11929 = DIRECTION('',(0.,1.,-0.));
#11930 = ORIENTED_EDGE('',*,*,#11931,.T.);
#11931 = EDGE_CURVE('',#11924,#11932,#11934,.T.);
#11932 = VERTEX_POINT('',#11933);
#11933 = CARTESIAN_POINT('',(0.475,1.09,-0.375));
#11934 = LINE('',#11935,#11936);
#11935 = CARTESIAN_POINT('',(0.475,1.09,0.475));
#11936 = VECTOR('',#11937,1.);
#11937 = DIRECTION('',(0.,0.,-1.));
#11938 = ORIENTED_EDGE('',*,*,#11939,.T.);
#11939 = EDGE_CURVE('',#11932,#11940,#11942,.T.);
#11940 = VERTEX_POINT('',#11941);
#11941 = CARTESIAN_POINT('',(0.475,0.39,-0.375));
#11942 = LINE('',#11943,#11944);
#11943 = CARTESIAN_POINT('',(0.475,0.39,-0.375));
#11944 = VECTOR('',#11945,1.);
#11945 = DIRECTION('',(-0.,-1.,0.));
#11946 = ORIENTED_EDGE('',*,*,#11947,.F.);
#11947 = EDGE_CURVE('',#11922,#11940,#11948,.T.);
#11948 = LINE('',#11949,#11950);
#11949 = CARTESIAN_POINT('',(0.475,0.39,0.475));
#11950 = VECTOR('',#11951,1.);
#11951 = DIRECTION('',(0.,0.,-1.));
#11952 = PLANE('',#11953);
#11953 = AXIS2_PLACEMENT_3D('',#11954,#11955,#11956);
#11954 = CARTESIAN_POINT('',(0.475,0.39,0.475));
#11955 = DIRECTION('',(1.,0.,0.));
#11956 = DIRECTION('',(0.,0.,-1.));
#11957 = ADVANCED_FACE('',(#11958),#11992,.F.);
#11958 = FACE_BOUND('',#11959,.T.);
#11959 = EDGE_LOOP('',(#11960,#11970,#11978,#11986));
#11960 = ORIENTED_EDGE('',*,*,#11961,.T.);
#11961 = EDGE_CURVE('',#11962,#11964,#11966,.T.);
#11962 = VERTEX_POINT('',#11963);
#11963 = CARTESIAN_POINT('',(-0.375,0.39,0.475));
#11964 = VERTEX_POINT('',#11965);
#11965 = CARTESIAN_POINT('',(-0.375,1.09,0.475));
#11966 = LINE('',#11967,#11968);
#11967 = CARTESIAN_POINT('',(-0.375,1.19,0.475));
#11968 = VECTOR('',#11969,1.);
#11969 = DIRECTION('',(0.,1.,-0.));
#11970 = ORIENTED_EDGE('',*,*,#11971,.T.);
#11971 = EDGE_CURVE('',#11964,#11972,#11974,.T.);
#11972 = VERTEX_POINT('',#11973);
#11973 = CARTESIAN_POINT('',(0.375,1.09,0.475));
#11974 = LINE('',#11975,#11976);
#11975 = CARTESIAN_POINT('',(-0.475,1.09,0.475));
#11976 = VECTOR('',#11977,1.);
#11977 = DIRECTION('',(1.,0.,0.));
#11978 = ORIENTED_EDGE('',*,*,#11979,.T.);
#11979 = EDGE_CURVE('',#11972,#11980,#11982,.T.);
#11980 = VERTEX_POINT('',#11981);
#11981 = CARTESIAN_POINT('',(0.375,0.39,0.475));
#11982 = LINE('',#11983,#11984);
#11983 = CARTESIAN_POINT('',(0.375,0.39,0.475));
#11984 = VECTOR('',#11985,1.);
#11985 = DIRECTION('',(-0.,-1.,0.));
#11986 = ORIENTED_EDGE('',*,*,#11987,.F.);
#11987 = EDGE_CURVE('',#11962,#11980,#11988,.T.);
#11988 = LINE('',#11989,#11990);
#11989 = CARTESIAN_POINT('',(-0.475,0.39,0.475));
#11990 = VECTOR('',#11991,1.);
#11991 = DIRECTION('',(1.,0.,0.));
#11992 = PLANE('',#11993);
#11993 = AXIS2_PLACEMENT_3D('',#11994,#11995,#11996);
#11994 = CARTESIAN_POINT('',(-0.475,0.39,0.475));
#11995 = DIRECTION('',(-0.,0.,1.));
#11996 = DIRECTION('',(1.,0.,0.));
#11997 = ADVANCED_FACE('',(#11998),#12032,.F.);
#11998 = FACE_BOUND('',#11999,.T.);
#11999 = EDGE_LOOP('',(#12000,#12010,#12018,#12026));
#12000 = ORIENTED_EDGE('',*,*,#12001,.T.);
#12001 = EDGE_CURVE('',#12002,#12004,#12006,.T.);
#12002 = VERTEX_POINT('',#12003);
#12003 = CARTESIAN_POINT('',(-0.475,0.39,-0.375));
#12004 = VERTEX_POINT('',#12005);
#12005 = CARTESIAN_POINT('',(-0.475,1.09,-0.375));
#12006 = LINE('',#12007,#12008);
#12007 = CARTESIAN_POINT('',(-0.475,1.19,-0.375));
#12008 = VECTOR('',#12009,1.);
#12009 = DIRECTION('',(0.,1.,0.));
#12010 = ORIENTED_EDGE('',*,*,#12011,.T.);
#12011 = EDGE_CURVE('',#12004,#12012,#12014,.T.);
#12012 = VERTEX_POINT('',#12013);
#12013 = CARTESIAN_POINT('',(-0.475,1.09,0.375));
#12014 = LINE('',#12015,#12016);
#12015 = CARTESIAN_POINT('',(-0.475,1.09,0.475));
#12016 = VECTOR('',#12017,1.);
#12017 = DIRECTION('',(0.,0.,1.));
#12018 = ORIENTED_EDGE('',*,*,#12019,.T.);
#12019 = EDGE_CURVE('',#12012,#12020,#12022,.T.);
#12020 = VERTEX_POINT('',#12021);
#12021 = CARTESIAN_POINT('',(-0.475,0.39,0.375));
#12022 = LINE('',#12023,#12024);
#12023 = CARTESIAN_POINT('',(-0.475,0.39,0.375));
#12024 = VECTOR('',#12025,1.);
#12025 = DIRECTION('',(-0.,-1.,-0.));
#12026 = ORIENTED_EDGE('',*,*,#12027,.F.);
#12027 = EDGE_CURVE('',#12002,#12020,#12028,.T.);
#12028 = LINE('',#12029,#12030);
#12029 = CARTESIAN_POINT('',(-0.475,0.39,0.475));
#12030 = VECTOR('',#12031,1.);
#12031 = DIRECTION('',(-0.,-0.,1.));
#12032 = PLANE('',#12033);
#12033 = AXIS2_PLACEMENT_3D('',#12034,#12035,#12036);
#12034 = CARTESIAN_POINT('',(-0.475,0.39,0.475));
#12035 = DIRECTION('',(-1.,0.,-0.));
#12036 = DIRECTION('',(0.,0.,1.));
#12037 = ADVANCED_FACE('',(#12038),#12072,.F.);
#12038 = FACE_BOUND('',#12039,.T.);
#12039 = EDGE_LOOP('',(#12040,#12050,#12058,#12066));
#12040 = ORIENTED_EDGE('',*,*,#12041,.T.);
#12041 = EDGE_CURVE('',#12042,#12044,#12046,.T.);
#12042 = VERTEX_POINT('',#12043);
#12043 = CARTESIAN_POINT('',(0.375,0.39,-0.475));
#12044 = VERTEX_POINT('',#12045);
#12045 = CARTESIAN_POINT('',(0.375,1.09,-0.475));
#12046 = LINE('',#12047,#12048);
#12047 = CARTESIAN_POINT('',(0.375,1.19,-0.475));
#12048 = VECTOR('',#12049,1.);
#12049 = DIRECTION('',(-0.,1.,0.));
#12050 = ORIENTED_EDGE('',*,*,#12051,.T.);
#12051 = EDGE_CURVE('',#12044,#12052,#12054,.T.);
#12052 = VERTEX_POINT('',#12053);
#12053 = CARTESIAN_POINT('',(-0.375,1.09,-0.475));
#12054 = LINE('',#12055,#12056);
#12055 = CARTESIAN_POINT('',(-0.475,1.09,-0.475));
#12056 = VECTOR('',#12057,1.);
#12057 = DIRECTION('',(-1.,0.,0.));
#12058 = ORIENTED_EDGE('',*,*,#12059,.T.);
#12059 = EDGE_CURVE('',#12052,#12060,#12062,.T.);
#12060 = VERTEX_POINT('',#12061);
#12061 = CARTESIAN_POINT('',(-0.375,0.39,-0.475));
#12062 = LINE('',#12063,#12064);
#12063 = CARTESIAN_POINT('',(-0.375,0.39,-0.475));
#12064 = VECTOR('',#12065,1.);
#12065 = DIRECTION('',(0.,-1.,-0.));
#12066 = ORIENTED_EDGE('',*,*,#12067,.F.);
#12067 = EDGE_CURVE('',#12042,#12060,#12068,.T.);
#12068 = LINE('',#12069,#12070);
#12069 = CARTESIAN_POINT('',(-0.475,0.39,-0.475));
#12070 = VECTOR('',#12071,1.);
#12071 = DIRECTION('',(-1.,-0.,-0.));
#12072 = PLANE('',#12073);
#12073 = AXIS2_PLACEMENT_3D('',#12074,#12075,#12076);
#12074 = CARTESIAN_POINT('',(-0.475,0.39,-0.475));
#12075 = DIRECTION('',(0.,0.,-1.));
#12076 = DIRECTION('',(-1.,0.,-0.));
#12077 = ADVANCED_FACE('',(#12078),#12112,.F.);
#12078 = FACE_BOUND('',#12079,.T.);
#12079 = EDGE_LOOP('',(#12080,#12081,#12088,#12089,#12096,#12097,#12104,
    #12105));
#12080 = ORIENTED_EDGE('',*,*,#11987,.T.);
#12081 = ORIENTED_EDGE('',*,*,#12082,.T.);
#12082 = EDGE_CURVE('',#11980,#11922,#12083,.T.);
#12083 = CIRCLE('',#12084,1.E-01);
#12084 = AXIS2_PLACEMENT_3D('',#12085,#12086,#12087);
#12085 = CARTESIAN_POINT('',(0.375,0.39,0.375));
#12086 = DIRECTION('',(-0.,1.,0.));
#12087 = DIRECTION('',(1.626303258728E-15,0.,-1.));
#12088 = ORIENTED_EDGE('',*,*,#11947,.T.);
#12089 = ORIENTED_EDGE('',*,*,#12090,.T.);
#12090 = EDGE_CURVE('',#11940,#12042,#12091,.T.);
#12091 = CIRCLE('',#12092,1.E-01);
#12092 = AXIS2_PLACEMENT_3D('',#12093,#12094,#12095);
#12093 = CARTESIAN_POINT('',(0.375,0.39,-0.375));
#12094 = DIRECTION('',(-0.,1.,0.));
#12095 = DIRECTION('',(5.421010862428E-15,0.,-1.));
#12096 = ORIENTED_EDGE('',*,*,#12067,.T.);
#12097 = ORIENTED_EDGE('',*,*,#12098,.T.);
#12098 = EDGE_CURVE('',#12060,#12002,#12099,.T.);
#12099 = CIRCLE('',#12100,1.E-01);
#12100 = AXIS2_PLACEMENT_3D('',#12101,#12102,#12103);
#12101 = CARTESIAN_POINT('',(-0.375,0.39,-0.375));
#12102 = DIRECTION('',(0.,1.,-0.));
#12103 = DIRECTION('',(-1.084202172486E-15,-0.,-1.));
#12104 = ORIENTED_EDGE('',*,*,#12027,.T.);
#12105 = ORIENTED_EDGE('',*,*,#12106,.T.);
#12106 = EDGE_CURVE('',#12020,#11962,#12107,.T.);
#12107 = CIRCLE('',#12108,1.E-01);
#12108 = AXIS2_PLACEMENT_3D('',#12109,#12110,#12111);
#12109 = CARTESIAN_POINT('',(-0.375,0.39,0.375));
#12110 = DIRECTION('',(-0.,1.,0.));
#12111 = DIRECTION('',(0.,0.,-1.));
#12112 = PLANE('',#12113);
#12113 = AXIS2_PLACEMENT_3D('',#12114,#12115,#12116);
#12114 = CARTESIAN_POINT('',(0.,0.39,0.));
#12115 = DIRECTION('',(0.,-1.,0.));
#12116 = DIRECTION('',(0.,-0.,-1.));
#12117 = ADVANCED_FACE('',(#12118),#12130,.F.);
#12118 = FACE_BOUND('',#12119,.F.);
#12119 = EDGE_LOOP('',(#12120,#12121,#12122,#12129));
#12120 = ORIENTED_EDGE('',*,*,#12082,.T.);
#12121 = ORIENTED_EDGE('',*,*,#11921,.T.);
#12122 = ORIENTED_EDGE('',*,*,#12123,.F.);
#12123 = EDGE_CURVE('',#11972,#11924,#12124,.T.);
#12124 = CIRCLE('',#12125,1.E-01);
#12125 = AXIS2_PLACEMENT_3D('',#12126,#12127,#12128);
#12126 = CARTESIAN_POINT('',(0.375,1.09,0.375));
#12127 = DIRECTION('',(-0.,1.,0.));
#12128 = DIRECTION('',(0.,0.,-1.));
#12129 = ORIENTED_EDGE('',*,*,#11979,.T.);
#12130 = CYLINDRICAL_SURFACE('',#12131,1.E-01);
#12131 = AXIS2_PLACEMENT_3D('',#12132,#12133,#12134);
#12132 = CARTESIAN_POINT('',(0.375,0.39,0.375));
#12133 = DIRECTION('',(0.,-1.,0.));
#12134 = DIRECTION('',(0.,0.,-1.));
#12135 = ADVANCED_FACE('',(#12136),#12148,.F.);
#12136 = FACE_BOUND('',#12137,.F.);
#12137 = EDGE_LOOP('',(#12138,#12139,#12140,#12147));
#12138 = ORIENTED_EDGE('',*,*,#12090,.T.);
#12139 = ORIENTED_EDGE('',*,*,#12041,.T.);
#12140 = ORIENTED_EDGE('',*,*,#12141,.F.);
#12141 = EDGE_CURVE('',#11932,#12044,#12142,.T.);
#12142 = CIRCLE('',#12143,1.E-01);
#12143 = AXIS2_PLACEMENT_3D('',#12144,#12145,#12146);
#12144 = CARTESIAN_POINT('',(0.375,1.09,-0.375));
#12145 = DIRECTION('',(-0.,1.,0.));
#12146 = DIRECTION('',(0.,0.,-1.));
#12147 = ORIENTED_EDGE('',*,*,#11939,.T.);
#12148 = CYLINDRICAL_SURFACE('',#12149,1.E-01);
#12149 = AXIS2_PLACEMENT_3D('',#12150,#12151,#12152);
#12150 = CARTESIAN_POINT('',(0.375,0.39,-0.375));
#12151 = DIRECTION('',(0.,-1.,0.));
#12152 = DIRECTION('',(0.,0.,-1.));
#12153 = ADVANCED_FACE('',(#12154),#12166,.F.);
#12154 = FACE_BOUND('',#12155,.F.);
#12155 = EDGE_LOOP('',(#12156,#12157,#12158,#12165));
#12156 = ORIENTED_EDGE('',*,*,#12106,.T.);
#12157 = ORIENTED_EDGE('',*,*,#11961,.T.);
#12158 = ORIENTED_EDGE('',*,*,#12159,.F.);
#12159 = EDGE_CURVE('',#12012,#11964,#12160,.T.);
#12160 = CIRCLE('',#12161,1.E-01);
#12161 = AXIS2_PLACEMENT_3D('',#12162,#12163,#12164);
#12162 = CARTESIAN_POINT('',(-0.375,1.09,0.375));
#12163 = DIRECTION('',(-0.,1.,0.));
#12164 = DIRECTION('',(0.,0.,-1.));
#12165 = ORIENTED_EDGE('',*,*,#12019,.T.);
#12166 = CYLINDRICAL_SURFACE('',#12167,1.E-01);
#12167 = AXIS2_PLACEMENT_3D('',#12168,#12169,#12170);
#12168 = CARTESIAN_POINT('',(-0.375,0.39,0.375));
#12169 = DIRECTION('',(0.,-1.,0.));
#12170 = DIRECTION('',(0.,0.,-1.));
#12171 = ADVANCED_FACE('',(#12172),#12184,.F.);
#12172 = FACE_BOUND('',#12173,.F.);
#12173 = EDGE_LOOP('',(#12174,#12175,#12176,#12183));
#12174 = ORIENTED_EDGE('',*,*,#12098,.T.);
#12175 = ORIENTED_EDGE('',*,*,#12001,.T.);
#12176 = ORIENTED_EDGE('',*,*,#12177,.F.);
#12177 = EDGE_CURVE('',#12052,#12004,#12178,.T.);
#12178 = CIRCLE('',#12179,1.E-01);
#12179 = AXIS2_PLACEMENT_3D('',#12180,#12181,#12182);
#12180 = CARTESIAN_POINT('',(-0.375,1.09,-0.375));
#12181 = DIRECTION('',(-0.,1.,0.));
#12182 = DIRECTION('',(0.,0.,-1.));
#12183 = ORIENTED_EDGE('',*,*,#12059,.T.);
#12184 = CYLINDRICAL_SURFACE('',#12185,1.E-01);
#12185 = AXIS2_PLACEMENT_3D('',#12186,#12187,#12188);
#12186 = CARTESIAN_POINT('',(-0.375,0.39,-0.375));
#12187 = DIRECTION('',(0.,-1.,0.));
#12188 = DIRECTION('',(0.,0.,-1.));
#12189 = ADVANCED_FACE('',(#12190),#12208,.T.);
#12190 = FACE_BOUND('',#12191,.T.);
#12191 = EDGE_LOOP('',(#12192,#12199,#12200,#12207));
#12192 = ORIENTED_EDGE('',*,*,#12193,.F.);
#12193 = EDGE_CURVE('',#11924,#11859,#12194,.T.);
#12194 = CIRCLE('',#12195,1.E-01);
#12195 = AXIS2_PLACEMENT_3D('',#12196,#12197,#12198);
#12196 = CARTESIAN_POINT('',(0.575,1.09,0.375));
#12197 = DIRECTION('',(0.,0.,-1.));
#12198 = DIRECTION('',(-1.,0.,0.));
#12199 = ORIENTED_EDGE('',*,*,#12123,.F.);
#12200 = ORIENTED_EDGE('',*,*,#12201,.F.);
#12201 = EDGE_CURVE('',#11867,#11972,#12202,.T.);
#12202 = CIRCLE('',#12203,0.1);
#12203 = AXIS2_PLACEMENT_3D('',#12204,#12205,#12206);
#12204 = CARTESIAN_POINT('',(0.375,1.09,0.575));
#12205 = DIRECTION('',(-1.,0.,0.));
#12206 = DIRECTION('',(0.,0.,1.));
#12207 = ORIENTED_EDGE('',*,*,#11866,.F.);
#12208 = TOROIDAL_SURFACE('',#12209,0.2,0.1);
#12209 = AXIS2_PLACEMENT_3D('',#12210,#12211,#12212);
#12210 = CARTESIAN_POINT('',(0.375,1.09,0.375));
#12211 = DIRECTION('',(0.,-1.,0.));
#12212 = DIRECTION('',(0.,0.,-1.));
#12213 = ADVANCED_FACE('',(#12214),#12226,.T.);
#12214 = FACE_BOUND('',#12215,.T.);
#12215 = EDGE_LOOP('',(#12216,#12217,#12218,#12225));
#12216 = ORIENTED_EDGE('',*,*,#12201,.T.);
#12217 = ORIENTED_EDGE('',*,*,#11971,.F.);
#12218 = ORIENTED_EDGE('',*,*,#12219,.F.);
#12219 = EDGE_CURVE('',#11876,#11964,#12220,.T.);
#12220 = CIRCLE('',#12221,0.1);
#12221 = AXIS2_PLACEMENT_3D('',#12222,#12223,#12224);
#12222 = CARTESIAN_POINT('',(-0.375,1.09,0.575));
#12223 = DIRECTION('',(-1.,0.,0.));
#12224 = DIRECTION('',(0.,0.,1.));
#12225 = ORIENTED_EDGE('',*,*,#11875,.F.);
#12226 = CYLINDRICAL_SURFACE('',#12227,1.E-01);
#12227 = AXIS2_PLACEMENT_3D('',#12228,#12229,#12230);
#12228 = CARTESIAN_POINT('',(-0.475,1.09,0.575));
#12229 = DIRECTION('',(1.,0.,0.));
#12230 = DIRECTION('',(0.,0.,-1.));
#12231 = ADVANCED_FACE('',(#12232),#12244,.T.);
#12232 = FACE_BOUND('',#12233,.T.);
#12233 = EDGE_LOOP('',(#12234,#12235,#12236,#12243));
#12234 = ORIENTED_EDGE('',*,*,#12193,.T.);
#12235 = ORIENTED_EDGE('',*,*,#11858,.F.);
#12236 = ORIENTED_EDGE('',*,*,#12237,.F.);
#12237 = EDGE_CURVE('',#11932,#11850,#12238,.T.);
#12238 = CIRCLE('',#12239,1.E-01);
#12239 = AXIS2_PLACEMENT_3D('',#12240,#12241,#12242);
#12240 = CARTESIAN_POINT('',(0.575,1.09,-0.375));
#12241 = DIRECTION('',(0.,0.,-1.));
#12242 = DIRECTION('',(-1.,0.,0.));
#12243 = ORIENTED_EDGE('',*,*,#11931,.F.);
#12244 = CYLINDRICAL_SURFACE('',#12245,1.E-01);
#12245 = AXIS2_PLACEMENT_3D('',#12246,#12247,#12248);
#12246 = CARTESIAN_POINT('',(0.575,1.09,0.475));
#12247 = DIRECTION('',(0.,0.,-1.));
#12248 = DIRECTION('',(-1.,0.,0.));
#12249 = ADVANCED_FACE('',(#12250),#12262,.T.);
#12250 = FACE_BOUND('',#12251,.T.);
#12251 = EDGE_LOOP('',(#12252,#12253,#12254,#12261));
#12252 = ORIENTED_EDGE('',*,*,#12219,.T.);
#12253 = ORIENTED_EDGE('',*,*,#12159,.F.);
#12254 = ORIENTED_EDGE('',*,*,#12255,.F.);
#12255 = EDGE_CURVE('',#11823,#12012,#12256,.T.);
#12256 = CIRCLE('',#12257,0.1);
#12257 = AXIS2_PLACEMENT_3D('',#12258,#12259,#12260);
#12258 = CARTESIAN_POINT('',(-0.575,1.09,0.375));
#12259 = DIRECTION('',(0.,0.,-1.));
#12260 = DIRECTION('',(-1.,0.,0.));
#12261 = ORIENTED_EDGE('',*,*,#11883,.F.);
#12262 = TOROIDAL_SURFACE('',#12263,0.2,0.1);
#12263 = AXIS2_PLACEMENT_3D('',#12264,#12265,#12266);
#12264 = CARTESIAN_POINT('',(-0.375,1.09,0.375));
#12265 = DIRECTION('',(0.,-1.,0.));
#12266 = DIRECTION('',(0.,0.,-1.));
#12267 = ADVANCED_FACE('',(#12268),#12280,.T.);
#12268 = FACE_BOUND('',#12269,.T.);
#12269 = EDGE_LOOP('',(#12270,#12271,#12272,#12279));
#12270 = ORIENTED_EDGE('',*,*,#12237,.T.);
#12271 = ORIENTED_EDGE('',*,*,#11849,.F.);
#12272 = ORIENTED_EDGE('',*,*,#12273,.F.);
#12273 = EDGE_CURVE('',#12044,#11842,#12274,.T.);
#12274 = CIRCLE('',#12275,1.E-01);
#12275 = AXIS2_PLACEMENT_3D('',#12276,#12277,#12278);
#12276 = CARTESIAN_POINT('',(0.375,1.09,-0.575));
#12277 = DIRECTION('',(-1.,0.,0.));
#12278 = DIRECTION('',(0.,0.,1.));
#12279 = ORIENTED_EDGE('',*,*,#12141,.F.);
#12280 = TOROIDAL_SURFACE('',#12281,0.2,0.1);
#12281 = AXIS2_PLACEMENT_3D('',#12282,#12283,#12284);
#12282 = CARTESIAN_POINT('',(0.375,1.09,-0.375));
#12283 = DIRECTION('',(0.,-1.,0.));
#12284 = DIRECTION('',(0.,0.,-1.));
#12285 = ADVANCED_FACE('',(#12286),#12298,.T.);
#12286 = FACE_BOUND('',#12287,.T.);
#12287 = EDGE_LOOP('',(#12288,#12289,#12290,#12297));
#12288 = ORIENTED_EDGE('',*,*,#12255,.T.);
#12289 = ORIENTED_EDGE('',*,*,#12011,.F.);
#12290 = ORIENTED_EDGE('',*,*,#12291,.F.);
#12291 = EDGE_CURVE('',#11825,#12004,#12292,.T.);
#12292 = CIRCLE('',#12293,0.1);
#12293 = AXIS2_PLACEMENT_3D('',#12294,#12295,#12296);
#12294 = CARTESIAN_POINT('',(-0.575,1.09,-0.375));
#12295 = DIRECTION('',(0.,0.,-1.));
#12296 = DIRECTION('',(-1.,0.,0.));
#12297 = ORIENTED_EDGE('',*,*,#11822,.F.);
#12298 = CYLINDRICAL_SURFACE('',#12299,1.E-01);
#12299 = AXIS2_PLACEMENT_3D('',#12300,#12301,#12302);
#12300 = CARTESIAN_POINT('',(-0.575,1.09,0.475));
#12301 = DIRECTION('',(0.,0.,1.));
#12302 = DIRECTION('',(1.,0.,-0.));
#12303 = ADVANCED_FACE('',(#12304),#12316,.T.);
#12304 = FACE_BOUND('',#12305,.T.);
#12305 = EDGE_LOOP('',(#12306,#12307,#12308,#12315));
#12306 = ORIENTED_EDGE('',*,*,#12273,.T.);
#12307 = ORIENTED_EDGE('',*,*,#11841,.F.);
#12308 = ORIENTED_EDGE('',*,*,#12309,.F.);
#12309 = EDGE_CURVE('',#12052,#11833,#12310,.T.);
#12310 = CIRCLE('',#12311,1.E-01);
#12311 = AXIS2_PLACEMENT_3D('',#12312,#12313,#12314);
#12312 = CARTESIAN_POINT('',(-0.375,1.09,-0.575));
#12313 = DIRECTION('',(-1.,0.,0.));
#12314 = DIRECTION('',(0.,0.,1.));
#12315 = ORIENTED_EDGE('',*,*,#12051,.F.);
#12316 = CYLINDRICAL_SURFACE('',#12317,1.E-01);
#12317 = AXIS2_PLACEMENT_3D('',#12318,#12319,#12320);
#12318 = CARTESIAN_POINT('',(-0.475,1.09,-0.575));
#12319 = DIRECTION('',(-1.,0.,0.));
#12320 = DIRECTION('',(0.,0.,1.));
#12321 = ADVANCED_FACE('',(#12322),#12328,.T.);
#12322 = FACE_BOUND('',#12323,.T.);
#12323 = EDGE_LOOP('',(#12324,#12325,#12326,#12327));
#12324 = ORIENTED_EDGE('',*,*,#12291,.T.);
#12325 = ORIENTED_EDGE('',*,*,#12177,.F.);
#12326 = ORIENTED_EDGE('',*,*,#12309,.T.);
#12327 = ORIENTED_EDGE('',*,*,#11832,.F.);
#12328 = TOROIDAL_SURFACE('',#12329,0.2,0.1);
#12329 = AXIS2_PLACEMENT_3D('',#12330,#12331,#12332);
#12330 = CARTESIAN_POINT('',(-0.375,1.09,-0.375));
#12331 = DIRECTION('',(0.,-1.,0.));
#12332 = DIRECTION('',(0.,0.,-1.));
#12333 = ADVANCED_FACE('',(#12334),#12346,.F.);
#12334 = FACE_BOUND('',#12335,.F.);
#12335 = EDGE_LOOP('',(#12336,#12337,#12338,#12345));
#12336 = ORIENTED_EDGE('',*,*,#11812,.F.);
#12337 = ORIENTED_EDGE('',*,*,#11651,.F.);
#12338 = ORIENTED_EDGE('',*,*,#12339,.T.);
#12339 = EDGE_CURVE('',#11652,#11671,#12340,.T.);
#12340 = CIRCLE('',#12341,0.1);
#12341 = AXIS2_PLACEMENT_3D('',#12342,#12343,#12344);
#12342 = CARTESIAN_POINT('',(-1.,1.09,-1.525));
#12343 = DIRECTION('',(0.,1.,0.));
#12344 = DIRECTION('',(0.,-0.,1.));
#12345 = ORIENTED_EDGE('',*,*,#11670,.T.);
#12346 = CYLINDRICAL_SURFACE('',#12347,0.1);
#12347 = AXIS2_PLACEMENT_3D('',#12348,#12349,#12350);
#12348 = CARTESIAN_POINT('',(-1.,1.09,-1.525));
#12349 = DIRECTION('',(-0.,1.,-0.));
#12350 = DIRECTION('',(0.,0.,1.));
#12351 = ADVANCED_FACE('',(#12352),#12356,.T.);
#12352 = FACE_BOUND('',#12353,.T.);
#12353 = EDGE_LOOP('',(#12354,#12355));
#12354 = ORIENTED_EDGE('',*,*,#12339,.T.);
#12355 = ORIENTED_EDGE('',*,*,#11678,.T.);
#12356 = PLANE('',#12357);
#12357 = AXIS2_PLACEMENT_3D('',#12358,#12359,#12360);
#12358 = CARTESIAN_POINT('',(-1.,1.09,-1.525));
#12359 = DIRECTION('',(0.,1.,0.));
#12360 = DIRECTION('',(0.,-0.,1.));
#12361 = MANIFOLD_SOLID_BREP('',#12362);
#12362 = CLOSED_SHELL('',(#12363,#12405,#12429,#12439));
#12363 = ADVANCED_FACE('',(#12364),#12400,.T.);
#12364 = FACE_BOUND('',#12365,.T.);
#12365 = EDGE_LOOP('',(#12366,#12377,#12385,#12394));
#12366 = ORIENTED_EDGE('',*,*,#12367,.F.);
#12367 = EDGE_CURVE('',#12368,#12370,#12372,.T.);
#12368 = VERTEX_POINT('',#12369);
#12369 = CARTESIAN_POINT('',(-1.,1.09,-1.625));
#12370 = VERTEX_POINT('',#12371);
#12371 = CARTESIAN_POINT('',(-1.,1.09,-1.425));
#12372 = CIRCLE('',#12373,0.1);
#12373 = AXIS2_PLACEMENT_3D('',#12374,#12375,#12376);
#12374 = CARTESIAN_POINT('',(-1.,1.09,-1.525));
#12375 = DIRECTION('',(0.,-1.,0.));
#12376 = DIRECTION('',(0.,0.,1.));
#12377 = ORIENTED_EDGE('',*,*,#12378,.T.);
#12378 = EDGE_CURVE('',#12368,#12379,#12381,.T.);
#12379 = VERTEX_POINT('',#12380);
#12380 = CARTESIAN_POINT('',(-1.,1.19,-1.625));
#12381 = LINE('',#12382,#12383);
#12382 = CARTESIAN_POINT('',(-1.,0.807157287525,-1.625));
#12383 = VECTOR('',#12384,1.);
#12384 = DIRECTION('',(0.,1.,0.));
#12385 = ORIENTED_EDGE('',*,*,#12386,.F.);
#12386 = EDGE_CURVE('',#12387,#12379,#12389,.T.);
#12387 = VERTEX_POINT('',#12388);
#12388 = CARTESIAN_POINT('',(-1.,1.19,-1.425));
#12389 = CIRCLE('',#12390,0.1);
#12390 = AXIS2_PLACEMENT_3D('',#12391,#12392,#12393);
#12391 = CARTESIAN_POINT('',(-1.,1.19,-1.525));
#12392 = DIRECTION('',(0.,1.,0.));
#12393 = DIRECTION('',(0.,-0.,1.));
#12394 = ORIENTED_EDGE('',*,*,#12395,.F.);
#12395 = EDGE_CURVE('',#12370,#12387,#12396,.T.);
#12396 = LINE('',#12397,#12398);
#12397 = CARTESIAN_POINT('',(-1.,0.807157287525,-1.425));
#12398 = VECTOR('',#12399,1.);
#12399 = DIRECTION('',(0.,1.,0.));
#12400 = CYLINDRICAL_SURFACE('',#12401,0.1);
#12401 = AXIS2_PLACEMENT_3D('',#12402,#12403,#12404);
#12402 = CARTESIAN_POINT('',(-1.,0.807157287525,-1.525));
#12403 = DIRECTION('',(0.,1.,0.));
#12404 = DIRECTION('',(0.,-0.,1.));
#12405 = ADVANCED_FACE('',(#12406),#12424,.T.);
#12406 = FACE_BOUND('',#12407,.T.);
#12407 = EDGE_LOOP('',(#12408,#12409,#12416,#12417));
#12408 = ORIENTED_EDGE('',*,*,#12378,.F.);
#12409 = ORIENTED_EDGE('',*,*,#12410,.F.);
#12410 = EDGE_CURVE('',#12370,#12368,#12411,.T.);
#12411 = CIRCLE('',#12412,0.1);
#12412 = AXIS2_PLACEMENT_3D('',#12413,#12414,#12415);
#12413 = CARTESIAN_POINT('',(-1.,1.09,-1.525));
#12414 = DIRECTION('',(0.,-1.,0.));
#12415 = DIRECTION('',(0.,0.,1.));
#12416 = ORIENTED_EDGE('',*,*,#12395,.T.);
#12417 = ORIENTED_EDGE('',*,*,#12418,.F.);
#12418 = EDGE_CURVE('',#12379,#12387,#12419,.T.);
#12419 = CIRCLE('',#12420,0.1);
#12420 = AXIS2_PLACEMENT_3D('',#12421,#12422,#12423);
#12421 = CARTESIAN_POINT('',(-1.,1.19,-1.525));
#12422 = DIRECTION('',(0.,1.,0.));
#12423 = DIRECTION('',(0.,-0.,1.));
#12424 = CYLINDRICAL_SURFACE('',#12425,0.1);
#12425 = AXIS2_PLACEMENT_3D('',#12426,#12427,#12428);
#12426 = CARTESIAN_POINT('',(-1.,0.807157287525,-1.525));
#12427 = DIRECTION('',(0.,1.,0.));
#12428 = DIRECTION('',(0.,-0.,1.));
#12429 = ADVANCED_FACE('',(#12430),#12434,.T.);
#12430 = FACE_BOUND('',#12431,.T.);
#12431 = EDGE_LOOP('',(#12432,#12433));
#12432 = ORIENTED_EDGE('',*,*,#12386,.T.);
#12433 = ORIENTED_EDGE('',*,*,#12418,.T.);
#12434 = PLANE('',#12435);
#12435 = AXIS2_PLACEMENT_3D('',#12436,#12437,#12438);
#12436 = CARTESIAN_POINT('',(-1.,1.19,-1.525));
#12437 = DIRECTION('',(0.,1.,0.));
#12438 = DIRECTION('',(0.,-0.,1.));
#12439 = ADVANCED_FACE('',(#12440),#12444,.F.);
#12440 = FACE_BOUND('',#12441,.T.);
#12441 = EDGE_LOOP('',(#12442,#12443));
#12442 = ORIENTED_EDGE('',*,*,#12410,.T.);
#12443 = ORIENTED_EDGE('',*,*,#12367,.T.);
#12444 = PLANE('',#12445);
#12445 = AXIS2_PLACEMENT_3D('',#12446,#12447,#12448);
#12446 = CARTESIAN_POINT('',(-1.,1.09,-1.525));
#12447 = DIRECTION('',(0.,1.,0.));
#12448 = DIRECTION('',(0.,-0.,1.));
#12449 = ( GEOMETRIC_REPRESENTATION_CONTEXT(3) 
GLOBAL_UNCERTAINTY_ASSIGNED_CONTEXT((#12453)) 
GLOBAL_UNIT_ASSIGNED_CONTEXT((#12450,#12451,#12452)) 
REPRESENTATION_CONTEXT('Context #1',
  '3D Context with UNIT and UNCERTAINTY') );
#12450 = ( LENGTH_UNIT() NAMED_UNIT(*) SI_UNIT(.MILLI.,.METRE.) );
#12451 = ( NAMED_UNIT(*) PLANE_ANGLE_UNIT() SI_UNIT($,.RADIAN.) );
#12452 = ( NAMED_UNIT(*) SI_UNIT($,.STERADIAN.) SOLID_ANGLE_UNIT() );
#12453 = UNCERTAINTY_MEASURE_WITH_UNIT(LENGTH_MEASURE(1.E-07),#12450,
  'distance_accuracy_value','confusion accuracy');
#12454 = SHAPE_DEFINITION_REPRESENTATION(#12455,#5608);
#12455 = PRODUCT_DEFINITION_SHAPE('','',#12456);
#12456 = PRODUCT_DEFINITION('design','',#12457,#12460);
#12457 = PRODUCT_DEFINITION_FORMATION('','',#12458);
#12458 = PRODUCT('AS7331-AQFT','AS7331-AQFT','',(#12459));
#12459 = PRODUCT_CONTEXT('',#2,'mechanical');
#12460 = PRODUCT_DEFINITION_CONTEXT('part definition',#2,'design');
#12461 = CONTEXT_DEPENDENT_SHAPE_REPRESENTATION(#12462,#12464);
#12462 = ( REPRESENTATION_RELATIONSHIP('','',#5608,#5598) 
REPRESENTATION_RELATIONSHIP_WITH_TRANSFORMATION(#12463) 
SHAPE_REPRESENTATION_RELATIONSHIP() );
#12463 = ITEM_DEFINED_TRANSFORMATION('','',#11,#5599);
#12464 = PRODUCT_DEFINITION_SHAPE('Placement','Placement of an item',
  #12465);
#12465 = NEXT_ASSEMBLY_USAGE_OCCURRENCE('23','','',#5593,#12456,$);
#12466 = PRODUCT_RELATED_PRODUCT_CATEGORY('part',$,(#12458));
#12467 = CONTEXT_DEPENDENT_SHAPE_REPRESENTATION(#12468,#12470);
#12468 = ( REPRESENTATION_RELATIONSHIP('','',#5598,#10) 
REPRESENTATION_RELATIONSHIP_WITH_TRANSFORMATION(#12469) 
SHAPE_REPRESENTATION_RELATIONSHIP() );
#12469 = ITEM_DEFINED_TRANSFORMATION('','',#11,#47);
#12470 = PRODUCT_DEFINITION_SHAPE('Placement','Placement of an item',
  #12471);
#12471 = NEXT_ASSEMBLY_USAGE_OCCURRENCE('24','','',#5,#5593,$);
#12472 = PRODUCT_RELATED_PRODUCT_CATEGORY('part',$,(#5595));
#12473 = MECHANICAL_DESIGN_GEOMETRIC_PRESENTATION_REPRESENTATION('',(
    #12474,#12482),#2702);
#12474 = STYLED_ITEM('color',(#12475),#2435);
#12475 = PRESENTATION_STYLE_ASSIGNMENT((#12476));
#12476 = SURFACE_STYLE_USAGE(.BOTH.,#12477);
#12477 = SURFACE_SIDE_STYLE('',(#12478));
#12478 = SURFACE_STYLE_FILL_AREA(#12479);
#12479 = FILL_AREA_STYLE('',(#12480));
#12480 = FILL_AREA_STYLE_COLOUR('',#12481);
#12481 = COLOUR_RGB('',0.,0.501960785193,0.752941164258);
#12482 = STYLED_ITEM('color',(#12483),#2552);
#12483 = PRESENTATION_STYLE_ASSIGNMENT((#12484));
#12484 = SURFACE_STYLE_USAGE(.BOTH.,#12485);
#12485 = SURFACE_SIDE_STYLE('',(#12486));
#12486 = SURFACE_STYLE_FILL_AREA(#12487);
#12487 = FILL_AREA_STYLE('',(#12488));
#12488 = FILL_AREA_STYLE_COLOUR('',#12481);
#12489 = MECHANICAL_DESIGN_GEOMETRIC_PRESENTATION_REPRESENTATION('',(
    #12490),#755);
#12490 = STYLED_ITEM('color',(#12491),#75);
#12491 = PRESENTATION_STYLE_ASSIGNMENT((#12492,#12498));
#12492 = SURFACE_STYLE_USAGE(.BOTH.,#12493);
#12493 = SURFACE_SIDE_STYLE('',(#12494));
#12494 = SURFACE_STYLE_FILL_AREA(#12495);
#12495 = FILL_AREA_STYLE('',(#12496));
#12496 = FILL_AREA_STYLE_COLOUR('',#12497);
#12497 = COLOUR_RGB('',0.,0.501960785193,0.);
#12498 = CURVE_STYLE('',#12499,POSITIVE_LENGTH_MEASURE(0.1),#12497);
#12499 = DRAUGHTING_PRE_DEFINED_CURVE_FONT('continuous');
#12500 = MECHANICAL_DESIGN_GEOMETRIC_PRESENTATION_REPRESENTATION('',(
    #12501),#2416);
#12501 = STYLED_ITEM('color',(#12502),#2266);
#12502 = PRESENTATION_STYLE_ASSIGNMENT((#12503));
#12503 = SURFACE_STYLE_USAGE(.BOTH.,#12504);
#12504 = SURFACE_SIDE_STYLE('',(#12505));
#12505 = SURFACE_STYLE_FILL_AREA(#12506);
#12506 = FILL_AREA_STYLE('',(#12507));
#12507 = FILL_AREA_STYLE_COLOUR('',#12508);
#12508 = COLOUR_RGB('',0.286274508045,0.286274508045,0.286274508045);
#12509 = MECHANICAL_DESIGN_GEOMETRIC_PRESENTATION_REPRESENTATION('',(
    #12510,#12518,#12526,#12534,#12541,#12548,#12556,#12563,#12570,
    #12577,#12584,#12591,#12598,#12605,#12612,#12619,#12626,#12633,
    #12640,#12647,#12654,#12661,#12669),#12449);
#12510 = STYLED_ITEM('color',(#12511),#5609);
#12511 = PRESENTATION_STYLE_ASSIGNMENT((#12512));
#12512 = SURFACE_STYLE_USAGE(.BOTH.,#12513);
#12513 = SURFACE_SIDE_STYLE('',(#12514));
#12514 = SURFACE_STYLE_FILL_AREA(#12515);
#12515 = FILL_AREA_STYLE('',(#12516));
#12516 = FILL_AREA_STYLE_COLOUR('',#12517);
#12517 = COLOUR_RGB('',0.501960785193,0.501960785193,0.501960785193);
#12518 = STYLED_ITEM('color',(#12519),#6307);
#12519 = PRESENTATION_STYLE_ASSIGNMENT((#12520));
#12520 = SURFACE_STYLE_USAGE(.BOTH.,#12521);
#12521 = SURFACE_SIDE_STYLE('',(#12522));
#12522 = SURFACE_STYLE_FILL_AREA(#12523);
#12523 = FILL_AREA_STYLE('',(#12524));
#12524 = FILL_AREA_STYLE_COLOUR('',#12525);
#12525 = COLOUR_RGB('',0.352941174961,0.274509799781,0.392156863511);
#12526 = STYLED_ITEM('color',(#12527),#6457);
#12527 = PRESENTATION_STYLE_ASSIGNMENT((#12528));
#12528 = SURFACE_STYLE_USAGE(.BOTH.,#12529);
#12529 = SURFACE_SIDE_STYLE('',(#12530));
#12530 = SURFACE_STYLE_FILL_AREA(#12531);
#12531 = FILL_AREA_STYLE('',(#12532));
#12532 = FILL_AREA_STYLE_COLOUR('',#12533);
#12533 = COLOUR_RGB('',0.235294113866,0.352941174961,0.431372551983);
#12534 = STYLED_ITEM('color',(#12535),#6607);
#12535 = PRESENTATION_STYLE_ASSIGNMENT((#12536));
#12536 = SURFACE_STYLE_USAGE(.BOTH.,#12537);
#12537 = SURFACE_SIDE_STYLE('',(#12538));
#12538 = SURFACE_STYLE_FILL_AREA(#12539);
#12539 = FILL_AREA_STYLE('',(#12540));
#12540 = FILL_AREA_STYLE_COLOUR('',#12533);
#12541 = STYLED_ITEM('color',(#12542),#6757);
#12542 = PRESENTATION_STYLE_ASSIGNMENT((#12543));
#12543 = SURFACE_STYLE_USAGE(.BOTH.,#12544);
#12544 = SURFACE_SIDE_STYLE('',(#12545));
#12545 = SURFACE_STYLE_FILL_AREA(#12546);
#12546 = FILL_AREA_STYLE('',(#12547));
#12547 = FILL_AREA_STYLE_COLOUR('',#12497);
#12548 = STYLED_ITEM('color',(#12549),#9212);
#12549 = PRESENTATION_STYLE_ASSIGNMENT((#12550));
#12550 = SURFACE_STYLE_USAGE(.BOTH.,#12551);
#12551 = SURFACE_SIDE_STYLE('',(#12552));
#12552 = SURFACE_STYLE_FILL_AREA(#12553);
#12553 = FILL_AREA_STYLE('',(#12554));
#12554 = FILL_AREA_STYLE_COLOUR('',#12555);
#12555 = COLOUR_RGB('',1.,0.811764696686,0.501960785193);
#12556 = STYLED_ITEM('color',(#12557),#9362);
#12557 = PRESENTATION_STYLE_ASSIGNMENT((#12558));
#12558 = SURFACE_STYLE_USAGE(.BOTH.,#12559);
#12559 = SURFACE_SIDE_STYLE('',(#12560));
#12560 = SURFACE_STYLE_FILL_AREA(#12561);
#12561 = FILL_AREA_STYLE('',(#12562));
#12562 = FILL_AREA_STYLE_COLOUR('',#12555);
#12563 = STYLED_ITEM('color',(#12564),#9512);
#12564 = PRESENTATION_STYLE_ASSIGNMENT((#12565));
#12565 = SURFACE_STYLE_USAGE(.BOTH.,#12566);
#12566 = SURFACE_SIDE_STYLE('',(#12567));
#12567 = SURFACE_STYLE_FILL_AREA(#12568);
#12568 = FILL_AREA_STYLE('',(#12569));
#12569 = FILL_AREA_STYLE_COLOUR('',#12555);
#12570 = STYLED_ITEM('color',(#12571),#9662);
#12571 = PRESENTATION_STYLE_ASSIGNMENT((#12572));
#12572 = SURFACE_STYLE_USAGE(.BOTH.,#12573);
#12573 = SURFACE_SIDE_STYLE('',(#12574));
#12574 = SURFACE_STYLE_FILL_AREA(#12575);
#12575 = FILL_AREA_STYLE('',(#12576));
#12576 = FILL_AREA_STYLE_COLOUR('',#12555);
#12577 = STYLED_ITEM('color',(#12578),#9812);
#12578 = PRESENTATION_STYLE_ASSIGNMENT((#12579));
#12579 = SURFACE_STYLE_USAGE(.BOTH.,#12580);
#12580 = SURFACE_SIDE_STYLE('',(#12581));
#12581 = SURFACE_STYLE_FILL_AREA(#12582);
#12582 = FILL_AREA_STYLE('',(#12583));
#12583 = FILL_AREA_STYLE_COLOUR('',#12555);
#12584 = STYLED_ITEM('color',(#12585),#9962);
#12585 = PRESENTATION_STYLE_ASSIGNMENT((#12586));
#12586 = SURFACE_STYLE_USAGE(.BOTH.,#12587);
#12587 = SURFACE_SIDE_STYLE('',(#12588));
#12588 = SURFACE_STYLE_FILL_AREA(#12589);
#12589 = FILL_AREA_STYLE('',(#12590));
#12590 = FILL_AREA_STYLE_COLOUR('',#12555);
#12591 = STYLED_ITEM('color',(#12592),#10112);
#12592 = PRESENTATION_STYLE_ASSIGNMENT((#12593));
#12593 = SURFACE_STYLE_USAGE(.BOTH.,#12594);
#12594 = SURFACE_SIDE_STYLE('',(#12595));
#12595 = SURFACE_STYLE_FILL_AREA(#12596);
#12596 = FILL_AREA_STYLE('',(#12597));
#12597 = FILL_AREA_STYLE_COLOUR('',#12555);
#12598 = STYLED_ITEM('color',(#12599),#10262);
#12599 = PRESENTATION_STYLE_ASSIGNMENT((#12600));
#12600 = SURFACE_STYLE_USAGE(.BOTH.,#12601);
#12601 = SURFACE_SIDE_STYLE('',(#12602));
#12602 = SURFACE_STYLE_FILL_AREA(#12603);
#12603 = FILL_AREA_STYLE('',(#12604));
#12604 = FILL_AREA_STYLE_COLOUR('',#12555);
#12605 = STYLED_ITEM('color',(#12606),#10412);
#12606 = PRESENTATION_STYLE_ASSIGNMENT((#12607));
#12607 = SURFACE_STYLE_USAGE(.BOTH.,#12608);
#12608 = SURFACE_SIDE_STYLE('',(#12609));
#12609 = SURFACE_STYLE_FILL_AREA(#12610);
#12610 = FILL_AREA_STYLE('',(#12611));
#12611 = FILL_AREA_STYLE_COLOUR('',#12555);
#12612 = STYLED_ITEM('color',(#12613),#10562);
#12613 = PRESENTATION_STYLE_ASSIGNMENT((#12614));
#12614 = SURFACE_STYLE_USAGE(.BOTH.,#12615);
#12615 = SURFACE_SIDE_STYLE('',(#12616));
#12616 = SURFACE_STYLE_FILL_AREA(#12617);
#12617 = FILL_AREA_STYLE('',(#12618));
#12618 = FILL_AREA_STYLE_COLOUR('',#12555);
#12619 = STYLED_ITEM('color',(#12620),#10712);
#12620 = PRESENTATION_STYLE_ASSIGNMENT((#12621));
#12621 = SURFACE_STYLE_USAGE(.BOTH.,#12622);
#12622 = SURFACE_SIDE_STYLE('',(#12623));
#12623 = SURFACE_STYLE_FILL_AREA(#12624);
#12624 = FILL_AREA_STYLE('',(#12625));
#12625 = FILL_AREA_STYLE_COLOUR('',#12555);
#12626 = STYLED_ITEM('color',(#12627),#10862);
#12627 = PRESENTATION_STYLE_ASSIGNMENT((#12628));
#12628 = SURFACE_STYLE_USAGE(.BOTH.,#12629);
#12629 = SURFACE_SIDE_STYLE('',(#12630));
#12630 = SURFACE_STYLE_FILL_AREA(#12631);
#12631 = FILL_AREA_STYLE('',(#12632));
#12632 = FILL_AREA_STYLE_COLOUR('',#12555);
#12633 = STYLED_ITEM('color',(#12634),#11012);
#12634 = PRESENTATION_STYLE_ASSIGNMENT((#12635));
#12635 = SURFACE_STYLE_USAGE(.BOTH.,#12636);
#12636 = SURFACE_SIDE_STYLE('',(#12637));
#12637 = SURFACE_STYLE_FILL_AREA(#12638);
#12638 = FILL_AREA_STYLE('',(#12639));
#12639 = FILL_AREA_STYLE_COLOUR('',#12555);
#12640 = STYLED_ITEM('color',(#12641),#11195);
#12641 = PRESENTATION_STYLE_ASSIGNMENT((#12642));
#12642 = SURFACE_STYLE_USAGE(.BOTH.,#12643);
#12643 = SURFACE_SIDE_STYLE('',(#12644));
#12644 = SURFACE_STYLE_FILL_AREA(#12645);
#12645 = FILL_AREA_STYLE('',(#12646));
#12646 = FILL_AREA_STYLE_COLOUR('',#12555);
#12647 = STYLED_ITEM('color',(#12648),#11345);
#12648 = PRESENTATION_STYLE_ASSIGNMENT((#12649));
#12649 = SURFACE_STYLE_USAGE(.BOTH.,#12650);
#12650 = SURFACE_SIDE_STYLE('',(#12651));
#12651 = SURFACE_STYLE_FILL_AREA(#12652);
#12652 = FILL_AREA_STYLE('',(#12653));
#12653 = FILL_AREA_STYLE_COLOUR('',#12555);
#12654 = STYLED_ITEM('color',(#12655),#11495);
#12655 = PRESENTATION_STYLE_ASSIGNMENT((#12656));
#12656 = SURFACE_STYLE_USAGE(.BOTH.,#12657);
#12657 = SURFACE_SIDE_STYLE('',(#12658));
#12658 = SURFACE_STYLE_FILL_AREA(#12659);
#12659 = FILL_AREA_STYLE('',(#12660));
#12660 = FILL_AREA_STYLE_COLOUR('',#12555);
#12661 = STYLED_ITEM('color',(#12662),#11645);
#12662 = PRESENTATION_STYLE_ASSIGNMENT((#12663));
#12663 = SURFACE_STYLE_USAGE(.BOTH.,#12664);
#12664 = SURFACE_SIDE_STYLE('',(#12665));
#12665 = SURFACE_STYLE_FILL_AREA(#12666);
#12666 = FILL_AREA_STYLE('',(#12667));
#12667 = FILL_AREA_STYLE_COLOUR('',#12668);
#12668 = COLOUR_RGB('',0.250980388104,0.250980388104,0.250980388104);
#12669 = STYLED_ITEM('color',(#12670),#12361);
#12670 = PRESENTATION_STYLE_ASSIGNMENT((#12671));
#12671 = SURFACE_STYLE_USAGE(.BOTH.,#12672);
#12672 = SURFACE_SIDE_STYLE('',(#12673));
#12673 = SURFACE_STYLE_FILL_AREA(#12674);
#12674 = FILL_AREA_STYLE('',(#12675));
#12675 = FILL_AREA_STYLE_COLOUR('',#12676);
#12676 = DRAUGHTING_PRE_DEFINED_COLOUR('white');
#12677 = MECHANICAL_DESIGN_GEOMETRIC_PRESENTATION_REPRESENTATION('',(
    #12678),#2247);
#12678 = STYLED_ITEM('color',(#12679),#1957);
#12679 = PRESENTATION_STYLE_ASSIGNMENT((#12680));
#12680 = SURFACE_STYLE_USAGE(.BOTH.,#12681);
#12681 = SURFACE_SIDE_STYLE('',(#12682));
#12682 = SURFACE_STYLE_FILL_AREA(#12683);
#12683 = FILL_AREA_STYLE('',(#12684));
#12684 = FILL_AREA_STYLE_COLOUR('',#12685);
#12685 = COLOUR_RGB('',1.,1.,0.956862747054);
#12686 = MECHANICAL_DESIGN_GEOMETRIC_PRESENTATION_REPRESENTATION('',(
    #12687),#5505);
#12687 = STYLED_ITEM('color',(#12688),#5355);
#12688 = PRESENTATION_STYLE_ASSIGNMENT((#12689,#12694));
#12689 = SURFACE_STYLE_USAGE(.BOTH.,#12690);
#12690 = SURFACE_SIDE_STYLE('',(#12691));
#12691 = SURFACE_STYLE_FILL_AREA(#12692);
#12692 = FILL_AREA_STYLE('',(#12693));
#12693 = FILL_AREA_STYLE_COLOUR('',#12517);
#12694 = CURVE_STYLE('',#12695,POSITIVE_LENGTH_MEASURE(0.1),#12517);
#12695 = DRAUGHTING_PRE_DEFINED_CURVE_FONT('continuous');
#12696 = MECHANICAL_DESIGN_GEOMETRIC_PRESENTATION_REPRESENTATION('',(
    #12697,#12704,#12711,#12718,#12725,#12732),#5206);
#12697 = STYLED_ITEM('color',(#12698),#2721);
#12698 = PRESENTATION_STYLE_ASSIGNMENT((#12699));
#12699 = SURFACE_STYLE_USAGE(.BOTH.,#12700);
#12700 = SURFACE_SIDE_STYLE('',(#12701));
#12701 = SURFACE_STYLE_FILL_AREA(#12702);
#12702 = FILL_AREA_STYLE('',(#12703));
#12703 = FILL_AREA_STYLE_COLOUR('',#12676);
#12704 = STYLED_ITEM('color',(#12705),#3135);
#12705 = PRESENTATION_STYLE_ASSIGNMENT((#12706));
#12706 = SURFACE_STYLE_USAGE(.BOTH.,#12707);
#12707 = SURFACE_SIDE_STYLE('',(#12708));
#12708 = SURFACE_STYLE_FILL_AREA(#12709);
#12709 = FILL_AREA_STYLE('',(#12710));
#12710 = FILL_AREA_STYLE_COLOUR('',#12676);
#12711 = STYLED_ITEM('color',(#12712),#3549);
#12712 = PRESENTATION_STYLE_ASSIGNMENT((#12713));
#12713 = SURFACE_STYLE_USAGE(.BOTH.,#12714);
#12714 = SURFACE_SIDE_STYLE('',(#12715));
#12715 = SURFACE_STYLE_FILL_AREA(#12716);
#12716 = FILL_AREA_STYLE('',(#12717));
#12717 = FILL_AREA_STYLE_COLOUR('',#12676);
#12718 = STYLED_ITEM('color',(#12719),#3798);
#12719 = PRESENTATION_STYLE_ASSIGNMENT((#12720));
#12720 = SURFACE_STYLE_USAGE(.BOTH.,#12721);
#12721 = SURFACE_SIDE_STYLE('',(#12722));
#12722 = SURFACE_STYLE_FILL_AREA(#12723);
#12723 = FILL_AREA_STYLE('',(#12724));
#12724 = FILL_AREA_STYLE_COLOUR('',#12676);
#12725 = STYLED_ITEM('color',(#12726),#4506);
#12726 = PRESENTATION_STYLE_ASSIGNMENT((#12727));
#12727 = SURFACE_STYLE_USAGE(.BOTH.,#12728);
#12728 = SURFACE_SIDE_STYLE('',(#12729));
#12729 = SURFACE_STYLE_FILL_AREA(#12730);
#12730 = FILL_AREA_STYLE('',(#12731));
#12731 = FILL_AREA_STYLE_COLOUR('',#12676);
#12732 = STYLED_ITEM('color',(#12733),#4891);
#12733 = PRESENTATION_STYLE_ASSIGNMENT((#12734));
#12734 = SURFACE_STYLE_USAGE(.BOTH.,#12735);
#12735 = SURFACE_SIDE_STYLE('',(#12736));
#12736 = SURFACE_STYLE_FILL_AREA(#12737);
#12737 = FILL_AREA_STYLE('',(#12738));
#12738 = FILL_AREA_STYLE_COLOUR('',#12676);
#12739 = MECHANICAL_DESIGN_GEOMETRIC_PRESENTATION_REPRESENTATION('',(
    #12740,#12748),#1938);
#12740 = STYLED_ITEM('color',(#12741),#830);
#12741 = PRESENTATION_STYLE_ASSIGNMENT((#12742));
#12742 = SURFACE_STYLE_USAGE(.BOTH.,#12743);
#12743 = SURFACE_SIDE_STYLE('',(#12744));
#12744 = SURFACE_STYLE_FILL_AREA(#12745);
#12745 = FILL_AREA_STYLE('',(#12746));
#12746 = FILL_AREA_STYLE_COLOUR('',#12747);
#12747 = COLOUR_RGB('',0.83137256512,0.83137256512,0.83137256512);
#12748 = STYLED_ITEM('color',(#12749),#1384);
#12749 = PRESENTATION_STYLE_ASSIGNMENT((#12750));
#12750 = SURFACE_STYLE_USAGE(.BOTH.,#12751);
#12751 = SURFACE_SIDE_STYLE('',(#12752));
#12752 = SURFACE_STYLE_FILL_AREA(#12753);
#12753 = FILL_AREA_STYLE('',(#12754));
#12754 = FILL_AREA_STYLE_COLOUR('',#12747);
ENDSEC;
END-ISO-10303-21;
