ISO-10303-21;
HEADER;
FILE_DESCRIPTION(('Open CASCADE Model'),'2;1');
FILE_NAME('Open CASCADE Shape Model','2024-03-26T23:15:29',('Author'),(
    'Open CASCADE'),'Open CASCADE STEP processor 7.5','Open CASCADE 7.5'
  ,'Unknown');
FILE_SCHEMA(('AUTOMOTIVE_DESIGN { 1 0 10303 214 1 1 1 1 }'));
ENDSEC;
DATA;
#1 = APPLICATION_PROTOCOL_DEFINITION('international standard',
  'automotive_design',2000,#2);
#2 = APPLICATION_CONTEXT(
  'core data for automotive mechanical design processes');
#3 = SHAPE_DEFINITION_REPRESENTATION(#4,#10);
#4 = PRODUCT_DEFINITION_SHAPE('','',#5);
#5 = PRODUCT_DEFINITION('design','',#6,#9);
#6 = PRODUCT_DEFINITION_FORMATION('','',#7);
#7 = PRODUCT('PCB','PCB','',(#8));
#8 = PRODUCT_CONTEXT('',#2,'mechanical');
#9 = PRODUCT_DEFINITION_CONTEXT('part definition',#2,'design');
#10 = SHAPE_REPRESENTATION('',(#11,#15,#19,#23,#27,#31,#35,#39,#43,#47,
    #51,#55,#59,#63,#67,#71,#75,#79,#83,#87,#91,#95,#99,#103,#107,#111,
    #115,#119,#123,#127,#131,#135,#139,#143,#147,#151,#155,#159,#163),
  #167);
#11 = AXIS2_PLACEMENT_3D('',#12,#13,#14);
#12 = CARTESIAN_POINT('',(0.,0.,0.));
#13 = DIRECTION('',(0.,0.,1.));
#14 = DIRECTION('',(1.,0.,-0.));
#15 = AXIS2_PLACEMENT_3D('',#16,#17,#18);
#16 = CARTESIAN_POINT('',(0.,0.,0.));
#17 = DIRECTION('',(0.,0.,1.));
#18 = DIRECTION('',(1.,0.,-0.));
#19 = AXIS2_PLACEMENT_3D('',#20,#21,#22);
#20 = CARTESIAN_POINT('',(0.,0.,0.));
#21 = DIRECTION('',(0.,0.,1.));
#22 = DIRECTION('',(1.,0.,-0.));
#23 = AXIS2_PLACEMENT_3D('',#24,#25,#26);
#24 = CARTESIAN_POINT('',(0.,0.,0.));
#25 = DIRECTION('',(0.,0.,1.));
#26 = DIRECTION('',(1.,0.,-0.));
#27 = AXIS2_PLACEMENT_3D('',#28,#29,#30);
#28 = CARTESIAN_POINT('',(0.,0.,0.));
#29 = DIRECTION('',(0.,0.,1.));
#30 = DIRECTION('',(1.,0.,-0.));
#31 = AXIS2_PLACEMENT_3D('',#32,#33,#34);
#32 = CARTESIAN_POINT('',(0.,0.,0.));
#33 = DIRECTION('',(0.,0.,1.));
#34 = DIRECTION('',(1.,0.,-0.));
#35 = AXIS2_PLACEMENT_3D('',#36,#37,#38);
#36 = CARTESIAN_POINT('',(0.,0.,0.));
#37 = DIRECTION('',(0.,0.,1.));
#38 = DIRECTION('',(1.,0.,-0.));
#39 = AXIS2_PLACEMENT_3D('',#40,#41,#42);
#40 = CARTESIAN_POINT('',(0.,0.,0.));
#41 = DIRECTION('',(0.,0.,1.));
#42 = DIRECTION('',(1.,0.,-0.));
#43 = AXIS2_PLACEMENT_3D('',#44,#45,#46);
#44 = CARTESIAN_POINT('',(0.,0.,0.));
#45 = DIRECTION('',(0.,0.,1.));
#46 = DIRECTION('',(1.,0.,-0.));
#47 = AXIS2_PLACEMENT_3D('',#48,#49,#50);
#48 = CARTESIAN_POINT('',(0.,0.,0.));
#49 = DIRECTION('',(0.,0.,1.));
#50 = DIRECTION('',(1.,0.,-0.));
#51 = AXIS2_PLACEMENT_3D('',#52,#53,#54);
#52 = CARTESIAN_POINT('',(0.,0.,0.));
#53 = DIRECTION('',(0.,0.,1.));
#54 = DIRECTION('',(1.,0.,-0.));
#55 = AXIS2_PLACEMENT_3D('',#56,#57,#58);
#56 = CARTESIAN_POINT('',(0.,0.,0.));
#57 = DIRECTION('',(0.,0.,1.));
#58 = DIRECTION('',(1.,0.,-0.));
#59 = AXIS2_PLACEMENT_3D('',#60,#61,#62);
#60 = CARTESIAN_POINT('',(0.,0.,0.));
#61 = DIRECTION('',(0.,0.,1.));
#62 = DIRECTION('',(1.,0.,-0.));
#63 = AXIS2_PLACEMENT_3D('',#64,#65,#66);
#64 = CARTESIAN_POINT('',(0.,0.,0.));
#65 = DIRECTION('',(0.,0.,1.));
#66 = DIRECTION('',(1.,0.,-0.));
#67 = AXIS2_PLACEMENT_3D('',#68,#69,#70);
#68 = CARTESIAN_POINT('',(0.,0.,0.));
#69 = DIRECTION('',(0.,0.,1.));
#70 = DIRECTION('',(1.,0.,-0.));
#71 = AXIS2_PLACEMENT_3D('',#72,#73,#74);
#72 = CARTESIAN_POINT('',(0.,0.,0.));
#73 = DIRECTION('',(0.,0.,1.));
#74 = DIRECTION('',(1.,0.,-0.));
#75 = AXIS2_PLACEMENT_3D('',#76,#77,#78);
#76 = CARTESIAN_POINT('',(0.,0.,0.));
#77 = DIRECTION('',(0.,0.,1.));
#78 = DIRECTION('',(1.,0.,-0.));
#79 = AXIS2_PLACEMENT_3D('',#80,#81,#82);
#80 = CARTESIAN_POINT('',(0.,0.,0.));
#81 = DIRECTION('',(0.,0.,1.));
#82 = DIRECTION('',(1.,0.,-0.));
#83 = AXIS2_PLACEMENT_3D('',#84,#85,#86);
#84 = CARTESIAN_POINT('',(0.,0.,0.));
#85 = DIRECTION('',(0.,0.,1.));
#86 = DIRECTION('',(1.,0.,-0.));
#87 = AXIS2_PLACEMENT_3D('',#88,#89,#90);
#88 = CARTESIAN_POINT('',(0.,0.,0.));
#89 = DIRECTION('',(0.,0.,1.));
#90 = DIRECTION('',(1.,0.,-0.));
#91 = AXIS2_PLACEMENT_3D('',#92,#93,#94);
#92 = CARTESIAN_POINT('',(0.,0.,0.));
#93 = DIRECTION('',(0.,0.,1.));
#94 = DIRECTION('',(1.,0.,-0.));
#95 = AXIS2_PLACEMENT_3D('',#96,#97,#98);
#96 = CARTESIAN_POINT('',(0.,0.,0.));
#97 = DIRECTION('',(0.,0.,1.));
#98 = DIRECTION('',(1.,0.,-0.));
#99 = AXIS2_PLACEMENT_3D('',#100,#101,#102);
#100 = CARTESIAN_POINT('',(0.,0.,0.));
#101 = DIRECTION('',(0.,0.,1.));
#102 = DIRECTION('',(1.,0.,-0.));
#103 = AXIS2_PLACEMENT_3D('',#104,#105,#106);
#104 = CARTESIAN_POINT('',(0.,0.,0.));
#105 = DIRECTION('',(0.,0.,1.));
#106 = DIRECTION('',(1.,0.,-0.));
#107 = AXIS2_PLACEMENT_3D('',#108,#109,#110);
#108 = CARTESIAN_POINT('',(0.,0.,0.));
#109 = DIRECTION('',(0.,0.,1.));
#110 = DIRECTION('',(1.,0.,-0.));
#111 = AXIS2_PLACEMENT_3D('',#112,#113,#114);
#112 = CARTESIAN_POINT('',(0.,0.,0.));
#113 = DIRECTION('',(0.,0.,1.));
#114 = DIRECTION('',(1.,0.,-0.));
#115 = AXIS2_PLACEMENT_3D('',#116,#117,#118);
#116 = CARTESIAN_POINT('',(0.,0.,0.));
#117 = DIRECTION('',(0.,0.,1.));
#118 = DIRECTION('',(1.,0.,-0.));
#119 = AXIS2_PLACEMENT_3D('',#120,#121,#122);
#120 = CARTESIAN_POINT('',(0.,0.,0.));
#121 = DIRECTION('',(0.,0.,1.));
#122 = DIRECTION('',(1.,0.,-0.));
#123 = AXIS2_PLACEMENT_3D('',#124,#125,#126);
#124 = CARTESIAN_POINT('',(0.,0.,0.));
#125 = DIRECTION('',(0.,0.,1.));
#126 = DIRECTION('',(1.,0.,-0.));
#127 = AXIS2_PLACEMENT_3D('',#128,#129,#130);
#128 = CARTESIAN_POINT('',(0.,0.,0.));
#129 = DIRECTION('',(0.,0.,1.));
#130 = DIRECTION('',(1.,0.,-0.));
#131 = AXIS2_PLACEMENT_3D('',#132,#133,#134);
#132 = CARTESIAN_POINT('',(0.,0.,0.));
#133 = DIRECTION('',(0.,0.,1.));
#134 = DIRECTION('',(1.,0.,-0.));
#135 = AXIS2_PLACEMENT_3D('',#136,#137,#138);
#136 = CARTESIAN_POINT('',(0.,0.,0.));
#137 = DIRECTION('',(0.,0.,1.));
#138 = DIRECTION('',(1.,0.,-0.));
#139 = AXIS2_PLACEMENT_3D('',#140,#141,#142);
#140 = CARTESIAN_POINT('',(0.,0.,0.));
#141 = DIRECTION('',(0.,0.,1.));
#142 = DIRECTION('',(1.,0.,-0.));
#143 = AXIS2_PLACEMENT_3D('',#144,#145,#146);
#144 = CARTESIAN_POINT('',(0.,0.,0.));
#145 = DIRECTION('',(0.,0.,1.));
#146 = DIRECTION('',(1.,0.,-0.));
#147 = AXIS2_PLACEMENT_3D('',#148,#149,#150);
#148 = CARTESIAN_POINT('',(0.,0.,0.));
#149 = DIRECTION('',(0.,0.,1.));
#150 = DIRECTION('',(1.,0.,-0.));
#151 = AXIS2_PLACEMENT_3D('',#152,#153,#154);
#152 = CARTESIAN_POINT('',(0.,0.,0.));
#153 = DIRECTION('',(0.,0.,1.));
#154 = DIRECTION('',(1.,0.,-0.));
#155 = AXIS2_PLACEMENT_3D('',#156,#157,#158);
#156 = CARTESIAN_POINT('',(0.,0.,0.));
#157 = DIRECTION('',(0.,0.,1.));
#158 = DIRECTION('',(1.,0.,-0.));
#159 = AXIS2_PLACEMENT_3D('',#160,#161,#162);
#160 = CARTESIAN_POINT('',(0.,0.,0.));
#161 = DIRECTION('',(0.,0.,1.));
#162 = DIRECTION('',(1.,0.,-0.));
#163 = AXIS2_PLACEMENT_3D('',#164,#165,#166);
#164 = CARTESIAN_POINT('',(0.,0.,0.));
#165 = DIRECTION('',(0.,0.,1.));
#166 = DIRECTION('',(1.,0.,-0.));
#167 = ( GEOMETRIC_REPRESENTATION_CONTEXT(3) 
GLOBAL_UNCERTAINTY_ASSIGNED_CONTEXT((#171)) GLOBAL_UNIT_ASSIGNED_CONTEXT
((#168,#169,#170)) REPRESENTATION_CONTEXT('Context #1',
  '3D Context with UNIT and UNCERTAINTY') );
#168 = ( LENGTH_UNIT() NAMED_UNIT(*) SI_UNIT(.MILLI.,.METRE.) );
#169 = ( NAMED_UNIT(*) PLANE_ANGLE_UNIT() SI_UNIT($,.RADIAN.) );
#170 = ( NAMED_UNIT(*) SI_UNIT($,.STERADIAN.) SOLID_ANGLE_UNIT() );
#171 = UNCERTAINTY_MEASURE_WITH_UNIT(LENGTH_MEASURE(5.E-07),#168,
  'distance_accuracy_value','confusion accuracy');
#172 = PRODUCT_RELATED_PRODUCT_CATEGORY('part',$,(#7));
#173 = SHAPE_DEFINITION_REPRESENTATION(#174,#180);
#174 = PRODUCT_DEFINITION_SHAPE('','',#175);
#175 = PRODUCT_DEFINITION('design','',#176,#179);
#176 = PRODUCT_DEFINITION_FORMATION('','',#177);
#177 = PRODUCT('Board','Board','',(#178));
#178 = PRODUCT_CONTEXT('',#2,'mechanical');
#179 = PRODUCT_DEFINITION_CONTEXT('part definition',#2,'design');
#180 = SHAPE_REPRESENTATION('',(#11,#181),#185);
#181 = AXIS2_PLACEMENT_3D('',#182,#183,#184);
#182 = CARTESIAN_POINT('',(0.,0.,-0.41148));
#183 = DIRECTION('',(0.,0.,1.));
#184 = DIRECTION('',(1.,0.,-0.));
#185 = ( GEOMETRIC_REPRESENTATION_CONTEXT(3) 
GLOBAL_UNCERTAINTY_ASSIGNED_CONTEXT((#189)) GLOBAL_UNIT_ASSIGNED_CONTEXT
((#186,#187,#188)) REPRESENTATION_CONTEXT('Context #1',
  '3D Context with UNIT and UNCERTAINTY') );
#186 = ( LENGTH_UNIT() NAMED_UNIT(*) SI_UNIT(.MILLI.,.METRE.) );
#187 = ( NAMED_UNIT(*) PLANE_ANGLE_UNIT() SI_UNIT($,.RADIAN.) );
#188 = ( NAMED_UNIT(*) SI_UNIT($,.STERADIAN.) SOLID_ANGLE_UNIT() );
#189 = UNCERTAINTY_MEASURE_WITH_UNIT(LENGTH_MEASURE(1.E-07),#186,
  'distance_accuracy_value','confusion accuracy');
#190 = ADVANCED_BREP_SHAPE_REPRESENTATION('',(#11,#191),#988);
#191 = MANIFOLD_SOLID_BREP('',#192);
#192 = CLOSED_SHELL('',(#193,#235,#266,#299,#330,#363,#394,#427,#449,
    #482,#515,#548,#581,#614,#647,#680,#713,#746,#779,#812,#845,#878,
    #933));
#193 = ADVANCED_FACE('',(#194),#230,.T.);
#194 = FACE_BOUND('',#195,.T.);
#195 = EDGE_LOOP('',(#196,#206,#215,#223));
#196 = ORIENTED_EDGE('',*,*,#197,.T.);
#197 = EDGE_CURVE('',#198,#200,#202,.T.);
#198 = VERTEX_POINT('',#199);
#199 = CARTESIAN_POINT('',(2.5,0.,0.));
#200 = VERTEX_POINT('',#201);
#201 = CARTESIAN_POINT('',(2.5,0.,0.41148));
#202 = LINE('',#203,#204);
#203 = CARTESIAN_POINT('',(2.5,0.,0.));
#204 = VECTOR('',#205,1.);
#205 = DIRECTION('',(0.,0.,1.));
#206 = ORIENTED_EDGE('',*,*,#207,.T.);
#207 = EDGE_CURVE('',#200,#208,#210,.T.);
#208 = VERTEX_POINT('',#209);
#209 = CARTESIAN_POINT('',(0.,2.5,0.41148));
#210 = CIRCLE('',#211,2.499204736999);
#211 = AXIS2_PLACEMENT_3D('',#212,#213,#214);
#212 = CARTESIAN_POINT('',(2.49920461043,2.49920461043,0.41148));
#213 = DIRECTION('',(0.,0.,-1.));
#214 = DIRECTION('',(3.182570673083E-04,-0.999999949356,0.));
#215 = ORIENTED_EDGE('',*,*,#216,.F.);
#216 = EDGE_CURVE('',#217,#208,#219,.T.);
#217 = VERTEX_POINT('',#218);
#218 = CARTESIAN_POINT('',(0.,2.5,0.));
#219 = LINE('',#220,#221);
#220 = CARTESIAN_POINT('',(0.,2.5,0.));
#221 = VECTOR('',#222,1.);
#222 = DIRECTION('',(0.,0.,1.));
#223 = ORIENTED_EDGE('',*,*,#224,.F.);
#224 = EDGE_CURVE('',#198,#217,#225,.T.);
#225 = CIRCLE('',#226,2.499204736999);
#226 = AXIS2_PLACEMENT_3D('',#227,#228,#229);
#227 = CARTESIAN_POINT('',(2.49920461043,2.49920461043,0.));
#228 = DIRECTION('',(0.,0.,-1.));
#229 = DIRECTION('',(3.182570673083E-04,-0.999999949356,0.));
#230 = CYLINDRICAL_SURFACE('',#231,2.499204736999);
#231 = AXIS2_PLACEMENT_3D('',#232,#233,#234);
#232 = CARTESIAN_POINT('',(2.49920461043,2.49920461043,0.));
#233 = DIRECTION('',(0.,0.,-1.));
#234 = DIRECTION('',(3.182570673083E-04,-0.999999949356,0.));
#235 = ADVANCED_FACE('',(#236),#261,.T.);
#236 = FACE_BOUND('',#237,.T.);
#237 = EDGE_LOOP('',(#238,#239,#247,#255));
#238 = ORIENTED_EDGE('',*,*,#216,.T.);
#239 = ORIENTED_EDGE('',*,*,#240,.T.);
#240 = EDGE_CURVE('',#208,#241,#243,.T.);
#241 = VERTEX_POINT('',#242);
#242 = CARTESIAN_POINT('',(2.22044604925E-16,35.,0.41148));
#243 = LINE('',#244,#245);
#244 = CARTESIAN_POINT('',(0.,2.5,0.41148));
#245 = VECTOR('',#246,1.);
#246 = DIRECTION('',(0.,1.,0.));
#247 = ORIENTED_EDGE('',*,*,#248,.F.);
#248 = EDGE_CURVE('',#249,#241,#251,.T.);
#249 = VERTEX_POINT('',#250);
#250 = CARTESIAN_POINT('',(2.22044604925E-16,35.,0.));
#251 = LINE('',#252,#253);
#252 = CARTESIAN_POINT('',(2.22044604925E-16,35.,0.));
#253 = VECTOR('',#254,1.);
#254 = DIRECTION('',(0.,0.,1.));
#255 = ORIENTED_EDGE('',*,*,#256,.F.);
#256 = EDGE_CURVE('',#217,#249,#257,.T.);
#257 = LINE('',#258,#259);
#258 = CARTESIAN_POINT('',(0.,2.5,0.));
#259 = VECTOR('',#260,1.);
#260 = DIRECTION('',(0.,1.,0.));
#261 = PLANE('',#262);
#262 = AXIS2_PLACEMENT_3D('',#263,#264,#265);
#263 = CARTESIAN_POINT('',(0.,2.5,0.));
#264 = DIRECTION('',(-1.,0.,0.));
#265 = DIRECTION('',(0.,1.,0.));
#266 = ADVANCED_FACE('',(#267),#294,.T.);
#267 = FACE_BOUND('',#268,.T.);
#268 = EDGE_LOOP('',(#269,#270,#279,#287));
#269 = ORIENTED_EDGE('',*,*,#248,.T.);
#270 = ORIENTED_EDGE('',*,*,#271,.T.);
#271 = EDGE_CURVE('',#241,#272,#274,.T.);
#272 = VERTEX_POINT('',#273);
#273 = CARTESIAN_POINT('',(2.5,37.5,0.41148));
#274 = CIRCLE('',#275,2.499202094337);
#275 = AXIS2_PLACEMENT_3D('',#276,#277,#278);
#276 = CARTESIAN_POINT('',(2.499201966925,35.000798033075,0.41148));
#277 = DIRECTION('',(0.,0.,-1.));
#278 = DIRECTION('',(-0.999999949019,-3.19315143262E-04,-0.));
#279 = ORIENTED_EDGE('',*,*,#280,.F.);
#280 = EDGE_CURVE('',#281,#272,#283,.T.);
#281 = VERTEX_POINT('',#282);
#282 = CARTESIAN_POINT('',(2.5,37.5,0.));
#283 = LINE('',#284,#285);
#284 = CARTESIAN_POINT('',(2.5,37.5,0.));
#285 = VECTOR('',#286,1.);
#286 = DIRECTION('',(0.,0.,1.));
#287 = ORIENTED_EDGE('',*,*,#288,.F.);
#288 = EDGE_CURVE('',#249,#281,#289,.T.);
#289 = CIRCLE('',#290,2.499202094337);
#290 = AXIS2_PLACEMENT_3D('',#291,#292,#293);
#291 = CARTESIAN_POINT('',(2.499201966925,35.000798033075,0.));
#292 = DIRECTION('',(0.,0.,-1.));
#293 = DIRECTION('',(-0.999999949019,-3.19315143262E-04,-0.));
#294 = CYLINDRICAL_SURFACE('',#295,2.499202094337);
#295 = AXIS2_PLACEMENT_3D('',#296,#297,#298);
#296 = CARTESIAN_POINT('',(2.499201966925,35.000798033075,0.));
#297 = DIRECTION('',(0.,0.,-1.));
#298 = DIRECTION('',(-0.999999949019,-3.19315143262E-04,-0.));
#299 = ADVANCED_FACE('',(#300),#325,.T.);
#300 = FACE_BOUND('',#301,.T.);
#301 = EDGE_LOOP('',(#302,#303,#311,#319));
#302 = ORIENTED_EDGE('',*,*,#280,.T.);
#303 = ORIENTED_EDGE('',*,*,#304,.T.);
#304 = EDGE_CURVE('',#272,#305,#307,.T.);
#305 = VERTEX_POINT('',#306);
#306 = CARTESIAN_POINT('',(35.,37.5,0.41148));
#307 = LINE('',#308,#309);
#308 = CARTESIAN_POINT('',(2.5,37.5,0.41148));
#309 = VECTOR('',#310,1.);
#310 = DIRECTION('',(1.,0.,0.));
#311 = ORIENTED_EDGE('',*,*,#312,.F.);
#312 = EDGE_CURVE('',#313,#305,#315,.T.);
#313 = VERTEX_POINT('',#314);
#314 = CARTESIAN_POINT('',(35.,37.5,0.));
#315 = LINE('',#316,#317);
#316 = CARTESIAN_POINT('',(35.,37.5,0.));
#317 = VECTOR('',#318,1.);
#318 = DIRECTION('',(0.,0.,1.));
#319 = ORIENTED_EDGE('',*,*,#320,.F.);
#320 = EDGE_CURVE('',#281,#313,#321,.T.);
#321 = LINE('',#322,#323);
#322 = CARTESIAN_POINT('',(2.5,37.5,0.));
#323 = VECTOR('',#324,1.);
#324 = DIRECTION('',(1.,0.,0.));
#325 = PLANE('',#326);
#326 = AXIS2_PLACEMENT_3D('',#327,#328,#329);
#327 = CARTESIAN_POINT('',(2.5,37.5,0.));
#328 = DIRECTION('',(0.,1.,0.));
#329 = DIRECTION('',(1.,0.,0.));
#330 = ADVANCED_FACE('',(#331),#358,.T.);
#331 = FACE_BOUND('',#332,.T.);
#332 = EDGE_LOOP('',(#333,#334,#343,#351));
#333 = ORIENTED_EDGE('',*,*,#312,.T.);
#334 = ORIENTED_EDGE('',*,*,#335,.T.);
#335 = EDGE_CURVE('',#305,#336,#338,.T.);
#336 = VERTEX_POINT('',#337);
#337 = CARTESIAN_POINT('',(37.5,35.,0.41148));
#338 = CIRCLE('',#339,2.499199451686);
#339 = AXIS2_PLACEMENT_3D('',#340,#341,#342);
#340 = CARTESIAN_POINT('',(35.000800676571,35.000800676571,0.41148));
#341 = DIRECTION('',(0.,0.,-1.));
#342 = DIRECTION('',(-3.203732182877E-04,0.99999994868,0.));
#343 = ORIENTED_EDGE('',*,*,#344,.F.);
#344 = EDGE_CURVE('',#345,#336,#347,.T.);
#345 = VERTEX_POINT('',#346);
#346 = CARTESIAN_POINT('',(37.5,35.,0.));
#347 = LINE('',#348,#349);
#348 = CARTESIAN_POINT('',(37.5,35.,0.));
#349 = VECTOR('',#350,1.);
#350 = DIRECTION('',(0.,0.,1.));
#351 = ORIENTED_EDGE('',*,*,#352,.F.);
#352 = EDGE_CURVE('',#313,#345,#353,.T.);
#353 = CIRCLE('',#354,2.499199451686);
#354 = AXIS2_PLACEMENT_3D('',#355,#356,#357);
#355 = CARTESIAN_POINT('',(35.000800676571,35.000800676571,0.));
#356 = DIRECTION('',(0.,0.,-1.));
#357 = DIRECTION('',(-3.203732182877E-04,0.99999994868,0.));
#358 = CYLINDRICAL_SURFACE('',#359,2.499199451686);
#359 = AXIS2_PLACEMENT_3D('',#360,#361,#362);
#360 = CARTESIAN_POINT('',(35.000800676571,35.000800676571,0.));
#361 = DIRECTION('',(0.,0.,-1.));
#362 = DIRECTION('',(-3.203732182877E-04,0.99999994868,0.));
#363 = ADVANCED_FACE('',(#364),#389,.T.);
#364 = FACE_BOUND('',#365,.T.);
#365 = EDGE_LOOP('',(#366,#367,#375,#383));
#366 = ORIENTED_EDGE('',*,*,#344,.T.);
#367 = ORIENTED_EDGE('',*,*,#368,.T.);
#368 = EDGE_CURVE('',#336,#369,#371,.T.);
#369 = VERTEX_POINT('',#370);
#370 = CARTESIAN_POINT('',(37.5,2.5,0.41148));
#371 = LINE('',#372,#373);
#372 = CARTESIAN_POINT('',(37.5,35.,0.41148));
#373 = VECTOR('',#374,1.);
#374 = DIRECTION('',(0.,-1.,0.));
#375 = ORIENTED_EDGE('',*,*,#376,.F.);
#376 = EDGE_CURVE('',#377,#369,#379,.T.);
#377 = VERTEX_POINT('',#378);
#378 = CARTESIAN_POINT('',(37.5,2.5,0.));
#379 = LINE('',#380,#381);
#380 = CARTESIAN_POINT('',(37.5,2.5,0.));
#381 = VECTOR('',#382,1.);
#382 = DIRECTION('',(0.,0.,1.));
#383 = ORIENTED_EDGE('',*,*,#384,.F.);
#384 = EDGE_CURVE('',#345,#377,#385,.T.);
#385 = LINE('',#386,#387);
#386 = CARTESIAN_POINT('',(37.5,35.,0.));
#387 = VECTOR('',#388,1.);
#388 = DIRECTION('',(0.,-1.,0.));
#389 = PLANE('',#390);
#390 = AXIS2_PLACEMENT_3D('',#391,#392,#393);
#391 = CARTESIAN_POINT('',(37.5,35.,0.));
#392 = DIRECTION('',(1.,0.,-0.));
#393 = DIRECTION('',(0.,-1.,0.));
#394 = ADVANCED_FACE('',(#395),#422,.T.);
#395 = FACE_BOUND('',#396,.T.);
#396 = EDGE_LOOP('',(#397,#398,#407,#415));
#397 = ORIENTED_EDGE('',*,*,#376,.T.);
#398 = ORIENTED_EDGE('',*,*,#399,.T.);
#399 = EDGE_CURVE('',#369,#400,#402,.T.);
#400 = VERTEX_POINT('',#401);
#401 = CARTESIAN_POINT('',(35.,4.440892098501E-16,0.41148));
#402 = CIRCLE('',#403,2.499202094337);
#403 = AXIS2_PLACEMENT_3D('',#404,#405,#406);
#404 = CARTESIAN_POINT('',(35.000798033075,2.499201966925,0.41148));
#405 = DIRECTION('',(0.,0.,-1.));
#406 = DIRECTION('',(0.999999949019,3.193151432617E-04,0.));
#407 = ORIENTED_EDGE('',*,*,#408,.F.);
#408 = EDGE_CURVE('',#409,#400,#411,.T.);
#409 = VERTEX_POINT('',#410);
#410 = CARTESIAN_POINT('',(35.,4.440892098501E-16,0.));
#411 = LINE('',#412,#413);
#412 = CARTESIAN_POINT('',(35.,4.440892098501E-16,0.));
#413 = VECTOR('',#414,1.);
#414 = DIRECTION('',(0.,0.,1.));
#415 = ORIENTED_EDGE('',*,*,#416,.F.);
#416 = EDGE_CURVE('',#377,#409,#417,.T.);
#417 = CIRCLE('',#418,2.499202094337);
#418 = AXIS2_PLACEMENT_3D('',#419,#420,#421);
#419 = CARTESIAN_POINT('',(35.000798033075,2.499201966925,0.));
#420 = DIRECTION('',(0.,0.,-1.));
#421 = DIRECTION('',(0.999999949019,3.193151432617E-04,0.));
#422 = CYLINDRICAL_SURFACE('',#423,2.499202094337);
#423 = AXIS2_PLACEMENT_3D('',#424,#425,#426);
#424 = CARTESIAN_POINT('',(35.000798033075,2.499201966925,0.));
#425 = DIRECTION('',(0.,0.,-1.));
#426 = DIRECTION('',(0.999999949019,3.193151432617E-04,0.));
#427 = ADVANCED_FACE('',(#428),#444,.T.);
#428 = FACE_BOUND('',#429,.T.);
#429 = EDGE_LOOP('',(#430,#431,#437,#438));
#430 = ORIENTED_EDGE('',*,*,#408,.T.);
#431 = ORIENTED_EDGE('',*,*,#432,.T.);
#432 = EDGE_CURVE('',#400,#200,#433,.T.);
#433 = LINE('',#434,#435);
#434 = CARTESIAN_POINT('',(35.,0.,0.41148));
#435 = VECTOR('',#436,1.);
#436 = DIRECTION('',(-1.,0.,0.));
#437 = ORIENTED_EDGE('',*,*,#197,.F.);
#438 = ORIENTED_EDGE('',*,*,#439,.F.);
#439 = EDGE_CURVE('',#409,#198,#440,.T.);
#440 = LINE('',#441,#442);
#441 = CARTESIAN_POINT('',(35.,0.,0.));
#442 = VECTOR('',#443,1.);
#443 = DIRECTION('',(-1.,0.,0.));
#444 = PLANE('',#445);
#445 = AXIS2_PLACEMENT_3D('',#446,#447,#448);
#446 = CARTESIAN_POINT('',(35.,0.,0.));
#447 = DIRECTION('',(0.,-1.,0.));
#448 = DIRECTION('',(-1.,0.,0.));
#449 = ADVANCED_FACE('',(#450),#477,.T.);
#450 = FACE_BOUND('',#451,.F.);
#451 = EDGE_LOOP('',(#452,#462,#469,#470));
#452 = ORIENTED_EDGE('',*,*,#453,.T.);
#453 = EDGE_CURVE('',#454,#456,#458,.T.);
#454 = VERTEX_POINT('',#455);
#455 = CARTESIAN_POINT('',(6.1,5.,0.));
#456 = VERTEX_POINT('',#457);
#457 = CARTESIAN_POINT('',(6.1,5.,0.41148));
#458 = LINE('',#459,#460);
#459 = CARTESIAN_POINT('',(6.1,5.,0.));
#460 = VECTOR('',#461,1.);
#461 = DIRECTION('',(0.,0.,1.));
#462 = ORIENTED_EDGE('',*,*,#463,.T.);
#463 = EDGE_CURVE('',#456,#456,#464,.T.);
#464 = CIRCLE('',#465,1.1);
#465 = AXIS2_PLACEMENT_3D('',#466,#467,#468);
#466 = CARTESIAN_POINT('',(5.,5.,0.41148));
#467 = DIRECTION('',(0.,0.,1.));
#468 = DIRECTION('',(1.,0.,-0.));
#469 = ORIENTED_EDGE('',*,*,#453,.F.);
#470 = ORIENTED_EDGE('',*,*,#471,.F.);
#471 = EDGE_CURVE('',#454,#454,#472,.T.);
#472 = CIRCLE('',#473,1.1);
#473 = AXIS2_PLACEMENT_3D('',#474,#475,#476);
#474 = CARTESIAN_POINT('',(5.,5.,0.));
#475 = DIRECTION('',(0.,0.,1.));
#476 = DIRECTION('',(1.,0.,-0.));
#477 = CYLINDRICAL_SURFACE('',#478,1.1);
#478 = AXIS2_PLACEMENT_3D('',#479,#480,#481);
#479 = CARTESIAN_POINT('',(5.,5.,0.));
#480 = DIRECTION('',(-0.,-0.,-1.));
#481 = DIRECTION('',(1.,0.,-0.));
#482 = ADVANCED_FACE('',(#483),#510,.T.);
#483 = FACE_BOUND('',#484,.F.);
#484 = EDGE_LOOP('',(#485,#495,#502,#503));
#485 = ORIENTED_EDGE('',*,*,#486,.T.);
#486 = EDGE_CURVE('',#487,#489,#491,.T.);
#487 = VERTEX_POINT('',#488);
#488 = CARTESIAN_POINT('',(16.41,7.7,0.));
#489 = VERTEX_POINT('',#490);
#490 = CARTESIAN_POINT('',(16.41,7.7,0.41148));
#491 = LINE('',#492,#493);
#492 = CARTESIAN_POINT('',(16.41,7.7,0.));
#493 = VECTOR('',#494,1.);
#494 = DIRECTION('',(0.,0.,1.));
#495 = ORIENTED_EDGE('',*,*,#496,.T.);
#496 = EDGE_CURVE('',#489,#489,#497,.T.);
#497 = CIRCLE('',#498,0.45);
#498 = AXIS2_PLACEMENT_3D('',#499,#500,#501);
#499 = CARTESIAN_POINT('',(15.96,7.7,0.41148));
#500 = DIRECTION('',(0.,0.,1.));
#501 = DIRECTION('',(1.,0.,-0.));
#502 = ORIENTED_EDGE('',*,*,#486,.F.);
#503 = ORIENTED_EDGE('',*,*,#504,.F.);
#504 = EDGE_CURVE('',#487,#487,#505,.T.);
#505 = CIRCLE('',#506,0.45);
#506 = AXIS2_PLACEMENT_3D('',#507,#508,#509);
#507 = CARTESIAN_POINT('',(15.96,7.7,0.));
#508 = DIRECTION('',(0.,0.,1.));
#509 = DIRECTION('',(1.,0.,-0.));
#510 = CYLINDRICAL_SURFACE('',#511,0.45);
#511 = AXIS2_PLACEMENT_3D('',#512,#513,#514);
#512 = CARTESIAN_POINT('',(15.96,7.7,0.));
#513 = DIRECTION('',(-0.,-0.,-1.));
#514 = DIRECTION('',(1.,0.,-0.));
#515 = ADVANCED_FACE('',(#516),#543,.T.);
#516 = FACE_BOUND('',#517,.F.);
#517 = EDGE_LOOP('',(#518,#528,#535,#536));
#518 = ORIENTED_EDGE('',*,*,#519,.T.);
#519 = EDGE_CURVE('',#520,#522,#524,.T.);
#520 = VERTEX_POINT('',#521);
#521 = CARTESIAN_POINT('',(13.85,10.,0.));
#522 = VERTEX_POINT('',#523);
#523 = CARTESIAN_POINT('',(13.85,10.,0.41148));
#524 = LINE('',#525,#526);
#525 = CARTESIAN_POINT('',(13.85,10.,0.));
#526 = VECTOR('',#527,1.);
#527 = DIRECTION('',(0.,0.,1.));
#528 = ORIENTED_EDGE('',*,*,#529,.T.);
#529 = EDGE_CURVE('',#522,#522,#530,.T.);
#530 = CIRCLE('',#531,1.1);
#531 = AXIS2_PLACEMENT_3D('',#532,#533,#534);
#532 = CARTESIAN_POINT('',(12.75,10.,0.41148));
#533 = DIRECTION('',(0.,0.,1.));
#534 = DIRECTION('',(1.,0.,-0.));
#535 = ORIENTED_EDGE('',*,*,#519,.F.);
#536 = ORIENTED_EDGE('',*,*,#537,.F.);
#537 = EDGE_CURVE('',#520,#520,#538,.T.);
#538 = CIRCLE('',#539,1.1);
#539 = AXIS2_PLACEMENT_3D('',#540,#541,#542);
#540 = CARTESIAN_POINT('',(12.75,10.,0.));
#541 = DIRECTION('',(0.,0.,1.));
#542 = DIRECTION('',(1.,0.,-0.));
#543 = CYLINDRICAL_SURFACE('',#544,1.1);
#544 = AXIS2_PLACEMENT_3D('',#545,#546,#547);
#545 = CARTESIAN_POINT('',(12.75,10.,0.));
#546 = DIRECTION('',(-0.,-0.,-1.));
#547 = DIRECTION('',(1.,0.,-0.));
#548 = ADVANCED_FACE('',(#549),#576,.T.);
#549 = FACE_BOUND('',#550,.F.);
#550 = EDGE_LOOP('',(#551,#561,#568,#569));
#551 = ORIENTED_EDGE('',*,*,#552,.T.);
#552 = EDGE_CURVE('',#553,#555,#557,.T.);
#553 = VERTEX_POINT('',#554);
#554 = CARTESIAN_POINT('',(6.1,32.5,0.));
#555 = VERTEX_POINT('',#556);
#556 = CARTESIAN_POINT('',(6.1,32.5,0.41148));
#557 = LINE('',#558,#559);
#558 = CARTESIAN_POINT('',(6.1,32.5,0.));
#559 = VECTOR('',#560,1.);
#560 = DIRECTION('',(0.,0.,1.));
#561 = ORIENTED_EDGE('',*,*,#562,.T.);
#562 = EDGE_CURVE('',#555,#555,#563,.T.);
#563 = CIRCLE('',#564,1.1);
#564 = AXIS2_PLACEMENT_3D('',#565,#566,#567);
#565 = CARTESIAN_POINT('',(5.,32.5,0.41148));
#566 = DIRECTION('',(0.,0.,1.));
#567 = DIRECTION('',(1.,0.,-0.));
#568 = ORIENTED_EDGE('',*,*,#552,.F.);
#569 = ORIENTED_EDGE('',*,*,#570,.F.);
#570 = EDGE_CURVE('',#553,#553,#571,.T.);
#571 = CIRCLE('',#572,1.1);
#572 = AXIS2_PLACEMENT_3D('',#573,#574,#575);
#573 = CARTESIAN_POINT('',(5.,32.5,0.));
#574 = DIRECTION('',(0.,0.,1.));
#575 = DIRECTION('',(1.,0.,-0.));
#576 = CYLINDRICAL_SURFACE('',#577,1.1);
#577 = AXIS2_PLACEMENT_3D('',#578,#579,#580);
#578 = CARTESIAN_POINT('',(5.,32.5,0.));
#579 = DIRECTION('',(-0.,-0.,-1.));
#580 = DIRECTION('',(1.,0.,-0.));
#581 = ADVANCED_FACE('',(#582),#609,.T.);
#582 = FACE_BOUND('',#583,.F.);
#583 = EDGE_LOOP('',(#584,#594,#601,#602));
#584 = ORIENTED_EDGE('',*,*,#585,.T.);
#585 = EDGE_CURVE('',#586,#588,#590,.T.);
#586 = VERTEX_POINT('',#587);
#587 = CARTESIAN_POINT('',(10.2,15.71,0.));
#588 = VERTEX_POINT('',#589);
#589 = CARTESIAN_POINT('',(10.2,15.71,0.41148));
#590 = LINE('',#591,#592);
#591 = CARTESIAN_POINT('',(10.2,15.71,0.));
#592 = VECTOR('',#593,1.);
#593 = DIRECTION('',(0.,0.,1.));
#594 = ORIENTED_EDGE('',*,*,#595,.T.);
#595 = EDGE_CURVE('',#588,#588,#596,.T.);
#596 = CIRCLE('',#597,0.45);
#597 = AXIS2_PLACEMENT_3D('',#598,#599,#600);
#598 = CARTESIAN_POINT('',(9.75,15.71,0.41148));
#599 = DIRECTION('',(0.,0.,1.));
#600 = DIRECTION('',(1.,0.,-0.));
#601 = ORIENTED_EDGE('',*,*,#585,.F.);
#602 = ORIENTED_EDGE('',*,*,#603,.F.);
#603 = EDGE_CURVE('',#586,#586,#604,.T.);
#604 = CIRCLE('',#605,0.45);
#605 = AXIS2_PLACEMENT_3D('',#606,#607,#608);
#606 = CARTESIAN_POINT('',(9.75,15.71,0.));
#607 = DIRECTION('',(0.,0.,1.));
#608 = DIRECTION('',(1.,0.,-0.));
#609 = CYLINDRICAL_SURFACE('',#610,0.45);
#610 = AXIS2_PLACEMENT_3D('',#611,#612,#613);
#611 = CARTESIAN_POINT('',(9.75,15.71,0.));
#612 = DIRECTION('',(-0.,-0.,-1.));
#613 = DIRECTION('',(1.,0.,-0.));
#614 = ADVANCED_FACE('',(#615),#642,.T.);
#615 = FACE_BOUND('',#616,.F.);
#616 = EDGE_LOOP('',(#617,#627,#634,#635));
#617 = ORIENTED_EDGE('',*,*,#618,.T.);
#618 = EDGE_CURVE('',#619,#621,#623,.T.);
#619 = VERTEX_POINT('',#620);
#620 = CARTESIAN_POINT('',(10.2,18.25,0.));
#621 = VERTEX_POINT('',#622);
#622 = CARTESIAN_POINT('',(10.2,18.25,0.41148));
#623 = LINE('',#624,#625);
#624 = CARTESIAN_POINT('',(10.2,18.25,0.));
#625 = VECTOR('',#626,1.);
#626 = DIRECTION('',(0.,0.,1.));
#627 = ORIENTED_EDGE('',*,*,#628,.T.);
#628 = EDGE_CURVE('',#621,#621,#629,.T.);
#629 = CIRCLE('',#630,0.45);
#630 = AXIS2_PLACEMENT_3D('',#631,#632,#633);
#631 = CARTESIAN_POINT('',(9.75,18.25,0.41148));
#632 = DIRECTION('',(0.,0.,1.));
#633 = DIRECTION('',(1.,0.,-0.));
#634 = ORIENTED_EDGE('',*,*,#618,.F.);
#635 = ORIENTED_EDGE('',*,*,#636,.F.);
#636 = EDGE_CURVE('',#619,#619,#637,.T.);
#637 = CIRCLE('',#638,0.45);
#638 = AXIS2_PLACEMENT_3D('',#639,#640,#641);
#639 = CARTESIAN_POINT('',(9.75,18.25,0.));
#640 = DIRECTION('',(0.,0.,1.));
#641 = DIRECTION('',(1.,0.,-0.));
#642 = CYLINDRICAL_SURFACE('',#643,0.45);
#643 = AXIS2_PLACEMENT_3D('',#644,#645,#646);
#644 = CARTESIAN_POINT('',(9.75,18.25,0.));
#645 = DIRECTION('',(-0.,-0.,-1.));
#646 = DIRECTION('',(1.,0.,-0.));
#647 = ADVANCED_FACE('',(#648),#675,.T.);
#648 = FACE_BOUND('',#649,.F.);
#649 = EDGE_LOOP('',(#650,#660,#667,#668));
#650 = ORIENTED_EDGE('',*,*,#651,.T.);
#651 = EDGE_CURVE('',#652,#654,#656,.T.);
#652 = VERTEX_POINT('',#653);
#653 = CARTESIAN_POINT('',(18.95,7.7,0.));
#654 = VERTEX_POINT('',#655);
#655 = CARTESIAN_POINT('',(18.95,7.7,0.41148));
#656 = LINE('',#657,#658);
#657 = CARTESIAN_POINT('',(18.95,7.7,0.));
#658 = VECTOR('',#659,1.);
#659 = DIRECTION('',(0.,0.,1.));
#660 = ORIENTED_EDGE('',*,*,#661,.T.);
#661 = EDGE_CURVE('',#654,#654,#662,.T.);
#662 = CIRCLE('',#663,0.45);
#663 = AXIS2_PLACEMENT_3D('',#664,#665,#666);
#664 = CARTESIAN_POINT('',(18.5,7.7,0.41148));
#665 = DIRECTION('',(0.,0.,1.));
#666 = DIRECTION('',(1.,0.,-0.));
#667 = ORIENTED_EDGE('',*,*,#651,.F.);
#668 = ORIENTED_EDGE('',*,*,#669,.F.);
#669 = EDGE_CURVE('',#652,#652,#670,.T.);
#670 = CIRCLE('',#671,0.45);
#671 = AXIS2_PLACEMENT_3D('',#672,#673,#674);
#672 = CARTESIAN_POINT('',(18.5,7.7,0.));
#673 = DIRECTION('',(0.,0.,1.));
#674 = DIRECTION('',(1.,0.,-0.));
#675 = CYLINDRICAL_SURFACE('',#676,0.45);
#676 = AXIS2_PLACEMENT_3D('',#677,#678,#679);
#677 = CARTESIAN_POINT('',(18.5,7.7,0.));
#678 = DIRECTION('',(-0.,-0.,-1.));
#679 = DIRECTION('',(1.,0.,-0.));
#680 = ADVANCED_FACE('',(#681),#708,.T.);
#681 = FACE_BOUND('',#682,.F.);
#682 = EDGE_LOOP('',(#683,#693,#700,#701));
#683 = ORIENTED_EDGE('',*,*,#684,.T.);
#684 = EDGE_CURVE('',#685,#687,#689,.T.);
#685 = VERTEX_POINT('',#686);
#686 = CARTESIAN_POINT('',(33.6,5.,0.));
#687 = VERTEX_POINT('',#688);
#688 = CARTESIAN_POINT('',(33.6,5.,0.41148));
#689 = LINE('',#690,#691);
#690 = CARTESIAN_POINT('',(33.6,5.,0.));
#691 = VECTOR('',#692,1.);
#692 = DIRECTION('',(0.,0.,1.));
#693 = ORIENTED_EDGE('',*,*,#694,.T.);
#694 = EDGE_CURVE('',#687,#687,#695,.T.);
#695 = CIRCLE('',#696,1.1);
#696 = AXIS2_PLACEMENT_3D('',#697,#698,#699);
#697 = CARTESIAN_POINT('',(32.5,5.,0.41148));
#698 = DIRECTION('',(0.,0.,1.));
#699 = DIRECTION('',(1.,0.,-0.));
#700 = ORIENTED_EDGE('',*,*,#684,.F.);
#701 = ORIENTED_EDGE('',*,*,#702,.F.);
#702 = EDGE_CURVE('',#685,#685,#703,.T.);
#703 = CIRCLE('',#704,1.1);
#704 = AXIS2_PLACEMENT_3D('',#705,#706,#707);
#705 = CARTESIAN_POINT('',(32.5,5.,0.));
#706 = DIRECTION('',(0.,0.,1.));
#707 = DIRECTION('',(1.,0.,-0.));
#708 = CYLINDRICAL_SURFACE('',#709,1.1);
#709 = AXIS2_PLACEMENT_3D('',#710,#711,#712);
#710 = CARTESIAN_POINT('',(32.5,5.,0.));
#711 = DIRECTION('',(-0.,-0.,-1.));
#712 = DIRECTION('',(1.,0.,-0.));
#713 = ADVANCED_FACE('',(#714),#741,.T.);
#714 = FACE_BOUND('',#715,.F.);
#715 = EDGE_LOOP('',(#716,#726,#733,#734));
#716 = ORIENTED_EDGE('',*,*,#717,.T.);
#717 = EDGE_CURVE('',#718,#720,#722,.T.);
#718 = VERTEX_POINT('',#719);
#719 = CARTESIAN_POINT('',(28.35,25.,0.));
#720 = VERTEX_POINT('',#721);
#721 = CARTESIAN_POINT('',(28.35,25.,0.41148));
#722 = LINE('',#723,#724);
#723 = CARTESIAN_POINT('',(28.35,25.,0.));
#724 = VECTOR('',#725,1.);
#725 = DIRECTION('',(0.,0.,1.));
#726 = ORIENTED_EDGE('',*,*,#727,.T.);
#727 = EDGE_CURVE('',#720,#720,#728,.T.);
#728 = CIRCLE('',#729,1.1);
#729 = AXIS2_PLACEMENT_3D('',#730,#731,#732);
#730 = CARTESIAN_POINT('',(27.25,25.,0.41148));
#731 = DIRECTION('',(0.,0.,1.));
#732 = DIRECTION('',(1.,0.,-0.));
#733 = ORIENTED_EDGE('',*,*,#717,.F.);
#734 = ORIENTED_EDGE('',*,*,#735,.F.);
#735 = EDGE_CURVE('',#718,#718,#736,.T.);
#736 = CIRCLE('',#737,1.1);
#737 = AXIS2_PLACEMENT_3D('',#738,#739,#740);
#738 = CARTESIAN_POINT('',(27.25,25.,0.));
#739 = DIRECTION('',(0.,0.,1.));
#740 = DIRECTION('',(1.,0.,-0.));
#741 = CYLINDRICAL_SURFACE('',#742,1.1);
#742 = AXIS2_PLACEMENT_3D('',#743,#744,#745);
#743 = CARTESIAN_POINT('',(27.25,25.,0.));
#744 = DIRECTION('',(-0.,-0.,-1.));
#745 = DIRECTION('',(1.,0.,-0.));
#746 = ADVANCED_FACE('',(#747),#774,.T.);
#747 = FACE_BOUND('',#748,.F.);
#748 = EDGE_LOOP('',(#749,#759,#766,#767));
#749 = ORIENTED_EDGE('',*,*,#750,.T.);
#750 = EDGE_CURVE('',#751,#753,#755,.T.);
#751 = VERTEX_POINT('',#752);
#752 = CARTESIAN_POINT('',(22.85,28.,0.));
#753 = VERTEX_POINT('',#754);
#754 = CARTESIAN_POINT('',(22.85,28.,0.41148));
#755 = LINE('',#756,#757);
#756 = CARTESIAN_POINT('',(22.85,28.,0.));
#757 = VECTOR('',#758,1.);
#758 = DIRECTION('',(0.,0.,1.));
#759 = ORIENTED_EDGE('',*,*,#760,.T.);
#760 = EDGE_CURVE('',#753,#753,#761,.T.);
#761 = CIRCLE('',#762,0.45);
#762 = AXIS2_PLACEMENT_3D('',#763,#764,#765);
#763 = CARTESIAN_POINT('',(22.4,28.,0.41148));
#764 = DIRECTION('',(0.,0.,1.));
#765 = DIRECTION('',(1.,0.,-0.));
#766 = ORIENTED_EDGE('',*,*,#750,.F.);
#767 = ORIENTED_EDGE('',*,*,#768,.F.);
#768 = EDGE_CURVE('',#751,#751,#769,.T.);
#769 = CIRCLE('',#770,0.45);
#770 = AXIS2_PLACEMENT_3D('',#771,#772,#773);
#771 = CARTESIAN_POINT('',(22.4,28.,0.));
#772 = DIRECTION('',(0.,0.,1.));
#773 = DIRECTION('',(1.,0.,-0.));
#774 = CYLINDRICAL_SURFACE('',#775,0.45);
#775 = AXIS2_PLACEMENT_3D('',#776,#777,#778);
#776 = CARTESIAN_POINT('',(22.4,28.,0.));
#777 = DIRECTION('',(-0.,-0.,-1.));
#778 = DIRECTION('',(1.,0.,-0.));
#779 = ADVANCED_FACE('',(#780),#807,.T.);
#780 = FACE_BOUND('',#781,.F.);
#781 = EDGE_LOOP('',(#782,#792,#799,#800));
#782 = ORIENTED_EDGE('',*,*,#783,.T.);
#783 = EDGE_CURVE('',#784,#786,#788,.T.);
#784 = VERTEX_POINT('',#785);
#785 = CARTESIAN_POINT('',(20.31,28.,0.));
#786 = VERTEX_POINT('',#787);
#787 = CARTESIAN_POINT('',(20.31,28.,0.41148));
#788 = LINE('',#789,#790);
#789 = CARTESIAN_POINT('',(20.31,28.,0.));
#790 = VECTOR('',#791,1.);
#791 = DIRECTION('',(0.,0.,1.));
#792 = ORIENTED_EDGE('',*,*,#793,.T.);
#793 = EDGE_CURVE('',#786,#786,#794,.T.);
#794 = CIRCLE('',#795,0.45);
#795 = AXIS2_PLACEMENT_3D('',#796,#797,#798);
#796 = CARTESIAN_POINT('',(19.86,28.,0.41148));
#797 = DIRECTION('',(0.,0.,1.));
#798 = DIRECTION('',(1.,0.,-0.));
#799 = ORIENTED_EDGE('',*,*,#783,.F.);
#800 = ORIENTED_EDGE('',*,*,#801,.F.);
#801 = EDGE_CURVE('',#784,#784,#802,.T.);
#802 = CIRCLE('',#803,0.45);
#803 = AXIS2_PLACEMENT_3D('',#804,#805,#806);
#804 = CARTESIAN_POINT('',(19.86,28.,0.));
#805 = DIRECTION('',(0.,0.,1.));
#806 = DIRECTION('',(1.,0.,-0.));
#807 = CYLINDRICAL_SURFACE('',#808,0.45);
#808 = AXIS2_PLACEMENT_3D('',#809,#810,#811);
#809 = CARTESIAN_POINT('',(19.86,28.,0.));
#810 = DIRECTION('',(-0.,-0.,-1.));
#811 = DIRECTION('',(1.,0.,-0.));
#812 = ADVANCED_FACE('',(#813),#840,.T.);
#813 = FACE_BOUND('',#814,.F.);
#814 = EDGE_LOOP('',(#815,#825,#832,#833));
#815 = ORIENTED_EDGE('',*,*,#816,.T.);
#816 = EDGE_CURVE('',#817,#819,#821,.T.);
#817 = VERTEX_POINT('',#818);
#818 = CARTESIAN_POINT('',(25.39,28.,0.));
#819 = VERTEX_POINT('',#820);
#820 = CARTESIAN_POINT('',(25.39,28.,0.41148));
#821 = LINE('',#822,#823);
#822 = CARTESIAN_POINT('',(25.39,28.,0.));
#823 = VECTOR('',#824,1.);
#824 = DIRECTION('',(0.,0.,1.));
#825 = ORIENTED_EDGE('',*,*,#826,.T.);
#826 = EDGE_CURVE('',#819,#819,#827,.T.);
#827 = CIRCLE('',#828,0.45);
#828 = AXIS2_PLACEMENT_3D('',#829,#830,#831);
#829 = CARTESIAN_POINT('',(24.94,28.,0.41148));
#830 = DIRECTION('',(0.,0.,1.));
#831 = DIRECTION('',(1.,0.,-0.));
#832 = ORIENTED_EDGE('',*,*,#816,.F.);
#833 = ORIENTED_EDGE('',*,*,#834,.F.);
#834 = EDGE_CURVE('',#817,#817,#835,.T.);
#835 = CIRCLE('',#836,0.45);
#836 = AXIS2_PLACEMENT_3D('',#837,#838,#839);
#837 = CARTESIAN_POINT('',(24.94,28.,0.));
#838 = DIRECTION('',(0.,0.,1.));
#839 = DIRECTION('',(1.,0.,-0.));
#840 = CYLINDRICAL_SURFACE('',#841,0.45);
#841 = AXIS2_PLACEMENT_3D('',#842,#843,#844);
#842 = CARTESIAN_POINT('',(24.94,28.,0.));
#843 = DIRECTION('',(-0.,-0.,-1.));
#844 = DIRECTION('',(1.,0.,-0.));
#845 = ADVANCED_FACE('',(#846),#873,.T.);
#846 = FACE_BOUND('',#847,.F.);
#847 = EDGE_LOOP('',(#848,#858,#865,#866));
#848 = ORIENTED_EDGE('',*,*,#849,.T.);
#849 = EDGE_CURVE('',#850,#852,#854,.T.);
#850 = VERTEX_POINT('',#851);
#851 = CARTESIAN_POINT('',(33.6,32.5,0.));
#852 = VERTEX_POINT('',#853);
#853 = CARTESIAN_POINT('',(33.6,32.5,0.41148));
#854 = LINE('',#855,#856);
#855 = CARTESIAN_POINT('',(33.6,32.5,0.));
#856 = VECTOR('',#857,1.);
#857 = DIRECTION('',(0.,0.,1.));
#858 = ORIENTED_EDGE('',*,*,#859,.T.);
#859 = EDGE_CURVE('',#852,#852,#860,.T.);
#860 = CIRCLE('',#861,1.1);
#861 = AXIS2_PLACEMENT_3D('',#862,#863,#864);
#862 = CARTESIAN_POINT('',(32.5,32.5,0.41148));
#863 = DIRECTION('',(0.,0.,1.));
#864 = DIRECTION('',(1.,0.,-0.));
#865 = ORIENTED_EDGE('',*,*,#849,.F.);
#866 = ORIENTED_EDGE('',*,*,#867,.F.);
#867 = EDGE_CURVE('',#850,#850,#868,.T.);
#868 = CIRCLE('',#869,1.1);
#869 = AXIS2_PLACEMENT_3D('',#870,#871,#872);
#870 = CARTESIAN_POINT('',(32.5,32.5,0.));
#871 = DIRECTION('',(0.,0.,1.));
#872 = DIRECTION('',(1.,0.,-0.));
#873 = CYLINDRICAL_SURFACE('',#874,1.1);
#874 = AXIS2_PLACEMENT_3D('',#875,#876,#877);
#875 = CARTESIAN_POINT('',(32.5,32.5,0.));
#876 = DIRECTION('',(-0.,-0.,-1.));
#877 = DIRECTION('',(1.,0.,-0.));
#878 = ADVANCED_FACE('',(#879,#889,#892,#895,#898,#901,#904,#907,#910,
    #913,#916,#919,#922,#925),#928,.T.);
#879 = FACE_BOUND('',#880,.T.);
#880 = EDGE_LOOP('',(#881,#882,#883,#884,#885,#886,#887,#888));
#881 = ORIENTED_EDGE('',*,*,#224,.T.);
#882 = ORIENTED_EDGE('',*,*,#256,.T.);
#883 = ORIENTED_EDGE('',*,*,#288,.T.);
#884 = ORIENTED_EDGE('',*,*,#320,.T.);
#885 = ORIENTED_EDGE('',*,*,#352,.T.);
#886 = ORIENTED_EDGE('',*,*,#384,.T.);
#887 = ORIENTED_EDGE('',*,*,#416,.T.);
#888 = ORIENTED_EDGE('',*,*,#439,.T.);
#889 = FACE_BOUND('',#890,.F.);
#890 = EDGE_LOOP('',(#891));
#891 = ORIENTED_EDGE('',*,*,#471,.T.);
#892 = FACE_BOUND('',#893,.F.);
#893 = EDGE_LOOP('',(#894));
#894 = ORIENTED_EDGE('',*,*,#504,.T.);
#895 = FACE_BOUND('',#896,.F.);
#896 = EDGE_LOOP('',(#897));
#897 = ORIENTED_EDGE('',*,*,#537,.T.);
#898 = FACE_BOUND('',#899,.F.);
#899 = EDGE_LOOP('',(#900));
#900 = ORIENTED_EDGE('',*,*,#570,.T.);
#901 = FACE_BOUND('',#902,.F.);
#902 = EDGE_LOOP('',(#903));
#903 = ORIENTED_EDGE('',*,*,#603,.T.);
#904 = FACE_BOUND('',#905,.F.);
#905 = EDGE_LOOP('',(#906));
#906 = ORIENTED_EDGE('',*,*,#636,.T.);
#907 = FACE_BOUND('',#908,.F.);
#908 = EDGE_LOOP('',(#909));
#909 = ORIENTED_EDGE('',*,*,#669,.T.);
#910 = FACE_BOUND('',#911,.F.);
#911 = EDGE_LOOP('',(#912));
#912 = ORIENTED_EDGE('',*,*,#702,.T.);
#913 = FACE_BOUND('',#914,.F.);
#914 = EDGE_LOOP('',(#915));
#915 = ORIENTED_EDGE('',*,*,#735,.T.);
#916 = FACE_BOUND('',#917,.F.);
#917 = EDGE_LOOP('',(#918));
#918 = ORIENTED_EDGE('',*,*,#768,.T.);
#919 = FACE_BOUND('',#920,.F.);
#920 = EDGE_LOOP('',(#921));
#921 = ORIENTED_EDGE('',*,*,#801,.T.);
#922 = FACE_BOUND('',#923,.F.);
#923 = EDGE_LOOP('',(#924));
#924 = ORIENTED_EDGE('',*,*,#834,.T.);
#925 = FACE_BOUND('',#926,.F.);
#926 = EDGE_LOOP('',(#927));
#927 = ORIENTED_EDGE('',*,*,#867,.T.);
#928 = PLANE('',#929);
#929 = AXIS2_PLACEMENT_3D('',#930,#931,#932);
#930 = CARTESIAN_POINT('',(18.750000269489,18.750000269489,0.));
#931 = DIRECTION('',(-0.,-0.,-1.));
#932 = DIRECTION('',(-1.,0.,0.));
#933 = ADVANCED_FACE('',(#934,#944,#947,#950,#953,#956,#959,#962,#965,
    #968,#971,#974,#977,#980),#983,.F.);
#934 = FACE_BOUND('',#935,.F.);
#935 = EDGE_LOOP('',(#936,#937,#938,#939,#940,#941,#942,#943));
#936 = ORIENTED_EDGE('',*,*,#207,.T.);
#937 = ORIENTED_EDGE('',*,*,#240,.T.);
#938 = ORIENTED_EDGE('',*,*,#271,.T.);
#939 = ORIENTED_EDGE('',*,*,#304,.T.);
#940 = ORIENTED_EDGE('',*,*,#335,.T.);
#941 = ORIENTED_EDGE('',*,*,#368,.T.);
#942 = ORIENTED_EDGE('',*,*,#399,.T.);
#943 = ORIENTED_EDGE('',*,*,#432,.T.);
#944 = FACE_BOUND('',#945,.T.);
#945 = EDGE_LOOP('',(#946));
#946 = ORIENTED_EDGE('',*,*,#463,.T.);
#947 = FACE_BOUND('',#948,.T.);
#948 = EDGE_LOOP('',(#949));
#949 = ORIENTED_EDGE('',*,*,#496,.T.);
#950 = FACE_BOUND('',#951,.T.);
#951 = EDGE_LOOP('',(#952));
#952 = ORIENTED_EDGE('',*,*,#529,.T.);
#953 = FACE_BOUND('',#954,.T.);
#954 = EDGE_LOOP('',(#955));
#955 = ORIENTED_EDGE('',*,*,#562,.T.);
#956 = FACE_BOUND('',#957,.T.);
#957 = EDGE_LOOP('',(#958));
#958 = ORIENTED_EDGE('',*,*,#595,.T.);
#959 = FACE_BOUND('',#960,.T.);
#960 = EDGE_LOOP('',(#961));
#961 = ORIENTED_EDGE('',*,*,#628,.T.);
#962 = FACE_BOUND('',#963,.T.);
#963 = EDGE_LOOP('',(#964));
#964 = ORIENTED_EDGE('',*,*,#661,.T.);
#965 = FACE_BOUND('',#966,.T.);
#966 = EDGE_LOOP('',(#967));
#967 = ORIENTED_EDGE('',*,*,#694,.T.);
#968 = FACE_BOUND('',#969,.T.);
#969 = EDGE_LOOP('',(#970));
#970 = ORIENTED_EDGE('',*,*,#727,.T.);
#971 = FACE_BOUND('',#972,.T.);
#972 = EDGE_LOOP('',(#973));
#973 = ORIENTED_EDGE('',*,*,#760,.T.);
#974 = FACE_BOUND('',#975,.T.);
#975 = EDGE_LOOP('',(#976));
#976 = ORIENTED_EDGE('',*,*,#793,.T.);
#977 = FACE_BOUND('',#978,.T.);
#978 = EDGE_LOOP('',(#979));
#979 = ORIENTED_EDGE('',*,*,#826,.T.);
#980 = FACE_BOUND('',#981,.T.);
#981 = EDGE_LOOP('',(#982));
#982 = ORIENTED_EDGE('',*,*,#859,.T.);
#983 = PLANE('',#984);
#984 = AXIS2_PLACEMENT_3D('',#985,#986,#987);
#985 = CARTESIAN_POINT('',(18.750000269489,18.750000269489,0.41148));
#986 = DIRECTION('',(-0.,-0.,-1.));
#987 = DIRECTION('',(-1.,0.,0.));
#988 = ( GEOMETRIC_REPRESENTATION_CONTEXT(3) 
GLOBAL_UNCERTAINTY_ASSIGNED_CONTEXT((#992)) GLOBAL_UNIT_ASSIGNED_CONTEXT
((#989,#990,#991)) REPRESENTATION_CONTEXT('Context #1',
  '3D Context with UNIT and UNCERTAINTY') );
#989 = ( LENGTH_UNIT() NAMED_UNIT(*) SI_UNIT(.MILLI.,.METRE.) );
#990 = ( NAMED_UNIT(*) PLANE_ANGLE_UNIT() SI_UNIT($,.RADIAN.) );
#991 = ( NAMED_UNIT(*) SI_UNIT($,.STERADIAN.) SOLID_ANGLE_UNIT() );
#992 = UNCERTAINTY_MEASURE_WITH_UNIT(LENGTH_MEASURE(1.E-07),#989,
  'distance_accuracy_value','confusion accuracy');
#993 = SHAPE_DEFINITION_REPRESENTATION(#994,#190);
#994 = PRODUCT_DEFINITION_SHAPE('','',#995);
#995 = PRODUCT_DEFINITION('design','',#996,#999);
#996 = PRODUCT_DEFINITION_FORMATION('','',#997);
#997 = PRODUCT('Open CASCADE STEP translator 7.5 2.1.1',
  'Open CASCADE STEP translator 7.5 2.1.1','',(#998));
#998 = PRODUCT_CONTEXT('',#2,'mechanical');
#999 = PRODUCT_DEFINITION_CONTEXT('part definition',#2,'design');
#1000 = CONTEXT_DEPENDENT_SHAPE_REPRESENTATION(#1001,#1003);
#1001 = ( REPRESENTATION_RELATIONSHIP('','',#190,#180) 
REPRESENTATION_RELATIONSHIP_WITH_TRANSFORMATION(#1002) 
SHAPE_REPRESENTATION_RELATIONSHIP() );
#1002 = ITEM_DEFINED_TRANSFORMATION('','',#11,#181);
#1003 = PRODUCT_DEFINITION_SHAPE('Placement','Placement of an item',
  #1004);
#1004 = NEXT_ASSEMBLY_USAGE_OCCURRENCE('25','','',#175,#995,$);
#1005 = PRODUCT_RELATED_PRODUCT_CATEGORY('part',$,(#997));
#1006 = CONTEXT_DEPENDENT_SHAPE_REPRESENTATION(#1007,#1009);
#1007 = ( REPRESENTATION_RELATIONSHIP('','',#180,#10) 
REPRESENTATION_RELATIONSHIP_WITH_TRANSFORMATION(#1008) 
SHAPE_REPRESENTATION_RELATIONSHIP() );
#1008 = ITEM_DEFINED_TRANSFORMATION('','',#11,#15);
#1009 = PRODUCT_DEFINITION_SHAPE('Placement','Placement of an item',
  #1010);
#1010 = NEXT_ASSEMBLY_USAGE_OCCURRENCE('26','','',#5,#175,$);
#1011 = PRODUCT_RELATED_PRODUCT_CATEGORY('part',$,(#177));
#1012 = SHAPE_DEFINITION_REPRESENTATION(#1013,#1019);
#1013 = PRODUCT_DEFINITION_SHAPE('','',#1014);
#1014 = PRODUCT_DEFINITION('design','',#1015,#1018);
#1015 = PRODUCT_DEFINITION_FORMATION('','',#1016);
#1016 = PRODUCT('Y1','Y1','',(#1017));
#1017 = PRODUCT_CONTEXT('',#2,'mechanical');
#1018 = PRODUCT_DEFINITION_CONTEXT('part definition',#2,'design');
#1019 = SHAPE_REPRESENTATION('',(#11,#1020),#1024);
#1020 = AXIS2_PLACEMENT_3D('',#1021,#1022,#1023);
#1021 = CARTESIAN_POINT('',(22.608758544922,19.891240692139,0.));
#1022 = DIRECTION('',(-0.,0.,1.));
#1023 = DIRECTION('',(0.707106661977,-0.707106900396,0.));
#1024 = ( GEOMETRIC_REPRESENTATION_CONTEXT(3) 
GLOBAL_UNCERTAINTY_ASSIGNED_CONTEXT((#1028)) 
GLOBAL_UNIT_ASSIGNED_CONTEXT((#1025,#1026,#1027)) REPRESENTATION_CONTEXT
('Context #1','3D Context with UNIT and UNCERTAINTY') );
#1025 = ( LENGTH_UNIT() NAMED_UNIT(*) SI_UNIT(.MILLI.,.METRE.) );
#1026 = ( NAMED_UNIT(*) PLANE_ANGLE_UNIT() SI_UNIT($,.RADIAN.) );
#1027 = ( NAMED_UNIT(*) SI_UNIT($,.STERADIAN.) SOLID_ANGLE_UNIT() );
#1028 = UNCERTAINTY_MEASURE_WITH_UNIT(LENGTH_MEASURE(1.E-07),#1025,
  'distance_accuracy_value','confusion accuracy');
#1029 = SHAPE_DEFINITION_REPRESENTATION(#1030,#1036);
#1030 = PRODUCT_DEFINITION_SHAPE('','',#1031);
#1031 = PRODUCT_DEFINITION('design','',#1032,#1035);
#1032 = PRODUCT_DEFINITION_FORMATION('','',#1033);
#1033 = PRODUCT('6323170064','6323170064','',(#1034));
#1034 = PRODUCT_CONTEXT('',#2,'mechanical');
#1035 = PRODUCT_DEFINITION_CONTEXT('part definition',#2,'design');
#1036 = SHAPE_REPRESENTATION('',(#11,#1037,#1041),#1045);
#1037 = AXIS2_PLACEMENT_3D('',#1038,#1039,#1040);
#1038 = CARTESIAN_POINT('',(0.,0.,0.1));
#1039 = DIRECTION('',(0.,0.,1.));
#1040 = DIRECTION('',(1.,0.,0.));
#1041 = AXIS2_PLACEMENT_3D('',#1042,#1043,#1044);
#1042 = CARTESIAN_POINT('',(0.,0.,0.));
#1043 = DIRECTION('',(0.,0.,1.));
#1044 = DIRECTION('',(1.,0.,0.));
#1045 = ( GEOMETRIC_REPRESENTATION_CONTEXT(3) 
GLOBAL_UNCERTAINTY_ASSIGNED_CONTEXT((#1049)) 
GLOBAL_UNIT_ASSIGNED_CONTEXT((#1046,#1047,#1048)) REPRESENTATION_CONTEXT
('Context #1','3D Context with UNIT and UNCERTAINTY') );
#1046 = ( LENGTH_UNIT() NAMED_UNIT(*) SI_UNIT(.MILLI.,.METRE.) );
#1047 = ( NAMED_UNIT(*) PLANE_ANGLE_UNIT() SI_UNIT($,.RADIAN.) );
#1048 = ( NAMED_UNIT(*) SI_UNIT($,.STERADIAN.) SOLID_ANGLE_UNIT() );
#1049 = UNCERTAINTY_MEASURE_WITH_UNIT(LENGTH_MEASURE(1.E-07),#1046,
  'distance_accuracy_value','confusion accuracy');
#1050 = ADVANCED_BREP_SHAPE_REPRESENTATION('',(#11,#1051),#1201);
#1051 = MANIFOLD_SOLID_BREP('',#1052);
#1052 = CLOSED_SHELL('',(#1053,#1093,#1124,#1155,#1177,#1189));
#1053 = ADVANCED_FACE('',(#1054),#1088,.T.);
#1054 = FACE_BOUND('',#1055,.T.);
#1055 = EDGE_LOOP('',(#1056,#1066,#1074,#1082));
#1056 = ORIENTED_EDGE('',*,*,#1057,.T.);
#1057 = EDGE_CURVE('',#1058,#1060,#1062,.T.);
#1058 = VERTEX_POINT('',#1059);
#1059 = CARTESIAN_POINT('',(-5.7,2.45,0.));
#1060 = VERTEX_POINT('',#1061);
#1061 = CARTESIAN_POINT('',(-5.7,2.45,4.3));
#1062 = LINE('',#1063,#1064);
#1063 = CARTESIAN_POINT('',(-5.7,2.45,0.));
#1064 = VECTOR('',#1065,1.);
#1065 = DIRECTION('',(0.,0.,1.));
#1066 = ORIENTED_EDGE('',*,*,#1067,.T.);
#1067 = EDGE_CURVE('',#1060,#1068,#1070,.T.);
#1068 = VERTEX_POINT('',#1069);
#1069 = CARTESIAN_POINT('',(5.7,2.45,4.3));
#1070 = LINE('',#1071,#1072);
#1071 = CARTESIAN_POINT('',(-5.7,2.45,4.3));
#1072 = VECTOR('',#1073,1.);
#1073 = DIRECTION('',(1.,0.,0.));
#1074 = ORIENTED_EDGE('',*,*,#1075,.F.);
#1075 = EDGE_CURVE('',#1076,#1068,#1078,.T.);
#1076 = VERTEX_POINT('',#1077);
#1077 = CARTESIAN_POINT('',(5.7,2.45,0.));
#1078 = LINE('',#1079,#1080);
#1079 = CARTESIAN_POINT('',(5.7,2.45,0.));
#1080 = VECTOR('',#1081,1.);
#1081 = DIRECTION('',(0.,0.,1.));
#1082 = ORIENTED_EDGE('',*,*,#1083,.F.);
#1083 = EDGE_CURVE('',#1058,#1076,#1084,.T.);
#1084 = LINE('',#1085,#1086);
#1085 = CARTESIAN_POINT('',(-5.7,2.45,0.));
#1086 = VECTOR('',#1087,1.);
#1087 = DIRECTION('',(1.,0.,0.));
#1088 = PLANE('',#1089);
#1089 = AXIS2_PLACEMENT_3D('',#1090,#1091,#1092);
#1090 = CARTESIAN_POINT('',(-5.7,2.45,0.));
#1091 = DIRECTION('',(0.,1.,0.));
#1092 = DIRECTION('',(1.,0.,0.));
#1093 = ADVANCED_FACE('',(#1094),#1119,.T.);
#1094 = FACE_BOUND('',#1095,.T.);
#1095 = EDGE_LOOP('',(#1096,#1097,#1105,#1113));
#1096 = ORIENTED_EDGE('',*,*,#1075,.T.);
#1097 = ORIENTED_EDGE('',*,*,#1098,.T.);
#1098 = EDGE_CURVE('',#1068,#1099,#1101,.T.);
#1099 = VERTEX_POINT('',#1100);
#1100 = CARTESIAN_POINT('',(5.7,-2.45,4.3));
#1101 = LINE('',#1102,#1103);
#1102 = CARTESIAN_POINT('',(5.7,2.45,4.3));
#1103 = VECTOR('',#1104,1.);
#1104 = DIRECTION('',(0.,-1.,0.));
#1105 = ORIENTED_EDGE('',*,*,#1106,.F.);
#1106 = EDGE_CURVE('',#1107,#1099,#1109,.T.);
#1107 = VERTEX_POINT('',#1108);
#1108 = CARTESIAN_POINT('',(5.7,-2.45,0.));
#1109 = LINE('',#1110,#1111);
#1110 = CARTESIAN_POINT('',(5.7,-2.45,0.));
#1111 = VECTOR('',#1112,1.);
#1112 = DIRECTION('',(0.,0.,1.));
#1113 = ORIENTED_EDGE('',*,*,#1114,.F.);
#1114 = EDGE_CURVE('',#1076,#1107,#1115,.T.);
#1115 = LINE('',#1116,#1117);
#1116 = CARTESIAN_POINT('',(5.7,2.45,0.));
#1117 = VECTOR('',#1118,1.);
#1118 = DIRECTION('',(0.,-1.,0.));
#1119 = PLANE('',#1120);
#1120 = AXIS2_PLACEMENT_3D('',#1121,#1122,#1123);
#1121 = CARTESIAN_POINT('',(5.7,2.45,0.));
#1122 = DIRECTION('',(1.,0.,-0.));
#1123 = DIRECTION('',(0.,-1.,0.));
#1124 = ADVANCED_FACE('',(#1125),#1150,.T.);
#1125 = FACE_BOUND('',#1126,.T.);
#1126 = EDGE_LOOP('',(#1127,#1128,#1136,#1144));
#1127 = ORIENTED_EDGE('',*,*,#1106,.T.);
#1128 = ORIENTED_EDGE('',*,*,#1129,.T.);
#1129 = EDGE_CURVE('',#1099,#1130,#1132,.T.);
#1130 = VERTEX_POINT('',#1131);
#1131 = CARTESIAN_POINT('',(-5.7,-2.45,4.3));
#1132 = LINE('',#1133,#1134);
#1133 = CARTESIAN_POINT('',(5.7,-2.45,4.3));
#1134 = VECTOR('',#1135,1.);
#1135 = DIRECTION('',(-1.,0.,0.));
#1136 = ORIENTED_EDGE('',*,*,#1137,.F.);
#1137 = EDGE_CURVE('',#1138,#1130,#1140,.T.);
#1138 = VERTEX_POINT('',#1139);
#1139 = CARTESIAN_POINT('',(-5.7,-2.45,0.));
#1140 = LINE('',#1141,#1142);
#1141 = CARTESIAN_POINT('',(-5.7,-2.45,0.));
#1142 = VECTOR('',#1143,1.);
#1143 = DIRECTION('',(0.,0.,1.));
#1144 = ORIENTED_EDGE('',*,*,#1145,.F.);
#1145 = EDGE_CURVE('',#1107,#1138,#1146,.T.);
#1146 = LINE('',#1147,#1148);
#1147 = CARTESIAN_POINT('',(5.7,-2.45,0.));
#1148 = VECTOR('',#1149,1.);
#1149 = DIRECTION('',(-1.,0.,0.));
#1150 = PLANE('',#1151);
#1151 = AXIS2_PLACEMENT_3D('',#1152,#1153,#1154);
#1152 = CARTESIAN_POINT('',(5.7,-2.45,0.));
#1153 = DIRECTION('',(0.,-1.,0.));
#1154 = DIRECTION('',(-1.,0.,0.));
#1155 = ADVANCED_FACE('',(#1156),#1172,.T.);
#1156 = FACE_BOUND('',#1157,.T.);
#1157 = EDGE_LOOP('',(#1158,#1159,#1165,#1166));
#1158 = ORIENTED_EDGE('',*,*,#1137,.T.);
#1159 = ORIENTED_EDGE('',*,*,#1160,.T.);
#1160 = EDGE_CURVE('',#1130,#1060,#1161,.T.);
#1161 = LINE('',#1162,#1163);
#1162 = CARTESIAN_POINT('',(-5.7,-2.45,4.3));
#1163 = VECTOR('',#1164,1.);
#1164 = DIRECTION('',(0.,1.,0.));
#1165 = ORIENTED_EDGE('',*,*,#1057,.F.);
#1166 = ORIENTED_EDGE('',*,*,#1167,.F.);
#1167 = EDGE_CURVE('',#1138,#1058,#1168,.T.);
#1168 = LINE('',#1169,#1170);
#1169 = CARTESIAN_POINT('',(-5.7,-2.45,0.));
#1170 = VECTOR('',#1171,1.);
#1171 = DIRECTION('',(0.,1.,0.));
#1172 = PLANE('',#1173);
#1173 = AXIS2_PLACEMENT_3D('',#1174,#1175,#1176);
#1174 = CARTESIAN_POINT('',(-5.7,-2.45,0.));
#1175 = DIRECTION('',(-1.,0.,0.));
#1176 = DIRECTION('',(0.,1.,0.));
#1177 = ADVANCED_FACE('',(#1178),#1184,.T.);
#1178 = FACE_BOUND('',#1179,.T.);
#1179 = EDGE_LOOP('',(#1180,#1181,#1182,#1183));
#1180 = ORIENTED_EDGE('',*,*,#1083,.T.);
#1181 = ORIENTED_EDGE('',*,*,#1114,.T.);
#1182 = ORIENTED_EDGE('',*,*,#1145,.T.);
#1183 = ORIENTED_EDGE('',*,*,#1167,.T.);
#1184 = PLANE('',#1185);
#1185 = AXIS2_PLACEMENT_3D('',#1186,#1187,#1188);
#1186 = CARTESIAN_POINT('',(-1.089789472025E-16,0.,1.387778780781E-17));
#1187 = DIRECTION('',(-6.63327502103E-35,-0.,-1.));
#1188 = DIRECTION('',(-1.,0.,6.63327502103E-35));
#1189 = ADVANCED_FACE('',(#1190),#1196,.F.);
#1190 = FACE_BOUND('',#1191,.F.);
#1191 = EDGE_LOOP('',(#1192,#1193,#1194,#1195));
#1192 = ORIENTED_EDGE('',*,*,#1067,.T.);
#1193 = ORIENTED_EDGE('',*,*,#1098,.T.);
#1194 = ORIENTED_EDGE('',*,*,#1129,.T.);
#1195 = ORIENTED_EDGE('',*,*,#1160,.T.);
#1196 = PLANE('',#1197);
#1197 = AXIS2_PLACEMENT_3D('',#1198,#1199,#1200);
#1198 = CARTESIAN_POINT('',(-1.089789472025E-16,0.,4.3));
#1199 = DIRECTION('',(-6.63327502103E-35,-0.,-1.));
#1200 = DIRECTION('',(-1.,0.,6.63327502103E-35));
#1201 = ( GEOMETRIC_REPRESENTATION_CONTEXT(3) 
GLOBAL_UNCERTAINTY_ASSIGNED_CONTEXT((#1205)) 
GLOBAL_UNIT_ASSIGNED_CONTEXT((#1202,#1203,#1204)) REPRESENTATION_CONTEXT
('Context #1','3D Context with UNIT and UNCERTAINTY') );
#1202 = ( LENGTH_UNIT() NAMED_UNIT(*) SI_UNIT(.MILLI.,.METRE.) );
#1203 = ( NAMED_UNIT(*) PLANE_ANGLE_UNIT() SI_UNIT($,.RADIAN.) );
#1204 = ( NAMED_UNIT(*) SI_UNIT($,.STERADIAN.) SOLID_ANGLE_UNIT() );
#1205 = UNCERTAINTY_MEASURE_WITH_UNIT(LENGTH_MEASURE(1.E-07),#1202,
  'distance_accuracy_value','confusion accuracy');
#1206 = SHAPE_DEFINITION_REPRESENTATION(#1207,#1050);
#1207 = PRODUCT_DEFINITION_SHAPE('','',#1208);
#1208 = PRODUCT_DEFINITION('design','',#1209,#1212);
#1209 = PRODUCT_DEFINITION_FORMATION('','',#1210);
#1210 = PRODUCT('Body','Body','',(#1211));
#1211 = PRODUCT_CONTEXT('',#2,'mechanical');
#1212 = PRODUCT_DEFINITION_CONTEXT('part definition',#2,'design');
#1213 = CONTEXT_DEPENDENT_SHAPE_REPRESENTATION(#1214,#1216);
#1214 = ( REPRESENTATION_RELATIONSHIP('','',#1050,#1036) 
REPRESENTATION_RELATIONSHIP_WITH_TRANSFORMATION(#1215) 
SHAPE_REPRESENTATION_RELATIONSHIP() );
#1215 = ITEM_DEFINED_TRANSFORMATION('','',#11,#1037);
#1216 = PRODUCT_DEFINITION_SHAPE('Placement','Placement of an item',
  #1217);
#1217 = NEXT_ASSEMBLY_USAGE_OCCURRENCE('27','=>[0:1:1:2]','',#1031,#1208
  ,$);
#1218 = PRODUCT_RELATED_PRODUCT_CATEGORY('part',$,(#1210));
#1219 = SHAPE_REPRESENTATION('',(#11,#1220,#1370),#1520);
#1220 = MANIFOLD_SOLID_BREP('',#1221);
#1221 = CLOSED_SHELL('',(#1222,#1262,#1302,#1324,#1346,#1358));
#1222 = ADVANCED_FACE('',(#1223),#1257,.F.);
#1223 = FACE_BOUND('',#1224,.F.);
#1224 = EDGE_LOOP('',(#1225,#1235,#1243,#1251));
#1225 = ORIENTED_EDGE('',*,*,#1226,.F.);
#1226 = EDGE_CURVE('',#1227,#1229,#1231,.T.);
#1227 = VERTEX_POINT('',#1228);
#1228 = CARTESIAN_POINT('',(-7.3,-0.8,0.));
#1229 = VERTEX_POINT('',#1230);
#1230 = CARTESIAN_POINT('',(-7.3,-0.8,0.1));
#1231 = LINE('',#1232,#1233);
#1232 = CARTESIAN_POINT('',(-7.3,-0.8,0.));
#1233 = VECTOR('',#1234,1.);
#1234 = DIRECTION('',(0.,0.,1.));
#1235 = ORIENTED_EDGE('',*,*,#1236,.T.);
#1236 = EDGE_CURVE('',#1227,#1237,#1239,.T.);
#1237 = VERTEX_POINT('',#1238);
#1238 = CARTESIAN_POINT('',(-7.3,0.8,0.));
#1239 = LINE('',#1240,#1241);
#1240 = CARTESIAN_POINT('',(-7.3,-0.8,0.));
#1241 = VECTOR('',#1242,1.);
#1242 = DIRECTION('',(0.,1.,0.));
#1243 = ORIENTED_EDGE('',*,*,#1244,.T.);
#1244 = EDGE_CURVE('',#1237,#1245,#1247,.T.);
#1245 = VERTEX_POINT('',#1246);
#1246 = CARTESIAN_POINT('',(-7.3,0.8,0.1));
#1247 = LINE('',#1248,#1249);
#1248 = CARTESIAN_POINT('',(-7.3,0.8,0.));
#1249 = VECTOR('',#1250,1.);
#1250 = DIRECTION('',(0.,0.,1.));
#1251 = ORIENTED_EDGE('',*,*,#1252,.F.);
#1252 = EDGE_CURVE('',#1229,#1245,#1253,.T.);
#1253 = LINE('',#1254,#1255);
#1254 = CARTESIAN_POINT('',(-7.3,-0.8,0.1));
#1255 = VECTOR('',#1256,1.);
#1256 = DIRECTION('',(0.,1.,0.));
#1257 = PLANE('',#1258);
#1258 = AXIS2_PLACEMENT_3D('',#1259,#1260,#1261);
#1259 = CARTESIAN_POINT('',(-7.3,-0.8,0.));
#1260 = DIRECTION('',(1.,0.,0.));
#1261 = DIRECTION('',(0.,0.,1.));
#1262 = ADVANCED_FACE('',(#1263),#1297,.T.);
#1263 = FACE_BOUND('',#1264,.T.);
#1264 = EDGE_LOOP('',(#1265,#1275,#1283,#1291));
#1265 = ORIENTED_EDGE('',*,*,#1266,.F.);
#1266 = EDGE_CURVE('',#1267,#1269,#1271,.T.);
#1267 = VERTEX_POINT('',#1268);
#1268 = CARTESIAN_POINT('',(-2.2,-0.8,0.));
#1269 = VERTEX_POINT('',#1270);
#1270 = CARTESIAN_POINT('',(-2.2,-0.8,0.1));
#1271 = LINE('',#1272,#1273);
#1272 = CARTESIAN_POINT('',(-2.2,-0.8,0.));
#1273 = VECTOR('',#1274,1.);
#1274 = DIRECTION('',(0.,0.,1.));
#1275 = ORIENTED_EDGE('',*,*,#1276,.T.);
#1276 = EDGE_CURVE('',#1267,#1277,#1279,.T.);
#1277 = VERTEX_POINT('',#1278);
#1278 = CARTESIAN_POINT('',(-2.2,0.8,0.));
#1279 = LINE('',#1280,#1281);
#1280 = CARTESIAN_POINT('',(-2.2,-0.8,0.));
#1281 = VECTOR('',#1282,1.);
#1282 = DIRECTION('',(0.,1.,0.));
#1283 = ORIENTED_EDGE('',*,*,#1284,.T.);
#1284 = EDGE_CURVE('',#1277,#1285,#1287,.T.);
#1285 = VERTEX_POINT('',#1286);
#1286 = CARTESIAN_POINT('',(-2.2,0.8,0.1));
#1287 = LINE('',#1288,#1289);
#1288 = CARTESIAN_POINT('',(-2.2,0.8,0.));
#1289 = VECTOR('',#1290,1.);
#1290 = DIRECTION('',(0.,0.,1.));
#1291 = ORIENTED_EDGE('',*,*,#1292,.F.);
#1292 = EDGE_CURVE('',#1269,#1285,#1293,.T.);
#1293 = LINE('',#1294,#1295);
#1294 = CARTESIAN_POINT('',(-2.2,-0.8,0.1));
#1295 = VECTOR('',#1296,1.);
#1296 = DIRECTION('',(0.,1.,0.));
#1297 = PLANE('',#1298);
#1298 = AXIS2_PLACEMENT_3D('',#1299,#1300,#1301);
#1299 = CARTESIAN_POINT('',(-2.2,-0.8,0.));
#1300 = DIRECTION('',(1.,0.,0.));
#1301 = DIRECTION('',(0.,0.,1.));
#1302 = ADVANCED_FACE('',(#1303),#1319,.F.);
#1303 = FACE_BOUND('',#1304,.F.);
#1304 = EDGE_LOOP('',(#1305,#1311,#1312,#1318));
#1305 = ORIENTED_EDGE('',*,*,#1306,.F.);
#1306 = EDGE_CURVE('',#1227,#1267,#1307,.T.);
#1307 = LINE('',#1308,#1309);
#1308 = CARTESIAN_POINT('',(-7.3,-0.8,0.));
#1309 = VECTOR('',#1310,1.);
#1310 = DIRECTION('',(1.,0.,0.));
#1311 = ORIENTED_EDGE('',*,*,#1226,.T.);
#1312 = ORIENTED_EDGE('',*,*,#1313,.T.);
#1313 = EDGE_CURVE('',#1229,#1269,#1314,.T.);
#1314 = LINE('',#1315,#1316);
#1315 = CARTESIAN_POINT('',(-7.3,-0.8,0.1));
#1316 = VECTOR('',#1317,1.);
#1317 = DIRECTION('',(1.,0.,0.));
#1318 = ORIENTED_EDGE('',*,*,#1266,.F.);
#1319 = PLANE('',#1320);
#1320 = AXIS2_PLACEMENT_3D('',#1321,#1322,#1323);
#1321 = CARTESIAN_POINT('',(-7.3,-0.8,0.));
#1322 = DIRECTION('',(0.,1.,0.));
#1323 = DIRECTION('',(0.,-0.,1.));
#1324 = ADVANCED_FACE('',(#1325),#1341,.T.);
#1325 = FACE_BOUND('',#1326,.T.);
#1326 = EDGE_LOOP('',(#1327,#1333,#1334,#1340));
#1327 = ORIENTED_EDGE('',*,*,#1328,.F.);
#1328 = EDGE_CURVE('',#1237,#1277,#1329,.T.);
#1329 = LINE('',#1330,#1331);
#1330 = CARTESIAN_POINT('',(-7.3,0.8,0.));
#1331 = VECTOR('',#1332,1.);
#1332 = DIRECTION('',(1.,0.,0.));
#1333 = ORIENTED_EDGE('',*,*,#1244,.T.);
#1334 = ORIENTED_EDGE('',*,*,#1335,.T.);
#1335 = EDGE_CURVE('',#1245,#1285,#1336,.T.);
#1336 = LINE('',#1337,#1338);
#1337 = CARTESIAN_POINT('',(-7.3,0.8,0.1));
#1338 = VECTOR('',#1339,1.);
#1339 = DIRECTION('',(1.,0.,0.));
#1340 = ORIENTED_EDGE('',*,*,#1284,.F.);
#1341 = PLANE('',#1342);
#1342 = AXIS2_PLACEMENT_3D('',#1343,#1344,#1345);
#1343 = CARTESIAN_POINT('',(-7.3,0.8,0.));
#1344 = DIRECTION('',(0.,1.,0.));
#1345 = DIRECTION('',(0.,-0.,1.));
#1346 = ADVANCED_FACE('',(#1347),#1353,.F.);
#1347 = FACE_BOUND('',#1348,.F.);
#1348 = EDGE_LOOP('',(#1349,#1350,#1351,#1352));
#1349 = ORIENTED_EDGE('',*,*,#1236,.F.);
#1350 = ORIENTED_EDGE('',*,*,#1306,.T.);
#1351 = ORIENTED_EDGE('',*,*,#1276,.T.);
#1352 = ORIENTED_EDGE('',*,*,#1328,.F.);
#1353 = PLANE('',#1354);
#1354 = AXIS2_PLACEMENT_3D('',#1355,#1356,#1357);
#1355 = CARTESIAN_POINT('',(-7.3,-0.8,0.));
#1356 = DIRECTION('',(0.,0.,1.));
#1357 = DIRECTION('',(1.,0.,-0.));
#1358 = ADVANCED_FACE('',(#1359),#1365,.T.);
#1359 = FACE_BOUND('',#1360,.T.);
#1360 = EDGE_LOOP('',(#1361,#1362,#1363,#1364));
#1361 = ORIENTED_EDGE('',*,*,#1252,.F.);
#1362 = ORIENTED_EDGE('',*,*,#1313,.T.);
#1363 = ORIENTED_EDGE('',*,*,#1292,.T.);
#1364 = ORIENTED_EDGE('',*,*,#1335,.F.);
#1365 = PLANE('',#1366);
#1366 = AXIS2_PLACEMENT_3D('',#1367,#1368,#1369);
#1367 = CARTESIAN_POINT('',(-7.3,-0.8,0.1));
#1368 = DIRECTION('',(0.,0.,1.));
#1369 = DIRECTION('',(1.,0.,-0.));
#1370 = MANIFOLD_SOLID_BREP('',#1371);
#1371 = CLOSED_SHELL('',(#1372,#1412,#1452,#1474,#1496,#1508));
#1372 = ADVANCED_FACE('',(#1373),#1407,.F.);
#1373 = FACE_BOUND('',#1374,.F.);
#1374 = EDGE_LOOP('',(#1375,#1385,#1393,#1401));
#1375 = ORIENTED_EDGE('',*,*,#1376,.F.);
#1376 = EDGE_CURVE('',#1377,#1379,#1381,.T.);
#1377 = VERTEX_POINT('',#1378);
#1378 = CARTESIAN_POINT('',(2.2,-0.8,0.));
#1379 = VERTEX_POINT('',#1380);
#1380 = CARTESIAN_POINT('',(2.2,-0.8,0.1));
#1381 = LINE('',#1382,#1383);
#1382 = CARTESIAN_POINT('',(2.2,-0.8,0.));
#1383 = VECTOR('',#1384,1.);
#1384 = DIRECTION('',(0.,0.,1.));
#1385 = ORIENTED_EDGE('',*,*,#1386,.T.);
#1386 = EDGE_CURVE('',#1377,#1387,#1389,.T.);
#1387 = VERTEX_POINT('',#1388);
#1388 = CARTESIAN_POINT('',(2.2,0.8,0.));
#1389 = LINE('',#1390,#1391);
#1390 = CARTESIAN_POINT('',(2.2,-0.8,0.));
#1391 = VECTOR('',#1392,1.);
#1392 = DIRECTION('',(0.,1.,0.));
#1393 = ORIENTED_EDGE('',*,*,#1394,.T.);
#1394 = EDGE_CURVE('',#1387,#1395,#1397,.T.);
#1395 = VERTEX_POINT('',#1396);
#1396 = CARTESIAN_POINT('',(2.2,0.8,0.1));
#1397 = LINE('',#1398,#1399);
#1398 = CARTESIAN_POINT('',(2.2,0.8,0.));
#1399 = VECTOR('',#1400,1.);
#1400 = DIRECTION('',(0.,0.,1.));
#1401 = ORIENTED_EDGE('',*,*,#1402,.F.);
#1402 = EDGE_CURVE('',#1379,#1395,#1403,.T.);
#1403 = LINE('',#1404,#1405);
#1404 = CARTESIAN_POINT('',(2.2,-0.8,0.1));
#1405 = VECTOR('',#1406,1.);
#1406 = DIRECTION('',(0.,1.,0.));
#1407 = PLANE('',#1408);
#1408 = AXIS2_PLACEMENT_3D('',#1409,#1410,#1411);
#1409 = CARTESIAN_POINT('',(2.2,-0.8,0.));
#1410 = DIRECTION('',(1.,0.,0.));
#1411 = DIRECTION('',(0.,0.,1.));
#1412 = ADVANCED_FACE('',(#1413),#1447,.T.);
#1413 = FACE_BOUND('',#1414,.T.);
#1414 = EDGE_LOOP('',(#1415,#1425,#1433,#1441));
#1415 = ORIENTED_EDGE('',*,*,#1416,.F.);
#1416 = EDGE_CURVE('',#1417,#1419,#1421,.T.);
#1417 = VERTEX_POINT('',#1418);
#1418 = CARTESIAN_POINT('',(7.3,-0.8,0.));
#1419 = VERTEX_POINT('',#1420);
#1420 = CARTESIAN_POINT('',(7.3,-0.8,0.1));
#1421 = LINE('',#1422,#1423);
#1422 = CARTESIAN_POINT('',(7.3,-0.8,0.));
#1423 = VECTOR('',#1424,1.);
#1424 = DIRECTION('',(0.,0.,1.));
#1425 = ORIENTED_EDGE('',*,*,#1426,.T.);
#1426 = EDGE_CURVE('',#1417,#1427,#1429,.T.);
#1427 = VERTEX_POINT('',#1428);
#1428 = CARTESIAN_POINT('',(7.3,0.8,0.));
#1429 = LINE('',#1430,#1431);
#1430 = CARTESIAN_POINT('',(7.3,-0.8,0.));
#1431 = VECTOR('',#1432,1.);
#1432 = DIRECTION('',(0.,1.,0.));
#1433 = ORIENTED_EDGE('',*,*,#1434,.T.);
#1434 = EDGE_CURVE('',#1427,#1435,#1437,.T.);
#1435 = VERTEX_POINT('',#1436);
#1436 = CARTESIAN_POINT('',(7.3,0.8,0.1));
#1437 = LINE('',#1438,#1439);
#1438 = CARTESIAN_POINT('',(7.3,0.8,0.));
#1439 = VECTOR('',#1440,1.);
#1440 = DIRECTION('',(0.,0.,1.));
#1441 = ORIENTED_EDGE('',*,*,#1442,.F.);
#1442 = EDGE_CURVE('',#1419,#1435,#1443,.T.);
#1443 = LINE('',#1444,#1445);
#1444 = CARTESIAN_POINT('',(7.3,-0.8,0.1));
#1445 = VECTOR('',#1446,1.);
#1446 = DIRECTION('',(0.,1.,0.));
#1447 = PLANE('',#1448);
#1448 = AXIS2_PLACEMENT_3D('',#1449,#1450,#1451);
#1449 = CARTESIAN_POINT('',(7.3,-0.8,0.));
#1450 = DIRECTION('',(1.,0.,0.));
#1451 = DIRECTION('',(0.,0.,1.));
#1452 = ADVANCED_FACE('',(#1453),#1469,.F.);
#1453 = FACE_BOUND('',#1454,.F.);
#1454 = EDGE_LOOP('',(#1455,#1461,#1462,#1468));
#1455 = ORIENTED_EDGE('',*,*,#1456,.F.);
#1456 = EDGE_CURVE('',#1377,#1417,#1457,.T.);
#1457 = LINE('',#1458,#1459);
#1458 = CARTESIAN_POINT('',(2.2,-0.8,0.));
#1459 = VECTOR('',#1460,1.);
#1460 = DIRECTION('',(1.,0.,0.));
#1461 = ORIENTED_EDGE('',*,*,#1376,.T.);
#1462 = ORIENTED_EDGE('',*,*,#1463,.T.);
#1463 = EDGE_CURVE('',#1379,#1419,#1464,.T.);
#1464 = LINE('',#1465,#1466);
#1465 = CARTESIAN_POINT('',(2.2,-0.8,0.1));
#1466 = VECTOR('',#1467,1.);
#1467 = DIRECTION('',(1.,0.,0.));
#1468 = ORIENTED_EDGE('',*,*,#1416,.F.);
#1469 = PLANE('',#1470);
#1470 = AXIS2_PLACEMENT_3D('',#1471,#1472,#1473);
#1471 = CARTESIAN_POINT('',(2.2,-0.8,0.));
#1472 = DIRECTION('',(0.,1.,0.));
#1473 = DIRECTION('',(0.,-0.,1.));
#1474 = ADVANCED_FACE('',(#1475),#1491,.T.);
#1475 = FACE_BOUND('',#1476,.T.);
#1476 = EDGE_LOOP('',(#1477,#1483,#1484,#1490));
#1477 = ORIENTED_EDGE('',*,*,#1478,.F.);
#1478 = EDGE_CURVE('',#1387,#1427,#1479,.T.);
#1479 = LINE('',#1480,#1481);
#1480 = CARTESIAN_POINT('',(2.2,0.8,0.));
#1481 = VECTOR('',#1482,1.);
#1482 = DIRECTION('',(1.,0.,0.));
#1483 = ORIENTED_EDGE('',*,*,#1394,.T.);
#1484 = ORIENTED_EDGE('',*,*,#1485,.T.);
#1485 = EDGE_CURVE('',#1395,#1435,#1486,.T.);
#1486 = LINE('',#1487,#1488);
#1487 = CARTESIAN_POINT('',(2.2,0.8,0.1));
#1488 = VECTOR('',#1489,1.);
#1489 = DIRECTION('',(1.,0.,0.));
#1490 = ORIENTED_EDGE('',*,*,#1434,.F.);
#1491 = PLANE('',#1492);
#1492 = AXIS2_PLACEMENT_3D('',#1493,#1494,#1495);
#1493 = CARTESIAN_POINT('',(2.2,0.8,0.));
#1494 = DIRECTION('',(0.,1.,0.));
#1495 = DIRECTION('',(0.,-0.,1.));
#1496 = ADVANCED_FACE('',(#1497),#1503,.F.);
#1497 = FACE_BOUND('',#1498,.F.);
#1498 = EDGE_LOOP('',(#1499,#1500,#1501,#1502));
#1499 = ORIENTED_EDGE('',*,*,#1386,.F.);
#1500 = ORIENTED_EDGE('',*,*,#1456,.T.);
#1501 = ORIENTED_EDGE('',*,*,#1426,.T.);
#1502 = ORIENTED_EDGE('',*,*,#1478,.F.);
#1503 = PLANE('',#1504);
#1504 = AXIS2_PLACEMENT_3D('',#1505,#1506,#1507);
#1505 = CARTESIAN_POINT('',(2.2,-0.8,0.));
#1506 = DIRECTION('',(0.,0.,1.));
#1507 = DIRECTION('',(1.,0.,-0.));
#1508 = ADVANCED_FACE('',(#1509),#1515,.T.);
#1509 = FACE_BOUND('',#1510,.T.);
#1510 = EDGE_LOOP('',(#1511,#1512,#1513,#1514));
#1511 = ORIENTED_EDGE('',*,*,#1402,.F.);
#1512 = ORIENTED_EDGE('',*,*,#1463,.T.);
#1513 = ORIENTED_EDGE('',*,*,#1442,.T.);
#1514 = ORIENTED_EDGE('',*,*,#1485,.F.);
#1515 = PLANE('',#1516);
#1516 = AXIS2_PLACEMENT_3D('',#1517,#1518,#1519);
#1517 = CARTESIAN_POINT('',(2.2,-0.8,0.1));
#1518 = DIRECTION('',(0.,0.,1.));
#1519 = DIRECTION('',(1.,0.,-0.));
#1520 = ( GEOMETRIC_REPRESENTATION_CONTEXT(3) 
GLOBAL_UNCERTAINTY_ASSIGNED_CONTEXT((#1524)) 
GLOBAL_UNIT_ASSIGNED_CONTEXT((#1521,#1522,#1523)) REPRESENTATION_CONTEXT
('Context #1','3D Context with UNIT and UNCERTAINTY') );
#1521 = ( LENGTH_UNIT() NAMED_UNIT(*) SI_UNIT(.MILLI.,.METRE.) );
#1522 = ( NAMED_UNIT(*) PLANE_ANGLE_UNIT() SI_UNIT($,.RADIAN.) );
#1523 = ( NAMED_UNIT(*) SI_UNIT($,.STERADIAN.) SOLID_ANGLE_UNIT() );
#1524 = UNCERTAINTY_MEASURE_WITH_UNIT(LENGTH_MEASURE(1.E-07),#1521,
  'distance_accuracy_value','confusion accuracy');
#1525 = SHAPE_DEFINITION_REPRESENTATION(#1526,#1219);
#1526 = PRODUCT_DEFINITION_SHAPE('','',#1527);
#1527 = PRODUCT_DEFINITION('design','',#1528,#1531);
#1528 = PRODUCT_DEFINITION_FORMATION('','',#1529);
#1529 = PRODUCT('Pins','Pins','',(#1530));
#1530 = PRODUCT_CONTEXT('',#2,'mechanical');
#1531 = PRODUCT_DEFINITION_CONTEXT('part definition',#2,'design');
#1532 = CONTEXT_DEPENDENT_SHAPE_REPRESENTATION(#1533,#1535);
#1533 = ( REPRESENTATION_RELATIONSHIP('','',#1219,#1036) 
REPRESENTATION_RELATIONSHIP_WITH_TRANSFORMATION(#1534) 
SHAPE_REPRESENTATION_RELATIONSHIP() );
#1534 = ITEM_DEFINED_TRANSFORMATION('','',#11,#1041);
#1535 = PRODUCT_DEFINITION_SHAPE('Placement','Placement of an item',
  #1536);
#1536 = NEXT_ASSEMBLY_USAGE_OCCURRENCE('28','=>[0:1:1:3]','',#1031,#1527
  ,$);
#1537 = PRODUCT_RELATED_PRODUCT_CATEGORY('part',$,(#1529));
#1538 = CONTEXT_DEPENDENT_SHAPE_REPRESENTATION(#1539,#1541);
#1539 = ( REPRESENTATION_RELATIONSHIP('','',#1036,#1019) 
REPRESENTATION_RELATIONSHIP_WITH_TRANSFORMATION(#1540) 
SHAPE_REPRESENTATION_RELATIONSHIP() );
#1540 = ITEM_DEFINED_TRANSFORMATION('','',#11,#1020);
#1541 = PRODUCT_DEFINITION_SHAPE('Placement','Placement of an item',
  #1542);
#1542 = NEXT_ASSEMBLY_USAGE_OCCURRENCE('29','','',#1014,#1031,$);
#1543 = PRODUCT_RELATED_PRODUCT_CATEGORY('part',$,(#1033));
#1544 = CONTEXT_DEPENDENT_SHAPE_REPRESENTATION(#1545,#1547);
#1545 = ( REPRESENTATION_RELATIONSHIP('','',#1019,#10) 
REPRESENTATION_RELATIONSHIP_WITH_TRANSFORMATION(#1546) 
SHAPE_REPRESENTATION_RELATIONSHIP() );
#1546 = ITEM_DEFINED_TRANSFORMATION('','',#11,#19);
#1547 = PRODUCT_DEFINITION_SHAPE('Placement','Placement of an item',
  #1548);
#1548 = NEXT_ASSEMBLY_USAGE_OCCURRENCE('30','','',#5,#1014,$);
#1549 = PRODUCT_RELATED_PRODUCT_CATEGORY('part',$,(#1016));
#1550 = SHAPE_DEFINITION_REPRESENTATION(#1551,#1557);
#1551 = PRODUCT_DEFINITION_SHAPE('','',#1552);
#1552 = PRODUCT_DEFINITION('design','',#1553,#1556);
#1553 = PRODUCT_DEFINITION_FORMATION('','',#1554);
#1554 = PRODUCT('C2','C2','',(#1555));
#1555 = PRODUCT_CONTEXT('',#2,'mechanical');
#1556 = PRODUCT_DEFINITION_CONTEXT('part definition',#2,'design');
#1557 = SHAPE_REPRESENTATION('',(#11,#1558,#1562,#1566),#1570);
#1558 = AXIS2_PLACEMENT_3D('',#1559,#1560,#1561);
#1559 = CARTESIAN_POINT('',(28.321176147461,18.571176147461,0.));
#1560 = DIRECTION('',(0.,0.,1.));
#1561 = DIRECTION('',(1.,0.,0.));
#1562 = AXIS2_PLACEMENT_3D('',#1563,#1564,#1565);
#1563 = CARTESIAN_POINT('',(28.957570648193,19.207574462891,0.));
#1564 = DIRECTION('',(0.,0.,1.));
#1565 = DIRECTION('',(1.,0.,0.));
#1566 = AXIS2_PLACEMENT_3D('',#1567,#1568,#1569);
#1567 = CARTESIAN_POINT('',(28.639375305176,18.889375305176,0.));
#1568 = DIRECTION('',(0.,0.,1.));
#1569 = DIRECTION('',(1.,0.,0.));
#1570 = ( GEOMETRIC_REPRESENTATION_CONTEXT(3) 
GLOBAL_UNCERTAINTY_ASSIGNED_CONTEXT((#1574)) 
GLOBAL_UNIT_ASSIGNED_CONTEXT((#1571,#1572,#1573)) REPRESENTATION_CONTEXT
('Context #1','3D Context with UNIT and UNCERTAINTY') );
#1571 = ( LENGTH_UNIT() NAMED_UNIT(*) SI_UNIT(.MILLI.,.METRE.) );
#1572 = ( NAMED_UNIT(*) PLANE_ANGLE_UNIT() SI_UNIT($,.RADIAN.) );
#1573 = ( NAMED_UNIT(*) SI_UNIT($,.STERADIAN.) SOLID_ANGLE_UNIT() );
#1574 = UNCERTAINTY_MEASURE_WITH_UNIT(LENGTH_MEASURE(1.E-07),#1571,
  'distance_accuracy_value','confusion accuracy');
#1575 = SHAPE_DEFINITION_REPRESENTATION(#1576,#1582);
#1576 = PRODUCT_DEFINITION_SHAPE('','',#1577);
#1577 = PRODUCT_DEFINITION('design','',#1578,#1581);
#1578 = PRODUCT_DEFINITION_FORMATION('','',#1579);
#1579 = PRODUCT('6370874256','6370874256','',(#1580));
#1580 = PRODUCT_CONTEXT('',#2,'mechanical');
#1581 = PRODUCT_DEFINITION_CONTEXT('part definition',#2,'design');
#1582 = SHAPE_REPRESENTATION('',(#11,#1583),#1587);
#1583 = AXIS2_PLACEMENT_3D('',#1584,#1585,#1586);
#1584 = CARTESIAN_POINT('',(0.,0.,0.));
#1585 = DIRECTION('',(0.,0.,1.));
#1586 = DIRECTION('',(1.,0.,0.));
#1587 = ( GEOMETRIC_REPRESENTATION_CONTEXT(3) 
GLOBAL_UNCERTAINTY_ASSIGNED_CONTEXT((#1591)) 
GLOBAL_UNIT_ASSIGNED_CONTEXT((#1588,#1589,#1590)) REPRESENTATION_CONTEXT
('Context #1','3D Context with UNIT and UNCERTAINTY') );
#1588 = ( LENGTH_UNIT() NAMED_UNIT(*) SI_UNIT(.MILLI.,.METRE.) );
#1589 = ( NAMED_UNIT(*) PLANE_ANGLE_UNIT() SI_UNIT($,.RADIAN.) );
#1590 = ( NAMED_UNIT(*) SI_UNIT($,.STERADIAN.) SOLID_ANGLE_UNIT() );
#1591 = UNCERTAINTY_MEASURE_WITH_UNIT(LENGTH_MEASURE(1.E-07),#1588,
  'distance_accuracy_value','confusion accuracy');
#1592 = ADVANCED_BREP_SHAPE_REPRESENTATION('',(#11,#1593),#1743);
#1593 = MANIFOLD_SOLID_BREP('',#1594);
#1594 = CLOSED_SHELL('',(#1595,#1635,#1666,#1697,#1719,#1731));
#1595 = ADVANCED_FACE('',(#1596),#1630,.F.);
#1596 = FACE_BOUND('',#1597,.F.);
#1597 = EDGE_LOOP('',(#1598,#1608,#1616,#1624));
#1598 = ORIENTED_EDGE('',*,*,#1599,.T.);
#1599 = EDGE_CURVE('',#1600,#1602,#1604,.T.);
#1600 = VERTEX_POINT('',#1601);
#1601 = CARTESIAN_POINT('',(0.3005201,-0.15909798,0.));
#1602 = VERTEX_POINT('',#1603);
#1603 = CARTESIAN_POINT('',(0.3005201,-0.15909798,0.499999));
#1604 = LINE('',#1605,#1606);
#1605 = CARTESIAN_POINT('',(0.3005201,-0.15909798,0.));
#1606 = VECTOR('',#1607,1.);
#1607 = DIRECTION('',(0.,0.,1.));
#1608 = ORIENTED_EDGE('',*,*,#1609,.T.);
#1609 = EDGE_CURVE('',#1602,#1610,#1612,.T.);
#1610 = VERTEX_POINT('',#1611);
#1611 = CARTESIAN_POINT('',(-0.15910052,0.3005201,0.499999));
#1612 = LINE('',#1613,#1614);
#1613 = CARTESIAN_POINT('',(0.3005201,-0.15909798,0.499999));
#1614 = VECTOR('',#1615,1.);
#1615 = DIRECTION('',(-0.70710873503,0.707104827337,0.));
#1616 = ORIENTED_EDGE('',*,*,#1617,.F.);
#1617 = EDGE_CURVE('',#1618,#1610,#1620,.T.);
#1618 = VERTEX_POINT('',#1619);
#1619 = CARTESIAN_POINT('',(-0.15910052,0.3005201,0.));
#1620 = LINE('',#1621,#1622);
#1621 = CARTESIAN_POINT('',(-0.15910052,0.3005201,0.));
#1622 = VECTOR('',#1623,1.);
#1623 = DIRECTION('',(0.,0.,1.));
#1624 = ORIENTED_EDGE('',*,*,#1625,.F.);
#1625 = EDGE_CURVE('',#1600,#1618,#1626,.T.);
#1626 = LINE('',#1627,#1628);
#1627 = CARTESIAN_POINT('',(0.3005201,-0.15909798,0.));
#1628 = VECTOR('',#1629,1.);
#1629 = DIRECTION('',(-0.70710873503,0.707104827337,0.));
#1630 = PLANE('',#1631);
#1631 = AXIS2_PLACEMENT_3D('',#1632,#1633,#1634);
#1632 = CARTESIAN_POINT('',(0.3005201,-0.15909798,0.));
#1633 = DIRECTION('',(-0.707104827337,-0.70710873503,0.));
#1634 = DIRECTION('',(-0.70710873503,0.707104827337,0.));
#1635 = ADVANCED_FACE('',(#1636),#1661,.F.);
#1636 = FACE_BOUND('',#1637,.F.);
#1637 = EDGE_LOOP('',(#1638,#1639,#1647,#1655));
#1638 = ORIENTED_EDGE('',*,*,#1617,.T.);
#1639 = ORIENTED_EDGE('',*,*,#1640,.T.);
#1640 = EDGE_CURVE('',#1610,#1641,#1643,.T.);
#1641 = VERTEX_POINT('',#1642);
#1642 = CARTESIAN_POINT('',(-0.3005201,0.15910052,0.499999));
#1643 = LINE('',#1644,#1645);
#1644 = CARTESIAN_POINT('',(-0.15910052,0.3005201,0.499999));
#1645 = VECTOR('',#1646,1.);
#1646 = DIRECTION('',(-0.707106781187,-0.707106781187,0.));
#1647 = ORIENTED_EDGE('',*,*,#1648,.F.);
#1648 = EDGE_CURVE('',#1649,#1641,#1651,.T.);
#1649 = VERTEX_POINT('',#1650);
#1650 = CARTESIAN_POINT('',(-0.3005201,0.15910052,0.));
#1651 = LINE('',#1652,#1653);
#1652 = CARTESIAN_POINT('',(-0.3005201,0.15910052,0.));
#1653 = VECTOR('',#1654,1.);
#1654 = DIRECTION('',(0.,0.,1.));
#1655 = ORIENTED_EDGE('',*,*,#1656,.F.);
#1656 = EDGE_CURVE('',#1618,#1649,#1657,.T.);
#1657 = LINE('',#1658,#1659);
#1658 = CARTESIAN_POINT('',(-0.15910052,0.3005201,0.));
#1659 = VECTOR('',#1660,1.);
#1660 = DIRECTION('',(-0.707106781187,-0.707106781187,0.));
#1661 = PLANE('',#1662);
#1662 = AXIS2_PLACEMENT_3D('',#1663,#1664,#1665);
#1663 = CARTESIAN_POINT('',(-0.15910052,0.3005201,0.));
#1664 = DIRECTION('',(0.707106781187,-0.707106781187,0.));
#1665 = DIRECTION('',(-0.707106781187,-0.707106781187,0.));
#1666 = ADVANCED_FACE('',(#1667),#1692,.F.);
#1667 = FACE_BOUND('',#1668,.F.);
#1668 = EDGE_LOOP('',(#1669,#1670,#1678,#1686));
#1669 = ORIENTED_EDGE('',*,*,#1648,.T.);
#1670 = ORIENTED_EDGE('',*,*,#1671,.T.);
#1671 = EDGE_CURVE('',#1641,#1672,#1674,.T.);
#1672 = VERTEX_POINT('',#1673);
#1673 = CARTESIAN_POINT('',(0.15909798,-0.3005201,0.499999));
#1674 = LINE('',#1675,#1676);
#1675 = CARTESIAN_POINT('',(-0.3005201,0.15910052,0.499999));
#1676 = VECTOR('',#1677,1.);
#1677 = DIRECTION('',(0.707104827337,-0.70710873503,0.));
#1678 = ORIENTED_EDGE('',*,*,#1679,.F.);
#1679 = EDGE_CURVE('',#1680,#1672,#1682,.T.);
#1680 = VERTEX_POINT('',#1681);
#1681 = CARTESIAN_POINT('',(0.15909798,-0.3005201,0.));
#1682 = LINE('',#1683,#1684);
#1683 = CARTESIAN_POINT('',(0.15909798,-0.3005201,0.));
#1684 = VECTOR('',#1685,1.);
#1685 = DIRECTION('',(0.,0.,1.));
#1686 = ORIENTED_EDGE('',*,*,#1687,.F.);
#1687 = EDGE_CURVE('',#1649,#1680,#1688,.T.);
#1688 = LINE('',#1689,#1690);
#1689 = CARTESIAN_POINT('',(-0.3005201,0.15910052,0.));
#1690 = VECTOR('',#1691,1.);
#1691 = DIRECTION('',(0.707104827337,-0.70710873503,0.));
#1692 = PLANE('',#1693);
#1693 = AXIS2_PLACEMENT_3D('',#1694,#1695,#1696);
#1694 = CARTESIAN_POINT('',(-0.3005201,0.15910052,0.));
#1695 = DIRECTION('',(0.70710873503,0.707104827337,-0.));
#1696 = DIRECTION('',(0.707104827337,-0.70710873503,0.));
#1697 = ADVANCED_FACE('',(#1698),#1714,.F.);
#1698 = FACE_BOUND('',#1699,.F.);
#1699 = EDGE_LOOP('',(#1700,#1701,#1707,#1708));
#1700 = ORIENTED_EDGE('',*,*,#1679,.T.);
#1701 = ORIENTED_EDGE('',*,*,#1702,.T.);
#1702 = EDGE_CURVE('',#1672,#1602,#1703,.T.);
#1703 = LINE('',#1704,#1705);
#1704 = CARTESIAN_POINT('',(0.15909798,-0.3005201,0.499999));
#1705 = VECTOR('',#1706,1.);
#1706 = DIRECTION('',(0.707106781187,0.707106781187,0.));
#1707 = ORIENTED_EDGE('',*,*,#1599,.F.);
#1708 = ORIENTED_EDGE('',*,*,#1709,.F.);
#1709 = EDGE_CURVE('',#1680,#1600,#1710,.T.);
#1710 = LINE('',#1711,#1712);
#1711 = CARTESIAN_POINT('',(0.15909798,-0.3005201,0.));
#1712 = VECTOR('',#1713,1.);
#1713 = DIRECTION('',(0.707106781187,0.707106781187,0.));
#1714 = PLANE('',#1715);
#1715 = AXIS2_PLACEMENT_3D('',#1716,#1717,#1718);
#1716 = CARTESIAN_POINT('',(0.15909798,-0.3005201,0.));
#1717 = DIRECTION('',(-0.707106781187,0.707106781187,0.));
#1718 = DIRECTION('',(0.707106781187,0.707106781187,0.));
#1719 = ADVANCED_FACE('',(#1720),#1726,.F.);
#1720 = FACE_BOUND('',#1721,.F.);
#1721 = EDGE_LOOP('',(#1722,#1723,#1724,#1725));
#1722 = ORIENTED_EDGE('',*,*,#1625,.T.);
#1723 = ORIENTED_EDGE('',*,*,#1656,.T.);
#1724 = ORIENTED_EDGE('',*,*,#1687,.T.);
#1725 = ORIENTED_EDGE('',*,*,#1709,.T.);
#1726 = PLANE('',#1727);
#1727 = AXIS2_PLACEMENT_3D('',#1728,#1729,#1730);
#1728 = CARTESIAN_POINT('',(-1.494113677069E-07,1.494113704396E-07,0.));
#1729 = DIRECTION('',(0.,0.,1.));
#1730 = DIRECTION('',(1.,0.,-0.));
#1731 = ADVANCED_FACE('',(#1732),#1738,.T.);
#1732 = FACE_BOUND('',#1733,.T.);
#1733 = EDGE_LOOP('',(#1734,#1735,#1736,#1737));
#1734 = ORIENTED_EDGE('',*,*,#1609,.T.);
#1735 = ORIENTED_EDGE('',*,*,#1640,.T.);
#1736 = ORIENTED_EDGE('',*,*,#1671,.T.);
#1737 = ORIENTED_EDGE('',*,*,#1702,.T.);
#1738 = PLANE('',#1739);
#1739 = AXIS2_PLACEMENT_3D('',#1740,#1741,#1742);
#1740 = CARTESIAN_POINT('',(-1.494113677069E-07,1.494113704396E-07,
    0.499999));
#1741 = DIRECTION('',(0.,0.,1.));
#1742 = DIRECTION('',(1.,0.,-0.));
#1743 = ( GEOMETRIC_REPRESENTATION_CONTEXT(3) 
GLOBAL_UNCERTAINTY_ASSIGNED_CONTEXT((#1747)) 
GLOBAL_UNIT_ASSIGNED_CONTEXT((#1744,#1745,#1746)) REPRESENTATION_CONTEXT
('Context #1','3D Context with UNIT and UNCERTAINTY') );
#1744 = ( LENGTH_UNIT() NAMED_UNIT(*) SI_UNIT(.MILLI.,.METRE.) );
#1745 = ( NAMED_UNIT(*) PLANE_ANGLE_UNIT() SI_UNIT($,.RADIAN.) );
#1746 = ( NAMED_UNIT(*) SI_UNIT($,.STERADIAN.) SOLID_ANGLE_UNIT() );
#1747 = UNCERTAINTY_MEASURE_WITH_UNIT(LENGTH_MEASURE(1.E-07),#1744,
  'distance_accuracy_value','confusion accuracy');
#1748 = SHAPE_DEFINITION_REPRESENTATION(#1749,#1592);
#1749 = PRODUCT_DEFINITION_SHAPE('','',#1750);
#1750 = PRODUCT_DEFINITION('design','',#1751,#1754);
#1751 = PRODUCT_DEFINITION_FORMATION('','',#1752);
#1752 = PRODUCT('Extruded','Extruded','',(#1753));
#1753 = PRODUCT_CONTEXT('',#2,'mechanical');
#1754 = PRODUCT_DEFINITION_CONTEXT('part definition',#2,'design');
#1755 = CONTEXT_DEPENDENT_SHAPE_REPRESENTATION(#1756,#1758);
#1756 = ( REPRESENTATION_RELATIONSHIP('','',#1592,#1582) 
REPRESENTATION_RELATIONSHIP_WITH_TRANSFORMATION(#1757) 
SHAPE_REPRESENTATION_RELATIONSHIP() );
#1757 = ITEM_DEFINED_TRANSFORMATION('','',#11,#1583);
#1758 = PRODUCT_DEFINITION_SHAPE('Placement','Placement of an item',
  #1759);
#1759 = NEXT_ASSEMBLY_USAGE_OCCURRENCE('31','21','',#1577,#1750,$);
#1760 = PRODUCT_RELATED_PRODUCT_CATEGORY('part',$,(#1752));
#1761 = CONTEXT_DEPENDENT_SHAPE_REPRESENTATION(#1762,#1764);
#1762 = ( REPRESENTATION_RELATIONSHIP('','',#1582,#1557) 
REPRESENTATION_RELATIONSHIP_WITH_TRANSFORMATION(#1763) 
SHAPE_REPRESENTATION_RELATIONSHIP() );
#1763 = ITEM_DEFINED_TRANSFORMATION('','',#11,#1558);
#1764 = PRODUCT_DEFINITION_SHAPE('Placement','Placement of an item',
  #1765);
#1765 = NEXT_ASSEMBLY_USAGE_OCCURRENCE('32','','',#1552,#1577,$);
#1766 = PRODUCT_RELATED_PRODUCT_CATEGORY('part',$,(#1579));
#1767 = CONTEXT_DEPENDENT_SHAPE_REPRESENTATION(#1768,#1770);
#1768 = ( REPRESENTATION_RELATIONSHIP('','',#1582,#1557) 
REPRESENTATION_RELATIONSHIP_WITH_TRANSFORMATION(#1769) 
SHAPE_REPRESENTATION_RELATIONSHIP() );
#1769 = ITEM_DEFINED_TRANSFORMATION('','',#11,#1562);
#1770 = PRODUCT_DEFINITION_SHAPE('Placement','Placement of an item',
  #1771);
#1771 = NEXT_ASSEMBLY_USAGE_OCCURRENCE('33','','',#1552,#1577,$);
#1772 = SHAPE_DEFINITION_REPRESENTATION(#1773,#1779);
#1773 = PRODUCT_DEFINITION_SHAPE('','',#1774);
#1774 = PRODUCT_DEFINITION('design','',#1775,#1778);
#1775 = PRODUCT_DEFINITION_FORMATION('','',#1776);
#1776 = PRODUCT('6370874016','6370874016','',(#1777));
#1777 = PRODUCT_CONTEXT('',#2,'mechanical');
#1778 = PRODUCT_DEFINITION_CONTEXT('part definition',#2,'design');
#1779 = SHAPE_REPRESENTATION('',(#11,#1780),#1784);
#1780 = AXIS2_PLACEMENT_3D('',#1781,#1782,#1783);
#1781 = CARTESIAN_POINT('',(0.,0.,0.));
#1782 = DIRECTION('',(0.,0.,1.));
#1783 = DIRECTION('',(1.,0.,0.));
#1784 = ( GEOMETRIC_REPRESENTATION_CONTEXT(3) 
GLOBAL_UNCERTAINTY_ASSIGNED_CONTEXT((#1788)) 
GLOBAL_UNIT_ASSIGNED_CONTEXT((#1785,#1786,#1787)) REPRESENTATION_CONTEXT
('Context #1','3D Context with UNIT and UNCERTAINTY') );
#1785 = ( LENGTH_UNIT() NAMED_UNIT(*) SI_UNIT(.MILLI.,.METRE.) );
#1786 = ( NAMED_UNIT(*) PLANE_ANGLE_UNIT() SI_UNIT($,.RADIAN.) );
#1787 = ( NAMED_UNIT(*) SI_UNIT($,.STERADIAN.) SOLID_ANGLE_UNIT() );
#1788 = UNCERTAINTY_MEASURE_WITH_UNIT(LENGTH_MEASURE(1.E-07),#1785,
  'distance_accuracy_value','confusion accuracy');
#1789 = ADVANCED_BREP_SHAPE_REPRESENTATION('',(#11,#1790),#1940);
#1790 = MANIFOLD_SOLID_BREP('',#1791);
#1791 = CLOSED_SHELL('',(#1792,#1832,#1863,#1894,#1916,#1928));
#1792 = ADVANCED_FACE('',(#1793),#1827,.F.);
#1793 = FACE_BOUND('',#1794,.F.);
#1794 = EDGE_LOOP('',(#1795,#1805,#1813,#1821));
#1795 = ORIENTED_EDGE('',*,*,#1796,.T.);
#1796 = EDGE_CURVE('',#1797,#1799,#1801,.T.);
#1797 = VERTEX_POINT('',#1798);
#1798 = CARTESIAN_POINT('',(0.47729902,1.76784E-02,0.));
#1799 = VERTEX_POINT('',#1800);
#1800 = CARTESIAN_POINT('',(0.47729902,1.76784E-02,0.499999));
#1801 = LINE('',#1802,#1803);
#1802 = CARTESIAN_POINT('',(0.47729902,1.76784E-02,0.));
#1803 = VECTOR('',#1804,1.);
#1804 = DIRECTION('',(0.,0.,1.));
#1805 = ORIENTED_EDGE('',*,*,#1806,.T.);
#1806 = EDGE_CURVE('',#1799,#1807,#1809,.T.);
#1807 = VERTEX_POINT('',#1808);
#1808 = CARTESIAN_POINT('',(1.76784E-02,0.47729648,0.499999));
#1809 = LINE('',#1810,#1811);
#1810 = CARTESIAN_POINT('',(0.47729902,1.76784E-02,0.499999));
#1811 = VECTOR('',#1812,1.);
#1812 = DIRECTION('',(-0.70710873503,0.707104827337,0.));
#1813 = ORIENTED_EDGE('',*,*,#1814,.F.);
#1814 = EDGE_CURVE('',#1815,#1807,#1817,.T.);
#1815 = VERTEX_POINT('',#1816);
#1816 = CARTESIAN_POINT('',(1.76784E-02,0.47729648,0.));
#1817 = LINE('',#1818,#1819);
#1818 = CARTESIAN_POINT('',(1.76784E-02,0.47729648,0.));
#1819 = VECTOR('',#1820,1.);
#1820 = DIRECTION('',(0.,0.,1.));
#1821 = ORIENTED_EDGE('',*,*,#1822,.F.);
#1822 = EDGE_CURVE('',#1797,#1815,#1823,.T.);
#1823 = LINE('',#1824,#1825);
#1824 = CARTESIAN_POINT('',(0.47729902,1.76784E-02,0.));
#1825 = VECTOR('',#1826,1.);
#1826 = DIRECTION('',(-0.70710873503,0.707104827337,0.));
#1827 = PLANE('',#1828);
#1828 = AXIS2_PLACEMENT_3D('',#1829,#1830,#1831);
#1829 = CARTESIAN_POINT('',(0.47729902,1.76784E-02,0.));
#1830 = DIRECTION('',(-0.707104827337,-0.70710873503,0.));
#1831 = DIRECTION('',(-0.70710873503,0.707104827337,0.));
#1832 = ADVANCED_FACE('',(#1833),#1858,.F.);
#1833 = FACE_BOUND('',#1834,.F.);
#1834 = EDGE_LOOP('',(#1835,#1836,#1844,#1852));
#1835 = ORIENTED_EDGE('',*,*,#1814,.T.);
#1836 = ORIENTED_EDGE('',*,*,#1837,.T.);
#1837 = EDGE_CURVE('',#1807,#1838,#1840,.T.);
#1838 = VERTEX_POINT('',#1839);
#1839 = CARTESIAN_POINT('',(-0.47729648,-1.767839999999E-02,0.499999));
#1840 = LINE('',#1841,#1842);
#1841 = CARTESIAN_POINT('',(1.76784E-02,0.47729648,0.499999));
#1842 = VECTOR('',#1843,1.);
#1843 = DIRECTION('',(-0.707106781187,-0.707106781187,0.));
#1844 = ORIENTED_EDGE('',*,*,#1845,.F.);
#1845 = EDGE_CURVE('',#1846,#1838,#1848,.T.);
#1846 = VERTEX_POINT('',#1847);
#1847 = CARTESIAN_POINT('',(-0.47729648,-1.767839999999E-02,0.));
#1848 = LINE('',#1849,#1850);
#1849 = CARTESIAN_POINT('',(-0.47729648,-1.767839999999E-02,0.));
#1850 = VECTOR('',#1851,1.);
#1851 = DIRECTION('',(0.,0.,1.));
#1852 = ORIENTED_EDGE('',*,*,#1853,.F.);
#1853 = EDGE_CURVE('',#1815,#1846,#1854,.T.);
#1854 = LINE('',#1855,#1856);
#1855 = CARTESIAN_POINT('',(1.76784E-02,0.47729648,0.));
#1856 = VECTOR('',#1857,1.);
#1857 = DIRECTION('',(-0.707106781187,-0.707106781187,0.));
#1858 = PLANE('',#1859);
#1859 = AXIS2_PLACEMENT_3D('',#1860,#1861,#1862);
#1860 = CARTESIAN_POINT('',(1.76784E-02,0.47729648,0.));
#1861 = DIRECTION('',(0.707106781187,-0.707106781187,0.));
#1862 = DIRECTION('',(-0.707106781187,-0.707106781187,0.));
#1863 = ADVANCED_FACE('',(#1864),#1889,.F.);
#1864 = FACE_BOUND('',#1865,.F.);
#1865 = EDGE_LOOP('',(#1866,#1867,#1875,#1883));
#1866 = ORIENTED_EDGE('',*,*,#1845,.T.);
#1867 = ORIENTED_EDGE('',*,*,#1868,.T.);
#1868 = EDGE_CURVE('',#1838,#1869,#1871,.T.);
#1869 = VERTEX_POINT('',#1870);
#1870 = CARTESIAN_POINT('',(-1.767586E-02,-0.47729648,0.499999));
#1871 = LINE('',#1872,#1873);
#1872 = CARTESIAN_POINT('',(-0.47729648,-1.767839999999E-02,0.499999));
#1873 = VECTOR('',#1874,1.);
#1874 = DIRECTION('',(0.70710873503,-0.707104827337,0.));
#1875 = ORIENTED_EDGE('',*,*,#1876,.F.);
#1876 = EDGE_CURVE('',#1877,#1869,#1879,.T.);
#1877 = VERTEX_POINT('',#1878);
#1878 = CARTESIAN_POINT('',(-1.767586E-02,-0.47729648,0.));
#1879 = LINE('',#1880,#1881);
#1880 = CARTESIAN_POINT('',(-1.767586E-02,-0.47729648,0.));
#1881 = VECTOR('',#1882,1.);
#1882 = DIRECTION('',(0.,0.,1.));
#1883 = ORIENTED_EDGE('',*,*,#1884,.F.);
#1884 = EDGE_CURVE('',#1846,#1877,#1885,.T.);
#1885 = LINE('',#1886,#1887);
#1886 = CARTESIAN_POINT('',(-0.47729648,-1.767839999999E-02,0.));
#1887 = VECTOR('',#1888,1.);
#1888 = DIRECTION('',(0.70710873503,-0.707104827337,0.));
#1889 = PLANE('',#1890);
#1890 = AXIS2_PLACEMENT_3D('',#1891,#1892,#1893);
#1891 = CARTESIAN_POINT('',(-0.47729648,-1.767839999999E-02,0.));
#1892 = DIRECTION('',(0.707104827337,0.70710873503,-0.));
#1893 = DIRECTION('',(0.70710873503,-0.707104827337,0.));
#1894 = ADVANCED_FACE('',(#1895),#1911,.F.);
#1895 = FACE_BOUND('',#1896,.F.);
#1896 = EDGE_LOOP('',(#1897,#1898,#1904,#1905));
#1897 = ORIENTED_EDGE('',*,*,#1876,.T.);
#1898 = ORIENTED_EDGE('',*,*,#1899,.T.);
#1899 = EDGE_CURVE('',#1869,#1799,#1900,.T.);
#1900 = LINE('',#1901,#1902);
#1901 = CARTESIAN_POINT('',(-1.767586E-02,-0.47729648,0.499999));
#1902 = VECTOR('',#1903,1.);
#1903 = DIRECTION('',(0.707106781187,0.707106781187,0.));
#1904 = ORIENTED_EDGE('',*,*,#1796,.F.);
#1905 = ORIENTED_EDGE('',*,*,#1906,.F.);
#1906 = EDGE_CURVE('',#1877,#1797,#1907,.T.);
#1907 = LINE('',#1908,#1909);
#1908 = CARTESIAN_POINT('',(-1.767586E-02,-0.47729648,0.));
#1909 = VECTOR('',#1910,1.);
#1910 = DIRECTION('',(0.707106781187,0.707106781187,0.));
#1911 = PLANE('',#1912);
#1912 = AXIS2_PLACEMENT_3D('',#1913,#1914,#1915);
#1913 = CARTESIAN_POINT('',(-1.767586E-02,-0.47729648,0.));
#1914 = DIRECTION('',(-0.707106781187,0.707106781187,0.));
#1915 = DIRECTION('',(0.707106781187,0.707106781187,0.));
#1916 = ADVANCED_FACE('',(#1917),#1923,.F.);
#1917 = FACE_BOUND('',#1918,.F.);
#1918 = EDGE_LOOP('',(#1919,#1920,#1921,#1922));
#1919 = ORIENTED_EDGE('',*,*,#1822,.T.);
#1920 = ORIENTED_EDGE('',*,*,#1853,.T.);
#1921 = ORIENTED_EDGE('',*,*,#1884,.T.);
#1922 = ORIENTED_EDGE('',*,*,#1906,.T.);
#1923 = PLANE('',#1924);
#1924 = AXIS2_PLACEMENT_3D('',#1925,#1926,#1927);
#1925 = CARTESIAN_POINT('',(1.270000003781E-06,9.467091999828E-16,0.));
#1926 = DIRECTION('',(0.,0.,1.));
#1927 = DIRECTION('',(1.,0.,-0.));
#1928 = ADVANCED_FACE('',(#1929),#1935,.T.);
#1929 = FACE_BOUND('',#1930,.T.);
#1930 = EDGE_LOOP('',(#1931,#1932,#1933,#1934));
#1931 = ORIENTED_EDGE('',*,*,#1806,.T.);
#1932 = ORIENTED_EDGE('',*,*,#1837,.T.);
#1933 = ORIENTED_EDGE('',*,*,#1868,.T.);
#1934 = ORIENTED_EDGE('',*,*,#1899,.T.);
#1935 = PLANE('',#1936);
#1936 = AXIS2_PLACEMENT_3D('',#1937,#1938,#1939);
#1937 = CARTESIAN_POINT('',(1.270000003781E-06,9.467091999828E-16,
    0.499999));
#1938 = DIRECTION('',(0.,0.,1.));
#1939 = DIRECTION('',(1.,0.,-0.));
#1940 = ( GEOMETRIC_REPRESENTATION_CONTEXT(3) 
GLOBAL_UNCERTAINTY_ASSIGNED_CONTEXT((#1944)) 
GLOBAL_UNIT_ASSIGNED_CONTEXT((#1941,#1942,#1943)) REPRESENTATION_CONTEXT
('Context #1','3D Context with UNIT and UNCERTAINTY') );
#1941 = ( LENGTH_UNIT() NAMED_UNIT(*) SI_UNIT(.MILLI.,.METRE.) );
#1942 = ( NAMED_UNIT(*) PLANE_ANGLE_UNIT() SI_UNIT($,.RADIAN.) );
#1943 = ( NAMED_UNIT(*) SI_UNIT($,.STERADIAN.) SOLID_ANGLE_UNIT() );
#1944 = UNCERTAINTY_MEASURE_WITH_UNIT(LENGTH_MEASURE(1.E-07),#1941,
  'distance_accuracy_value','confusion accuracy');
#1945 = SHAPE_DEFINITION_REPRESENTATION(#1946,#1789);
#1946 = PRODUCT_DEFINITION_SHAPE('','',#1947);
#1947 = PRODUCT_DEFINITION('design','',#1948,#1951);
#1948 = PRODUCT_DEFINITION_FORMATION('','',#1949);
#1949 = PRODUCT('Extruded','Extruded','',(#1950));
#1950 = PRODUCT_CONTEXT('',#2,'mechanical');
#1951 = PRODUCT_DEFINITION_CONTEXT('part definition',#2,'design');
#1952 = CONTEXT_DEPENDENT_SHAPE_REPRESENTATION(#1953,#1955);
#1953 = ( REPRESENTATION_RELATIONSHIP('','',#1789,#1779) 
REPRESENTATION_RELATIONSHIP_WITH_TRANSFORMATION(#1954) 
SHAPE_REPRESENTATION_RELATIONSHIP() );
#1954 = ITEM_DEFINED_TRANSFORMATION('','',#11,#1780);
#1955 = PRODUCT_DEFINITION_SHAPE('Placement','Placement of an item',
  #1956);
#1956 = NEXT_ASSEMBLY_USAGE_OCCURRENCE('34','22','',#1774,#1947,$);
#1957 = PRODUCT_RELATED_PRODUCT_CATEGORY('part',$,(#1949));
#1958 = CONTEXT_DEPENDENT_SHAPE_REPRESENTATION(#1959,#1961);
#1959 = ( REPRESENTATION_RELATIONSHIP('','',#1779,#1557) 
REPRESENTATION_RELATIONSHIP_WITH_TRANSFORMATION(#1960) 
SHAPE_REPRESENTATION_RELATIONSHIP() );
#1960 = ITEM_DEFINED_TRANSFORMATION('','',#11,#1566);
#1961 = PRODUCT_DEFINITION_SHAPE('Placement','Placement of an item',
  #1962);
#1962 = NEXT_ASSEMBLY_USAGE_OCCURRENCE('35','','',#1552,#1774,$);
#1963 = PRODUCT_RELATED_PRODUCT_CATEGORY('part',$,(#1776));
#1964 = CONTEXT_DEPENDENT_SHAPE_REPRESENTATION(#1965,#1967);
#1965 = ( REPRESENTATION_RELATIONSHIP('','',#1557,#10) 
REPRESENTATION_RELATIONSHIP_WITH_TRANSFORMATION(#1966) 
SHAPE_REPRESENTATION_RELATIONSHIP() );
#1966 = ITEM_DEFINED_TRANSFORMATION('','',#11,#23);
#1967 = PRODUCT_DEFINITION_SHAPE('Placement','Placement of an item',
  #1968);
#1968 = NEXT_ASSEMBLY_USAGE_OCCURRENCE('36','','',#5,#1552,$);
#1969 = PRODUCT_RELATED_PRODUCT_CATEGORY('part',$,(#1554));
#1970 = SHAPE_DEFINITION_REPRESENTATION(#1971,#1977);
#1971 = PRODUCT_DEFINITION_SHAPE('','',#1972);
#1972 = PRODUCT_DEFINITION('design','',#1973,#1976);
#1973 = PRODUCT_DEFINITION_FORMATION('','',#1974);
#1974 = PRODUCT('C1','C1','',(#1975));
#1975 = PRODUCT_CONTEXT('',#2,'mechanical');
#1976 = PRODUCT_DEFINITION_CONTEXT('part definition',#2,'design');
#1977 = SHAPE_REPRESENTATION('',(#11,#1978,#1982,#1986),#1990);
#1978 = AXIS2_PLACEMENT_3D('',#1979,#1980,#1981);
#1979 = CARTESIAN_POINT('',(21.79242477417,25.042428588867,0.));
#1980 = DIRECTION('',(0.,0.,1.));
#1981 = DIRECTION('',(1.,0.,0.));
#1982 = AXIS2_PLACEMENT_3D('',#1983,#1984,#1985);
#1983 = CARTESIAN_POINT('',(22.4288230896,25.678826904297,0.));
#1984 = DIRECTION('',(0.,0.,1.));
#1985 = DIRECTION('',(1.,0.,0.));
#1986 = AXIS2_PLACEMENT_3D('',#1987,#1988,#1989);
#1987 = CARTESIAN_POINT('',(22.110623931885,25.360627746582,0.));
#1988 = DIRECTION('',(0.,0.,1.));
#1989 = DIRECTION('',(1.,0.,0.));
#1990 = ( GEOMETRIC_REPRESENTATION_CONTEXT(3) 
GLOBAL_UNCERTAINTY_ASSIGNED_CONTEXT((#1994)) 
GLOBAL_UNIT_ASSIGNED_CONTEXT((#1991,#1992,#1993)) REPRESENTATION_CONTEXT
('Context #1','3D Context with UNIT and UNCERTAINTY') );
#1991 = ( LENGTH_UNIT() NAMED_UNIT(*) SI_UNIT(.MILLI.,.METRE.) );
#1992 = ( NAMED_UNIT(*) PLANE_ANGLE_UNIT() SI_UNIT($,.RADIAN.) );
#1993 = ( NAMED_UNIT(*) SI_UNIT($,.STERADIAN.) SOLID_ANGLE_UNIT() );
#1994 = UNCERTAINTY_MEASURE_WITH_UNIT(LENGTH_MEASURE(1.E-07),#1991,
  'distance_accuracy_value','confusion accuracy');
#1995 = CONTEXT_DEPENDENT_SHAPE_REPRESENTATION(#1996,#1998);
#1996 = ( REPRESENTATION_RELATIONSHIP('','',#1582,#1977) 
REPRESENTATION_RELATIONSHIP_WITH_TRANSFORMATION(#1997) 
SHAPE_REPRESENTATION_RELATIONSHIP() );
#1997 = ITEM_DEFINED_TRANSFORMATION('','',#11,#1978);
#1998 = PRODUCT_DEFINITION_SHAPE('Placement','Placement of an item',
  #1999);
#1999 = NEXT_ASSEMBLY_USAGE_OCCURRENCE('37','','',#1972,#1577,$);
#2000 = CONTEXT_DEPENDENT_SHAPE_REPRESENTATION(#2001,#2003);
#2001 = ( REPRESENTATION_RELATIONSHIP('','',#1582,#1977) 
REPRESENTATION_RELATIONSHIP_WITH_TRANSFORMATION(#2002) 
SHAPE_REPRESENTATION_RELATIONSHIP() );
#2002 = ITEM_DEFINED_TRANSFORMATION('','',#11,#1982);
#2003 = PRODUCT_DEFINITION_SHAPE('Placement','Placement of an item',
  #2004);
#2004 = NEXT_ASSEMBLY_USAGE_OCCURRENCE('38','','',#1972,#1577,$);
#2005 = CONTEXT_DEPENDENT_SHAPE_REPRESENTATION(#2006,#2008);
#2006 = ( REPRESENTATION_RELATIONSHIP('','',#1779,#1977) 
REPRESENTATION_RELATIONSHIP_WITH_TRANSFORMATION(#2007) 
SHAPE_REPRESENTATION_RELATIONSHIP() );
#2007 = ITEM_DEFINED_TRANSFORMATION('','',#11,#1986);
#2008 = PRODUCT_DEFINITION_SHAPE('Placement','Placement of an item',
  #2009);
#2009 = NEXT_ASSEMBLY_USAGE_OCCURRENCE('39','','',#1972,#1774,$);
#2010 = CONTEXT_DEPENDENT_SHAPE_REPRESENTATION(#2011,#2013);
#2011 = ( REPRESENTATION_RELATIONSHIP('','',#1977,#10) 
REPRESENTATION_RELATIONSHIP_WITH_TRANSFORMATION(#2012) 
SHAPE_REPRESENTATION_RELATIONSHIP() );
#2012 = ITEM_DEFINED_TRANSFORMATION('','',#11,#27);
#2013 = PRODUCT_DEFINITION_SHAPE('Placement','Placement of an item',
  #2014);
#2014 = NEXT_ASSEMBLY_USAGE_OCCURRENCE('40','','',#5,#1972,$);
#2015 = PRODUCT_RELATED_PRODUCT_CATEGORY('part',$,(#1974));
#2016 = SHAPE_DEFINITION_REPRESENTATION(#2017,#2023);
#2017 = PRODUCT_DEFINITION_SHAPE('','',#2018);
#2018 = PRODUCT_DEFINITION('design','',#2019,#2022);
#2019 = PRODUCT_DEFINITION_FORMATION('','',#2020);
#2020 = PRODUCT('D5','D5','',(#2021));
#2021 = PRODUCT_CONTEXT('',#2,'mechanical');
#2022 = PRODUCT_DEFINITION_CONTEXT('part definition',#2,'design');
#2023 = SHAPE_REPRESENTATION('',(#11,#2024),#2028);
#2024 = AXIS2_PLACEMENT_3D('',#2025,#2026,#2027);
#2025 = CARTESIAN_POINT('',(28.500058746338,33.999909973145,
    0.149999633431));
#2026 = DIRECTION('',(-0.,0.,1.));
#2027 = DIRECTION('',(1.19248806385E-08,-1.,0.));
#2028 = ( GEOMETRIC_REPRESENTATION_CONTEXT(3) 
GLOBAL_UNCERTAINTY_ASSIGNED_CONTEXT((#2032)) 
GLOBAL_UNIT_ASSIGNED_CONTEXT((#2029,#2030,#2031)) REPRESENTATION_CONTEXT
('Context #1','3D Context with UNIT and UNCERTAINTY') );
#2029 = ( LENGTH_UNIT() NAMED_UNIT(*) SI_UNIT(.MILLI.,.METRE.) );
#2030 = ( NAMED_UNIT(*) PLANE_ANGLE_UNIT() SI_UNIT($,.RADIAN.) );
#2031 = ( NAMED_UNIT(*) SI_UNIT($,.STERADIAN.) SOLID_ANGLE_UNIT() );
#2032 = UNCERTAINTY_MEASURE_WITH_UNIT(LENGTH_MEASURE(2.E-07),#2029,
  'distance_accuracy_value','confusion accuracy');
#2033 = SHAPE_DEFINITION_REPRESENTATION(#2034,#2040);
#2034 = PRODUCT_DEFINITION_SHAPE('','',#2035);
#2035 = PRODUCT_DEFINITION('design','',#2036,#2039);
#2036 = PRODUCT_DEFINITION_FORMATION('','',#2037);
#2037 = PRODUCT('150141xxx','150141xxx','',(#2038));
#2038 = PRODUCT_CONTEXT('',#2,'mechanical');
#2039 = PRODUCT_DEFINITION_CONTEXT('part definition',#2,'design');
#2040 = SHAPE_REPRESENTATION('',(#11,#2041,#2045,#2049,#2053),#2057);
#2041 = AXIS2_PLACEMENT_3D('',#2042,#2043,#2044);
#2042 = CARTESIAN_POINT('',(0.,0.,0.));
#2043 = DIRECTION('',(0.,0.,1.));
#2044 = DIRECTION('',(1.,0.,0.));
#2045 = AXIS2_PLACEMENT_3D('',#2046,#2047,#2048);
#2046 = CARTESIAN_POINT('',(8.0440885704E-16,6.753939963375E-16,-0.15));
#2047 = DIRECTION('',(0.,0.,1.));
#2048 = DIRECTION('',(1.,0.,0.));
#2049 = AXIS2_PLACEMENT_3D('',#2050,#2051,#2052);
#2050 = CARTESIAN_POINT('',(0.,0.,0.));
#2051 = DIRECTION('',(0.,0.,1.));
#2052 = DIRECTION('',(1.,0.,0.));
#2053 = AXIS2_PLACEMENT_3D('',#2054,#2055,#2056);
#2054 = CARTESIAN_POINT('',(0.,0.,0.));
#2055 = DIRECTION('',(-9.023519616094E-18,-8.500145032286E-17,1.));
#2056 = DIRECTION('',(-1.,7.307320000987E-17,-9.023519616094E-18));
#2057 = ( GEOMETRIC_REPRESENTATION_CONTEXT(3) 
GLOBAL_UNCERTAINTY_ASSIGNED_CONTEXT((#2061)) 
GLOBAL_UNIT_ASSIGNED_CONTEXT((#2058,#2059,#2060)) REPRESENTATION_CONTEXT
('Context #1','3D Context with UNIT and UNCERTAINTY') );
#2058 = ( LENGTH_UNIT() NAMED_UNIT(*) SI_UNIT(.MILLI.,.METRE.) );
#2059 = ( NAMED_UNIT(*) PLANE_ANGLE_UNIT() SI_UNIT($,.RADIAN.) );
#2060 = ( NAMED_UNIT(*) SI_UNIT($,.STERADIAN.) SOLID_ANGLE_UNIT() );
#2061 = UNCERTAINTY_MEASURE_WITH_UNIT(LENGTH_MEASURE(2.E-07),#2058,
  'distance_accuracy_value','confusion accuracy');
#2062 = ADVANCED_BREP_SHAPE_REPRESENTATION('',(#11,#2063),#2995);
#2063 = MANIFOLD_SOLID_BREP('',#2064);
#2064 = CLOSED_SHELL('',(#2065,#2114,#2145,#2162,#2321,#2398,#2449,#2482
    ,#2545,#2571,#2604,#2637,#2655,#2688,#2700,#2712,#2743,#2761,#2779,
    #2796,#2809,#2821,#2852,#2870,#2888,#2900,#2931,#2949,#2967,#2979));
#2065 = ADVANCED_FACE('',(#2066),#2109,.T.);
#2066 = FACE_BOUND('',#2067,.T.);
#2067 = EDGE_LOOP('',(#2068,#2078,#2086,#2094,#2102));
#2068 = ORIENTED_EDGE('',*,*,#2069,.F.);
#2069 = EDGE_CURVE('',#2070,#2072,#2074,.T.);
#2070 = VERTEX_POINT('',#2071);
#2071 = CARTESIAN_POINT('',(1.6,1.1,1.));
#2072 = VERTEX_POINT('',#2073);
#2073 = CARTESIAN_POINT('',(1.6,1.1,0.84));
#2074 = LINE('',#2075,#2076);
#2075 = CARTESIAN_POINT('',(1.6,1.1,1.));
#2076 = VECTOR('',#2077,1.);
#2077 = DIRECTION('',(0.,0.,-1.));
#2078 = ORIENTED_EDGE('',*,*,#2079,.F.);
#2079 = EDGE_CURVE('',#2080,#2070,#2082,.T.);
#2080 = VERTEX_POINT('',#2081);
#2081 = CARTESIAN_POINT('',(1.3,1.1,1.));
#2082 = LINE('',#2083,#2084);
#2083 = CARTESIAN_POINT('',(1.3,1.1,1.));
#2084 = VECTOR('',#2085,1.);
#2085 = DIRECTION('',(1.,0.,0.));
#2086 = ORIENTED_EDGE('',*,*,#2087,.T.);
#2087 = EDGE_CURVE('',#2080,#2088,#2090,.T.);
#2088 = VERTEX_POINT('',#2089);
#2089 = CARTESIAN_POINT('',(1.3,1.1,0.85));
#2090 = LINE('',#2091,#2092);
#2091 = CARTESIAN_POINT('',(1.3,1.1,1.));
#2092 = VECTOR('',#2093,1.);
#2093 = DIRECTION('',(0.,0.,-1.));
#2094 = ORIENTED_EDGE('',*,*,#2095,.T.);
#2095 = EDGE_CURVE('',#2088,#2096,#2098,.T.);
#2096 = VERTEX_POINT('',#2097);
#2097 = CARTESIAN_POINT('',(1.59,1.1,0.85));
#2098 = LINE('',#2099,#2100);
#2099 = CARTESIAN_POINT('',(1.3,1.1,0.85));
#2100 = VECTOR('',#2101,1.);
#2101 = DIRECTION('',(1.,0.,0.));
#2102 = ORIENTED_EDGE('',*,*,#2103,.F.);
#2103 = EDGE_CURVE('',#2072,#2096,#2104,.T.);
#2104 = CIRCLE('',#2105,1.E-02);
#2105 = AXIS2_PLACEMENT_3D('',#2106,#2107,#2108);
#2106 = CARTESIAN_POINT('',(1.59,1.1,0.84));
#2107 = DIRECTION('',(0.,-1.,0.));
#2108 = DIRECTION('',(0.,0.,-1.));
#2109 = PLANE('',#2110);
#2110 = AXIS2_PLACEMENT_3D('',#2111,#2112,#2113);
#2111 = CARTESIAN_POINT('',(1.3,1.1,1.));
#2112 = DIRECTION('',(0.,-1.,0.));
#2113 = DIRECTION('',(0.,0.,-1.));
#2114 = ADVANCED_FACE('',(#2115),#2140,.T.);
#2115 = FACE_BOUND('',#2116,.T.);
#2116 = EDGE_LOOP('',(#2117,#2127,#2133,#2134));
#2117 = ORIENTED_EDGE('',*,*,#2118,.T.);
#2118 = EDGE_CURVE('',#2119,#2121,#2123,.T.);
#2119 = VERTEX_POINT('',#2120);
#2120 = CARTESIAN_POINT('',(1.3,0.315,0.85));
#2121 = VERTEX_POINT('',#2122);
#2122 = CARTESIAN_POINT('',(1.59,0.315,0.85));
#2123 = LINE('',#2124,#2125);
#2124 = CARTESIAN_POINT('',(1.3,0.315,0.85));
#2125 = VECTOR('',#2126,1.);
#2126 = DIRECTION('',(1.,0.,0.));
#2127 = ORIENTED_EDGE('',*,*,#2128,.F.);
#2128 = EDGE_CURVE('',#2096,#2121,#2129,.T.);
#2129 = LINE('',#2130,#2131);
#2130 = CARTESIAN_POINT('',(1.59,1.1,0.85));
#2131 = VECTOR('',#2132,1.);
#2132 = DIRECTION('',(0.,-1.,0.));
#2133 = ORIENTED_EDGE('',*,*,#2095,.F.);
#2134 = ORIENTED_EDGE('',*,*,#2135,.T.);
#2135 = EDGE_CURVE('',#2088,#2119,#2136,.T.);
#2136 = LINE('',#2137,#2138);
#2137 = CARTESIAN_POINT('',(1.3,1.1,0.85));
#2138 = VECTOR('',#2139,1.);
#2139 = DIRECTION('',(-6.123031769112E-17,-1.,0.));
#2140 = PLANE('',#2141);
#2141 = AXIS2_PLACEMENT_3D('',#2142,#2143,#2144);
#2142 = CARTESIAN_POINT('',(1.3,1.1,0.85));
#2143 = DIRECTION('',(0.,0.,1.));
#2144 = DIRECTION('',(1.,0.,-0.));
#2145 = ADVANCED_FACE('',(#2146),#2157,.T.);
#2146 = FACE_BOUND('',#2147,.T.);
#2147 = EDGE_LOOP('',(#2148));
#2148 = ORIENTED_EDGE('',*,*,#2149,.T.);
#2149 = EDGE_CURVE('',#2150,#2150,#2152,.T.);
#2150 = VERTEX_POINT('',#2151);
#2151 = CARTESIAN_POINT('',(0.4,0.,0.15));
#2152 = CIRCLE('',#2153,0.4);
#2153 = AXIS2_PLACEMENT_3D('',#2154,#2155,#2156);
#2154 = CARTESIAN_POINT('',(0.,0.,0.15));
#2155 = DIRECTION('',(0.,0.,-1.));
#2156 = DIRECTION('',(1.,0.,0.));
#2157 = PLANE('',#2158);
#2158 = AXIS2_PLACEMENT_3D('',#2159,#2160,#2161);
#2159 = CARTESIAN_POINT('',(0.,0.,0.15));
#2160 = DIRECTION('',(0.,0.,-1.));
#2161 = DIRECTION('',(-1.,0.,0.));
#2162 = ADVANCED_FACE('',(#2163),#2316,.T.);
#2163 = FACE_BOUND('',#2164,.T.);
#2164 = EDGE_LOOP('',(#2165,#2175,#2183,#2191,#2199,#2207,#2215,#2223,
    #2231,#2239,#2245,#2246,#2254,#2262,#2270,#2278,#2286,#2294,#2302,
    #2310));
#2165 = ORIENTED_EDGE('',*,*,#2166,.T.);
#2166 = EDGE_CURVE('',#2167,#2169,#2171,.T.);
#2167 = VERTEX_POINT('',#2168);
#2168 = CARTESIAN_POINT('',(-1.3,-1.1,1.));
#2169 = VERTEX_POINT('',#2170);
#2170 = CARTESIAN_POINT('',(-1.6,-1.1,1.));
#2171 = LINE('',#2172,#2173);
#2172 = CARTESIAN_POINT('',(-1.3,-1.1,1.));
#2173 = VECTOR('',#2174,1.);
#2174 = DIRECTION('',(-1.,0.,0.));
#2175 = ORIENTED_EDGE('',*,*,#2176,.T.);
#2176 = EDGE_CURVE('',#2169,#2177,#2179,.T.);
#2177 = VERTEX_POINT('',#2178);
#2178 = CARTESIAN_POINT('',(-1.6,-1.4,1.));
#2179 = LINE('',#2180,#2181);
#2180 = CARTESIAN_POINT('',(-1.6,1.4,1.));
#2181 = VECTOR('',#2182,1.);
#2182 = DIRECTION('',(0.,-1.,0.));
#2183 = ORIENTED_EDGE('',*,*,#2184,.T.);
#2184 = EDGE_CURVE('',#2177,#2185,#2187,.T.);
#2185 = VERTEX_POINT('',#2186);
#2186 = CARTESIAN_POINT('',(1.6,-1.4,1.));
#2187 = LINE('',#2188,#2189);
#2188 = CARTESIAN_POINT('',(-1.6,-1.4,1.));
#2189 = VECTOR('',#2190,1.);
#2190 = DIRECTION('',(1.,0.,0.));
#2191 = ORIENTED_EDGE('',*,*,#2192,.T.);
#2192 = EDGE_CURVE('',#2185,#2193,#2195,.T.);
#2193 = VERTEX_POINT('',#2194);
#2194 = CARTESIAN_POINT('',(1.6,-1.1,1.));
#2195 = LINE('',#2196,#2197);
#2196 = CARTESIAN_POINT('',(1.6,-1.4,1.));
#2197 = VECTOR('',#2198,1.);
#2198 = DIRECTION('',(0.,1.,0.));
#2199 = ORIENTED_EDGE('',*,*,#2200,.F.);
#2200 = EDGE_CURVE('',#2201,#2193,#2203,.T.);
#2201 = VERTEX_POINT('',#2202);
#2202 = CARTESIAN_POINT('',(1.3,-1.1,1.));
#2203 = LINE('',#2204,#2205);
#2204 = CARTESIAN_POINT('',(1.3,-1.1,1.));
#2205 = VECTOR('',#2206,1.);
#2206 = DIRECTION('',(1.,0.,0.));
#2207 = ORIENTED_EDGE('',*,*,#2208,.F.);
#2208 = EDGE_CURVE('',#2209,#2201,#2211,.T.);
#2209 = VERTEX_POINT('',#2210);
#2210 = CARTESIAN_POINT('',(1.3,-0.315,1.));
#2211 = LINE('',#2212,#2213);
#2212 = CARTESIAN_POINT('',(1.3,-0.315,1.));
#2213 = VECTOR('',#2214,1.);
#2214 = DIRECTION('',(-6.123031769112E-17,-1.,0.));
#2215 = ORIENTED_EDGE('',*,*,#2216,.T.);
#2216 = EDGE_CURVE('',#2209,#2217,#2219,.T.);
#2217 = VERTEX_POINT('',#2218);
#2218 = CARTESIAN_POINT('',(1.6,-0.315,1.));
#2219 = LINE('',#2220,#2221);
#2220 = CARTESIAN_POINT('',(1.3,-0.315,1.));
#2221 = VECTOR('',#2222,1.);
#2222 = DIRECTION('',(1.,0.,0.));
#2223 = ORIENTED_EDGE('',*,*,#2224,.T.);
#2224 = EDGE_CURVE('',#2217,#2225,#2227,.T.);
#2225 = VERTEX_POINT('',#2226);
#2226 = CARTESIAN_POINT('',(1.6,0.315,1.));
#2227 = LINE('',#2228,#2229);
#2228 = CARTESIAN_POINT('',(1.6,-1.4,1.));
#2229 = VECTOR('',#2230,1.);
#2230 = DIRECTION('',(0.,1.,0.));
#2231 = ORIENTED_EDGE('',*,*,#2232,.F.);
#2232 = EDGE_CURVE('',#2233,#2225,#2235,.T.);
#2233 = VERTEX_POINT('',#2234);
#2234 = CARTESIAN_POINT('',(1.3,0.315,1.));
#2235 = LINE('',#2236,#2237);
#2236 = CARTESIAN_POINT('',(1.3,0.315,1.));
#2237 = VECTOR('',#2238,1.);
#2238 = DIRECTION('',(1.,0.,0.));
#2239 = ORIENTED_EDGE('',*,*,#2240,.T.);
#2240 = EDGE_CURVE('',#2233,#2080,#2241,.T.);
#2241 = LINE('',#2242,#2243);
#2242 = CARTESIAN_POINT('',(1.3,0.315,1.));
#2243 = VECTOR('',#2244,1.);
#2244 = DIRECTION('',(6.123031769112E-17,1.,0.));
#2245 = ORIENTED_EDGE('',*,*,#2079,.T.);
#2246 = ORIENTED_EDGE('',*,*,#2247,.T.);
#2247 = EDGE_CURVE('',#2070,#2248,#2250,.T.);
#2248 = VERTEX_POINT('',#2249);
#2249 = CARTESIAN_POINT('',(1.6,1.4,1.));
#2250 = LINE('',#2251,#2252);
#2251 = CARTESIAN_POINT('',(1.6,-1.4,1.));
#2252 = VECTOR('',#2253,1.);
#2253 = DIRECTION('',(0.,1.,0.));
#2254 = ORIENTED_EDGE('',*,*,#2255,.T.);
#2255 = EDGE_CURVE('',#2248,#2256,#2258,.T.);
#2256 = VERTEX_POINT('',#2257);
#2257 = CARTESIAN_POINT('',(-1.6,1.4,1.));
#2258 = LINE('',#2259,#2260);
#2259 = CARTESIAN_POINT('',(1.6,1.4,1.));
#2260 = VECTOR('',#2261,1.);
#2261 = DIRECTION('',(-1.,0.,0.));
#2262 = ORIENTED_EDGE('',*,*,#2263,.T.);
#2263 = EDGE_CURVE('',#2256,#2264,#2266,.T.);
#2264 = VERTEX_POINT('',#2265);
#2265 = CARTESIAN_POINT('',(-1.6,1.1,1.));
#2266 = LINE('',#2267,#2268);
#2267 = CARTESIAN_POINT('',(-1.6,1.4,1.));
#2268 = VECTOR('',#2269,1.);
#2269 = DIRECTION('',(0.,-1.,0.));
#2270 = ORIENTED_EDGE('',*,*,#2271,.F.);
#2271 = EDGE_CURVE('',#2272,#2264,#2274,.T.);
#2272 = VERTEX_POINT('',#2273);
#2273 = CARTESIAN_POINT('',(-1.3,1.1,1.));
#2274 = LINE('',#2275,#2276);
#2275 = CARTESIAN_POINT('',(-1.3,1.1,1.));
#2276 = VECTOR('',#2277,1.);
#2277 = DIRECTION('',(-1.,0.,0.));
#2278 = ORIENTED_EDGE('',*,*,#2279,.T.);
#2279 = EDGE_CURVE('',#2272,#2280,#2282,.T.);
#2280 = VERTEX_POINT('',#2281);
#2281 = CARTESIAN_POINT('',(-1.3,0.315,1.));
#2282 = LINE('',#2283,#2284);
#2283 = CARTESIAN_POINT('',(-1.3,1.1,1.));
#2284 = VECTOR('',#2285,1.);
#2285 = DIRECTION('',(6.123031769112E-17,-1.,0.));
#2286 = ORIENTED_EDGE('',*,*,#2287,.T.);
#2287 = EDGE_CURVE('',#2280,#2288,#2290,.T.);
#2288 = VERTEX_POINT('',#2289);
#2289 = CARTESIAN_POINT('',(-1.6,0.315,1.));
#2290 = LINE('',#2291,#2292);
#2291 = CARTESIAN_POINT('',(-1.3,0.315,1.));
#2292 = VECTOR('',#2293,1.);
#2293 = DIRECTION('',(-1.,0.,0.));
#2294 = ORIENTED_EDGE('',*,*,#2295,.T.);
#2295 = EDGE_CURVE('',#2288,#2296,#2298,.T.);
#2296 = VERTEX_POINT('',#2297);
#2297 = CARTESIAN_POINT('',(-1.6,-0.315,1.));
#2298 = LINE('',#2299,#2300);
#2299 = CARTESIAN_POINT('',(-1.6,1.4,1.));
#2300 = VECTOR('',#2301,1.);
#2301 = DIRECTION('',(0.,-1.,0.));
#2302 = ORIENTED_EDGE('',*,*,#2303,.F.);
#2303 = EDGE_CURVE('',#2304,#2296,#2306,.T.);
#2304 = VERTEX_POINT('',#2305);
#2305 = CARTESIAN_POINT('',(-1.3,-0.315,1.));
#2306 = LINE('',#2307,#2308);
#2307 = CARTESIAN_POINT('',(-1.3,-0.315,1.));
#2308 = VECTOR('',#2309,1.);
#2309 = DIRECTION('',(-1.,0.,0.));
#2310 = ORIENTED_EDGE('',*,*,#2311,.F.);
#2311 = EDGE_CURVE('',#2167,#2304,#2312,.T.);
#2312 = LINE('',#2313,#2314);
#2313 = CARTESIAN_POINT('',(-1.3,-1.1,1.));
#2314 = VECTOR('',#2315,1.);
#2315 = DIRECTION('',(-6.123031769112E-17,1.,0.));
#2316 = PLANE('',#2317);
#2317 = AXIS2_PLACEMENT_3D('',#2318,#2319,#2320);
#2318 = CARTESIAN_POINT('',(-1.6,-1.4,1.));
#2319 = DIRECTION('',(0.,0.,1.));
#2320 = DIRECTION('',(1.,0.,-0.));
#2321 = ADVANCED_FACE('',(#2322),#2393,.F.);
#2322 = FACE_BOUND('',#2323,.T.);
#2323 = EDGE_LOOP('',(#2324,#2332,#2340,#2346,#2347,#2355,#2363,#2369,
    #2370,#2378,#2386,#2392));
#2324 = ORIENTED_EDGE('',*,*,#2325,.T.);
#2325 = EDGE_CURVE('',#2256,#2326,#2328,.T.);
#2326 = VERTEX_POINT('',#2327);
#2327 = CARTESIAN_POINT('',(-1.6,1.4,1.E-02));
#2328 = LINE('',#2329,#2330);
#2329 = CARTESIAN_POINT('',(-1.6,1.4,1.));
#2330 = VECTOR('',#2331,1.);
#2331 = DIRECTION('',(0.,0.,-1.));
#2332 = ORIENTED_EDGE('',*,*,#2333,.T.);
#2333 = EDGE_CURVE('',#2326,#2334,#2336,.T.);
#2334 = VERTEX_POINT('',#2335);
#2335 = CARTESIAN_POINT('',(-1.6,-1.4,1.E-02));
#2336 = LINE('',#2337,#2338);
#2337 = CARTESIAN_POINT('',(-1.6,1.4,1.E-02));
#2338 = VECTOR('',#2339,1.);
#2339 = DIRECTION('',(0.,-1.,0.));
#2340 = ORIENTED_EDGE('',*,*,#2341,.F.);
#2341 = EDGE_CURVE('',#2177,#2334,#2342,.T.);
#2342 = LINE('',#2343,#2344);
#2343 = CARTESIAN_POINT('',(-1.6,-1.4,1.));
#2344 = VECTOR('',#2345,1.);
#2345 = DIRECTION('',(0.,0.,-1.));
#2346 = ORIENTED_EDGE('',*,*,#2176,.F.);
#2347 = ORIENTED_EDGE('',*,*,#2348,.F.);
#2348 = EDGE_CURVE('',#2349,#2169,#2351,.T.);
#2349 = VERTEX_POINT('',#2350);
#2350 = CARTESIAN_POINT('',(-1.6,-1.1,0.84));
#2351 = LINE('',#2352,#2353);
#2352 = CARTESIAN_POINT('',(-1.6,-1.1,0.85));
#2353 = VECTOR('',#2354,1.);
#2354 = DIRECTION('',(0.,0.,1.));
#2355 = ORIENTED_EDGE('',*,*,#2356,.F.);
#2356 = EDGE_CURVE('',#2357,#2349,#2359,.T.);
#2357 = VERTEX_POINT('',#2358);
#2358 = CARTESIAN_POINT('',(-1.6,-0.315,0.84));
#2359 = LINE('',#2360,#2361);
#2360 = CARTESIAN_POINT('',(-1.6,1.4,0.84));
#2361 = VECTOR('',#2362,1.);
#2362 = DIRECTION('',(0.,-1.,0.));
#2363 = ORIENTED_EDGE('',*,*,#2364,.F.);
#2364 = EDGE_CURVE('',#2296,#2357,#2365,.T.);
#2365 = LINE('',#2366,#2367);
#2366 = CARTESIAN_POINT('',(-1.6,-0.315,1.));
#2367 = VECTOR('',#2368,1.);
#2368 = DIRECTION('',(0.,0.,-1.));
#2369 = ORIENTED_EDGE('',*,*,#2295,.F.);
#2370 = ORIENTED_EDGE('',*,*,#2371,.T.);
#2371 = EDGE_CURVE('',#2288,#2372,#2374,.T.);
#2372 = VERTEX_POINT('',#2373);
#2373 = CARTESIAN_POINT('',(-1.6,0.315,0.84));
#2374 = LINE('',#2375,#2376);
#2375 = CARTESIAN_POINT('',(-1.6,0.315,1.));
#2376 = VECTOR('',#2377,1.);
#2377 = DIRECTION('',(0.,0.,-1.));
#2378 = ORIENTED_EDGE('',*,*,#2379,.T.);
#2379 = EDGE_CURVE('',#2372,#2380,#2382,.T.);
#2380 = VERTEX_POINT('',#2381);
#2381 = CARTESIAN_POINT('',(-1.6,1.1,0.84));
#2382 = LINE('',#2383,#2384);
#2383 = CARTESIAN_POINT('',(-1.6,1.1,0.84));
#2384 = VECTOR('',#2385,1.);
#2385 = DIRECTION('',(0.,1.,0.));
#2386 = ORIENTED_EDGE('',*,*,#2387,.T.);
#2387 = EDGE_CURVE('',#2380,#2264,#2388,.T.);
#2388 = LINE('',#2389,#2390);
#2389 = CARTESIAN_POINT('',(-1.6,1.1,0.85));
#2390 = VECTOR('',#2391,1.);
#2391 = DIRECTION('',(0.,0.,1.));
#2392 = ORIENTED_EDGE('',*,*,#2263,.F.);
#2393 = PLANE('',#2394);
#2394 = AXIS2_PLACEMENT_3D('',#2395,#2396,#2397);
#2395 = CARTESIAN_POINT('',(-1.6,1.4,1.));
#2396 = DIRECTION('',(1.,0.,0.));
#2397 = DIRECTION('',(0.,0.,-1.));
#2398 = ADVANCED_FACE('',(#2399,#2410),#2444,.F.);
#2399 = FACE_BOUND('',#2400,.T.);
#2400 = EDGE_LOOP('',(#2401));
#2401 = ORIENTED_EDGE('',*,*,#2402,.F.);
#2402 = EDGE_CURVE('',#2403,#2403,#2405,.T.);
#2403 = VERTEX_POINT('',#2404);
#2404 = CARTESIAN_POINT('',(0.4,0.,0.));
#2405 = CIRCLE('',#2406,0.4);
#2406 = AXIS2_PLACEMENT_3D('',#2407,#2408,#2409);
#2407 = CARTESIAN_POINT('',(0.,0.,0.));
#2408 = DIRECTION('',(0.,0.,-1.));
#2409 = DIRECTION('',(1.,0.,0.));
#2410 = FACE_BOUND('',#2411,.T.);
#2411 = EDGE_LOOP('',(#2412,#2422,#2430,#2438));
#2412 = ORIENTED_EDGE('',*,*,#2413,.F.);
#2413 = EDGE_CURVE('',#2414,#2416,#2418,.T.);
#2414 = VERTEX_POINT('',#2415);
#2415 = CARTESIAN_POINT('',(1.59,1.4,0.));
#2416 = VERTEX_POINT('',#2417);
#2417 = CARTESIAN_POINT('',(-1.59,1.4,0.));
#2418 = LINE('',#2419,#2420);
#2419 = CARTESIAN_POINT('',(1.6,1.4,0.));
#2420 = VECTOR('',#2421,1.);
#2421 = DIRECTION('',(-1.,0.,0.));
#2422 = ORIENTED_EDGE('',*,*,#2423,.F.);
#2423 = EDGE_CURVE('',#2424,#2414,#2426,.T.);
#2424 = VERTEX_POINT('',#2425);
#2425 = CARTESIAN_POINT('',(1.59,-1.4,0.));
#2426 = LINE('',#2427,#2428);
#2427 = CARTESIAN_POINT('',(1.59,-1.4,0.));
#2428 = VECTOR('',#2429,1.);
#2429 = DIRECTION('',(0.,1.,0.));
#2430 = ORIENTED_EDGE('',*,*,#2431,.F.);
#2431 = EDGE_CURVE('',#2432,#2424,#2434,.T.);
#2432 = VERTEX_POINT('',#2433);
#2433 = CARTESIAN_POINT('',(-1.59,-1.4,0.));
#2434 = LINE('',#2435,#2436);
#2435 = CARTESIAN_POINT('',(-1.6,-1.4,0.));
#2436 = VECTOR('',#2437,1.);
#2437 = DIRECTION('',(1.,0.,0.));
#2438 = ORIENTED_EDGE('',*,*,#2439,.F.);
#2439 = EDGE_CURVE('',#2416,#2432,#2440,.T.);
#2440 = LINE('',#2441,#2442);
#2441 = CARTESIAN_POINT('',(-1.59,-1.4,0.));
#2442 = VECTOR('',#2443,1.);
#2443 = DIRECTION('',(0.,-1.,0.));
#2444 = PLANE('',#2445);
#2445 = AXIS2_PLACEMENT_3D('',#2446,#2447,#2448);
#2446 = CARTESIAN_POINT('',(-1.6,-1.4,0.));
#2447 = DIRECTION('',(0.,0.,1.));
#2448 = DIRECTION('',(1.,0.,-0.));
#2449 = ADVANCED_FACE('',(#2450),#2477,.F.);
#2450 = FACE_BOUND('',#2451,.T.);
#2451 = EDGE_LOOP('',(#2452,#2460,#2467,#2468,#2475,#2476));
#2452 = ORIENTED_EDGE('',*,*,#2453,.T.);
#2453 = EDGE_CURVE('',#2248,#2454,#2456,.T.);
#2454 = VERTEX_POINT('',#2455);
#2455 = CARTESIAN_POINT('',(1.6,1.4,1.E-02));
#2456 = LINE('',#2457,#2458);
#2457 = CARTESIAN_POINT('',(1.6,1.4,1.));
#2458 = VECTOR('',#2459,1.);
#2459 = DIRECTION('',(0.,0.,-1.));
#2460 = ORIENTED_EDGE('',*,*,#2461,.F.);
#2461 = EDGE_CURVE('',#2414,#2454,#2462,.T.);
#2462 = CIRCLE('',#2463,1.E-02);
#2463 = AXIS2_PLACEMENT_3D('',#2464,#2465,#2466);
#2464 = CARTESIAN_POINT('',(1.59,1.4,1.E-02));
#2465 = DIRECTION('',(0.,-1.,0.));
#2466 = DIRECTION('',(0.,0.,-1.));
#2467 = ORIENTED_EDGE('',*,*,#2413,.T.);
#2468 = ORIENTED_EDGE('',*,*,#2469,.F.);
#2469 = EDGE_CURVE('',#2326,#2416,#2470,.T.);
#2470 = CIRCLE('',#2471,1.E-02);
#2471 = AXIS2_PLACEMENT_3D('',#2472,#2473,#2474);
#2472 = CARTESIAN_POINT('',(-1.59,1.4,1.E-02));
#2473 = DIRECTION('',(0.,-1.,0.));
#2474 = DIRECTION('',(0.,0.,-1.));
#2475 = ORIENTED_EDGE('',*,*,#2325,.F.);
#2476 = ORIENTED_EDGE('',*,*,#2255,.F.);
#2477 = PLANE('',#2478);
#2478 = AXIS2_PLACEMENT_3D('',#2479,#2480,#2481);
#2479 = CARTESIAN_POINT('',(1.6,1.4,1.));
#2480 = DIRECTION('',(0.,-1.,0.));
#2481 = DIRECTION('',(0.,0.,-1.));
#2482 = ADVANCED_FACE('',(#2483),#2540,.F.);
#2483 = FACE_BOUND('',#2484,.T.);
#2484 = EDGE_LOOP('',(#2485,#2493,#2499,#2500,#2501,#2502,#2510,#2516,
    #2517,#2525,#2533,#2539));
#2485 = ORIENTED_EDGE('',*,*,#2486,.T.);
#2486 = EDGE_CURVE('',#2185,#2487,#2489,.T.);
#2487 = VERTEX_POINT('',#2488);
#2488 = CARTESIAN_POINT('',(1.6,-1.4,1.E-02));
#2489 = LINE('',#2490,#2491);
#2490 = CARTESIAN_POINT('',(1.6,-1.4,1.));
#2491 = VECTOR('',#2492,1.);
#2492 = DIRECTION('',(0.,0.,-1.));
#2493 = ORIENTED_EDGE('',*,*,#2494,.T.);
#2494 = EDGE_CURVE('',#2487,#2454,#2495,.T.);
#2495 = LINE('',#2496,#2497);
#2496 = CARTESIAN_POINT('',(1.6,-1.4,1.E-02));
#2497 = VECTOR('',#2498,1.);
#2498 = DIRECTION('',(0.,1.,0.));
#2499 = ORIENTED_EDGE('',*,*,#2453,.F.);
#2500 = ORIENTED_EDGE('',*,*,#2247,.F.);
#2501 = ORIENTED_EDGE('',*,*,#2069,.T.);
#2502 = ORIENTED_EDGE('',*,*,#2503,.T.);
#2503 = EDGE_CURVE('',#2072,#2504,#2506,.T.);
#2504 = VERTEX_POINT('',#2505);
#2505 = CARTESIAN_POINT('',(1.6,0.315,0.84));
#2506 = LINE('',#2507,#2508);
#2507 = CARTESIAN_POINT('',(1.6,0.315,0.84));
#2508 = VECTOR('',#2509,1.);
#2509 = DIRECTION('',(0.,-1.,0.));
#2510 = ORIENTED_EDGE('',*,*,#2511,.T.);
#2511 = EDGE_CURVE('',#2504,#2225,#2512,.T.);
#2512 = LINE('',#2513,#2514);
#2513 = CARTESIAN_POINT('',(1.6,0.315,0.85));
#2514 = VECTOR('',#2515,1.);
#2515 = DIRECTION('',(0.,0.,1.));
#2516 = ORIENTED_EDGE('',*,*,#2224,.F.);
#2517 = ORIENTED_EDGE('',*,*,#2518,.F.);
#2518 = EDGE_CURVE('',#2519,#2217,#2521,.T.);
#2519 = VERTEX_POINT('',#2520);
#2520 = CARTESIAN_POINT('',(1.6,-0.315,0.84));
#2521 = LINE('',#2522,#2523);
#2522 = CARTESIAN_POINT('',(1.6,-0.315,0.85));
#2523 = VECTOR('',#2524,1.);
#2524 = DIRECTION('',(0.,0.,1.));
#2525 = ORIENTED_EDGE('',*,*,#2526,.F.);
#2526 = EDGE_CURVE('',#2527,#2519,#2529,.T.);
#2527 = VERTEX_POINT('',#2528);
#2528 = CARTESIAN_POINT('',(1.6,-1.1,0.84));
#2529 = LINE('',#2530,#2531);
#2530 = CARTESIAN_POINT('',(1.6,-1.4,0.84));
#2531 = VECTOR('',#2532,1.);
#2532 = DIRECTION('',(0.,1.,0.));
#2533 = ORIENTED_EDGE('',*,*,#2534,.F.);
#2534 = EDGE_CURVE('',#2193,#2527,#2535,.T.);
#2535 = LINE('',#2536,#2537);
#2536 = CARTESIAN_POINT('',(1.6,-1.1,1.));
#2537 = VECTOR('',#2538,1.);
#2538 = DIRECTION('',(0.,0.,-1.));
#2539 = ORIENTED_EDGE('',*,*,#2192,.F.);
#2540 = PLANE('',#2541);
#2541 = AXIS2_PLACEMENT_3D('',#2542,#2543,#2544);
#2542 = CARTESIAN_POINT('',(1.6,-1.4,1.));
#2543 = DIRECTION('',(-1.,0.,0.));
#2544 = DIRECTION('',(0.,0.,1.));
#2545 = ADVANCED_FACE('',(#2546),#2566,.F.);
#2546 = FACE_BOUND('',#2547,.T.);
#2547 = EDGE_LOOP('',(#2548,#2549,#2556,#2557,#2558,#2559));
#2548 = ORIENTED_EDGE('',*,*,#2431,.T.);
#2549 = ORIENTED_EDGE('',*,*,#2550,.F.);
#2550 = EDGE_CURVE('',#2487,#2424,#2551,.T.);
#2551 = CIRCLE('',#2552,1.E-02);
#2552 = AXIS2_PLACEMENT_3D('',#2553,#2554,#2555);
#2553 = CARTESIAN_POINT('',(1.59,-1.4,1.E-02));
#2554 = DIRECTION('',(0.,1.,0.));
#2555 = DIRECTION('',(0.,-0.,1.));
#2556 = ORIENTED_EDGE('',*,*,#2486,.F.);
#2557 = ORIENTED_EDGE('',*,*,#2184,.F.);
#2558 = ORIENTED_EDGE('',*,*,#2341,.T.);
#2559 = ORIENTED_EDGE('',*,*,#2560,.F.);
#2560 = EDGE_CURVE('',#2432,#2334,#2561,.T.);
#2561 = CIRCLE('',#2562,1.E-02);
#2562 = AXIS2_PLACEMENT_3D('',#2563,#2564,#2565);
#2563 = CARTESIAN_POINT('',(-1.59,-1.4,1.E-02));
#2564 = DIRECTION('',(0.,1.,0.));
#2565 = DIRECTION('',(0.,-0.,1.));
#2566 = PLANE('',#2567);
#2567 = AXIS2_PLACEMENT_3D('',#2568,#2569,#2570);
#2568 = CARTESIAN_POINT('',(-1.6,-1.4,1.));
#2569 = DIRECTION('',(0.,1.,0.));
#2570 = DIRECTION('',(0.,-0.,1.));
#2571 = ADVANCED_FACE('',(#2572),#2599,.T.);
#2572 = FACE_BOUND('',#2573,.T.);
#2573 = EDGE_LOOP('',(#2574,#2583,#2584,#2593));
#2574 = ORIENTED_EDGE('',*,*,#2575,.F.);
#2575 = EDGE_CURVE('',#2527,#2576,#2578,.T.);
#2576 = VERTEX_POINT('',#2577);
#2577 = CARTESIAN_POINT('',(1.59,-1.1,0.85));
#2578 = CIRCLE('',#2579,1.E-02);
#2579 = AXIS2_PLACEMENT_3D('',#2580,#2581,#2582);
#2580 = CARTESIAN_POINT('',(1.59,-1.1,0.84));
#2581 = DIRECTION('',(0.,-1.,0.));
#2582 = DIRECTION('',(0.,0.,-1.));
#2583 = ORIENTED_EDGE('',*,*,#2526,.T.);
#2584 = ORIENTED_EDGE('',*,*,#2585,.F.);
#2585 = EDGE_CURVE('',#2586,#2519,#2588,.T.);
#2586 = VERTEX_POINT('',#2587);
#2587 = CARTESIAN_POINT('',(1.59,-0.315,0.85));
#2588 = CIRCLE('',#2589,1.E-02);
#2589 = AXIS2_PLACEMENT_3D('',#2590,#2591,#2592);
#2590 = CARTESIAN_POINT('',(1.59,-0.315,0.84));
#2591 = DIRECTION('',(0.,1.,0.));
#2592 = DIRECTION('',(0.,-0.,1.));
#2593 = ORIENTED_EDGE('',*,*,#2594,.F.);
#2594 = EDGE_CURVE('',#2576,#2586,#2595,.T.);
#2595 = LINE('',#2596,#2597);
#2596 = CARTESIAN_POINT('',(1.59,-1.1,0.85));
#2597 = VECTOR('',#2598,1.);
#2598 = DIRECTION('',(0.,1.,0.));
#2599 = CYLINDRICAL_SURFACE('',#2600,1.E-02);
#2600 = AXIS2_PLACEMENT_3D('',#2601,#2602,#2603);
#2601 = CARTESIAN_POINT('',(1.59,-1.1,0.84));
#2602 = DIRECTION('',(-0.,-1.,-0.));
#2603 = DIRECTION('',(0.,0.,1.));
#2604 = ADVANCED_FACE('',(#2605),#2632,.T.);
#2605 = FACE_BOUND('',#2606,.T.);
#2606 = EDGE_LOOP('',(#2607,#2616,#2624,#2631));
#2607 = ORIENTED_EDGE('',*,*,#2608,.T.);
#2608 = EDGE_CURVE('',#2372,#2609,#2611,.T.);
#2609 = VERTEX_POINT('',#2610);
#2610 = CARTESIAN_POINT('',(-1.59,0.315,0.85));
#2611 = CIRCLE('',#2612,1.E-02);
#2612 = AXIS2_PLACEMENT_3D('',#2613,#2614,#2615);
#2613 = CARTESIAN_POINT('',(-1.59,0.315,0.84));
#2614 = DIRECTION('',(0.,1.,0.));
#2615 = DIRECTION('',(0.,-0.,1.));
#2616 = ORIENTED_EDGE('',*,*,#2617,.T.);
#2617 = EDGE_CURVE('',#2609,#2618,#2620,.T.);
#2618 = VERTEX_POINT('',#2619);
#2619 = CARTESIAN_POINT('',(-1.59,1.1,0.85));
#2620 = LINE('',#2621,#2622);
#2621 = CARTESIAN_POINT('',(-1.59,0.315,0.85));
#2622 = VECTOR('',#2623,1.);
#2623 = DIRECTION('',(0.,1.,0.));
#2624 = ORIENTED_EDGE('',*,*,#2625,.T.);
#2625 = EDGE_CURVE('',#2618,#2380,#2626,.T.);
#2626 = CIRCLE('',#2627,1.E-02);
#2627 = AXIS2_PLACEMENT_3D('',#2628,#2629,#2630);
#2628 = CARTESIAN_POINT('',(-1.59,1.1,0.84));
#2629 = DIRECTION('',(0.,-1.,0.));
#2630 = DIRECTION('',(0.,0.,-1.));
#2631 = ORIENTED_EDGE('',*,*,#2379,.F.);
#2632 = CYLINDRICAL_SURFACE('',#2633,1.E-02);
#2633 = AXIS2_PLACEMENT_3D('',#2634,#2635,#2636);
#2634 = CARTESIAN_POINT('',(-1.59,1.4,0.84));
#2635 = DIRECTION('',(-0.,1.,-0.));
#2636 = DIRECTION('',(0.,0.,-1.));
#2637 = ADVANCED_FACE('',(#2638),#2650,.T.);
#2638 = FACE_BOUND('',#2639,.T.);
#2639 = EDGE_LOOP('',(#2640,#2641,#2642,#2649));
#2640 = ORIENTED_EDGE('',*,*,#2103,.T.);
#2641 = ORIENTED_EDGE('',*,*,#2128,.T.);
#2642 = ORIENTED_EDGE('',*,*,#2643,.T.);
#2643 = EDGE_CURVE('',#2121,#2504,#2644,.T.);
#2644 = CIRCLE('',#2645,1.E-02);
#2645 = AXIS2_PLACEMENT_3D('',#2646,#2647,#2648);
#2646 = CARTESIAN_POINT('',(1.59,0.315,0.84));
#2647 = DIRECTION('',(0.,1.,0.));
#2648 = DIRECTION('',(0.,-0.,1.));
#2649 = ORIENTED_EDGE('',*,*,#2503,.F.);
#2650 = CYLINDRICAL_SURFACE('',#2651,1.E-02);
#2651 = AXIS2_PLACEMENT_3D('',#2652,#2653,#2654);
#2652 = CARTESIAN_POINT('',(1.59,-1.4,0.84));
#2653 = DIRECTION('',(-0.,-1.,-0.));
#2654 = DIRECTION('',(0.,0.,1.));
#2655 = ADVANCED_FACE('',(#2656),#2683,.T.);
#2656 = FACE_BOUND('',#2657,.T.);
#2657 = EDGE_LOOP('',(#2658,#2667,#2668,#2677));
#2658 = ORIENTED_EDGE('',*,*,#2659,.F.);
#2659 = EDGE_CURVE('',#2357,#2660,#2662,.T.);
#2660 = VERTEX_POINT('',#2661);
#2661 = CARTESIAN_POINT('',(-1.59,-0.315,0.85));
#2662 = CIRCLE('',#2663,1.E-02);
#2663 = AXIS2_PLACEMENT_3D('',#2664,#2665,#2666);
#2664 = CARTESIAN_POINT('',(-1.59,-0.315,0.84));
#2665 = DIRECTION('',(0.,1.,0.));
#2666 = DIRECTION('',(0.,-0.,1.));
#2667 = ORIENTED_EDGE('',*,*,#2356,.T.);
#2668 = ORIENTED_EDGE('',*,*,#2669,.F.);
#2669 = EDGE_CURVE('',#2670,#2349,#2672,.T.);
#2670 = VERTEX_POINT('',#2671);
#2671 = CARTESIAN_POINT('',(-1.59,-1.1,0.85));
#2672 = CIRCLE('',#2673,1.E-02);
#2673 = AXIS2_PLACEMENT_3D('',#2674,#2675,#2676);
#2674 = CARTESIAN_POINT('',(-1.59,-1.1,0.84));
#2675 = DIRECTION('',(0.,-1.,0.));
#2676 = DIRECTION('',(0.,0.,-1.));
#2677 = ORIENTED_EDGE('',*,*,#2678,.F.);
#2678 = EDGE_CURVE('',#2660,#2670,#2679,.T.);
#2679 = LINE('',#2680,#2681);
#2680 = CARTESIAN_POINT('',(-1.59,-0.315,0.85));
#2681 = VECTOR('',#2682,1.);
#2682 = DIRECTION('',(0.,-1.,0.));
#2683 = CYLINDRICAL_SURFACE('',#2684,1.E-02);
#2684 = AXIS2_PLACEMENT_3D('',#2685,#2686,#2687);
#2685 = CARTESIAN_POINT('',(-1.59,-0.315,0.84));
#2686 = DIRECTION('',(-0.,1.,-0.));
#2687 = DIRECTION('',(0.,0.,-1.));
#2688 = ADVANCED_FACE('',(#2689),#2695,.T.);
#2689 = FACE_BOUND('',#2690,.T.);
#2690 = EDGE_LOOP('',(#2691,#2692,#2693,#2694));
#2691 = ORIENTED_EDGE('',*,*,#2469,.T.);
#2692 = ORIENTED_EDGE('',*,*,#2439,.T.);
#2693 = ORIENTED_EDGE('',*,*,#2560,.T.);
#2694 = ORIENTED_EDGE('',*,*,#2333,.F.);
#2695 = CYLINDRICAL_SURFACE('',#2696,1.E-02);
#2696 = AXIS2_PLACEMENT_3D('',#2697,#2698,#2699);
#2697 = CARTESIAN_POINT('',(-1.59,1.4,1.E-02));
#2698 = DIRECTION('',(-0.,1.,-0.));
#2699 = DIRECTION('',(0.,0.,-1.));
#2700 = ADVANCED_FACE('',(#2701),#2707,.T.);
#2701 = FACE_BOUND('',#2702,.T.);
#2702 = EDGE_LOOP('',(#2703,#2704,#2705,#2706));
#2703 = ORIENTED_EDGE('',*,*,#2550,.T.);
#2704 = ORIENTED_EDGE('',*,*,#2423,.T.);
#2705 = ORIENTED_EDGE('',*,*,#2461,.T.);
#2706 = ORIENTED_EDGE('',*,*,#2494,.F.);
#2707 = CYLINDRICAL_SURFACE('',#2708,1.E-02);
#2708 = AXIS2_PLACEMENT_3D('',#2709,#2710,#2711);
#2709 = CARTESIAN_POINT('',(1.59,-1.4,1.E-02));
#2710 = DIRECTION('',(-0.,-1.,-0.));
#2711 = DIRECTION('',(0.,0.,1.));
#2712 = ADVANCED_FACE('',(#2713),#2738,.F.);
#2713 = FACE_BOUND('',#2714,.T.);
#2714 = EDGE_LOOP('',(#2715,#2723,#2724,#2732));
#2715 = ORIENTED_EDGE('',*,*,#2716,.T.);
#2716 = EDGE_CURVE('',#2717,#2576,#2719,.T.);
#2717 = VERTEX_POINT('',#2718);
#2718 = CARTESIAN_POINT('',(1.3,-1.1,0.85));
#2719 = LINE('',#2720,#2721);
#2720 = CARTESIAN_POINT('',(1.3,-1.1,0.85));
#2721 = VECTOR('',#2722,1.);
#2722 = DIRECTION('',(1.,0.,0.));
#2723 = ORIENTED_EDGE('',*,*,#2594,.T.);
#2724 = ORIENTED_EDGE('',*,*,#2725,.F.);
#2725 = EDGE_CURVE('',#2726,#2586,#2728,.T.);
#2726 = VERTEX_POINT('',#2727);
#2727 = CARTESIAN_POINT('',(1.3,-0.315,0.85));
#2728 = LINE('',#2729,#2730);
#2729 = CARTESIAN_POINT('',(1.3,-0.315,0.85));
#2730 = VECTOR('',#2731,1.);
#2731 = DIRECTION('',(1.,0.,0.));
#2732 = ORIENTED_EDGE('',*,*,#2733,.F.);
#2733 = EDGE_CURVE('',#2717,#2726,#2734,.T.);
#2734 = LINE('',#2735,#2736);
#2735 = CARTESIAN_POINT('',(1.3,-1.1,0.85));
#2736 = VECTOR('',#2737,1.);
#2737 = DIRECTION('',(6.123031769112E-17,1.,0.));
#2738 = PLANE('',#2739);
#2739 = AXIS2_PLACEMENT_3D('',#2740,#2741,#2742);
#2740 = CARTESIAN_POINT('',(1.3,-1.1,0.85));
#2741 = DIRECTION('',(0.,0.,-1.));
#2742 = DIRECTION('',(-1.,0.,0.));
#2743 = ADVANCED_FACE('',(#2744),#2756,.F.);
#2744 = FACE_BOUND('',#2745,.T.);
#2745 = EDGE_LOOP('',(#2746,#2747,#2748,#2754,#2755));
#2746 = ORIENTED_EDGE('',*,*,#2518,.T.);
#2747 = ORIENTED_EDGE('',*,*,#2216,.F.);
#2748 = ORIENTED_EDGE('',*,*,#2749,.F.);
#2749 = EDGE_CURVE('',#2726,#2209,#2750,.T.);
#2750 = LINE('',#2751,#2752);
#2751 = CARTESIAN_POINT('',(1.3,-0.315,0.85));
#2752 = VECTOR('',#2753,1.);
#2753 = DIRECTION('',(0.,0.,1.));
#2754 = ORIENTED_EDGE('',*,*,#2725,.T.);
#2755 = ORIENTED_EDGE('',*,*,#2585,.T.);
#2756 = PLANE('',#2757);
#2757 = AXIS2_PLACEMENT_3D('',#2758,#2759,#2760);
#2758 = CARTESIAN_POINT('',(1.3,-0.315,0.85));
#2759 = DIRECTION('',(0.,1.,0.));
#2760 = DIRECTION('',(0.,-0.,1.));
#2761 = ADVANCED_FACE('',(#2762),#2774,.F.);
#2762 = FACE_BOUND('',#2763,.T.);
#2763 = EDGE_LOOP('',(#2764,#2765,#2766,#2767,#2773));
#2764 = ORIENTED_EDGE('',*,*,#2534,.T.);
#2765 = ORIENTED_EDGE('',*,*,#2575,.T.);
#2766 = ORIENTED_EDGE('',*,*,#2716,.F.);
#2767 = ORIENTED_EDGE('',*,*,#2768,.F.);
#2768 = EDGE_CURVE('',#2201,#2717,#2769,.T.);
#2769 = LINE('',#2770,#2771);
#2770 = CARTESIAN_POINT('',(1.3,-1.1,1.));
#2771 = VECTOR('',#2772,1.);
#2772 = DIRECTION('',(0.,0.,-1.));
#2773 = ORIENTED_EDGE('',*,*,#2200,.T.);
#2774 = PLANE('',#2775);
#2775 = AXIS2_PLACEMENT_3D('',#2776,#2777,#2778);
#2776 = CARTESIAN_POINT('',(1.3,-1.1,1.));
#2777 = DIRECTION('',(0.,-1.,0.));
#2778 = DIRECTION('',(0.,0.,-1.));
#2779 = ADVANCED_FACE('',(#2780),#2791,.F.);
#2780 = FACE_BOUND('',#2781,.T.);
#2781 = EDGE_LOOP('',(#2782,#2783,#2784,#2790));
#2782 = ORIENTED_EDGE('',*,*,#2087,.F.);
#2783 = ORIENTED_EDGE('',*,*,#2240,.F.);
#2784 = ORIENTED_EDGE('',*,*,#2785,.F.);
#2785 = EDGE_CURVE('',#2119,#2233,#2786,.T.);
#2786 = LINE('',#2787,#2788);
#2787 = CARTESIAN_POINT('',(1.3,0.315,0.85));
#2788 = VECTOR('',#2789,1.);
#2789 = DIRECTION('',(0.,0.,1.));
#2790 = ORIENTED_EDGE('',*,*,#2135,.F.);
#2791 = PLANE('',#2792);
#2792 = AXIS2_PLACEMENT_3D('',#2793,#2794,#2795);
#2793 = CARTESIAN_POINT('',(1.3,1.1,0.85));
#2794 = DIRECTION('',(-1.,6.123031769112E-17,0.));
#2795 = DIRECTION('',(-6.123031769112E-17,-1.,0.));
#2796 = ADVANCED_FACE('',(#2797),#2804,.T.);
#2797 = FACE_BOUND('',#2798,.T.);
#2798 = EDGE_LOOP('',(#2799,#2800,#2801,#2802,#2803));
#2799 = ORIENTED_EDGE('',*,*,#2511,.F.);
#2800 = ORIENTED_EDGE('',*,*,#2643,.F.);
#2801 = ORIENTED_EDGE('',*,*,#2118,.F.);
#2802 = ORIENTED_EDGE('',*,*,#2785,.T.);
#2803 = ORIENTED_EDGE('',*,*,#2232,.T.);
#2804 = PLANE('',#2805);
#2805 = AXIS2_PLACEMENT_3D('',#2806,#2807,#2808);
#2806 = CARTESIAN_POINT('',(1.3,0.315,0.85));
#2807 = DIRECTION('',(0.,1.,0.));
#2808 = DIRECTION('',(0.,-0.,1.));
#2809 = ADVANCED_FACE('',(#2810),#2816,.T.);
#2810 = FACE_BOUND('',#2811,.T.);
#2811 = EDGE_LOOP('',(#2812,#2813,#2814,#2815));
#2812 = ORIENTED_EDGE('',*,*,#2768,.T.);
#2813 = ORIENTED_EDGE('',*,*,#2733,.T.);
#2814 = ORIENTED_EDGE('',*,*,#2749,.T.);
#2815 = ORIENTED_EDGE('',*,*,#2208,.T.);
#2816 = PLANE('',#2817);
#2817 = AXIS2_PLACEMENT_3D('',#2818,#2819,#2820);
#2818 = CARTESIAN_POINT('',(1.3,-1.1,0.85));
#2819 = DIRECTION('',(1.,-6.123031769112E-17,0.));
#2820 = DIRECTION('',(6.123031769112E-17,1.,0.));
#2821 = ADVANCED_FACE('',(#2822),#2847,.T.);
#2822 = FACE_BOUND('',#2823,.T.);
#2823 = EDGE_LOOP('',(#2824,#2832,#2833,#2841));
#2824 = ORIENTED_EDGE('',*,*,#2825,.T.);
#2825 = EDGE_CURVE('',#2826,#2618,#2828,.T.);
#2826 = VERTEX_POINT('',#2827);
#2827 = CARTESIAN_POINT('',(-1.3,1.1,0.85));
#2828 = LINE('',#2829,#2830);
#2829 = CARTESIAN_POINT('',(-1.3,1.1,0.85));
#2830 = VECTOR('',#2831,1.);
#2831 = DIRECTION('',(-1.,0.,0.));
#2832 = ORIENTED_EDGE('',*,*,#2617,.F.);
#2833 = ORIENTED_EDGE('',*,*,#2834,.F.);
#2834 = EDGE_CURVE('',#2835,#2609,#2837,.T.);
#2835 = VERTEX_POINT('',#2836);
#2836 = CARTESIAN_POINT('',(-1.3,0.315,0.85));
#2837 = LINE('',#2838,#2839);
#2838 = CARTESIAN_POINT('',(-1.3,0.315,0.85));
#2839 = VECTOR('',#2840,1.);
#2840 = DIRECTION('',(-1.,0.,0.));
#2841 = ORIENTED_EDGE('',*,*,#2842,.T.);
#2842 = EDGE_CURVE('',#2835,#2826,#2843,.T.);
#2843 = LINE('',#2844,#2845);
#2844 = CARTESIAN_POINT('',(-1.3,0.315,0.85));
#2845 = VECTOR('',#2846,1.);
#2846 = DIRECTION('',(-6.123031769112E-17,1.,0.));
#2847 = PLANE('',#2848);
#2848 = AXIS2_PLACEMENT_3D('',#2849,#2850,#2851);
#2849 = CARTESIAN_POINT('',(-1.3,0.315,0.85));
#2850 = DIRECTION('',(0.,0.,1.));
#2851 = DIRECTION('',(1.,0.,-0.));
#2852 = ADVANCED_FACE('',(#2853),#2865,.T.);
#2853 = FACE_BOUND('',#2854,.T.);
#2854 = EDGE_LOOP('',(#2855,#2856,#2857,#2858,#2864));
#2855 = ORIENTED_EDGE('',*,*,#2387,.F.);
#2856 = ORIENTED_EDGE('',*,*,#2625,.F.);
#2857 = ORIENTED_EDGE('',*,*,#2825,.F.);
#2858 = ORIENTED_EDGE('',*,*,#2859,.T.);
#2859 = EDGE_CURVE('',#2826,#2272,#2860,.T.);
#2860 = LINE('',#2861,#2862);
#2861 = CARTESIAN_POINT('',(-1.3,1.1,0.85));
#2862 = VECTOR('',#2863,1.);
#2863 = DIRECTION('',(0.,0.,1.));
#2864 = ORIENTED_EDGE('',*,*,#2271,.T.);
#2865 = PLANE('',#2866);
#2866 = AXIS2_PLACEMENT_3D('',#2867,#2868,#2869);
#2867 = CARTESIAN_POINT('',(-1.3,1.1,0.85));
#2868 = DIRECTION('',(0.,-1.,0.));
#2869 = DIRECTION('',(0.,0.,-1.));
#2870 = ADVANCED_FACE('',(#2871),#2883,.T.);
#2871 = FACE_BOUND('',#2872,.T.);
#2872 = EDGE_LOOP('',(#2873,#2874,#2875,#2881,#2882));
#2873 = ORIENTED_EDGE('',*,*,#2371,.F.);
#2874 = ORIENTED_EDGE('',*,*,#2287,.F.);
#2875 = ORIENTED_EDGE('',*,*,#2876,.T.);
#2876 = EDGE_CURVE('',#2280,#2835,#2877,.T.);
#2877 = LINE('',#2878,#2879);
#2878 = CARTESIAN_POINT('',(-1.3,0.315,1.));
#2879 = VECTOR('',#2880,1.);
#2880 = DIRECTION('',(0.,0.,-1.));
#2881 = ORIENTED_EDGE('',*,*,#2834,.T.);
#2882 = ORIENTED_EDGE('',*,*,#2608,.F.);
#2883 = PLANE('',#2884);
#2884 = AXIS2_PLACEMENT_3D('',#2885,#2886,#2887);
#2885 = CARTESIAN_POINT('',(-1.3,0.315,1.));
#2886 = DIRECTION('',(0.,1.,0.));
#2887 = DIRECTION('',(0.,-0.,1.));
#2888 = ADVANCED_FACE('',(#2889),#2895,.F.);
#2889 = FACE_BOUND('',#2890,.T.);
#2890 = EDGE_LOOP('',(#2891,#2892,#2893,#2894));
#2891 = ORIENTED_EDGE('',*,*,#2842,.F.);
#2892 = ORIENTED_EDGE('',*,*,#2876,.F.);
#2893 = ORIENTED_EDGE('',*,*,#2279,.F.);
#2894 = ORIENTED_EDGE('',*,*,#2859,.F.);
#2895 = PLANE('',#2896);
#2896 = AXIS2_PLACEMENT_3D('',#2897,#2898,#2899);
#2897 = CARTESIAN_POINT('',(-1.3,1.1,0.85));
#2898 = DIRECTION('',(1.,6.123031769112E-17,0.));
#2899 = DIRECTION('',(-6.123031769112E-17,1.,0.));
#2900 = ADVANCED_FACE('',(#2901),#2926,.F.);
#2901 = FACE_BOUND('',#2902,.T.);
#2902 = EDGE_LOOP('',(#2903,#2911,#2912,#2920));
#2903 = ORIENTED_EDGE('',*,*,#2904,.T.);
#2904 = EDGE_CURVE('',#2905,#2660,#2907,.T.);
#2905 = VERTEX_POINT('',#2906);
#2906 = CARTESIAN_POINT('',(-1.3,-0.315,0.85));
#2907 = LINE('',#2908,#2909);
#2908 = CARTESIAN_POINT('',(-1.3,-0.315,0.85));
#2909 = VECTOR('',#2910,1.);
#2910 = DIRECTION('',(-1.,0.,0.));
#2911 = ORIENTED_EDGE('',*,*,#2678,.T.);
#2912 = ORIENTED_EDGE('',*,*,#2913,.F.);
#2913 = EDGE_CURVE('',#2914,#2670,#2916,.T.);
#2914 = VERTEX_POINT('',#2915);
#2915 = CARTESIAN_POINT('',(-1.3,-1.1,0.85));
#2916 = LINE('',#2917,#2918);
#2917 = CARTESIAN_POINT('',(-1.3,-1.1,0.85));
#2918 = VECTOR('',#2919,1.);
#2919 = DIRECTION('',(-1.,0.,0.));
#2920 = ORIENTED_EDGE('',*,*,#2921,.F.);
#2921 = EDGE_CURVE('',#2905,#2914,#2922,.T.);
#2922 = LINE('',#2923,#2924);
#2923 = CARTESIAN_POINT('',(-1.3,-0.315,0.85));
#2924 = VECTOR('',#2925,1.);
#2925 = DIRECTION('',(6.123031769112E-17,-1.,0.));
#2926 = PLANE('',#2927);
#2927 = AXIS2_PLACEMENT_3D('',#2928,#2929,#2930);
#2928 = CARTESIAN_POINT('',(-1.3,-0.315,0.85));
#2929 = DIRECTION('',(0.,0.,-1.));
#2930 = DIRECTION('',(-1.,0.,0.));
#2931 = ADVANCED_FACE('',(#2932),#2944,.F.);
#2932 = FACE_BOUND('',#2933,.T.);
#2933 = EDGE_LOOP('',(#2934,#2935,#2936,#2942,#2943));
#2934 = ORIENTED_EDGE('',*,*,#2348,.T.);
#2935 = ORIENTED_EDGE('',*,*,#2166,.F.);
#2936 = ORIENTED_EDGE('',*,*,#2937,.F.);
#2937 = EDGE_CURVE('',#2914,#2167,#2938,.T.);
#2938 = LINE('',#2939,#2940);
#2939 = CARTESIAN_POINT('',(-1.3,-1.1,0.85));
#2940 = VECTOR('',#2941,1.);
#2941 = DIRECTION('',(0.,0.,1.));
#2942 = ORIENTED_EDGE('',*,*,#2913,.T.);
#2943 = ORIENTED_EDGE('',*,*,#2669,.T.);
#2944 = PLANE('',#2945);
#2945 = AXIS2_PLACEMENT_3D('',#2946,#2947,#2948);
#2946 = CARTESIAN_POINT('',(-1.3,-1.1,0.85));
#2947 = DIRECTION('',(0.,-1.,0.));
#2948 = DIRECTION('',(0.,0.,-1.));
#2949 = ADVANCED_FACE('',(#2950),#2962,.F.);
#2950 = FACE_BOUND('',#2951,.T.);
#2951 = EDGE_LOOP('',(#2952,#2953,#2954,#2955,#2961));
#2952 = ORIENTED_EDGE('',*,*,#2364,.T.);
#2953 = ORIENTED_EDGE('',*,*,#2659,.T.);
#2954 = ORIENTED_EDGE('',*,*,#2904,.F.);
#2955 = ORIENTED_EDGE('',*,*,#2956,.F.);
#2956 = EDGE_CURVE('',#2304,#2905,#2957,.T.);
#2957 = LINE('',#2958,#2959);
#2958 = CARTESIAN_POINT('',(-1.3,-0.315,1.));
#2959 = VECTOR('',#2960,1.);
#2960 = DIRECTION('',(0.,0.,-1.));
#2961 = ORIENTED_EDGE('',*,*,#2303,.T.);
#2962 = PLANE('',#2963);
#2963 = AXIS2_PLACEMENT_3D('',#2964,#2965,#2966);
#2964 = CARTESIAN_POINT('',(-1.3,-0.315,1.));
#2965 = DIRECTION('',(0.,1.,0.));
#2966 = DIRECTION('',(0.,-0.,1.));
#2967 = ADVANCED_FACE('',(#2968),#2974,.T.);
#2968 = FACE_BOUND('',#2969,.T.);
#2969 = EDGE_LOOP('',(#2970,#2971,#2972,#2973));
#2970 = ORIENTED_EDGE('',*,*,#2921,.T.);
#2971 = ORIENTED_EDGE('',*,*,#2937,.T.);
#2972 = ORIENTED_EDGE('',*,*,#2311,.T.);
#2973 = ORIENTED_EDGE('',*,*,#2956,.T.);
#2974 = PLANE('',#2975);
#2975 = AXIS2_PLACEMENT_3D('',#2976,#2977,#2978);
#2976 = CARTESIAN_POINT('',(-1.3,-1.1,0.85));
#2977 = DIRECTION('',(-1.,-6.123031769112E-17,0.));
#2978 = DIRECTION('',(6.123031769112E-17,-1.,0.));
#2979 = ADVANCED_FACE('',(#2980),#2990,.F.);
#2980 = FACE_BOUND('',#2981,.F.);
#2981 = EDGE_LOOP('',(#2982,#2983,#2988,#2989));
#2982 = ORIENTED_EDGE('',*,*,#2149,.T.);
#2983 = ORIENTED_EDGE('',*,*,#2984,.F.);
#2984 = EDGE_CURVE('',#2403,#2150,#2985,.T.);
#2985 = B_SPLINE_CURVE_WITH_KNOTS('',1,(#2986,#2987),.UNSPECIFIED.,.F.,
  .F.,(2,2),(-0.15,0.),.PIECEWISE_BEZIER_KNOTS.);
#2986 = CARTESIAN_POINT('',(0.4,-1.469576158977E-16,0.));
#2987 = CARTESIAN_POINT('',(0.4,-1.469576158977E-16,0.15));
#2988 = ORIENTED_EDGE('',*,*,#2402,.F.);
#2989 = ORIENTED_EDGE('',*,*,#2984,.T.);
#2990 = CYLINDRICAL_SURFACE('',#2991,0.4);
#2991 = AXIS2_PLACEMENT_3D('',#2992,#2993,#2994);
#2992 = CARTESIAN_POINT('',(0.,0.,0.15));
#2993 = DIRECTION('',(-0.,-0.,1.));
#2994 = DIRECTION('',(-1.,0.,0.));
#2995 = ( GEOMETRIC_REPRESENTATION_CONTEXT(3) 
GLOBAL_UNCERTAINTY_ASSIGNED_CONTEXT((#2999)) 
GLOBAL_UNIT_ASSIGNED_CONTEXT((#2996,#2997,#2998)) REPRESENTATION_CONTEXT
('Context #1','3D Context with UNIT and UNCERTAINTY') );
#2996 = ( LENGTH_UNIT() NAMED_UNIT(*) SI_UNIT(.MILLI.,.METRE.) );
#2997 = ( NAMED_UNIT(*) PLANE_ANGLE_UNIT() SI_UNIT($,.RADIAN.) );
#2998 = ( NAMED_UNIT(*) SI_UNIT($,.STERADIAN.) SOLID_ANGLE_UNIT() );
#2999 = UNCERTAINTY_MEASURE_WITH_UNIT(LENGTH_MEASURE(5.E-07),#2996,
  'distance_accuracy_value','confusion accuracy');
#3000 = SHAPE_DEFINITION_REPRESENTATION(#3001,#2062);
#3001 = PRODUCT_DEFINITION_SHAPE('','',#3002);
#3002 = PRODUCT_DEFINITION('design','',#3003,#3006);
#3003 = PRODUCT_DEFINITION_FORMATION('','',#3004);
#3004 = PRODUCT('housing','housing','',(#3005));
#3005 = PRODUCT_CONTEXT('',#2,'mechanical');
#3006 = PRODUCT_DEFINITION_CONTEXT('part definition',#2,'design');
#3007 = CONTEXT_DEPENDENT_SHAPE_REPRESENTATION(#3008,#3010);
#3008 = ( REPRESENTATION_RELATIONSHIP('','',#2062,#2040) 
REPRESENTATION_RELATIONSHIP_WITH_TRANSFORMATION(#3009) 
SHAPE_REPRESENTATION_RELATIONSHIP() );
#3009 = ITEM_DEFINED_TRANSFORMATION('','',#11,#2041);
#3010 = PRODUCT_DEFINITION_SHAPE('Placement','Placement of an item',
  #3011);
#3011 = NEXT_ASSEMBLY_USAGE_OCCURRENCE('41','housing','',#2035,#3002,$);
#3012 = PRODUCT_RELATED_PRODUCT_CATEGORY('part',$,(#3004));
#3013 = ADVANCED_BREP_SHAPE_REPRESENTATION('',(#11,#3014),#3268);
#3014 = MANIFOLD_SOLID_BREP('',#3015);
#3015 = CLOSED_SHELL('',(#3016,#3048,#3079,#3129,#3162,#3204,#3223,#3240
    ,#3252));
#3016 = ADVANCED_FACE('',(#3017),#3043,.F.);
#3017 = FACE_BOUND('',#3018,.T.);
#3018 = EDGE_LOOP('',(#3019,#3029,#3037));
#3019 = ORIENTED_EDGE('',*,*,#3020,.F.);
#3020 = EDGE_CURVE('',#3021,#3023,#3025,.T.);
#3021 = VERTEX_POINT('',#3022);
#3022 = CARTESIAN_POINT('',(-0.813101944821,1.386898055179,1.4));
#3023 = VERTEX_POINT('',#3024);
#3024 = CARTESIAN_POINT('',(-1.586898055179,0.613101944821,1.4));
#3025 = LINE('',#3026,#3027);
#3026 = CARTESIAN_POINT('',(-0.8,1.4,1.4));
#3027 = VECTOR('',#3028,1.);
#3028 = DIRECTION('',(-0.707106781187,-0.707106781187,0.));
#3029 = ORIENTED_EDGE('',*,*,#3030,.T.);
#3030 = EDGE_CURVE('',#3021,#3031,#3033,.T.);
#3031 = VERTEX_POINT('',#3032);
#3032 = CARTESIAN_POINT('',(-1.586898055179,1.386898055179,1.4));
#3033 = LINE('',#3034,#3035);
#3034 = CARTESIAN_POINT('',(0.,1.386898055179,1.4));
#3035 = VECTOR('',#3036,1.);
#3036 = DIRECTION('',(-1.,0.,0.));
#3037 = ORIENTED_EDGE('',*,*,#3038,.T.);
#3038 = EDGE_CURVE('',#3031,#3023,#3039,.T.);
#3039 = LINE('',#3040,#3041);
#3040 = CARTESIAN_POINT('',(-1.586898055179,0.,1.4));
#3041 = VECTOR('',#3042,1.);
#3042 = DIRECTION('',(0.,-1.,0.));
#3043 = PLANE('',#3044);
#3044 = AXIS2_PLACEMENT_3D('',#3045,#3046,#3047);
#3045 = CARTESIAN_POINT('',(-1.6,0.6,1.4));
#3046 = DIRECTION('',(0.,0.,-1.));
#3047 = DIRECTION('',(-1.,0.,0.));
#3048 = ADVANCED_FACE('',(#3049),#3074,.T.);
#3049 = FACE_BOUND('',#3050,.T.);
#3050 = EDGE_LOOP('',(#3051,#3059,#3067,#3073));
#3051 = ORIENTED_EDGE('',*,*,#3052,.F.);
#3052 = EDGE_CURVE('',#3053,#3023,#3055,.T.);
#3053 = VERTEX_POINT('',#3054);
#3054 = CARTESIAN_POINT('',(-1.560694165538,0.639305834462,1.9));
#3055 = LINE('',#3056,#3057);
#3056 = CARTESIAN_POINT('',(-1.601638942241,0.598361057759,
    1.118727119077));
#3057 = VECTOR('',#3058,1.);
#3058 = DIRECTION('',(-5.226442768871E-02,-5.226442768871E-02,
    -0.997264688634));
#3059 = ORIENTED_EDGE('',*,*,#3060,.F.);
#3060 = EDGE_CURVE('',#3061,#3053,#3063,.T.);
#3061 = VERTEX_POINT('',#3062);
#3062 = CARTESIAN_POINT('',(-0.839305834462,1.360694165538,1.9));
#3063 = LINE('',#3064,#3065);
#3064 = CARTESIAN_POINT('',(-0.8,1.4,1.9));
#3065 = VECTOR('',#3066,1.);
#3066 = DIRECTION('',(-0.707106781187,-0.707106781187,0.));
#3067 = ORIENTED_EDGE('',*,*,#3068,.F.);
#3068 = EDGE_CURVE('',#3021,#3061,#3069,.T.);
#3069 = LINE('',#3070,#3071);
#3070 = CARTESIAN_POINT('',(-0.797814743679,1.402185256321,
    1.108302825435));
#3071 = VECTOR('',#3072,1.);
#3072 = DIRECTION('',(-5.226442768871E-02,-5.226442768871E-02,
    0.997264688634));
#3073 = ORIENTED_EDGE('',*,*,#3020,.T.);
#3074 = PLANE('',#3075);
#3075 = AXIS2_PLACEMENT_3D('',#3076,#3077,#3078);
#3076 = CARTESIAN_POINT('',(-0.8,1.4,1.4));
#3077 = DIRECTION('',(-0.707106781187,0.707106781187,0.));
#3078 = DIRECTION('',(-0.707106781187,-0.707106781187,0.));
#3079 = ADVANCED_FACE('',(#3080,#3091),#3124,.T.);
#3080 = FACE_BOUND('',#3081,.T.);
#3081 = EDGE_LOOP('',(#3082));
#3082 = ORIENTED_EDGE('',*,*,#3083,.T.);
#3083 = EDGE_CURVE('',#3084,#3084,#3086,.T.);
#3084 = VERTEX_POINT('',#3085);
#3085 = CARTESIAN_POINT('',(-1.2,0.,1.9));
#3086 = CIRCLE('',#3087,1.2);
#3087 = AXIS2_PLACEMENT_3D('',#3088,#3089,#3090);
#3088 = CARTESIAN_POINT('',(0.,0.,1.9));
#3089 = DIRECTION('',(0.,0.,-1.));
#3090 = DIRECTION('',(-1.,0.,0.));
#3091 = FACE_BOUND('',#3092,.T.);
#3092 = EDGE_LOOP('',(#3093,#3101,#3102,#3110,#3118));
#3093 = ORIENTED_EDGE('',*,*,#3094,.F.);
#3094 = EDGE_CURVE('',#3061,#3095,#3097,.T.);
#3095 = VERTEX_POINT('',#3096);
#3096 = CARTESIAN_POINT('',(1.560694165538,1.360694165538,1.9));
#3097 = LINE('',#3098,#3099);
#3098 = CARTESIAN_POINT('',(0.,1.360694165538,1.9));
#3099 = VECTOR('',#3100,1.);
#3100 = DIRECTION('',(1.,0.,0.));
#3101 = ORIENTED_EDGE('',*,*,#3060,.T.);
#3102 = ORIENTED_EDGE('',*,*,#3103,.F.);
#3103 = EDGE_CURVE('',#3104,#3053,#3106,.T.);
#3104 = VERTEX_POINT('',#3105);
#3105 = CARTESIAN_POINT('',(-1.560694165538,-1.360694165538,1.9));
#3106 = LINE('',#3107,#3108);
#3107 = CARTESIAN_POINT('',(-1.560694165538,0.,1.9));
#3108 = VECTOR('',#3109,1.);
#3109 = DIRECTION('',(0.,1.,0.));
#3110 = ORIENTED_EDGE('',*,*,#3111,.F.);
#3111 = EDGE_CURVE('',#3112,#3104,#3114,.T.);
#3112 = VERTEX_POINT('',#3113);
#3113 = CARTESIAN_POINT('',(1.560694165538,-1.360694165538,1.9));
#3114 = LINE('',#3115,#3116);
#3115 = CARTESIAN_POINT('',(0.,-1.360694165538,1.9));
#3116 = VECTOR('',#3117,1.);
#3117 = DIRECTION('',(-1.,0.,0.));
#3118 = ORIENTED_EDGE('',*,*,#3119,.F.);
#3119 = EDGE_CURVE('',#3095,#3112,#3120,.T.);
#3120 = LINE('',#3121,#3122);
#3121 = CARTESIAN_POINT('',(1.560694165538,0.,1.9));
#3122 = VECTOR('',#3123,1.);
#3123 = DIRECTION('',(0.,-1.,0.));
#3124 = PLANE('',#3125);
#3125 = AXIS2_PLACEMENT_3D('',#3126,#3127,#3128);
#3126 = CARTESIAN_POINT('',(-1.6,-1.4,1.9));
#3127 = DIRECTION('',(0.,0.,1.));
#3128 = DIRECTION('',(1.,0.,-0.));
#3129 = ADVANCED_FACE('',(#3130),#3157,.T.);
#3130 = FACE_BOUND('',#3131,.T.);
#3131 = EDGE_LOOP('',(#3132,#3133,#3134,#3142,#3150,#3156));
#3132 = ORIENTED_EDGE('',*,*,#3052,.T.);
#3133 = ORIENTED_EDGE('',*,*,#3038,.F.);
#3134 = ORIENTED_EDGE('',*,*,#3135,.T.);
#3135 = EDGE_CURVE('',#3031,#3136,#3138,.T.);
#3136 = VERTEX_POINT('',#3137);
#3137 = CARTESIAN_POINT('',(-1.6,1.4,1.15));
#3138 = LINE('',#3139,#3140);
#3139 = CARTESIAN_POINT('',(-1.596175801438,1.396175801438,
    1.222970055488));
#3140 = VECTOR('',#3141,1.);
#3141 = DIRECTION('',(-5.226442768871E-02,5.226442768871E-02,
    -0.997264688634));
#3142 = ORIENTED_EDGE('',*,*,#3143,.F.);
#3143 = EDGE_CURVE('',#3144,#3136,#3146,.T.);
#3144 = VERTEX_POINT('',#3145);
#3145 = CARTESIAN_POINT('',(-1.6,-1.4,1.15));
#3146 = LINE('',#3147,#3148);
#3147 = CARTESIAN_POINT('',(-1.6,0.,1.15));
#3148 = VECTOR('',#3149,1.);
#3149 = DIRECTION('',(0.,1.,0.));
#3150 = ORIENTED_EDGE('',*,*,#3151,.F.);
#3151 = EDGE_CURVE('',#3104,#3144,#3152,.T.);
#3152 = LINE('',#3153,#3154);
#3153 = CARTESIAN_POINT('',(-1.595629487357,-1.395629487357,
    1.233394349129));
#3154 = VECTOR('',#3155,1.);
#3155 = DIRECTION('',(-5.226442768871E-02,-5.226442768871E-02,
    -0.997264688634));
#3156 = ORIENTED_EDGE('',*,*,#3103,.T.);
#3157 = PLANE('',#3158);
#3158 = AXIS2_PLACEMENT_3D('',#3159,#3160,#3161);
#3159 = CARTESIAN_POINT('',(-1.6,0.,1.15));
#3160 = DIRECTION('',(-0.998629534755,0.,5.233595624294E-02));
#3161 = DIRECTION('',(5.233595624294E-02,0.,0.998629534755));
#3162 = ADVANCED_FACE('',(#3163,#3188),#3199,.F.);
#3163 = FACE_BOUND('',#3164,.T.);
#3164 = EDGE_LOOP('',(#3165,#3166,#3174,#3182));
#3165 = ORIENTED_EDGE('',*,*,#3143,.T.);
#3166 = ORIENTED_EDGE('',*,*,#3167,.T.);
#3167 = EDGE_CURVE('',#3136,#3168,#3170,.T.);
#3168 = VERTEX_POINT('',#3169);
#3169 = CARTESIAN_POINT('',(1.6,1.4,1.15));
#3170 = LINE('',#3171,#3172);
#3171 = CARTESIAN_POINT('',(0.,1.4,1.15));
#3172 = VECTOR('',#3173,1.);
#3173 = DIRECTION('',(1.,0.,0.));
#3174 = ORIENTED_EDGE('',*,*,#3175,.T.);
#3175 = EDGE_CURVE('',#3168,#3176,#3178,.T.);
#3176 = VERTEX_POINT('',#3177);
#3177 = CARTESIAN_POINT('',(1.6,-1.4,1.15));
#3178 = LINE('',#3179,#3180);
#3179 = CARTESIAN_POINT('',(1.6,0.,1.15));
#3180 = VECTOR('',#3181,1.);
#3181 = DIRECTION('',(0.,-1.,0.));
#3182 = ORIENTED_EDGE('',*,*,#3183,.T.);
#3183 = EDGE_CURVE('',#3176,#3144,#3184,.T.);
#3184 = LINE('',#3185,#3186);
#3185 = CARTESIAN_POINT('',(0.,-1.4,1.15));
#3186 = VECTOR('',#3187,1.);
#3187 = DIRECTION('',(-1.,0.,0.));
#3188 = FACE_BOUND('',#3189,.T.);
#3189 = EDGE_LOOP('',(#3190));
#3190 = ORIENTED_EDGE('',*,*,#3191,.F.);
#3191 = EDGE_CURVE('',#3192,#3192,#3194,.T.);
#3192 = VERTEX_POINT('',#3193);
#3193 = CARTESIAN_POINT('',(-0.999038105677,0.,1.15));
#3194 = CIRCLE('',#3195,0.9990381057);
#3195 = AXIS2_PLACEMENT_3D('',#3196,#3197,#3198);
#3196 = CARTESIAN_POINT('',(0.,0.,1.15));
#3197 = DIRECTION('',(0.,0.,-1.));
#3198 = DIRECTION('',(-1.,0.,0.));
#3199 = PLANE('',#3200);
#3200 = AXIS2_PLACEMENT_3D('',#3201,#3202,#3203);
#3201 = CARTESIAN_POINT('',(-1.6,-1.4,1.15));
#3202 = DIRECTION('',(0.,0.,1.));
#3203 = DIRECTION('',(1.,0.,-0.));
#3204 = ADVANCED_FACE('',(#3205),#3218,.T.);
#3205 = FACE_BOUND('',#3206,.T.);
#3206 = EDGE_LOOP('',(#3207,#3208,#3209,#3215,#3216,#3217));
#3207 = ORIENTED_EDGE('',*,*,#3068,.T.);
#3208 = ORIENTED_EDGE('',*,*,#3094,.T.);
#3209 = ORIENTED_EDGE('',*,*,#3210,.T.);
#3210 = EDGE_CURVE('',#3095,#3168,#3211,.T.);
#3211 = LINE('',#3212,#3213);
#3212 = CARTESIAN_POINT('',(1.595629487357,1.395629487357,1.233394349129
    ));
#3213 = VECTOR('',#3214,1.);
#3214 = DIRECTION('',(5.226442768871E-02,5.226442768871E-02,
    -0.997264688634));
#3215 = ORIENTED_EDGE('',*,*,#3167,.F.);
#3216 = ORIENTED_EDGE('',*,*,#3135,.F.);
#3217 = ORIENTED_EDGE('',*,*,#3030,.F.);
#3218 = PLANE('',#3219);
#3219 = AXIS2_PLACEMENT_3D('',#3220,#3221,#3222);
#3220 = CARTESIAN_POINT('',(0.,1.4,1.15));
#3221 = DIRECTION('',(0.,0.998629534755,5.233595624294E-02));
#3222 = DIRECTION('',(0.,-5.233595624294E-02,0.998629534755));
#3223 = ADVANCED_FACE('',(#3224),#3235,.T.);
#3224 = FACE_BOUND('',#3225,.T.);
#3225 = EDGE_LOOP('',(#3226,#3227,#3228,#3229));
#3226 = ORIENTED_EDGE('',*,*,#3175,.F.);
#3227 = ORIENTED_EDGE('',*,*,#3210,.F.);
#3228 = ORIENTED_EDGE('',*,*,#3119,.T.);
#3229 = ORIENTED_EDGE('',*,*,#3230,.T.);
#3230 = EDGE_CURVE('',#3112,#3176,#3231,.T.);
#3231 = LINE('',#3232,#3233);
#3232 = CARTESIAN_POINT('',(1.596175801438,-1.396175801438,
    1.222970055488));
#3233 = VECTOR('',#3234,1.);
#3234 = DIRECTION('',(5.226442768871E-02,-5.226442768871E-02,
    -0.997264688634));
#3235 = PLANE('',#3236);
#3236 = AXIS2_PLACEMENT_3D('',#3237,#3238,#3239);
#3237 = CARTESIAN_POINT('',(1.6,0.,1.15));
#3238 = DIRECTION('',(0.998629534755,0.,5.233595624294E-02));
#3239 = DIRECTION('',(5.233595624294E-02,0.,-0.998629534755));
#3240 = ADVANCED_FACE('',(#3241),#3247,.T.);
#3241 = FACE_BOUND('',#3242,.T.);
#3242 = EDGE_LOOP('',(#3243,#3244,#3245,#3246));
#3243 = ORIENTED_EDGE('',*,*,#3183,.F.);
#3244 = ORIENTED_EDGE('',*,*,#3230,.F.);
#3245 = ORIENTED_EDGE('',*,*,#3111,.T.);
#3246 = ORIENTED_EDGE('',*,*,#3151,.T.);
#3247 = PLANE('',#3248);
#3248 = AXIS2_PLACEMENT_3D('',#3249,#3250,#3251);
#3249 = CARTESIAN_POINT('',(0.,-1.4,1.15));
#3250 = DIRECTION('',(0.,-0.998629534755,5.233595624294E-02));
#3251 = DIRECTION('',(0.,-5.233595624294E-02,-0.998629534755));
#3252 = ADVANCED_FACE('',(#3253),#3263,.F.);
#3253 = FACE_BOUND('',#3254,.F.);
#3254 = EDGE_LOOP('',(#3255,#3256,#3261,#3262));
#3255 = ORIENTED_EDGE('',*,*,#3191,.F.);
#3256 = ORIENTED_EDGE('',*,*,#3257,.T.);
#3257 = EDGE_CURVE('',#3192,#3084,#3258,.T.);
#3258 = B_SPLINE_CURVE_WITH_KNOTS('',1,(#3259,#3260),.UNSPECIFIED.,.F.,
  .F.,(2,2),(-0.776457135302,0.),.PIECEWISE_BEZIER_KNOTS.);
#3259 = CARTESIAN_POINT('',(-0.999038105678,1.223468818344E-16,
    1.150000000006));
#3260 = CARTESIAN_POINT('',(-1.2,1.469576158977E-16,1.9));
#3261 = ORIENTED_EDGE('',*,*,#3083,.T.);
#3262 = ORIENTED_EDGE('',*,*,#3257,.F.);
#3263 = CONICAL_SURFACE('',#3264,1.2,0.2617993878);
#3264 = AXIS2_PLACEMENT_3D('',#3265,#3266,#3267);
#3265 = CARTESIAN_POINT('',(0.,0.,1.9));
#3266 = DIRECTION('',(-0.,-0.,1.));
#3267 = DIRECTION('',(1.,0.,0.));
#3268 = ( GEOMETRIC_REPRESENTATION_CONTEXT(3) 
GLOBAL_UNCERTAINTY_ASSIGNED_CONTEXT((#3272)) 
GLOBAL_UNIT_ASSIGNED_CONTEXT((#3269,#3270,#3271)) REPRESENTATION_CONTEXT
('Context #1','3D Context with UNIT and UNCERTAINTY') );
#3269 = ( LENGTH_UNIT() NAMED_UNIT(*) SI_UNIT(.MILLI.,.METRE.) );
#3270 = ( NAMED_UNIT(*) PLANE_ANGLE_UNIT() SI_UNIT($,.RADIAN.) );
#3271 = ( NAMED_UNIT(*) SI_UNIT($,.STERADIAN.) SOLID_ANGLE_UNIT() );
#3272 = UNCERTAINTY_MEASURE_WITH_UNIT(LENGTH_MEASURE(1.E-06),#3269,
  'distance_accuracy_value','confusion accuracy');
#3273 = SHAPE_DEFINITION_REPRESENTATION(#3274,#3013);
#3274 = PRODUCT_DEFINITION_SHAPE('','',#3275);
#3275 = PRODUCT_DEFINITION('design','',#3276,#3279);
#3276 = PRODUCT_DEFINITION_FORMATION('','',#3277);
#3277 = PRODUCT('cover','cover','',(#3278));
#3278 = PRODUCT_CONTEXT('',#2,'mechanical');
#3279 = PRODUCT_DEFINITION_CONTEXT('part definition',#2,'design');
#3280 = CONTEXT_DEPENDENT_SHAPE_REPRESENTATION(#3281,#3283);
#3281 = ( REPRESENTATION_RELATIONSHIP('','',#3013,#2040) 
REPRESENTATION_RELATIONSHIP_WITH_TRANSFORMATION(#3282) 
SHAPE_REPRESENTATION_RELATIONSHIP() );
#3282 = ITEM_DEFINED_TRANSFORMATION('','',#11,#2045);
#3283 = PRODUCT_DEFINITION_SHAPE('Placement','Placement of an item',
  #3284);
#3284 = NEXT_ASSEMBLY_USAGE_OCCURRENCE('42','cover','',#2035,#3275,$);
#3285 = PRODUCT_RELATED_PRODUCT_CATEGORY('part',$,(#3277));
#3286 = ADVANCED_BREP_SHAPE_REPRESENTATION('',(#11,#3287),#3941);
#3287 = MANIFOLD_SOLID_BREP('',#3288);
#3288 = CLOSED_SHELL('',(#3289,#3329,#3369,#3402,#3442,#3464,#3497,#3528
    ,#3620,#3651,#3675,#3694,#3719,#3750,#3775,#3792,#3832,#3849,#3866,
    #3892,#3910,#3929));
#3289 = ADVANCED_FACE('',(#3290),#3324,.T.);
#3290 = FACE_BOUND('',#3291,.T.);
#3291 = EDGE_LOOP('',(#3292,#3302,#3310,#3318));
#3292 = ORIENTED_EDGE('',*,*,#3293,.F.);
#3293 = EDGE_CURVE('',#3294,#3296,#3298,.T.);
#3294 = VERTEX_POINT('',#3295);
#3295 = CARTESIAN_POINT('',(-1.59,0.315,0.85));
#3296 = VERTEX_POINT('',#3297);
#3297 = CARTESIAN_POINT('',(-1.3,0.315,0.85));
#3298 = LINE('',#3299,#3300);
#3299 = CARTESIAN_POINT('',(-1.59,0.315,0.85));
#3300 = VECTOR('',#3301,1.);
#3301 = DIRECTION('',(1.,1.204669080539E-16,-1.261578533079E-32));
#3302 = ORIENTED_EDGE('',*,*,#3303,.F.);
#3303 = EDGE_CURVE('',#3304,#3294,#3306,.T.);
#3304 = VERTEX_POINT('',#3305);
#3305 = CARTESIAN_POINT('',(-1.59,1.1,0.85));
#3306 = LINE('',#3307,#3308);
#3307 = CARTESIAN_POINT('',(-1.59,1.1,0.85));
#3308 = VECTOR('',#3309,1.);
#3309 = DIRECTION('',(0.,-1.,1.047240734787E-16));
#3310 = ORIENTED_EDGE('',*,*,#3311,.T.);
#3311 = EDGE_CURVE('',#3304,#3312,#3314,.T.);
#3312 = VERTEX_POINT('',#3313);
#3313 = CARTESIAN_POINT('',(-1.3,1.1,0.85));
#3314 = LINE('',#3315,#3316);
#3315 = CARTESIAN_POINT('',(-1.59,1.1,0.85));
#3316 = VECTOR('',#3317,1.);
#3317 = DIRECTION('',(1.,0.,0.));
#3318 = ORIENTED_EDGE('',*,*,#3319,.T.);
#3319 = EDGE_CURVE('',#3312,#3296,#3320,.T.);
#3320 = LINE('',#3321,#3322);
#3321 = CARTESIAN_POINT('',(-1.3,1.1,0.85));
#3322 = VECTOR('',#3323,1.);
#3323 = DIRECTION('',(0.,-1.,1.047240734787E-16));
#3324 = PLANE('',#3325);
#3325 = AXIS2_PLACEMENT_3D('',#3326,#3327,#3328);
#3326 = CARTESIAN_POINT('',(-1.59,1.1,0.85));
#3327 = DIRECTION('',(0.,-1.047240734787E-16,-1.));
#3328 = DIRECTION('',(0.,1.,-1.047240734787E-16));
#3329 = ADVANCED_FACE('',(#3330),#3364,.T.);
#3330 = FACE_BOUND('',#3331,.T.);
#3331 = EDGE_LOOP('',(#3332,#3342,#3350,#3358));
#3332 = ORIENTED_EDGE('',*,*,#3333,.F.);
#3333 = EDGE_CURVE('',#3334,#3336,#3338,.T.);
#3334 = VERTEX_POINT('',#3335);
#3335 = CARTESIAN_POINT('',(-1.3,0.315,1.));
#3336 = VERTEX_POINT('',#3337);
#3337 = CARTESIAN_POINT('',(-1.59,0.315,1.));
#3338 = LINE('',#3339,#3340);
#3339 = CARTESIAN_POINT('',(-0.85,0.315,1.));
#3340 = VECTOR('',#3341,1.);
#3341 = DIRECTION('',(-1.,-1.204669080539E-16,0.));
#3342 = ORIENTED_EDGE('',*,*,#3343,.T.);
#3343 = EDGE_CURVE('',#3334,#3344,#3346,.T.);
#3344 = VERTEX_POINT('',#3345);
#3345 = CARTESIAN_POINT('',(-1.3,1.1,1.));
#3346 = LINE('',#3347,#3348);
#3347 = CARTESIAN_POINT('',(-1.3,-1.1,1.));
#3348 = VECTOR('',#3349,1.);
#3349 = DIRECTION('',(0.,1.,-1.478457507935E-16));
#3350 = ORIENTED_EDGE('',*,*,#3351,.F.);
#3351 = EDGE_CURVE('',#3352,#3344,#3354,.T.);
#3352 = VERTEX_POINT('',#3353);
#3353 = CARTESIAN_POINT('',(-1.59,1.1,1.));
#3354 = LINE('',#3355,#3356);
#3355 = CARTESIAN_POINT('',(-1.59,1.1,1.));
#3356 = VECTOR('',#3357,1.);
#3357 = DIRECTION('',(1.,0.,0.));
#3358 = ORIENTED_EDGE('',*,*,#3359,.F.);
#3359 = EDGE_CURVE('',#3336,#3352,#3360,.T.);
#3360 = LINE('',#3361,#3362);
#3361 = CARTESIAN_POINT('',(-1.59,-1.1,1.));
#3362 = VECTOR('',#3363,1.);
#3363 = DIRECTION('',(0.,1.,-1.478457507935E-16));
#3364 = PLANE('',#3365);
#3365 = AXIS2_PLACEMENT_3D('',#3366,#3367,#3368);
#3366 = CARTESIAN_POINT('',(-1.59,-1.1,1.));
#3367 = DIRECTION('',(0.,1.478457507935E-16,1.));
#3368 = DIRECTION('',(0.,-1.,1.478457507935E-16));
#3369 = ADVANCED_FACE('',(#3370),#3397,.T.);
#3370 = FACE_BOUND('',#3371,.T.);
#3371 = EDGE_LOOP('',(#3372,#3381,#3382,#3391));
#3372 = ORIENTED_EDGE('',*,*,#3373,.T.);
#3373 = EDGE_CURVE('',#3374,#3336,#3376,.T.);
#3374 = VERTEX_POINT('',#3375);
#3375 = CARTESIAN_POINT('',(-1.75,0.315,0.84));
#3376 = CIRCLE('',#3377,0.16);
#3377 = AXIS2_PLACEMENT_3D('',#3378,#3379,#3380);
#3378 = CARTESIAN_POINT('',(-1.59,0.315,0.84));
#3379 = DIRECTION('',(-1.204669080539E-16,1.,0.));
#3380 = DIRECTION('',(-1.,-1.204669080539E-16,0.));
#3381 = ORIENTED_EDGE('',*,*,#3359,.T.);
#3382 = ORIENTED_EDGE('',*,*,#3383,.F.);
#3383 = EDGE_CURVE('',#3384,#3352,#3386,.T.);
#3384 = VERTEX_POINT('',#3385);
#3385 = CARTESIAN_POINT('',(-1.75,1.1,0.84));
#3386 = CIRCLE('',#3387,0.16);
#3387 = AXIS2_PLACEMENT_3D('',#3388,#3389,#3390);
#3388 = CARTESIAN_POINT('',(-1.59,1.1,0.84));
#3389 = DIRECTION('',(0.,1.,0.));
#3390 = DIRECTION('',(-1.,0.,0.));
#3391 = ORIENTED_EDGE('',*,*,#3392,.F.);
#3392 = EDGE_CURVE('',#3374,#3384,#3393,.T.);
#3393 = LINE('',#3394,#3395);
#3394 = CARTESIAN_POINT('',(-1.75,-1.1,0.84));
#3395 = VECTOR('',#3396,1.);
#3396 = DIRECTION('',(1.478457507935E-16,1.,3.862522510917E-32));
#3397 = CYLINDRICAL_SURFACE('',#3398,0.16);
#3398 = AXIS2_PLACEMENT_3D('',#3399,#3400,#3401);
#3399 = CARTESIAN_POINT('',(-1.59,0.,0.84));
#3400 = DIRECTION('',(-0.,-1.,-0.));
#3401 = DIRECTION('',(0.,0.,1.));
#3402 = ADVANCED_FACE('',(#3403),#3437,.T.);
#3403 = FACE_BOUND('',#3404,.T.);
#3404 = EDGE_LOOP('',(#3405,#3415,#3423,#3431));
#3405 = ORIENTED_EDGE('',*,*,#3406,.F.);
#3406 = EDGE_CURVE('',#3407,#3409,#3411,.T.);
#3407 = VERTEX_POINT('',#3408);
#3408 = CARTESIAN_POINT('',(-1.3,-0.315,0.85));
#3409 = VERTEX_POINT('',#3410);
#3410 = CARTESIAN_POINT('',(-1.59,-0.315,0.85));
#3411 = LINE('',#3412,#3413);
#3412 = CARTESIAN_POINT('',(-1.59,-0.315,0.85));
#3413 = VECTOR('',#3414,1.);
#3414 = DIRECTION('',(-1.,1.204669080539E-16,-1.261578533079E-32));
#3415 = ORIENTED_EDGE('',*,*,#3416,.T.);
#3416 = EDGE_CURVE('',#3407,#3417,#3419,.T.);
#3417 = VERTEX_POINT('',#3418);
#3418 = CARTESIAN_POINT('',(-1.3,-1.1,0.85));
#3419 = LINE('',#3420,#3421);
#3420 = CARTESIAN_POINT('',(-1.3,1.1,0.85));
#3421 = VECTOR('',#3422,1.);
#3422 = DIRECTION('',(0.,-1.,1.047240734787E-16));
#3423 = ORIENTED_EDGE('',*,*,#3424,.F.);
#3424 = EDGE_CURVE('',#3425,#3417,#3427,.T.);
#3425 = VERTEX_POINT('',#3426);
#3426 = CARTESIAN_POINT('',(-1.59,-1.1,0.85));
#3427 = LINE('',#3428,#3429);
#3428 = CARTESIAN_POINT('',(-1.59,-1.1,0.85));
#3429 = VECTOR('',#3430,1.);
#3430 = DIRECTION('',(1.,0.,0.));
#3431 = ORIENTED_EDGE('',*,*,#3432,.F.);
#3432 = EDGE_CURVE('',#3409,#3425,#3433,.T.);
#3433 = LINE('',#3434,#3435);
#3434 = CARTESIAN_POINT('',(-1.59,1.1,0.85));
#3435 = VECTOR('',#3436,1.);
#3436 = DIRECTION('',(0.,-1.,1.047240734787E-16));
#3437 = PLANE('',#3438);
#3438 = AXIS2_PLACEMENT_3D('',#3439,#3440,#3441);
#3439 = CARTESIAN_POINT('',(-1.59,1.1,0.85));
#3440 = DIRECTION('',(0.,-1.047240734787E-16,-1.));
#3441 = DIRECTION('',(0.,1.,-1.047240734787E-16));
#3442 = ADVANCED_FACE('',(#3443),#3459,.F.);
#3443 = FACE_BOUND('',#3444,.T.);
#3444 = EDGE_LOOP('',(#3445,#3446,#3452,#3453));
#3445 = ORIENTED_EDGE('',*,*,#3343,.F.);
#3446 = ORIENTED_EDGE('',*,*,#3447,.T.);
#3447 = EDGE_CURVE('',#3334,#3296,#3448,.T.);
#3448 = LINE('',#3449,#3450);
#3449 = CARTESIAN_POINT('',(-1.3,0.315,0.925));
#3450 = VECTOR('',#3451,1.);
#3451 = DIRECTION('',(0.,0.,-1.));
#3452 = ORIENTED_EDGE('',*,*,#3319,.F.);
#3453 = ORIENTED_EDGE('',*,*,#3454,.F.);
#3454 = EDGE_CURVE('',#3344,#3312,#3455,.T.);
#3455 = LINE('',#3456,#3457);
#3456 = CARTESIAN_POINT('',(-1.3,1.1,1.));
#3457 = VECTOR('',#3458,1.);
#3458 = DIRECTION('',(0.,0.,-1.));
#3459 = PLANE('',#3460);
#3460 = AXIS2_PLACEMENT_3D('',#3461,#3462,#3463);
#3461 = CARTESIAN_POINT('',(-1.3,0.,0.925));
#3462 = DIRECTION('',(-1.,0.,0.));
#3463 = DIRECTION('',(0.,0.,1.));
#3464 = ADVANCED_FACE('',(#3465),#3492,.F.);
#3465 = FACE_BOUND('',#3466,.F.);
#3466 = EDGE_LOOP('',(#3467,#3468,#3477,#3485));
#3467 = ORIENTED_EDGE('',*,*,#3303,.F.);
#3468 = ORIENTED_EDGE('',*,*,#3469,.F.);
#3469 = EDGE_CURVE('',#3470,#3304,#3472,.T.);
#3470 = VERTEX_POINT('',#3471);
#3471 = CARTESIAN_POINT('',(-1.6,1.1,0.84));
#3472 = CIRCLE('',#3473,1.E-02);
#3473 = AXIS2_PLACEMENT_3D('',#3474,#3475,#3476);
#3474 = CARTESIAN_POINT('',(-1.59,1.1,0.84));
#3475 = DIRECTION('',(0.,1.,0.));
#3476 = DIRECTION('',(-1.,0.,0.));
#3477 = ORIENTED_EDGE('',*,*,#3478,.T.);
#3478 = EDGE_CURVE('',#3470,#3479,#3481,.T.);
#3479 = VERTEX_POINT('',#3480);
#3480 = CARTESIAN_POINT('',(-1.6,0.315,0.84));
#3481 = LINE('',#3482,#3483);
#3482 = CARTESIAN_POINT('',(-1.6,1.1,0.84));
#3483 = VECTOR('',#3484,1.);
#3484 = DIRECTION('',(-1.047240734787E-16,-1.,-2.735953445233E-32));
#3485 = ORIENTED_EDGE('',*,*,#3486,.T.);
#3486 = EDGE_CURVE('',#3479,#3294,#3487,.T.);
#3487 = CIRCLE('',#3488,1.E-02);
#3488 = AXIS2_PLACEMENT_3D('',#3489,#3490,#3491);
#3489 = CARTESIAN_POINT('',(-1.59,0.315,0.84));
#3490 = DIRECTION('',(-1.204669080539E-16,1.,0.));
#3491 = DIRECTION('',(-1.,-1.204669080539E-16,0.));
#3492 = CYLINDRICAL_SURFACE('',#3493,1.E-02);
#3493 = AXIS2_PLACEMENT_3D('',#3494,#3495,#3496);
#3494 = CARTESIAN_POINT('',(-1.59,0.,0.84));
#3495 = DIRECTION('',(-0.,-1.,-0.));
#3496 = DIRECTION('',(0.,0.,1.));
#3497 = ADVANCED_FACE('',(#3498),#3523,.F.);
#3498 = FACE_BOUND('',#3499,.T.);
#3499 = EDGE_LOOP('',(#3500,#3501,#3509,#3517));
#3500 = ORIENTED_EDGE('',*,*,#3416,.F.);
#3501 = ORIENTED_EDGE('',*,*,#3502,.T.);
#3502 = EDGE_CURVE('',#3407,#3503,#3505,.T.);
#3503 = VERTEX_POINT('',#3504);
#3504 = CARTESIAN_POINT('',(-1.3,-0.315,1.));
#3505 = LINE('',#3506,#3507);
#3506 = CARTESIAN_POINT('',(-1.3,-0.315,0.925));
#3507 = VECTOR('',#3508,1.);
#3508 = DIRECTION('',(0.,0.,1.));
#3509 = ORIENTED_EDGE('',*,*,#3510,.F.);
#3510 = EDGE_CURVE('',#3511,#3503,#3513,.T.);
#3511 = VERTEX_POINT('',#3512);
#3512 = CARTESIAN_POINT('',(-1.3,-1.1,1.));
#3513 = LINE('',#3514,#3515);
#3514 = CARTESIAN_POINT('',(-1.3,-1.1,1.));
#3515 = VECTOR('',#3516,1.);
#3516 = DIRECTION('',(0.,1.,-1.478457507935E-16));
#3517 = ORIENTED_EDGE('',*,*,#3518,.F.);
#3518 = EDGE_CURVE('',#3417,#3511,#3519,.T.);
#3519 = LINE('',#3520,#3521);
#3520 = CARTESIAN_POINT('',(-1.3,-1.1,0.85));
#3521 = VECTOR('',#3522,1.);
#3522 = DIRECTION('',(0.,0.,1.));
#3523 = PLANE('',#3524);
#3524 = AXIS2_PLACEMENT_3D('',#3525,#3526,#3527);
#3525 = CARTESIAN_POINT('',(-1.3,0.,0.925));
#3526 = DIRECTION('',(-1.,0.,0.));
#3527 = DIRECTION('',(0.,0.,1.));
#3528 = ADVANCED_FACE('',(#3529),#3615,.T.);
#3529 = FACE_BOUND('',#3530,.T.);
#3530 = EDGE_LOOP('',(#3531,#3541,#3550,#3558,#3565,#3566,#3567,#3575,
    #3584,#3592,#3601,#3609));
#3531 = ORIENTED_EDGE('',*,*,#3532,.T.);
#3532 = EDGE_CURVE('',#3533,#3535,#3537,.T.);
#3533 = VERTEX_POINT('',#3534);
#3534 = CARTESIAN_POINT('',(-0.85,-1.1,-6.369687763352E-16));
#3535 = VERTEX_POINT('',#3536);
#3536 = CARTESIAN_POINT('',(-1.59,-1.1,-6.369687763352E-16));
#3537 = LINE('',#3538,#3539);
#3538 = CARTESIAN_POINT('',(-0.85,-1.1,-6.369687763352E-16));
#3539 = VECTOR('',#3540,1.);
#3540 = DIRECTION('',(-1.,0.,0.));
#3541 = ORIENTED_EDGE('',*,*,#3542,.T.);
#3542 = EDGE_CURVE('',#3535,#3543,#3545,.T.);
#3543 = VERTEX_POINT('',#3544);
#3544 = CARTESIAN_POINT('',(-1.6,-1.1,1.E-02));
#3545 = CIRCLE('',#3546,1.E-02);
#3546 = AXIS2_PLACEMENT_3D('',#3547,#3548,#3549);
#3547 = CARTESIAN_POINT('',(-1.59,-1.1,1.E-02));
#3548 = DIRECTION('',(0.,1.,0.));
#3549 = DIRECTION('',(0.,0.,-1.));
#3550 = ORIENTED_EDGE('',*,*,#3551,.T.);
#3551 = EDGE_CURVE('',#3543,#3552,#3554,.T.);
#3552 = VERTEX_POINT('',#3553);
#3553 = CARTESIAN_POINT('',(-1.6,-1.1,0.84));
#3554 = LINE('',#3555,#3556);
#3555 = CARTESIAN_POINT('',(-1.6,-1.1,1.E-02));
#3556 = VECTOR('',#3557,1.);
#3557 = DIRECTION('',(-2.612535355387E-16,0.,1.));
#3558 = ORIENTED_EDGE('',*,*,#3559,.T.);
#3559 = EDGE_CURVE('',#3552,#3425,#3560,.T.);
#3560 = CIRCLE('',#3561,1.E-02);
#3561 = AXIS2_PLACEMENT_3D('',#3562,#3563,#3564);
#3562 = CARTESIAN_POINT('',(-1.59,-1.1,0.84));
#3563 = DIRECTION('',(0.,1.,0.));
#3564 = DIRECTION('',(-1.,0.,0.));
#3565 = ORIENTED_EDGE('',*,*,#3424,.T.);
#3566 = ORIENTED_EDGE('',*,*,#3518,.T.);
#3567 = ORIENTED_EDGE('',*,*,#3568,.F.);
#3568 = EDGE_CURVE('',#3569,#3511,#3571,.T.);
#3569 = VERTEX_POINT('',#3570);
#3570 = CARTESIAN_POINT('',(-1.59,-1.1,1.));
#3571 = LINE('',#3572,#3573);
#3572 = CARTESIAN_POINT('',(-1.59,-1.1,1.));
#3573 = VECTOR('',#3574,1.);
#3574 = DIRECTION('',(1.,0.,0.));
#3575 = ORIENTED_EDGE('',*,*,#3576,.F.);
#3576 = EDGE_CURVE('',#3577,#3569,#3579,.T.);
#3577 = VERTEX_POINT('',#3578);
#3578 = CARTESIAN_POINT('',(-1.75,-1.1,0.84));
#3579 = CIRCLE('',#3580,0.16);
#3580 = AXIS2_PLACEMENT_3D('',#3581,#3582,#3583);
#3581 = CARTESIAN_POINT('',(-1.59,-1.1,0.84));
#3582 = DIRECTION('',(0.,1.,0.));
#3583 = DIRECTION('',(-1.,0.,0.));
#3584 = ORIENTED_EDGE('',*,*,#3585,.F.);
#3585 = EDGE_CURVE('',#3586,#3577,#3588,.T.);
#3586 = VERTEX_POINT('',#3587);
#3587 = CARTESIAN_POINT('',(-1.75,-1.1,1.E-02));
#3588 = LINE('',#3589,#3590);
#3589 = CARTESIAN_POINT('',(-1.75,-1.1,1.E-02));
#3590 = VECTOR('',#3591,1.);
#3591 = DIRECTION('',(-2.612535355387E-16,0.,1.));
#3592 = ORIENTED_EDGE('',*,*,#3593,.F.);
#3593 = EDGE_CURVE('',#3594,#3586,#3596,.T.);
#3594 = VERTEX_POINT('',#3595);
#3595 = CARTESIAN_POINT('',(-1.59,-1.1,-0.15));
#3596 = CIRCLE('',#3597,0.16);
#3597 = AXIS2_PLACEMENT_3D('',#3598,#3599,#3600);
#3598 = CARTESIAN_POINT('',(-1.59,-1.1,1.E-02));
#3599 = DIRECTION('',(0.,1.,0.));
#3600 = DIRECTION('',(0.,0.,-1.));
#3601 = ORIENTED_EDGE('',*,*,#3602,.F.);
#3602 = EDGE_CURVE('',#3603,#3594,#3605,.T.);
#3603 = VERTEX_POINT('',#3604);
#3604 = CARTESIAN_POINT('',(-0.85,-1.1,-0.15));
#3605 = LINE('',#3606,#3607);
#3606 = CARTESIAN_POINT('',(-0.85,-1.1,-0.15));
#3607 = VECTOR('',#3608,1.);
#3608 = DIRECTION('',(-1.,0.,0.));
#3609 = ORIENTED_EDGE('',*,*,#3610,.F.);
#3610 = EDGE_CURVE('',#3533,#3603,#3611,.T.);
#3611 = LINE('',#3612,#3613);
#3612 = CARTESIAN_POINT('',(-0.85,-1.1,-6.369687763352E-16));
#3613 = VECTOR('',#3614,1.);
#3614 = DIRECTION('',(0.,0.,-1.));
#3615 = PLANE('',#3616);
#3616 = AXIS2_PLACEMENT_3D('',#3617,#3618,#3619);
#3617 = CARTESIAN_POINT('',(-0.85,-1.1,-6.369687763352E-16));
#3618 = DIRECTION('',(0.,-1.,0.));
#3619 = DIRECTION('',(0.,0.,-1.));
#3620 = ADVANCED_FACE('',(#3621),#3646,.T.);
#3621 = FACE_BOUND('',#3622,.T.);
#3622 = EDGE_LOOP('',(#3623,#3631,#3639,#3645));
#3623 = ORIENTED_EDGE('',*,*,#3624,.T.);
#3624 = EDGE_CURVE('',#3603,#3625,#3627,.T.);
#3625 = VERTEX_POINT('',#3626);
#3626 = CARTESIAN_POINT('',(-0.85,1.1,-0.15));
#3627 = LINE('',#3628,#3629);
#3628 = CARTESIAN_POINT('',(-0.85,-1.1,-0.15));
#3629 = VECTOR('',#3630,1.);
#3630 = DIRECTION('',(0.,1.,1.478457507935E-16));
#3631 = ORIENTED_EDGE('',*,*,#3632,.T.);
#3632 = EDGE_CURVE('',#3625,#3633,#3635,.T.);
#3633 = VERTEX_POINT('',#3634);
#3634 = CARTESIAN_POINT('',(-0.85,1.1,-4.065758146821E-16));
#3635 = LINE('',#3636,#3637);
#3636 = CARTESIAN_POINT('',(-0.85,1.1,-0.15));
#3637 = VECTOR('',#3638,1.);
#3638 = DIRECTION('',(0.,0.,1.));
#3639 = ORIENTED_EDGE('',*,*,#3640,.T.);
#3640 = EDGE_CURVE('',#3633,#3533,#3641,.T.);
#3641 = LINE('',#3642,#3643);
#3642 = CARTESIAN_POINT('',(-0.85,1.1,-4.065758146821E-16));
#3643 = VECTOR('',#3644,1.);
#3644 = DIRECTION('',(0.,-1.,-1.047240734787E-16));
#3645 = ORIENTED_EDGE('',*,*,#3610,.T.);
#3646 = PLANE('',#3647);
#3647 = AXIS2_PLACEMENT_3D('',#3648,#3649,#3650);
#3648 = CARTESIAN_POINT('',(-0.85,0.,-7.5E-02));
#3649 = DIRECTION('',(1.,0.,0.));
#3650 = DIRECTION('',(0.,0.,-1.));
#3651 = ADVANCED_FACE('',(#3652),#3670,.T.);
#3652 = FACE_BOUND('',#3653,.T.);
#3653 = EDGE_LOOP('',(#3654,#3662,#3668,#3669));
#3654 = ORIENTED_EDGE('',*,*,#3655,.F.);
#3655 = EDGE_CURVE('',#3656,#3503,#3658,.T.);
#3656 = VERTEX_POINT('',#3657);
#3657 = CARTESIAN_POINT('',(-1.59,-0.315,1.));
#3658 = LINE('',#3659,#3660);
#3659 = CARTESIAN_POINT('',(-1.75,-0.315,1.));
#3660 = VECTOR('',#3661,1.);
#3661 = DIRECTION('',(1.,-1.204669080539E-16,0.));
#3662 = ORIENTED_EDGE('',*,*,#3663,.F.);
#3663 = EDGE_CURVE('',#3569,#3656,#3664,.T.);
#3664 = LINE('',#3665,#3666);
#3665 = CARTESIAN_POINT('',(-1.59,-1.1,1.));
#3666 = VECTOR('',#3667,1.);
#3667 = DIRECTION('',(0.,1.,-1.478457507935E-16));
#3668 = ORIENTED_EDGE('',*,*,#3568,.T.);
#3669 = ORIENTED_EDGE('',*,*,#3510,.T.);
#3670 = PLANE('',#3671);
#3671 = AXIS2_PLACEMENT_3D('',#3672,#3673,#3674);
#3672 = CARTESIAN_POINT('',(-1.59,-1.1,1.));
#3673 = DIRECTION('',(0.,1.478457507935E-16,1.));
#3674 = DIRECTION('',(0.,-1.,1.478457507935E-16));
#3675 = ADVANCED_FACE('',(#3676),#3689,.F.);
#3676 = FACE_BOUND('',#3677,.T.);
#3677 = EDGE_LOOP('',(#3678,#3679,#3685,#3686,#3687,#3688));
#3678 = ORIENTED_EDGE('',*,*,#3373,.F.);
#3679 = ORIENTED_EDGE('',*,*,#3680,.F.);
#3680 = EDGE_CURVE('',#3479,#3374,#3681,.T.);
#3681 = LINE('',#3682,#3683);
#3682 = CARTESIAN_POINT('',(-0.85,0.315,0.84));
#3683 = VECTOR('',#3684,1.);
#3684 = DIRECTION('',(-1.,-1.204669080539E-16,0.));
#3685 = ORIENTED_EDGE('',*,*,#3486,.T.);
#3686 = ORIENTED_EDGE('',*,*,#3293,.T.);
#3687 = ORIENTED_EDGE('',*,*,#3447,.F.);
#3688 = ORIENTED_EDGE('',*,*,#3333,.T.);
#3689 = PLANE('',#3690);
#3690 = AXIS2_PLACEMENT_3D('',#3691,#3692,#3693);
#3691 = CARTESIAN_POINT('',(-0.85,0.315,0.84));
#3692 = DIRECTION('',(-1.204669080539E-16,1.,0.));
#3693 = DIRECTION('',(-1.,-1.204669080539E-16,0.));
#3694 = ADVANCED_FACE('',(#3695),#3714,.T.);
#3695 = FACE_BOUND('',#3696,.T.);
#3696 = EDGE_LOOP('',(#3697,#3706,#3712,#3713));
#3697 = ORIENTED_EDGE('',*,*,#3698,.T.);
#3698 = EDGE_CURVE('',#3656,#3699,#3701,.T.);
#3699 = VERTEX_POINT('',#3700);
#3700 = CARTESIAN_POINT('',(-1.75,-0.315,0.84));
#3701 = CIRCLE('',#3702,0.16);
#3702 = AXIS2_PLACEMENT_3D('',#3703,#3704,#3705);
#3703 = CARTESIAN_POINT('',(-1.59,-0.315,0.84));
#3704 = DIRECTION('',(-1.204669080539E-16,-1.,0.));
#3705 = DIRECTION('',(1.,-1.204669080539E-16,0.));
#3706 = ORIENTED_EDGE('',*,*,#3707,.F.);
#3707 = EDGE_CURVE('',#3577,#3699,#3708,.T.);
#3708 = LINE('',#3709,#3710);
#3709 = CARTESIAN_POINT('',(-1.75,-1.1,0.84));
#3710 = VECTOR('',#3711,1.);
#3711 = DIRECTION('',(1.478457507935E-16,1.,3.862522510917E-32));
#3712 = ORIENTED_EDGE('',*,*,#3576,.T.);
#3713 = ORIENTED_EDGE('',*,*,#3663,.T.);
#3714 = CYLINDRICAL_SURFACE('',#3715,0.16);
#3715 = AXIS2_PLACEMENT_3D('',#3716,#3717,#3718);
#3716 = CARTESIAN_POINT('',(-1.59,0.,0.84));
#3717 = DIRECTION('',(-0.,-1.,-0.));
#3718 = DIRECTION('',(0.,0.,1.));
#3719 = ADVANCED_FACE('',(#3720),#3745,.T.);
#3720 = FACE_BOUND('',#3721,.T.);
#3721 = EDGE_LOOP('',(#3722,#3723,#3731,#3737,#3738,#3739));
#3722 = ORIENTED_EDGE('',*,*,#3392,.T.);
#3723 = ORIENTED_EDGE('',*,*,#3724,.F.);
#3724 = EDGE_CURVE('',#3725,#3384,#3727,.T.);
#3725 = VERTEX_POINT('',#3726);
#3726 = CARTESIAN_POINT('',(-1.75,1.1,1.E-02));
#3727 = LINE('',#3728,#3729);
#3728 = CARTESIAN_POINT('',(-1.75,1.1,1.E-02));
#3729 = VECTOR('',#3730,1.);
#3730 = DIRECTION('',(-2.612535355387E-16,0.,1.));
#3731 = ORIENTED_EDGE('',*,*,#3732,.F.);
#3732 = EDGE_CURVE('',#3586,#3725,#3733,.T.);
#3733 = LINE('',#3734,#3735);
#3734 = CARTESIAN_POINT('',(-1.75,-1.1,1.E-02));
#3735 = VECTOR('',#3736,1.);
#3736 = DIRECTION('',(1.478457507935E-16,1.,1.767956075769E-32));
#3737 = ORIENTED_EDGE('',*,*,#3585,.T.);
#3738 = ORIENTED_EDGE('',*,*,#3707,.T.);
#3739 = ORIENTED_EDGE('',*,*,#3740,.F.);
#3740 = EDGE_CURVE('',#3374,#3699,#3741,.T.);
#3741 = LINE('',#3742,#3743);
#3742 = CARTESIAN_POINT('',(-1.75,0.315,0.84));
#3743 = VECTOR('',#3744,1.);
#3744 = DIRECTION('',(0.,-1.,0.));
#3745 = PLANE('',#3746);
#3746 = AXIS2_PLACEMENT_3D('',#3747,#3748,#3749);
#3747 = CARTESIAN_POINT('',(-1.75,-1.1,1.E-02));
#3748 = DIRECTION('',(-1.,1.478457507935E-16,-2.612535355387E-16));
#3749 = DIRECTION('',(-2.612535355387E-16,0.,1.));
#3750 = ADVANCED_FACE('',(#3751),#3770,.T.);
#3751 = FACE_BOUND('',#3752,.T.);
#3752 = EDGE_LOOP('',(#3753,#3754,#3763,#3769));
#3753 = ORIENTED_EDGE('',*,*,#3732,.T.);
#3754 = ORIENTED_EDGE('',*,*,#3755,.F.);
#3755 = EDGE_CURVE('',#3756,#3725,#3758,.T.);
#3756 = VERTEX_POINT('',#3757);
#3757 = CARTESIAN_POINT('',(-1.59,1.1,-0.15));
#3758 = CIRCLE('',#3759,0.16);
#3759 = AXIS2_PLACEMENT_3D('',#3760,#3761,#3762);
#3760 = CARTESIAN_POINT('',(-1.59,1.1,1.E-02));
#3761 = DIRECTION('',(0.,1.,0.));
#3762 = DIRECTION('',(0.,0.,-1.));
#3763 = ORIENTED_EDGE('',*,*,#3764,.F.);
#3764 = EDGE_CURVE('',#3594,#3756,#3765,.T.);
#3765 = LINE('',#3766,#3767);
#3766 = CARTESIAN_POINT('',(-1.59,-1.1,-0.15));
#3767 = VECTOR('',#3768,1.);
#3768 = DIRECTION('',(0.,1.,1.478457507935E-16));
#3769 = ORIENTED_EDGE('',*,*,#3593,.T.);
#3770 = CYLINDRICAL_SURFACE('',#3771,0.16);
#3771 = AXIS2_PLACEMENT_3D('',#3772,#3773,#3774);
#3772 = CARTESIAN_POINT('',(-1.59,0.,1.E-02));
#3773 = DIRECTION('',(-0.,-1.,-0.));
#3774 = DIRECTION('',(0.,0.,1.));
#3775 = ADVANCED_FACE('',(#3776),#3787,.T.);
#3776 = FACE_BOUND('',#3777,.T.);
#3777 = EDGE_LOOP('',(#3778,#3779,#3785,#3786));
#3778 = ORIENTED_EDGE('',*,*,#3764,.T.);
#3779 = ORIENTED_EDGE('',*,*,#3780,.F.);
#3780 = EDGE_CURVE('',#3625,#3756,#3781,.T.);
#3781 = LINE('',#3782,#3783);
#3782 = CARTESIAN_POINT('',(-0.85,1.1,-0.15));
#3783 = VECTOR('',#3784,1.);
#3784 = DIRECTION('',(-1.,0.,0.));
#3785 = ORIENTED_EDGE('',*,*,#3624,.F.);
#3786 = ORIENTED_EDGE('',*,*,#3602,.T.);
#3787 = PLANE('',#3788);
#3788 = AXIS2_PLACEMENT_3D('',#3789,#3790,#3791);
#3789 = CARTESIAN_POINT('',(-0.85,-1.1,-0.15));
#3790 = DIRECTION('',(0.,1.478457507935E-16,-1.));
#3791 = DIRECTION('',(0.,1.,1.478457507935E-16));
#3792 = ADVANCED_FACE('',(#3793),#3827,.T.);
#3793 = FACE_BOUND('',#3794,.T.);
#3794 = EDGE_LOOP('',(#3795,#3796,#3797,#3798,#3799,#3800,#3801,#3802,
    #3803,#3811,#3820,#3826));
#3795 = ORIENTED_EDGE('',*,*,#3780,.T.);
#3796 = ORIENTED_EDGE('',*,*,#3755,.T.);
#3797 = ORIENTED_EDGE('',*,*,#3724,.T.);
#3798 = ORIENTED_EDGE('',*,*,#3383,.T.);
#3799 = ORIENTED_EDGE('',*,*,#3351,.T.);
#3800 = ORIENTED_EDGE('',*,*,#3454,.T.);
#3801 = ORIENTED_EDGE('',*,*,#3311,.F.);
#3802 = ORIENTED_EDGE('',*,*,#3469,.F.);
#3803 = ORIENTED_EDGE('',*,*,#3804,.F.);
#3804 = EDGE_CURVE('',#3805,#3470,#3807,.T.);
#3805 = VERTEX_POINT('',#3806);
#3806 = CARTESIAN_POINT('',(-1.6,1.1,1.E-02));
#3807 = LINE('',#3808,#3809);
#3808 = CARTESIAN_POINT('',(-1.6,1.1,1.E-02));
#3809 = VECTOR('',#3810,1.);
#3810 = DIRECTION('',(-2.612535355387E-16,0.,1.));
#3811 = ORIENTED_EDGE('',*,*,#3812,.F.);
#3812 = EDGE_CURVE('',#3813,#3805,#3815,.T.);
#3813 = VERTEX_POINT('',#3814);
#3814 = CARTESIAN_POINT('',(-1.59,1.1,-4.065758146821E-16));
#3815 = CIRCLE('',#3816,1.E-02);
#3816 = AXIS2_PLACEMENT_3D('',#3817,#3818,#3819);
#3817 = CARTESIAN_POINT('',(-1.59,1.1,1.E-02));
#3818 = DIRECTION('',(0.,1.,0.));
#3819 = DIRECTION('',(0.,0.,-1.));
#3820 = ORIENTED_EDGE('',*,*,#3821,.F.);
#3821 = EDGE_CURVE('',#3633,#3813,#3822,.T.);
#3822 = LINE('',#3823,#3824);
#3823 = CARTESIAN_POINT('',(-0.85,1.1,-4.065758146821E-16));
#3824 = VECTOR('',#3825,1.);
#3825 = DIRECTION('',(-1.,0.,0.));
#3826 = ORIENTED_EDGE('',*,*,#3632,.F.);
#3827 = PLANE('',#3828);
#3828 = AXIS2_PLACEMENT_3D('',#3829,#3830,#3831);
#3829 = CARTESIAN_POINT('',(-0.85,1.1,-0.15));
#3830 = DIRECTION('',(0.,1.,0.));
#3831 = DIRECTION('',(0.,-0.,1.));
#3832 = ADVANCED_FACE('',(#3833),#3844,.T.);
#3833 = FACE_BOUND('',#3834,.T.);
#3834 = EDGE_LOOP('',(#3835,#3836,#3842,#3843));
#3835 = ORIENTED_EDGE('',*,*,#3821,.T.);
#3836 = ORIENTED_EDGE('',*,*,#3837,.T.);
#3837 = EDGE_CURVE('',#3813,#3535,#3838,.T.);
#3838 = LINE('',#3839,#3840);
#3839 = CARTESIAN_POINT('',(-1.59,1.1,-4.065758146821E-16));
#3840 = VECTOR('',#3841,1.);
#3841 = DIRECTION('',(0.,-1.,-1.047240734787E-16));
#3842 = ORIENTED_EDGE('',*,*,#3532,.F.);
#3843 = ORIENTED_EDGE('',*,*,#3640,.F.);
#3844 = PLANE('',#3845);
#3845 = AXIS2_PLACEMENT_3D('',#3846,#3847,#3848);
#3846 = CARTESIAN_POINT('',(-0.85,1.1,-4.065758146821E-16));
#3847 = DIRECTION('',(0.,-1.047240734787E-16,1.));
#3848 = DIRECTION('',(0.,-1.,-1.047240734787E-16));
#3849 = ADVANCED_FACE('',(#3850),#3861,.F.);
#3850 = FACE_BOUND('',#3851,.F.);
#3851 = EDGE_LOOP('',(#3852,#3853,#3854,#3860));
#3852 = ORIENTED_EDGE('',*,*,#3837,.T.);
#3853 = ORIENTED_EDGE('',*,*,#3542,.T.);
#3854 = ORIENTED_EDGE('',*,*,#3855,.F.);
#3855 = EDGE_CURVE('',#3805,#3543,#3856,.T.);
#3856 = LINE('',#3857,#3858);
#3857 = CARTESIAN_POINT('',(-1.6,1.1,1.E-02));
#3858 = VECTOR('',#3859,1.);
#3859 = DIRECTION('',(-1.047240734787E-16,-1.,-1.252302220336E-32));
#3860 = ORIENTED_EDGE('',*,*,#3812,.F.);
#3861 = CYLINDRICAL_SURFACE('',#3862,1.E-02);
#3862 = AXIS2_PLACEMENT_3D('',#3863,#3864,#3865);
#3863 = CARTESIAN_POINT('',(-1.59,0.,1.E-02));
#3864 = DIRECTION('',(-0.,-1.,-0.));
#3865 = DIRECTION('',(0.,0.,1.));
#3866 = ADVANCED_FACE('',(#3867),#3887,.T.);
#3867 = FACE_BOUND('',#3868,.T.);
#3868 = EDGE_LOOP('',(#3869,#3870,#3871,#3879,#3885,#3886));
#3869 = ORIENTED_EDGE('',*,*,#3804,.T.);
#3870 = ORIENTED_EDGE('',*,*,#3478,.T.);
#3871 = ORIENTED_EDGE('',*,*,#3872,.F.);
#3872 = EDGE_CURVE('',#3873,#3479,#3875,.T.);
#3873 = VERTEX_POINT('',#3874);
#3874 = CARTESIAN_POINT('',(-1.6,-0.315,0.84));
#3875 = LINE('',#3876,#3877);
#3876 = CARTESIAN_POINT('',(-1.6,0.,0.84));
#3877 = VECTOR('',#3878,1.);
#3878 = DIRECTION('',(0.,1.,0.));
#3879 = ORIENTED_EDGE('',*,*,#3880,.T.);
#3880 = EDGE_CURVE('',#3873,#3552,#3881,.T.);
#3881 = LINE('',#3882,#3883);
#3882 = CARTESIAN_POINT('',(-1.6,1.1,0.84));
#3883 = VECTOR('',#3884,1.);
#3884 = DIRECTION('',(-1.047240734787E-16,-1.,-2.735953445233E-32));
#3885 = ORIENTED_EDGE('',*,*,#3551,.F.);
#3886 = ORIENTED_EDGE('',*,*,#3855,.F.);
#3887 = PLANE('',#3888);
#3888 = AXIS2_PLACEMENT_3D('',#3889,#3890,#3891);
#3889 = CARTESIAN_POINT('',(-1.6,1.1,1.E-02));
#3890 = DIRECTION('',(1.,-1.047240734787E-16,2.612535355387E-16));
#3891 = DIRECTION('',(2.612535355387E-16,0.,-1.));
#3892 = ADVANCED_FACE('',(#3893),#3905,.F.);
#3893 = FACE_BOUND('',#3894,.F.);
#3894 = EDGE_LOOP('',(#3895,#3896,#3897,#3898));
#3895 = ORIENTED_EDGE('',*,*,#3880,.T.);
#3896 = ORIENTED_EDGE('',*,*,#3559,.T.);
#3897 = ORIENTED_EDGE('',*,*,#3432,.F.);
#3898 = ORIENTED_EDGE('',*,*,#3899,.T.);
#3899 = EDGE_CURVE('',#3409,#3873,#3900,.T.);
#3900 = CIRCLE('',#3901,1.E-02);
#3901 = AXIS2_PLACEMENT_3D('',#3902,#3903,#3904);
#3902 = CARTESIAN_POINT('',(-1.59,-0.315,0.84));
#3903 = DIRECTION('',(-1.204669080539E-16,-1.,0.));
#3904 = DIRECTION('',(1.,-1.204669080539E-16,0.));
#3905 = CYLINDRICAL_SURFACE('',#3906,1.E-02);
#3906 = AXIS2_PLACEMENT_3D('',#3907,#3908,#3909);
#3907 = CARTESIAN_POINT('',(-1.59,0.,0.84));
#3908 = DIRECTION('',(-0.,-1.,-0.));
#3909 = DIRECTION('',(0.,0.,1.));
#3910 = ADVANCED_FACE('',(#3911),#3924,.F.);
#3911 = FACE_BOUND('',#3912,.T.);
#3912 = EDGE_LOOP('',(#3913,#3914,#3915,#3916,#3917,#3918));
#3913 = ORIENTED_EDGE('',*,*,#3698,.F.);
#3914 = ORIENTED_EDGE('',*,*,#3655,.T.);
#3915 = ORIENTED_EDGE('',*,*,#3502,.F.);
#3916 = ORIENTED_EDGE('',*,*,#3406,.T.);
#3917 = ORIENTED_EDGE('',*,*,#3899,.T.);
#3918 = ORIENTED_EDGE('',*,*,#3919,.F.);
#3919 = EDGE_CURVE('',#3699,#3873,#3920,.T.);
#3920 = LINE('',#3921,#3922);
#3921 = CARTESIAN_POINT('',(-1.75,-0.315,0.84));
#3922 = VECTOR('',#3923,1.);
#3923 = DIRECTION('',(1.,-1.204669080539E-16,0.));
#3924 = PLANE('',#3925);
#3925 = AXIS2_PLACEMENT_3D('',#3926,#3927,#3928);
#3926 = CARTESIAN_POINT('',(-1.75,-0.315,0.84));
#3927 = DIRECTION('',(-1.204669080539E-16,-1.,0.));
#3928 = DIRECTION('',(1.,-1.204669080539E-16,0.));
#3929 = ADVANCED_FACE('',(#3930),#3936,.T.);
#3930 = FACE_BOUND('',#3931,.T.);
#3931 = EDGE_LOOP('',(#3932,#3933,#3934,#3935));
#3932 = ORIENTED_EDGE('',*,*,#3680,.T.);
#3933 = ORIENTED_EDGE('',*,*,#3740,.T.);
#3934 = ORIENTED_EDGE('',*,*,#3919,.T.);
#3935 = ORIENTED_EDGE('',*,*,#3872,.T.);
#3936 = PLANE('',#3937);
#3937 = AXIS2_PLACEMENT_3D('',#3938,#3939,#3940);
#3938 = CARTESIAN_POINT('',(-1.75,0.315,0.84));
#3939 = DIRECTION('',(0.,0.,1.));
#3940 = DIRECTION('',(1.,0.,-0.));
#3941 = ( GEOMETRIC_REPRESENTATION_CONTEXT(3) 
GLOBAL_UNCERTAINTY_ASSIGNED_CONTEXT((#3945)) 
GLOBAL_UNIT_ASSIGNED_CONTEXT((#3942,#3943,#3944)) REPRESENTATION_CONTEXT
('Context #1','3D Context with UNIT and UNCERTAINTY') );
#3942 = ( LENGTH_UNIT() NAMED_UNIT(*) SI_UNIT(.MILLI.,.METRE.) );
#3943 = ( NAMED_UNIT(*) PLANE_ANGLE_UNIT() SI_UNIT($,.RADIAN.) );
#3944 = ( NAMED_UNIT(*) SI_UNIT($,.STERADIAN.) SOLID_ANGLE_UNIT() );
#3945 = UNCERTAINTY_MEASURE_WITH_UNIT(LENGTH_MEASURE(1.E-07),#3942,
  'distance_accuracy_value','confusion accuracy');
#3946 = SHAPE_DEFINITION_REPRESENTATION(#3947,#3286);
#3947 = PRODUCT_DEFINITION_SHAPE('','',#3948);
#3948 = PRODUCT_DEFINITION('design','',#3949,#3952);
#3949 = PRODUCT_DEFINITION_FORMATION('','',#3950);
#3950 = PRODUCT('base','base','',(#3951));
#3951 = PRODUCT_CONTEXT('',#2,'mechanical');
#3952 = PRODUCT_DEFINITION_CONTEXT('part definition',#2,'design');
#3953 = CONTEXT_DEPENDENT_SHAPE_REPRESENTATION(#3954,#3956);
#3954 = ( REPRESENTATION_RELATIONSHIP('','',#3286,#2040) 
REPRESENTATION_RELATIONSHIP_WITH_TRANSFORMATION(#3955) 
SHAPE_REPRESENTATION_RELATIONSHIP() );
#3955 = ITEM_DEFINED_TRANSFORMATION('','',#11,#2049);
#3956 = PRODUCT_DEFINITION_SHAPE('Placement','Placement of an item',
  #3957);
#3957 = NEXT_ASSEMBLY_USAGE_OCCURRENCE('43','base','',#2035,#3948,$);
#3958 = PRODUCT_RELATED_PRODUCT_CATEGORY('part',$,(#3950));
#3959 = CONTEXT_DEPENDENT_SHAPE_REPRESENTATION(#3960,#3962);
#3960 = ( REPRESENTATION_RELATIONSHIP('','',#3286,#2040) 
REPRESENTATION_RELATIONSHIP_WITH_TRANSFORMATION(#3961) 
SHAPE_REPRESENTATION_RELATIONSHIP() );
#3961 = ITEM_DEFINED_TRANSFORMATION('','',#11,#2053);
#3962 = PRODUCT_DEFINITION_SHAPE('Placement','Placement of an item',
  #3963);
#3963 = NEXT_ASSEMBLY_USAGE_OCCURRENCE('44','base','',#2035,#3948,$);
#3964 = CONTEXT_DEPENDENT_SHAPE_REPRESENTATION(#3965,#3967);
#3965 = ( REPRESENTATION_RELATIONSHIP('','',#2040,#2023) 
REPRESENTATION_RELATIONSHIP_WITH_TRANSFORMATION(#3966) 
SHAPE_REPRESENTATION_RELATIONSHIP() );
#3966 = ITEM_DEFINED_TRANSFORMATION('','',#11,#2024);
#3967 = PRODUCT_DEFINITION_SHAPE('Placement','Placement of an item',
  #3968);
#3968 = NEXT_ASSEMBLY_USAGE_OCCURRENCE('45','','',#2018,#2035,$);
#3969 = PRODUCT_RELATED_PRODUCT_CATEGORY('part',$,(#2037));
#3970 = CONTEXT_DEPENDENT_SHAPE_REPRESENTATION(#3971,#3973);
#3971 = ( REPRESENTATION_RELATIONSHIP('','',#2023,#10) 
REPRESENTATION_RELATIONSHIP_WITH_TRANSFORMATION(#3972) 
SHAPE_REPRESENTATION_RELATIONSHIP() );
#3972 = ITEM_DEFINED_TRANSFORMATION('','',#11,#31);
#3973 = PRODUCT_DEFINITION_SHAPE('Placement','Placement of an item',
  #3974);
#3974 = NEXT_ASSEMBLY_USAGE_OCCURRENCE('46','','',#5,#2018,$);
#3975 = PRODUCT_RELATED_PRODUCT_CATEGORY('part',$,(#2020));
#3976 = SHAPE_DEFINITION_REPRESENTATION(#3977,#3983);
#3977 = PRODUCT_DEFINITION_SHAPE('','',#3978);
#3978 = PRODUCT_DEFINITION('design','',#3979,#3982);
#3979 = PRODUCT_DEFINITION_FORMATION('','',#3980);
#3980 = PRODUCT('D1','D1','',(#3981));
#3981 = PRODUCT_CONTEXT('',#2,'mechanical');
#3982 = PRODUCT_DEFINITION_CONTEXT('part definition',#2,'design');
#3983 = SHAPE_REPRESENTATION('',(#11,#3984),#3988);
#3984 = AXIS2_PLACEMENT_3D('',#3985,#3986,#3987);
#3985 = CARTESIAN_POINT('',(10.500062561035,33.999909973145,
    0.149999633431));
#3986 = DIRECTION('',(-0.,0.,1.));
#3987 = DIRECTION('',(1.19248806385E-08,-1.,0.));
#3988 = ( GEOMETRIC_REPRESENTATION_CONTEXT(3) 
GLOBAL_UNCERTAINTY_ASSIGNED_CONTEXT((#3992)) 
GLOBAL_UNIT_ASSIGNED_CONTEXT((#3989,#3990,#3991)) REPRESENTATION_CONTEXT
('Context #1','3D Context with UNIT and UNCERTAINTY') );
#3989 = ( LENGTH_UNIT() NAMED_UNIT(*) SI_UNIT(.MILLI.,.METRE.) );
#3990 = ( NAMED_UNIT(*) PLANE_ANGLE_UNIT() SI_UNIT($,.RADIAN.) );
#3991 = ( NAMED_UNIT(*) SI_UNIT($,.STERADIAN.) SOLID_ANGLE_UNIT() );
#3992 = UNCERTAINTY_MEASURE_WITH_UNIT(LENGTH_MEASURE(2.E-07),#3989,
  'distance_accuracy_value','confusion accuracy');
#3993 = CONTEXT_DEPENDENT_SHAPE_REPRESENTATION(#3994,#3996);
#3994 = ( REPRESENTATION_RELATIONSHIP('','',#2040,#3983) 
REPRESENTATION_RELATIONSHIP_WITH_TRANSFORMATION(#3995) 
SHAPE_REPRESENTATION_RELATIONSHIP() );
#3995 = ITEM_DEFINED_TRANSFORMATION('','',#11,#3984);
#3996 = PRODUCT_DEFINITION_SHAPE('Placement','Placement of an item',
  #3997);
#3997 = NEXT_ASSEMBLY_USAGE_OCCURRENCE('47','','',#3978,#2035,$);
#3998 = CONTEXT_DEPENDENT_SHAPE_REPRESENTATION(#3999,#4001);
#3999 = ( REPRESENTATION_RELATIONSHIP('','',#3983,#10) 
REPRESENTATION_RELATIONSHIP_WITH_TRANSFORMATION(#4000) 
SHAPE_REPRESENTATION_RELATIONSHIP() );
#4000 = ITEM_DEFINED_TRANSFORMATION('','',#11,#35);
#4001 = PRODUCT_DEFINITION_SHAPE('Placement','Placement of an item',
  #4002);
#4002 = NEXT_ASSEMBLY_USAGE_OCCURRENCE('48','','',#5,#3978,$);
#4003 = PRODUCT_RELATED_PRODUCT_CATEGORY('part',$,(#3980));
#4004 = SHAPE_DEFINITION_REPRESENTATION(#4005,#4011);
#4005 = PRODUCT_DEFINITION_SHAPE('','',#4006);
#4006 = PRODUCT_DEFINITION('design','',#4007,#4010);
#4007 = PRODUCT_DEFINITION_FORMATION('','',#4008);
#4008 = PRODUCT('U1','U1','',(#4009));
#4009 = PRODUCT_CONTEXT('',#2,'mechanical');
#4010 = PRODUCT_DEFINITION_CONTEXT('part definition',#2,'design');
#4011 = SHAPE_REPRESENTATION('',(#11,#4012),#4016);
#4012 = AXIS2_PLACEMENT_3D('',#4013,#4014,#4015);
#4013 = CARTESIAN_POINT('',(19.954591369629,17.343682861328,
    -2.011478424072));
#4014 = DIRECTION('',(0.,0.,1.));
#4015 = DIRECTION('',(1.,0.,0.));
#4016 = ( GEOMETRIC_REPRESENTATION_CONTEXT(3) 
GLOBAL_UNCERTAINTY_ASSIGNED_CONTEXT((#4020)) 
GLOBAL_UNIT_ASSIGNED_CONTEXT((#4017,#4018,#4019)) REPRESENTATION_CONTEXT
('Context #1','3D Context with UNIT and UNCERTAINTY') );
#4017 = ( LENGTH_UNIT() NAMED_UNIT(*) SI_UNIT(.MILLI.,.METRE.) );
#4018 = ( NAMED_UNIT(*) PLANE_ANGLE_UNIT() SI_UNIT($,.RADIAN.) );
#4019 = ( NAMED_UNIT(*) SI_UNIT($,.STERADIAN.) SOLID_ANGLE_UNIT() );
#4020 = UNCERTAINTY_MEASURE_WITH_UNIT(LENGTH_MEASURE(1.E-07),#4017,
  'distance_accuracy_value','confusion accuracy');
#4021 = SHAPE_DEFINITION_REPRESENTATION(#4022,#4028);
#4022 = PRODUCT_DEFINITION_SHAPE('','',#4023);
#4023 = PRODUCT_DEFINITION('design','',#4024,#4027);
#4024 = PRODUCT_DEFINITION_FORMATION('','',#4025);
#4025 = PRODUCT('6370874656','6370874656','',(#4026));
#4026 = PRODUCT_CONTEXT('',#2,'mechanical');
#4027 = PRODUCT_DEFINITION_CONTEXT('part definition',#2,'design');
#4028 = SHAPE_REPRESENTATION('',(#11,#4029),#4033);
#4029 = AXIS2_PLACEMENT_3D('',#4030,#4031,#4032);
#4030 = CARTESIAN_POINT('',(0.,0.,0.));
#4031 = DIRECTION('',(0.,0.,1.));
#4032 = DIRECTION('',(1.,0.,0.));
#4033 = ( GEOMETRIC_REPRESENTATION_CONTEXT(3) 
GLOBAL_UNCERTAINTY_ASSIGNED_CONTEXT((#4037)) 
GLOBAL_UNIT_ASSIGNED_CONTEXT((#4034,#4035,#4036)) REPRESENTATION_CONTEXT
('Context #1','3D Context with UNIT and UNCERTAINTY') );
#4034 = ( LENGTH_UNIT() NAMED_UNIT(*) SI_UNIT(.MILLI.,.METRE.) );
#4035 = ( NAMED_UNIT(*) PLANE_ANGLE_UNIT() SI_UNIT($,.RADIAN.) );
#4036 = ( NAMED_UNIT(*) SI_UNIT($,.STERADIAN.) SOLID_ANGLE_UNIT() );
#4037 = UNCERTAINTY_MEASURE_WITH_UNIT(LENGTH_MEASURE(1.E-07),#4034,
  'distance_accuracy_value','confusion accuracy');
#4038 = ADVANCED_BREP_SHAPE_REPRESENTATION('',(#11,#4039),#4189);
#4039 = MANIFOLD_SOLID_BREP('',#4040);
#4040 = CLOSED_SHELL('',(#4041,#4081,#4112,#4143,#4165,#4177));
#4041 = ADVANCED_FACE('',(#4042),#4076,.F.);
#4042 = FACE_BOUND('',#4043,.F.);
#4043 = EDGE_LOOP('',(#4044,#4054,#4062,#4070));
#4044 = ORIENTED_EDGE('',*,*,#4045,.T.);
#4045 = EDGE_CURVE('',#4046,#4048,#4050,.T.);
#4046 = VERTEX_POINT('',#4047);
#4047 = CARTESIAN_POINT('',(4.9497488,0.,0.));
#4048 = VERTEX_POINT('',#4049);
#4049 = CARTESIAN_POINT('',(4.9497488,0.,1.54999944));
#4050 = LINE('',#4051,#4052);
#4051 = CARTESIAN_POINT('',(4.9497488,0.,0.));
#4052 = VECTOR('',#4053,1.);
#4053 = DIRECTION('',(0.,0.,1.));
#4054 = ORIENTED_EDGE('',*,*,#4055,.T.);
#4055 = EDGE_CURVE('',#4048,#4056,#4058,.T.);
#4056 = VERTEX_POINT('',#4057);
#4057 = CARTESIAN_POINT('',(0.,4.9497488,1.54999944));
#4058 = LINE('',#4059,#4060);
#4059 = CARTESIAN_POINT('',(4.9497488,0.,1.54999944));
#4060 = VECTOR('',#4061,1.);
#4061 = DIRECTION('',(-0.707106781187,0.707106781187,0.));
#4062 = ORIENTED_EDGE('',*,*,#4063,.F.);
#4063 = EDGE_CURVE('',#4064,#4056,#4066,.T.);
#4064 = VERTEX_POINT('',#4065);
#4065 = CARTESIAN_POINT('',(0.,4.9497488,0.));
#4066 = LINE('',#4067,#4068);
#4067 = CARTESIAN_POINT('',(0.,4.9497488,0.));
#4068 = VECTOR('',#4069,1.);
#4069 = DIRECTION('',(0.,0.,1.));
#4070 = ORIENTED_EDGE('',*,*,#4071,.F.);
#4071 = EDGE_CURVE('',#4046,#4064,#4072,.T.);
#4072 = LINE('',#4073,#4074);
#4073 = CARTESIAN_POINT('',(4.9497488,0.,0.));
#4074 = VECTOR('',#4075,1.);
#4075 = DIRECTION('',(-0.707106781187,0.707106781187,0.));
#4076 = PLANE('',#4077);
#4077 = AXIS2_PLACEMENT_3D('',#4078,#4079,#4080);
#4078 = CARTESIAN_POINT('',(4.9497488,0.,0.));
#4079 = DIRECTION('',(-0.707106781187,-0.707106781187,0.));
#4080 = DIRECTION('',(-0.707106781187,0.707106781187,0.));
#4081 = ADVANCED_FACE('',(#4082),#4107,.F.);
#4082 = FACE_BOUND('',#4083,.F.);
#4083 = EDGE_LOOP('',(#4084,#4085,#4093,#4101));
#4084 = ORIENTED_EDGE('',*,*,#4063,.T.);
#4085 = ORIENTED_EDGE('',*,*,#4086,.T.);
#4086 = EDGE_CURVE('',#4056,#4087,#4089,.T.);
#4087 = VERTEX_POINT('',#4088);
#4088 = CARTESIAN_POINT('',(-4.9497488,0.,1.54999944));
#4089 = LINE('',#4090,#4091);
#4090 = CARTESIAN_POINT('',(0.,4.9497488,1.54999944));
#4091 = VECTOR('',#4092,1.);
#4092 = DIRECTION('',(-0.707106781187,-0.707106781187,0.));
#4093 = ORIENTED_EDGE('',*,*,#4094,.F.);
#4094 = EDGE_CURVE('',#4095,#4087,#4097,.T.);
#4095 = VERTEX_POINT('',#4096);
#4096 = CARTESIAN_POINT('',(-4.9497488,0.,0.));
#4097 = LINE('',#4098,#4099);
#4098 = CARTESIAN_POINT('',(-4.9497488,0.,0.));
#4099 = VECTOR('',#4100,1.);
#4100 = DIRECTION('',(0.,0.,1.));
#4101 = ORIENTED_EDGE('',*,*,#4102,.F.);
#4102 = EDGE_CURVE('',#4064,#4095,#4103,.T.);
#4103 = LINE('',#4104,#4105);
#4104 = CARTESIAN_POINT('',(0.,4.9497488,0.));
#4105 = VECTOR('',#4106,1.);
#4106 = DIRECTION('',(-0.707106781187,-0.707106781187,0.));
#4107 = PLANE('',#4108);
#4108 = AXIS2_PLACEMENT_3D('',#4109,#4110,#4111);
#4109 = CARTESIAN_POINT('',(0.,4.9497488,0.));
#4110 = DIRECTION('',(0.707106781187,-0.707106781187,0.));
#4111 = DIRECTION('',(-0.707106781187,-0.707106781187,0.));
#4112 = ADVANCED_FACE('',(#4113),#4138,.F.);
#4113 = FACE_BOUND('',#4114,.F.);
#4114 = EDGE_LOOP('',(#4115,#4116,#4124,#4132));
#4115 = ORIENTED_EDGE('',*,*,#4094,.T.);
#4116 = ORIENTED_EDGE('',*,*,#4117,.T.);
#4117 = EDGE_CURVE('',#4087,#4118,#4120,.T.);
#4118 = VERTEX_POINT('',#4119);
#4119 = CARTESIAN_POINT('',(0.,-4.9497488,1.54999944));
#4120 = LINE('',#4121,#4122);
#4121 = CARTESIAN_POINT('',(-4.9497488,0.,1.54999944));
#4122 = VECTOR('',#4123,1.);
#4123 = DIRECTION('',(0.707106781187,-0.707106781187,0.));
#4124 = ORIENTED_EDGE('',*,*,#4125,.F.);
#4125 = EDGE_CURVE('',#4126,#4118,#4128,.T.);
#4126 = VERTEX_POINT('',#4127);
#4127 = CARTESIAN_POINT('',(0.,-4.9497488,0.));
#4128 = LINE('',#4129,#4130);
#4129 = CARTESIAN_POINT('',(0.,-4.9497488,0.));
#4130 = VECTOR('',#4131,1.);
#4131 = DIRECTION('',(0.,0.,1.));
#4132 = ORIENTED_EDGE('',*,*,#4133,.F.);
#4133 = EDGE_CURVE('',#4095,#4126,#4134,.T.);
#4134 = LINE('',#4135,#4136);
#4135 = CARTESIAN_POINT('',(-4.9497488,0.,0.));
#4136 = VECTOR('',#4137,1.);
#4137 = DIRECTION('',(0.707106781187,-0.707106781187,0.));
#4138 = PLANE('',#4139);
#4139 = AXIS2_PLACEMENT_3D('',#4140,#4141,#4142);
#4140 = CARTESIAN_POINT('',(-4.9497488,0.,0.));
#4141 = DIRECTION('',(0.707106781187,0.707106781187,-0.));
#4142 = DIRECTION('',(0.707106781187,-0.707106781187,0.));
#4143 = ADVANCED_FACE('',(#4144),#4160,.F.);
#4144 = FACE_BOUND('',#4145,.F.);
#4145 = EDGE_LOOP('',(#4146,#4147,#4153,#4154));
#4146 = ORIENTED_EDGE('',*,*,#4125,.T.);
#4147 = ORIENTED_EDGE('',*,*,#4148,.T.);
#4148 = EDGE_CURVE('',#4118,#4048,#4149,.T.);
#4149 = LINE('',#4150,#4151);
#4150 = CARTESIAN_POINT('',(0.,-4.9497488,1.54999944));
#4151 = VECTOR('',#4152,1.);
#4152 = DIRECTION('',(0.707106781187,0.707106781187,0.));
#4153 = ORIENTED_EDGE('',*,*,#4045,.F.);
#4154 = ORIENTED_EDGE('',*,*,#4155,.F.);
#4155 = EDGE_CURVE('',#4126,#4046,#4156,.T.);
#4156 = LINE('',#4157,#4158);
#4157 = CARTESIAN_POINT('',(0.,-4.9497488,0.));
#4158 = VECTOR('',#4159,1.);
#4159 = DIRECTION('',(0.707106781187,0.707106781187,0.));
#4160 = PLANE('',#4161);
#4161 = AXIS2_PLACEMENT_3D('',#4162,#4163,#4164);
#4162 = CARTESIAN_POINT('',(0.,-4.9497488,0.));
#4163 = DIRECTION('',(-0.707106781187,0.707106781187,0.));
#4164 = DIRECTION('',(0.707106781187,0.707106781187,0.));
#4165 = ADVANCED_FACE('',(#4166),#4172,.F.);
#4166 = FACE_BOUND('',#4167,.F.);
#4167 = EDGE_LOOP('',(#4168,#4169,#4170,#4171));
#4168 = ORIENTED_EDGE('',*,*,#4071,.T.);
#4169 = ORIENTED_EDGE('',*,*,#4102,.T.);
#4170 = ORIENTED_EDGE('',*,*,#4133,.T.);
#4171 = ORIENTED_EDGE('',*,*,#4155,.T.);
#4172 = PLANE('',#4173);
#4173 = AXIS2_PLACEMENT_3D('',#4174,#4175,#4176);
#4174 = CARTESIAN_POINT('',(2.664534542226E-15,-2.664534542226E-15,0.));
#4175 = DIRECTION('',(0.,0.,1.));
#4176 = DIRECTION('',(1.,0.,-0.));
#4177 = ADVANCED_FACE('',(#4178),#4184,.T.);
#4178 = FACE_BOUND('',#4179,.T.);
#4179 = EDGE_LOOP('',(#4180,#4181,#4182,#4183));
#4180 = ORIENTED_EDGE('',*,*,#4055,.T.);
#4181 = ORIENTED_EDGE('',*,*,#4086,.T.);
#4182 = ORIENTED_EDGE('',*,*,#4117,.T.);
#4183 = ORIENTED_EDGE('',*,*,#4148,.T.);
#4184 = PLANE('',#4185);
#4185 = AXIS2_PLACEMENT_3D('',#4186,#4187,#4188);
#4186 = CARTESIAN_POINT('',(2.664534542226E-15,-2.664534542226E-15,
    1.54999944));
#4187 = DIRECTION('',(0.,0.,1.));
#4188 = DIRECTION('',(1.,0.,-0.));
#4189 = ( GEOMETRIC_REPRESENTATION_CONTEXT(3) 
GLOBAL_UNCERTAINTY_ASSIGNED_CONTEXT((#4193)) 
GLOBAL_UNIT_ASSIGNED_CONTEXT((#4190,#4191,#4192)) REPRESENTATION_CONTEXT
('Context #1','3D Context with UNIT and UNCERTAINTY') );
#4190 = ( LENGTH_UNIT() NAMED_UNIT(*) SI_UNIT(.MILLI.,.METRE.) );
#4191 = ( NAMED_UNIT(*) PLANE_ANGLE_UNIT() SI_UNIT($,.RADIAN.) );
#4192 = ( NAMED_UNIT(*) SI_UNIT($,.STERADIAN.) SOLID_ANGLE_UNIT() );
#4193 = UNCERTAINTY_MEASURE_WITH_UNIT(LENGTH_MEASURE(1.E-07),#4190,
  'distance_accuracy_value','confusion accuracy');
#4194 = SHAPE_DEFINITION_REPRESENTATION(#4195,#4038);
#4195 = PRODUCT_DEFINITION_SHAPE('','',#4196);
#4196 = PRODUCT_DEFINITION('design','',#4197,#4200);
#4197 = PRODUCT_DEFINITION_FORMATION('','',#4198);
#4198 = PRODUCT('Extruded','Extruded','',(#4199));
#4199 = PRODUCT_CONTEXT('',#2,'mechanical');
#4200 = PRODUCT_DEFINITION_CONTEXT('part definition',#2,'design');
#4201 = CONTEXT_DEPENDENT_SHAPE_REPRESENTATION(#4202,#4204);
#4202 = ( REPRESENTATION_RELATIONSHIP('','',#4038,#4028) 
REPRESENTATION_RELATIONSHIP_WITH_TRANSFORMATION(#4203) 
SHAPE_REPRESENTATION_RELATIONSHIP() );
#4203 = ITEM_DEFINED_TRANSFORMATION('','',#11,#4029);
#4204 = PRODUCT_DEFINITION_SHAPE('Placement','Placement of an item',
  #4205);
#4205 = NEXT_ASSEMBLY_USAGE_OCCURRENCE('49','20','',#4023,#4196,$);
#4206 = PRODUCT_RELATED_PRODUCT_CATEGORY('part',$,(#4198));
#4207 = CONTEXT_DEPENDENT_SHAPE_REPRESENTATION(#4208,#4210);
#4208 = ( REPRESENTATION_RELATIONSHIP('','',#4028,#4011) 
REPRESENTATION_RELATIONSHIP_WITH_TRANSFORMATION(#4209) 
SHAPE_REPRESENTATION_RELATIONSHIP() );
#4209 = ITEM_DEFINED_TRANSFORMATION('','',#11,#4012);
#4210 = PRODUCT_DEFINITION_SHAPE('Placement','Placement of an item',
  #4211);
#4211 = NEXT_ASSEMBLY_USAGE_OCCURRENCE('50','','',#4006,#4023,$);
#4212 = PRODUCT_RELATED_PRODUCT_CATEGORY('part',$,(#4025));
#4213 = CONTEXT_DEPENDENT_SHAPE_REPRESENTATION(#4214,#4216);
#4214 = ( REPRESENTATION_RELATIONSHIP('','',#4011,#10) 
REPRESENTATION_RELATIONSHIP_WITH_TRANSFORMATION(#4215) 
SHAPE_REPRESENTATION_RELATIONSHIP() );
#4215 = ITEM_DEFINED_TRANSFORMATION('','',#11,#39);
#4216 = PRODUCT_DEFINITION_SHAPE('Placement','Placement of an item',
  #4217);
#4217 = NEXT_ASSEMBLY_USAGE_OCCURRENCE('51','','',#5,#4006,$);
#4218 = PRODUCT_RELATED_PRODUCT_CATEGORY('part',$,(#4008));
#4219 = SHAPE_DEFINITION_REPRESENTATION(#4220,#4226);
#4220 = PRODUCT_DEFINITION_SHAPE('','',#4221);
#4221 = PRODUCT_DEFINITION('design','',#4222,#4225);
#4222 = PRODUCT_DEFINITION_FORMATION('','',#4223);
#4223 = PRODUCT('R6','R6','',(#4224));
#4224 = PRODUCT_CONTEXT('',#2,'mechanical');
#4225 = PRODUCT_DEFINITION_CONTEXT('part definition',#2,'design');
#4226 = SHAPE_REPRESENTATION('',(#11,#4227),#4231);
#4227 = AXIS2_PLACEMENT_3D('',#4228,#4229,#4230);
#4228 = CARTESIAN_POINT('',(11.300000762939,21.200059509277,
    -0.411479830742));
#4229 = DIRECTION('',(-2.344889648319E-15,8.74227345228E-08,-1.));
#4230 = DIRECTION('',(-0.707106840791,0.707106721582,6.181720485823E-08)
  );
#4231 = ( GEOMETRIC_REPRESENTATION_CONTEXT(3) 
GLOBAL_UNCERTAINTY_ASSIGNED_CONTEXT((#4235)) 
GLOBAL_UNIT_ASSIGNED_CONTEXT((#4232,#4233,#4234)) REPRESENTATION_CONTEXT
('Context #1','3D Context with UNIT and UNCERTAINTY') );
#4232 = ( LENGTH_UNIT() NAMED_UNIT(*) SI_UNIT(.MILLI.,.METRE.) );
#4233 = ( NAMED_UNIT(*) PLANE_ANGLE_UNIT() SI_UNIT($,.RADIAN.) );
#4234 = ( NAMED_UNIT(*) SI_UNIT($,.STERADIAN.) SOLID_ANGLE_UNIT() );
#4235 = UNCERTAINTY_MEASURE_WITH_UNIT(LENGTH_MEASURE(1.E-07),#4232,
  'distance_accuracy_value','confusion accuracy');
#4236 = ADVANCED_BREP_SHAPE_REPRESENTATION('',(#11,#4237),#7707);
#4237 = MANIFOLD_SOLID_BREP('',#4238);
#4238 = CLOSED_SHELL('',(#4239,#4279,#4319,#4359,#4399,#4439,#4479,#4519
    ,#4559,#4599,#4639,#4661,#4953,#5245,#5299,#5330,#5375,#5387,#5670,
    #5715,#5739,#5777,#5789,#5834,#5858,#5896,#5908,#5953,#5977,#6015,
    #6027,#6058,#6080,#6111,#6133,#6164,#6186,#6217,#6239,#6251,#6263,
    #6275,#6297,#6319,#6341,#6358,#6375,#6396,#6418,#6435,#6466,#6483,
    #6507,#6531,#6548,#6564,#6595,#6619,#6643,#6660,#6677,#6693,#6724,
    #6741,#6765,#6789,#6806,#6822,#6853,#6877,#6901,#6918,#6935,#6951,
    #6982,#7006,#7030,#7054,#7075,#7099,#7120,#7136,#7167,#7191,#7212,
    #7236,#7260,#7284,#7305,#7321,#7352,#7376,#7400,#7424,#7445,#7469,
    #7490,#7506,#7537,#7561,#7582,#7606,#7630,#7654,#7675,#7691));
#4239 = ADVANCED_FACE('',(#4240),#4274,.F.);
#4240 = FACE_BOUND('',#4241,.T.);
#4241 = EDGE_LOOP('',(#4242,#4252,#4260,#4268));
#4242 = ORIENTED_EDGE('',*,*,#4243,.F.);
#4243 = EDGE_CURVE('',#4244,#4246,#4248,.T.);
#4244 = VERTEX_POINT('',#4245);
#4245 = CARTESIAN_POINT('',(-0.8001,-1.45,0.));
#4246 = VERTEX_POINT('',#4247);
#4247 = CARTESIAN_POINT('',(-0.8001,-0.95,0.));
#4248 = LINE('',#4249,#4250);
#4249 = CARTESIAN_POINT('',(-0.8001,-1.45,0.));
#4250 = VECTOR('',#4251,1.);
#4251 = DIRECTION('',(0.,1.,0.));
#4252 = ORIENTED_EDGE('',*,*,#4253,.F.);
#4253 = EDGE_CURVE('',#4254,#4244,#4256,.T.);
#4254 = VERTEX_POINT('',#4255);
#4255 = CARTESIAN_POINT('',(-0.8001,-1.45,0.60005));
#4256 = LINE('',#4257,#4258);
#4257 = CARTESIAN_POINT('',(-0.8001,-1.45,0.60005));
#4258 = VECTOR('',#4259,1.);
#4259 = DIRECTION('',(0.,0.,-1.));
#4260 = ORIENTED_EDGE('',*,*,#4261,.F.);
#4261 = EDGE_CURVE('',#4262,#4254,#4264,.T.);
#4262 = VERTEX_POINT('',#4263);
#4263 = CARTESIAN_POINT('',(-0.8001,-0.95,0.60005));
#4264 = LINE('',#4265,#4266);
#4265 = CARTESIAN_POINT('',(-0.8001,-0.95,0.60005));
#4266 = VECTOR('',#4267,1.);
#4267 = DIRECTION('',(0.,-1.,0.));
#4268 = ORIENTED_EDGE('',*,*,#4269,.F.);
#4269 = EDGE_CURVE('',#4246,#4262,#4270,.T.);
#4270 = LINE('',#4271,#4272);
#4271 = CARTESIAN_POINT('',(-0.8001,-0.95,0.));
#4272 = VECTOR('',#4273,1.);
#4273 = DIRECTION('',(0.,0.,1.));
#4274 = PLANE('',#4275);
#4275 = AXIS2_PLACEMENT_3D('',#4276,#4277,#4278);
#4276 = CARTESIAN_POINT('',(-0.8001,-1.2,0.300025));
#4277 = DIRECTION('',(1.,-5.530580914927E-30,4.790072129807E-32));
#4278 = DIRECTION('',(5.530580914927E-30,1.,0.));
#4279 = ADVANCED_FACE('',(#4280),#4314,.F.);
#4280 = FACE_BOUND('',#4281,.T.);
#4281 = EDGE_LOOP('',(#4282,#4292,#4300,#4308));
#4282 = ORIENTED_EDGE('',*,*,#4283,.F.);
#4283 = EDGE_CURVE('',#4284,#4286,#4288,.T.);
#4284 = VERTEX_POINT('',#4285);
#4285 = CARTESIAN_POINT('',(-0.8001,-0.65,0.));
#4286 = VERTEX_POINT('',#4287);
#4287 = CARTESIAN_POINT('',(-0.8001,-0.15,0.));
#4288 = LINE('',#4289,#4290);
#4289 = CARTESIAN_POINT('',(-0.8001,-0.65,0.));
#4290 = VECTOR('',#4291,1.);
#4291 = DIRECTION('',(0.,1.,0.));
#4292 = ORIENTED_EDGE('',*,*,#4293,.F.);
#4293 = EDGE_CURVE('',#4294,#4284,#4296,.T.);
#4294 = VERTEX_POINT('',#4295);
#4295 = CARTESIAN_POINT('',(-0.8001,-0.65,0.60005));
#4296 = LINE('',#4297,#4298);
#4297 = CARTESIAN_POINT('',(-0.8001,-0.65,0.60005));
#4298 = VECTOR('',#4299,1.);
#4299 = DIRECTION('',(0.,0.,-1.));
#4300 = ORIENTED_EDGE('',*,*,#4301,.F.);
#4301 = EDGE_CURVE('',#4302,#4294,#4304,.T.);
#4302 = VERTEX_POINT('',#4303);
#4303 = CARTESIAN_POINT('',(-0.8001,-0.15,0.60005));
#4304 = LINE('',#4305,#4306);
#4305 = CARTESIAN_POINT('',(-0.8001,-0.15,0.60005));
#4306 = VECTOR('',#4307,1.);
#4307 = DIRECTION('',(0.,-1.,0.));
#4308 = ORIENTED_EDGE('',*,*,#4309,.F.);
#4309 = EDGE_CURVE('',#4286,#4302,#4310,.T.);
#4310 = LINE('',#4311,#4312);
#4311 = CARTESIAN_POINT('',(-0.8001,-0.15,0.));
#4312 = VECTOR('',#4313,1.);
#4313 = DIRECTION('',(0.,0.,1.));
#4314 = PLANE('',#4315);
#4315 = AXIS2_PLACEMENT_3D('',#4316,#4317,#4318);
#4316 = CARTESIAN_POINT('',(-0.8001,-0.4,0.300025));
#4317 = DIRECTION('',(1.,-2.029412747369E-30,4.790072129807E-32));
#4318 = DIRECTION('',(2.029412747369E-30,1.,0.));
#4319 = ADVANCED_FACE('',(#4320),#4354,.F.);
#4320 = FACE_BOUND('',#4321,.T.);
#4321 = EDGE_LOOP('',(#4322,#4332,#4340,#4348));
#4322 = ORIENTED_EDGE('',*,*,#4323,.F.);
#4323 = EDGE_CURVE('',#4324,#4326,#4328,.T.);
#4324 = VERTEX_POINT('',#4325);
#4325 = CARTESIAN_POINT('',(-0.8001,0.15,0.));
#4326 = VERTEX_POINT('',#4327);
#4327 = CARTESIAN_POINT('',(-0.8001,0.65,0.));
#4328 = LINE('',#4329,#4330);
#4329 = CARTESIAN_POINT('',(-0.8001,0.15,0.));
#4330 = VECTOR('',#4331,1.);
#4331 = DIRECTION('',(0.,1.,0.));
#4332 = ORIENTED_EDGE('',*,*,#4333,.F.);
#4333 = EDGE_CURVE('',#4334,#4324,#4336,.T.);
#4334 = VERTEX_POINT('',#4335);
#4335 = CARTESIAN_POINT('',(-0.8001,0.15,0.60005));
#4336 = LINE('',#4337,#4338);
#4337 = CARTESIAN_POINT('',(-0.8001,0.15,0.60005));
#4338 = VECTOR('',#4339,1.);
#4339 = DIRECTION('',(0.,0.,-1.));
#4340 = ORIENTED_EDGE('',*,*,#4341,.F.);
#4341 = EDGE_CURVE('',#4342,#4334,#4344,.T.);
#4342 = VERTEX_POINT('',#4343);
#4343 = CARTESIAN_POINT('',(-0.8001,0.65,0.60005));
#4344 = LINE('',#4345,#4346);
#4345 = CARTESIAN_POINT('',(-0.8001,0.65,0.60005));
#4346 = VECTOR('',#4347,1.);
#4347 = DIRECTION('',(0.,-1.,0.));
#4348 = ORIENTED_EDGE('',*,*,#4349,.F.);
#4349 = EDGE_CURVE('',#4326,#4342,#4350,.T.);
#4350 = LINE('',#4351,#4352);
#4351 = CARTESIAN_POINT('',(-0.8001,0.65,0.));
#4352 = VECTOR('',#4353,1.);
#4353 = DIRECTION('',(0.,0.,1.));
#4354 = PLANE('',#4355);
#4355 = AXIS2_PLACEMENT_3D('',#4356,#4357,#4358);
#4356 = CARTESIAN_POINT('',(-0.8001,0.4,0.300025));
#4357 = DIRECTION('',(1.,-1.626979624661E-30,4.790072129807E-32));
#4358 = DIRECTION('',(1.626979624661E-30,1.,0.));
#4359 = ADVANCED_FACE('',(#4360),#4394,.F.);
#4360 = FACE_BOUND('',#4361,.T.);
#4361 = EDGE_LOOP('',(#4362,#4372,#4380,#4388));
#4362 = ORIENTED_EDGE('',*,*,#4363,.F.);
#4363 = EDGE_CURVE('',#4364,#4366,#4368,.T.);
#4364 = VERTEX_POINT('',#4365);
#4365 = CARTESIAN_POINT('',(-0.8001,0.95,0.));
#4366 = VERTEX_POINT('',#4367);
#4367 = CARTESIAN_POINT('',(-0.8001,1.45,0.));
#4368 = LINE('',#4369,#4370);
#4369 = CARTESIAN_POINT('',(-0.8001,0.95,0.));
#4370 = VECTOR('',#4371,1.);
#4371 = DIRECTION('',(0.,1.,0.));
#4372 = ORIENTED_EDGE('',*,*,#4373,.F.);
#4373 = EDGE_CURVE('',#4374,#4364,#4376,.T.);
#4374 = VERTEX_POINT('',#4375);
#4375 = CARTESIAN_POINT('',(-0.8001,0.95,0.60005));
#4376 = LINE('',#4377,#4378);
#4377 = CARTESIAN_POINT('',(-0.8001,0.95,0.60005));
#4378 = VECTOR('',#4379,1.);
#4379 = DIRECTION('',(0.,0.,-1.));
#4380 = ORIENTED_EDGE('',*,*,#4381,.F.);
#4381 = EDGE_CURVE('',#4382,#4374,#4384,.T.);
#4382 = VERTEX_POINT('',#4383);
#4383 = CARTESIAN_POINT('',(-0.8001,1.45,0.60005));
#4384 = LINE('',#4385,#4386);
#4385 = CARTESIAN_POINT('',(-0.8001,1.45,0.60005));
#4386 = VECTOR('',#4387,1.);
#4387 = DIRECTION('',(0.,-1.,0.));
#4388 = ORIENTED_EDGE('',*,*,#4389,.F.);
#4389 = EDGE_CURVE('',#4366,#4382,#4390,.T.);
#4390 = LINE('',#4391,#4392);
#4391 = CARTESIAN_POINT('',(-0.8001,1.45,0.));
#4392 = VECTOR('',#4393,1.);
#4393 = DIRECTION('',(0.,0.,1.));
#4394 = PLANE('',#4395);
#4395 = AXIS2_PLACEMENT_3D('',#4396,#4397,#4398);
#4396 = CARTESIAN_POINT('',(-0.8001,1.2,0.300025));
#4397 = DIRECTION('',(1.,3.299951606204E-30,4.790072129807E-32));
#4398 = DIRECTION('',(-3.299951606204E-30,1.,0.));
#4399 = ADVANCED_FACE('',(#4400),#4434,.T.);
#4400 = FACE_BOUND('',#4401,.T.);
#4401 = EDGE_LOOP('',(#4402,#4412,#4420,#4428));
#4402 = ORIENTED_EDGE('',*,*,#4403,.F.);
#4403 = EDGE_CURVE('',#4404,#4406,#4408,.T.);
#4404 = VERTEX_POINT('',#4405);
#4405 = CARTESIAN_POINT('',(0.8001,-1.45,0.60005));
#4406 = VERTEX_POINT('',#4407);
#4407 = CARTESIAN_POINT('',(0.8001,-0.95,0.60005));
#4408 = LINE('',#4409,#4410);
#4409 = CARTESIAN_POINT('',(0.8001,-0.95,0.60005));
#4410 = VECTOR('',#4411,1.);
#4411 = DIRECTION('',(0.,1.,0.));
#4412 = ORIENTED_EDGE('',*,*,#4413,.F.);
#4413 = EDGE_CURVE('',#4414,#4404,#4416,.T.);
#4414 = VERTEX_POINT('',#4415);
#4415 = CARTESIAN_POINT('',(0.8001,-1.45,0.));
#4416 = LINE('',#4417,#4418);
#4417 = CARTESIAN_POINT('',(0.8001,-1.45,0.60005));
#4418 = VECTOR('',#4419,1.);
#4419 = DIRECTION('',(0.,0.,1.));
#4420 = ORIENTED_EDGE('',*,*,#4421,.F.);
#4421 = EDGE_CURVE('',#4422,#4414,#4424,.T.);
#4422 = VERTEX_POINT('',#4423);
#4423 = CARTESIAN_POINT('',(0.8001,-0.95,0.));
#4424 = LINE('',#4425,#4426);
#4425 = CARTESIAN_POINT('',(0.8001,-1.45,0.));
#4426 = VECTOR('',#4427,1.);
#4427 = DIRECTION('',(0.,-1.,0.));
#4428 = ORIENTED_EDGE('',*,*,#4429,.F.);
#4429 = EDGE_CURVE('',#4406,#4422,#4430,.T.);
#4430 = LINE('',#4431,#4432);
#4431 = CARTESIAN_POINT('',(0.8001,-0.95,0.));
#4432 = VECTOR('',#4433,1.);
#4433 = DIRECTION('',(0.,0.,-1.));
#4434 = PLANE('',#4435);
#4435 = AXIS2_PLACEMENT_3D('',#4436,#4437,#4438);
#4436 = CARTESIAN_POINT('',(0.8001,-1.2,0.300025));
#4437 = DIRECTION('',(1.,5.530580914927E-30,-4.790072129807E-32));
#4438 = DIRECTION('',(-5.530580914927E-30,1.,0.));
#4439 = ADVANCED_FACE('',(#4440),#4474,.T.);
#4440 = FACE_BOUND('',#4441,.T.);
#4441 = EDGE_LOOP('',(#4442,#4452,#4460,#4468));
#4442 = ORIENTED_EDGE('',*,*,#4443,.F.);
#4443 = EDGE_CURVE('',#4444,#4446,#4448,.T.);
#4444 = VERTEX_POINT('',#4445);
#4445 = CARTESIAN_POINT('',(0.8001,-0.65,0.60005));
#4446 = VERTEX_POINT('',#4447);
#4447 = CARTESIAN_POINT('',(0.8001,-0.15,0.60005));
#4448 = LINE('',#4449,#4450);
#4449 = CARTESIAN_POINT('',(0.8001,-0.15,0.60005));
#4450 = VECTOR('',#4451,1.);
#4451 = DIRECTION('',(0.,1.,0.));
#4452 = ORIENTED_EDGE('',*,*,#4453,.F.);
#4453 = EDGE_CURVE('',#4454,#4444,#4456,.T.);
#4454 = VERTEX_POINT('',#4455);
#4455 = CARTESIAN_POINT('',(0.8001,-0.65,0.));
#4456 = LINE('',#4457,#4458);
#4457 = CARTESIAN_POINT('',(0.8001,-0.65,0.60005));
#4458 = VECTOR('',#4459,1.);
#4459 = DIRECTION('',(0.,0.,1.));
#4460 = ORIENTED_EDGE('',*,*,#4461,.F.);
#4461 = EDGE_CURVE('',#4462,#4454,#4464,.T.);
#4462 = VERTEX_POINT('',#4463);
#4463 = CARTESIAN_POINT('',(0.8001,-0.15,0.));
#4464 = LINE('',#4465,#4466);
#4465 = CARTESIAN_POINT('',(0.8001,-0.65,0.));
#4466 = VECTOR('',#4467,1.);
#4467 = DIRECTION('',(0.,-1.,0.));
#4468 = ORIENTED_EDGE('',*,*,#4469,.F.);
#4469 = EDGE_CURVE('',#4446,#4462,#4470,.T.);
#4470 = LINE('',#4471,#4472);
#4471 = CARTESIAN_POINT('',(0.8001,-0.15,0.));
#4472 = VECTOR('',#4473,1.);
#4473 = DIRECTION('',(0.,0.,-1.));
#4474 = PLANE('',#4475);
#4475 = AXIS2_PLACEMENT_3D('',#4476,#4477,#4478);
#4476 = CARTESIAN_POINT('',(0.8001,-0.4,0.300025));
#4477 = DIRECTION('',(1.,2.029412747369E-30,-4.790072129807E-32));
#4478 = DIRECTION('',(-2.029412747369E-30,1.,0.));
#4479 = ADVANCED_FACE('',(#4480),#4514,.T.);
#4480 = FACE_BOUND('',#4481,.T.);
#4481 = EDGE_LOOP('',(#4482,#4492,#4500,#4508));
#4482 = ORIENTED_EDGE('',*,*,#4483,.F.);
#4483 = EDGE_CURVE('',#4484,#4486,#4488,.T.);
#4484 = VERTEX_POINT('',#4485);
#4485 = CARTESIAN_POINT('',(0.8001,0.15,0.60005));
#4486 = VERTEX_POINT('',#4487);
#4487 = CARTESIAN_POINT('',(0.8001,0.65,0.60005));
#4488 = LINE('',#4489,#4490);
#4489 = CARTESIAN_POINT('',(0.8001,0.65,0.60005));
#4490 = VECTOR('',#4491,1.);
#4491 = DIRECTION('',(0.,1.,0.));
#4492 = ORIENTED_EDGE('',*,*,#4493,.F.);
#4493 = EDGE_CURVE('',#4494,#4484,#4496,.T.);
#4494 = VERTEX_POINT('',#4495);
#4495 = CARTESIAN_POINT('',(0.8001,0.15,0.));
#4496 = LINE('',#4497,#4498);
#4497 = CARTESIAN_POINT('',(0.8001,0.15,0.60005));
#4498 = VECTOR('',#4499,1.);
#4499 = DIRECTION('',(0.,0.,1.));
#4500 = ORIENTED_EDGE('',*,*,#4501,.F.);
#4501 = EDGE_CURVE('',#4502,#4494,#4504,.T.);
#4502 = VERTEX_POINT('',#4503);
#4503 = CARTESIAN_POINT('',(0.8001,0.65,0.));
#4504 = LINE('',#4505,#4506);
#4505 = CARTESIAN_POINT('',(0.8001,0.15,0.));
#4506 = VECTOR('',#4507,1.);
#4507 = DIRECTION('',(0.,-1.,0.));
#4508 = ORIENTED_EDGE('',*,*,#4509,.F.);
#4509 = EDGE_CURVE('',#4486,#4502,#4510,.T.);
#4510 = LINE('',#4511,#4512);
#4511 = CARTESIAN_POINT('',(0.8001,0.65,0.));
#4512 = VECTOR('',#4513,1.);
#4513 = DIRECTION('',(0.,0.,-1.));
#4514 = PLANE('',#4515);
#4515 = AXIS2_PLACEMENT_3D('',#4516,#4517,#4518);
#4516 = CARTESIAN_POINT('',(0.8001,0.4,0.300025));
#4517 = DIRECTION('',(1.,1.626979624661E-30,-4.790072129807E-32));
#4518 = DIRECTION('',(-1.626979624661E-30,1.,0.));
#4519 = ADVANCED_FACE('',(#4520),#4554,.T.);
#4520 = FACE_BOUND('',#4521,.T.);
#4521 = EDGE_LOOP('',(#4522,#4532,#4540,#4548));
#4522 = ORIENTED_EDGE('',*,*,#4523,.F.);
#4523 = EDGE_CURVE('',#4524,#4526,#4528,.T.);
#4524 = VERTEX_POINT('',#4525);
#4525 = CARTESIAN_POINT('',(0.8001,0.95,0.60005));
#4526 = VERTEX_POINT('',#4527);
#4527 = CARTESIAN_POINT('',(0.8001,1.45,0.60005));
#4528 = LINE('',#4529,#4530);
#4529 = CARTESIAN_POINT('',(0.8001,1.45,0.60005));
#4530 = VECTOR('',#4531,1.);
#4531 = DIRECTION('',(0.,1.,0.));
#4532 = ORIENTED_EDGE('',*,*,#4533,.F.);
#4533 = EDGE_CURVE('',#4534,#4524,#4536,.T.);
#4534 = VERTEX_POINT('',#4535);
#4535 = CARTESIAN_POINT('',(0.8001,0.95,0.));
#4536 = LINE('',#4537,#4538);
#4537 = CARTESIAN_POINT('',(0.8001,0.95,0.60005));
#4538 = VECTOR('',#4539,1.);
#4539 = DIRECTION('',(0.,0.,1.));
#4540 = ORIENTED_EDGE('',*,*,#4541,.F.);
#4541 = EDGE_CURVE('',#4542,#4534,#4544,.T.);
#4542 = VERTEX_POINT('',#4543);
#4543 = CARTESIAN_POINT('',(0.8001,1.45,0.));
#4544 = LINE('',#4545,#4546);
#4545 = CARTESIAN_POINT('',(0.8001,0.95,0.));
#4546 = VECTOR('',#4547,1.);
#4547 = DIRECTION('',(0.,-1.,0.));
#4548 = ORIENTED_EDGE('',*,*,#4549,.F.);
#4549 = EDGE_CURVE('',#4526,#4542,#4550,.T.);
#4550 = LINE('',#4551,#4552);
#4551 = CARTESIAN_POINT('',(0.8001,1.45,0.));
#4552 = VECTOR('',#4553,1.);
#4553 = DIRECTION('',(0.,0.,-1.));
#4554 = PLANE('',#4555);
#4555 = AXIS2_PLACEMENT_3D('',#4556,#4557,#4558);
#4556 = CARTESIAN_POINT('',(0.8001,1.2,0.300025));
#4557 = DIRECTION('',(1.,-3.299951606204E-30,-4.790072129807E-32));
#4558 = DIRECTION('',(3.299951606204E-30,1.,0.));
#4559 = ADVANCED_FACE('',(#4560),#4594,.T.);
#4560 = FACE_BOUND('',#4561,.T.);
#4561 = EDGE_LOOP('',(#4562,#4572,#4580,#4588));
#4562 = ORIENTED_EDGE('',*,*,#4563,.F.);
#4563 = EDGE_CURVE('',#4564,#4566,#4568,.T.);
#4564 = VERTEX_POINT('',#4565);
#4565 = CARTESIAN_POINT('',(0.49995,1.6,0.6));
#4566 = VERTEX_POINT('',#4567);
#4567 = CARTESIAN_POINT('',(0.49995,-1.6,0.6));
#4568 = LINE('',#4569,#4570);
#4569 = CARTESIAN_POINT('',(0.49995,0.,0.6));
#4570 = VECTOR('',#4571,1.);
#4571 = DIRECTION('',(0.,-1.,0.));
#4572 = ORIENTED_EDGE('',*,*,#4573,.T.);
#4573 = EDGE_CURVE('',#4564,#4574,#4576,.T.);
#4574 = VERTEX_POINT('',#4575);
#4575 = CARTESIAN_POINT('',(0.49995,1.6,0.60005));
#4576 = LINE('',#4577,#4578);
#4577 = CARTESIAN_POINT('',(0.49995,1.6,0.59995));
#4578 = VECTOR('',#4579,1.);
#4579 = DIRECTION('',(0.,0.,1.));
#4580 = ORIENTED_EDGE('',*,*,#4581,.T.);
#4581 = EDGE_CURVE('',#4574,#4582,#4584,.T.);
#4582 = VERTEX_POINT('',#4583);
#4583 = CARTESIAN_POINT('',(0.49995,-1.6,0.60005));
#4584 = LINE('',#4585,#4586);
#4585 = CARTESIAN_POINT('',(0.49995,-1.6,0.60005));
#4586 = VECTOR('',#4587,1.);
#4587 = DIRECTION('',(0.,-1.,0.));
#4588 = ORIENTED_EDGE('',*,*,#4589,.F.);
#4589 = EDGE_CURVE('',#4566,#4582,#4590,.T.);
#4590 = LINE('',#4591,#4592);
#4591 = CARTESIAN_POINT('',(0.49995,-1.6,0.59995));
#4592 = VECTOR('',#4593,1.);
#4593 = DIRECTION('',(0.,0.,1.));
#4594 = PLANE('',#4595);
#4595 = AXIS2_PLACEMENT_3D('',#4596,#4597,#4598);
#4596 = CARTESIAN_POINT('',(0.49995,0.,0.59995));
#4597 = DIRECTION('',(1.,0.,0.));
#4598 = DIRECTION('',(-0.,0.,1.));
#4599 = ADVANCED_FACE('',(#4600),#4634,.T.);
#4600 = FACE_BOUND('',#4601,.T.);
#4601 = EDGE_LOOP('',(#4602,#4612,#4620,#4628));
#4602 = ORIENTED_EDGE('',*,*,#4603,.F.);
#4603 = EDGE_CURVE('',#4604,#4606,#4608,.T.);
#4604 = VERTEX_POINT('',#4605);
#4605 = CARTESIAN_POINT('',(-0.49995,-1.6,0.6));
#4606 = VERTEX_POINT('',#4607);
#4607 = CARTESIAN_POINT('',(-0.49995,1.6,0.6));
#4608 = LINE('',#4609,#4610);
#4609 = CARTESIAN_POINT('',(-0.49995,0.,0.6));
#4610 = VECTOR('',#4611,1.);
#4611 = DIRECTION('',(0.,1.,0.));
#4612 = ORIENTED_EDGE('',*,*,#4613,.T.);
#4613 = EDGE_CURVE('',#4604,#4614,#4616,.T.);
#4614 = VERTEX_POINT('',#4615);
#4615 = CARTESIAN_POINT('',(-0.49995,-1.6,0.60005));
#4616 = LINE('',#4617,#4618);
#4617 = CARTESIAN_POINT('',(-0.49995,-1.6,0.59995));
#4618 = VECTOR('',#4619,1.);
#4619 = DIRECTION('',(0.,0.,1.));
#4620 = ORIENTED_EDGE('',*,*,#4621,.T.);
#4621 = EDGE_CURVE('',#4614,#4622,#4624,.T.);
#4622 = VERTEX_POINT('',#4623);
#4623 = CARTESIAN_POINT('',(-0.49995,1.6,0.60005));
#4624 = LINE('',#4625,#4626);
#4625 = CARTESIAN_POINT('',(-0.49995,1.6,0.60005));
#4626 = VECTOR('',#4627,1.);
#4627 = DIRECTION('',(0.,1.,0.));
#4628 = ORIENTED_EDGE('',*,*,#4629,.F.);
#4629 = EDGE_CURVE('',#4606,#4622,#4630,.T.);
#4630 = LINE('',#4631,#4632);
#4631 = CARTESIAN_POINT('',(-0.49995,1.6,0.59995));
#4632 = VECTOR('',#4633,1.);
#4633 = DIRECTION('',(0.,0.,1.));
#4634 = PLANE('',#4635);
#4635 = AXIS2_PLACEMENT_3D('',#4636,#4637,#4638);
#4636 = CARTESIAN_POINT('',(-0.49995,0.,0.59995));
#4637 = DIRECTION('',(-1.,0.,0.));
#4638 = DIRECTION('',(0.,0.,-1.));
#4639 = ADVANCED_FACE('',(#4640),#4656,.T.);
#4640 = FACE_BOUND('',#4641,.T.);
#4641 = EDGE_LOOP('',(#4642,#4648,#4649,#4655));
#4642 = ORIENTED_EDGE('',*,*,#4643,.F.);
#4643 = EDGE_CURVE('',#4622,#4574,#4644,.T.);
#4644 = LINE('',#4645,#4646);
#4645 = CARTESIAN_POINT('',(0.49995,1.6,0.60005));
#4646 = VECTOR('',#4647,1.);
#4647 = DIRECTION('',(1.,2.775835145077E-16,0.));
#4648 = ORIENTED_EDGE('',*,*,#4621,.F.);
#4649 = ORIENTED_EDGE('',*,*,#4650,.F.);
#4650 = EDGE_CURVE('',#4582,#4614,#4651,.T.);
#4651 = LINE('',#4652,#4653);
#4652 = CARTESIAN_POINT('',(-0.49995,-1.6,0.60005));
#4653 = VECTOR('',#4654,1.);
#4654 = DIRECTION('',(-1.,2.775835145077E-16,0.));
#4655 = ORIENTED_EDGE('',*,*,#4581,.F.);
#4656 = PLANE('',#4657);
#4657 = AXIS2_PLACEMENT_3D('',#4658,#4659,#4660);
#4658 = CARTESIAN_POINT('',(3.619628017185E-17,-1.040834085586E-16,
    0.60005));
#4659 = DIRECTION('',(2.875097295764E-33,4.491441101649E-33,1.));
#4660 = DIRECTION('',(0.,1.,-4.491441101649E-33));
#4661 = ADVANCED_FACE('',(#4662),#4948,.T.);
#4662 = FACE_BOUND('',#4663,.T.);
#4663 = EDGE_LOOP('',(#4664,#4665,#4673,#4682,#4690,#4698,#4706,#4714,
    #4722,#4730,#4738,#4747,#4755,#4763,#4771,#4779,#4787,#4795,#4803,
    #4812,#4820,#4828,#4836,#4844,#4852,#4860,#4868,#4877,#4885,#4893,
    #4901,#4909,#4917,#4925,#4933,#4942));
#4664 = ORIENTED_EDGE('',*,*,#4563,.T.);
#4665 = ORIENTED_EDGE('',*,*,#4666,.F.);
#4666 = EDGE_CURVE('',#4667,#4566,#4669,.T.);
#4667 = VERTEX_POINT('',#4668);
#4668 = CARTESIAN_POINT('',(0.65,-1.6,0.6));
#4669 = LINE('',#4670,#4671);
#4670 = CARTESIAN_POINT('',(0.,-1.6,0.6));
#4671 = VECTOR('',#4672,1.);
#4672 = DIRECTION('',(-1.,0.,0.));
#4673 = ORIENTED_EDGE('',*,*,#4674,.T.);
#4674 = EDGE_CURVE('',#4667,#4675,#4677,.T.);
#4675 = VERTEX_POINT('',#4676);
#4676 = CARTESIAN_POINT('',(0.8,-1.45,0.6));
#4677 = CIRCLE('',#4678,0.15);
#4678 = AXIS2_PLACEMENT_3D('',#4679,#4680,#4681);
#4679 = CARTESIAN_POINT('',(0.8,-1.6,0.6));
#4680 = DIRECTION('',(0.,0.,-1.));
#4681 = DIRECTION('',(-1.,0.,0.));
#4682 = ORIENTED_EDGE('',*,*,#4683,.T.);
#4683 = EDGE_CURVE('',#4675,#4684,#4686,.T.);
#4684 = VERTEX_POINT('',#4685);
#4685 = CARTESIAN_POINT('',(0.7,-1.45,0.6));
#4686 = LINE('',#4687,#4688);
#4687 = CARTESIAN_POINT('',(0.375,-1.45,0.6));
#4688 = VECTOR('',#4689,1.);
#4689 = DIRECTION('',(-1.,0.,0.));
#4690 = ORIENTED_EDGE('',*,*,#4691,.T.);
#4691 = EDGE_CURVE('',#4684,#4692,#4694,.T.);
#4692 = VERTEX_POINT('',#4693);
#4693 = CARTESIAN_POINT('',(0.7,-1.283333333333,0.6));
#4694 = LINE('',#4695,#4696);
#4695 = CARTESIAN_POINT('',(0.7,-0.683333333333,0.6));
#4696 = VECTOR('',#4697,1.);
#4697 = DIRECTION('',(0.,1.,0.));
#4698 = ORIENTED_EDGE('',*,*,#4699,.T.);
#4699 = EDGE_CURVE('',#4692,#4700,#4702,.T.);
#4700 = VERTEX_POINT('',#4701);
#4701 = CARTESIAN_POINT('',(0.5,-1.283333333333,0.6));
#4702 = LINE('',#4703,#4704);
#4703 = CARTESIAN_POINT('',(0.3,-1.283333333333,0.6));
#4704 = VECTOR('',#4705,1.);
#4705 = DIRECTION('',(-1.,0.,0.));
#4706 = ORIENTED_EDGE('',*,*,#4707,.T.);
#4707 = EDGE_CURVE('',#4700,#4708,#4710,.T.);
#4708 = VERTEX_POINT('',#4709);
#4709 = CARTESIAN_POINT('',(0.5,-1.116666666667,0.6));
#4710 = LINE('',#4711,#4712);
#4711 = CARTESIAN_POINT('',(0.5,-0.6,0.6));
#4712 = VECTOR('',#4713,1.);
#4713 = DIRECTION('',(0.,1.,0.));
#4714 = ORIENTED_EDGE('',*,*,#4715,.T.);
#4715 = EDGE_CURVE('',#4708,#4716,#4718,.T.);
#4716 = VERTEX_POINT('',#4717);
#4717 = CARTESIAN_POINT('',(0.7,-1.116666666667,0.6));
#4718 = LINE('',#4719,#4720);
#4719 = CARTESIAN_POINT('',(0.3,-1.116666666667,0.6));
#4720 = VECTOR('',#4721,1.);
#4721 = DIRECTION('',(1.,1.387778780781E-15,0.));
#4722 = ORIENTED_EDGE('',*,*,#4723,.T.);
#4723 = EDGE_CURVE('',#4716,#4724,#4726,.T.);
#4724 = VERTEX_POINT('',#4725);
#4725 = CARTESIAN_POINT('',(0.7,-0.95,0.6));
#4726 = LINE('',#4727,#4728);
#4727 = CARTESIAN_POINT('',(0.7,-0.516666666667,0.6));
#4728 = VECTOR('',#4729,1.);
#4729 = DIRECTION('',(0.,1.,0.));
#4730 = ORIENTED_EDGE('',*,*,#4731,.T.);
#4731 = EDGE_CURVE('',#4724,#4732,#4734,.T.);
#4732 = VERTEX_POINT('',#4733);
#4733 = CARTESIAN_POINT('',(0.8,-0.95,0.6));
#4734 = LINE('',#4735,#4736);
#4735 = CARTESIAN_POINT('',(0.375,-0.95,0.6));
#4736 = VECTOR('',#4737,1.);
#4737 = DIRECTION('',(1.,-2.775557561563E-15,0.));
#4738 = ORIENTED_EDGE('',*,*,#4739,.T.);
#4739 = EDGE_CURVE('',#4732,#4740,#4742,.T.);
#4740 = VERTEX_POINT('',#4741);
#4741 = CARTESIAN_POINT('',(0.8,-0.65,0.6));
#4742 = CIRCLE('',#4743,0.15);
#4743 = AXIS2_PLACEMENT_3D('',#4744,#4745,#4746);
#4744 = CARTESIAN_POINT('',(0.8,-0.8,0.6));
#4745 = DIRECTION('',(0.,0.,-1.));
#4746 = DIRECTION('',(-1.,0.,0.));
#4747 = ORIENTED_EDGE('',*,*,#4748,.T.);
#4748 = EDGE_CURVE('',#4740,#4749,#4751,.T.);
#4749 = VERTEX_POINT('',#4750);
#4750 = CARTESIAN_POINT('',(0.7,-0.65,0.6));
#4751 = LINE('',#4752,#4753);
#4752 = CARTESIAN_POINT('',(0.375,-0.65,0.6));
#4753 = VECTOR('',#4754,1.);
#4754 = DIRECTION('',(-1.,-1.387778780781E-15,0.));
#4755 = ORIENTED_EDGE('',*,*,#4756,.T.);
#4756 = EDGE_CURVE('',#4749,#4757,#4759,.T.);
#4757 = VERTEX_POINT('',#4758);
#4758 = CARTESIAN_POINT('',(0.7,-0.483333333333,0.6));
#4759 = LINE('',#4760,#4761);
#4760 = CARTESIAN_POINT('',(0.7,-0.283333333333,0.6));
#4761 = VECTOR('',#4762,1.);
#4762 = DIRECTION('',(0.,1.,0.));
#4763 = ORIENTED_EDGE('',*,*,#4764,.T.);
#4764 = EDGE_CURVE('',#4757,#4765,#4767,.T.);
#4765 = VERTEX_POINT('',#4766);
#4766 = CARTESIAN_POINT('',(0.5,-0.483333333333,0.6));
#4767 = LINE('',#4768,#4769);
#4768 = CARTESIAN_POINT('',(0.3,-0.483333333333,0.6));
#4769 = VECTOR('',#4770,1.);
#4770 = DIRECTION('',(-1.,0.,0.));
#4771 = ORIENTED_EDGE('',*,*,#4772,.T.);
#4772 = EDGE_CURVE('',#4765,#4773,#4775,.T.);
#4773 = VERTEX_POINT('',#4774);
#4774 = CARTESIAN_POINT('',(0.5,-0.316666666667,0.6));
#4775 = LINE('',#4776,#4777);
#4776 = CARTESIAN_POINT('',(0.5,-0.2,0.6));
#4777 = VECTOR('',#4778,1.);
#4778 = DIRECTION('',(0.,1.,0.));
#4779 = ORIENTED_EDGE('',*,*,#4780,.T.);
#4780 = EDGE_CURVE('',#4773,#4781,#4783,.T.);
#4781 = VERTEX_POINT('',#4782);
#4782 = CARTESIAN_POINT('',(0.7,-0.316666666667,0.6));
#4783 = LINE('',#4784,#4785);
#4784 = CARTESIAN_POINT('',(0.3,-0.316666666667,0.6));
#4785 = VECTOR('',#4786,1.);
#4786 = DIRECTION('',(1.,1.387778780781E-15,0.));
#4787 = ORIENTED_EDGE('',*,*,#4788,.T.);
#4788 = EDGE_CURVE('',#4781,#4789,#4791,.T.);
#4789 = VERTEX_POINT('',#4790);
#4790 = CARTESIAN_POINT('',(0.7,-0.15,0.6));
#4791 = LINE('',#4792,#4793);
#4792 = CARTESIAN_POINT('',(0.7,-0.116666666667,0.6));
#4793 = VECTOR('',#4794,1.);
#4794 = DIRECTION('',(0.,1.,0.));
#4795 = ORIENTED_EDGE('',*,*,#4796,.T.);
#4796 = EDGE_CURVE('',#4789,#4797,#4799,.T.);
#4797 = VERTEX_POINT('',#4798);
#4798 = CARTESIAN_POINT('',(0.8,-0.15,0.6));
#4799 = LINE('',#4800,#4801);
#4800 = CARTESIAN_POINT('',(0.375,-0.15,0.6));
#4801 = VECTOR('',#4802,1.);
#4802 = DIRECTION('',(1.,-2.775557561563E-15,0.));
#4803 = ORIENTED_EDGE('',*,*,#4804,.T.);
#4804 = EDGE_CURVE('',#4797,#4805,#4807,.T.);
#4805 = VERTEX_POINT('',#4806);
#4806 = CARTESIAN_POINT('',(0.8,0.15,0.6));
#4807 = CIRCLE('',#4808,0.15);
#4808 = AXIS2_PLACEMENT_3D('',#4809,#4810,#4811);
#4809 = CARTESIAN_POINT('',(0.8,-1.387778780781E-16,0.6));
#4810 = DIRECTION('',(0.,0.,-1.));
#4811 = DIRECTION('',(-1.,0.,0.));
#4812 = ORIENTED_EDGE('',*,*,#4813,.T.);
#4813 = EDGE_CURVE('',#4805,#4814,#4816,.T.);
#4814 = VERTEX_POINT('',#4815);
#4815 = CARTESIAN_POINT('',(0.7,0.15,0.6));
#4816 = LINE('',#4817,#4818);
#4817 = CARTESIAN_POINT('',(0.375,0.15,0.6));
#4818 = VECTOR('',#4819,1.);
#4819 = DIRECTION('',(-1.,-1.387778780781E-15,0.));
#4820 = ORIENTED_EDGE('',*,*,#4821,.T.);
#4821 = EDGE_CURVE('',#4814,#4822,#4824,.T.);
#4822 = VERTEX_POINT('',#4823);
#4823 = CARTESIAN_POINT('',(0.7,0.316666666667,0.6));
#4824 = LINE('',#4825,#4826);
#4825 = CARTESIAN_POINT('',(0.7,0.116666666667,0.6));
#4826 = VECTOR('',#4827,1.);
#4827 = DIRECTION('',(0.,1.,0.));
#4828 = ORIENTED_EDGE('',*,*,#4829,.T.);
#4829 = EDGE_CURVE('',#4822,#4830,#4832,.T.);
#4830 = VERTEX_POINT('',#4831);
#4831 = CARTESIAN_POINT('',(0.5,0.316666666667,0.6));
#4832 = LINE('',#4833,#4834);
#4833 = CARTESIAN_POINT('',(0.3,0.316666666667,0.6));
#4834 = VECTOR('',#4835,1.);
#4835 = DIRECTION('',(-1.,0.,0.));
#4836 = ORIENTED_EDGE('',*,*,#4837,.T.);
#4837 = EDGE_CURVE('',#4830,#4838,#4840,.T.);
#4838 = VERTEX_POINT('',#4839);
#4839 = CARTESIAN_POINT('',(0.5,0.483333333333,0.6));
#4840 = LINE('',#4841,#4842);
#4841 = CARTESIAN_POINT('',(0.5,0.2,0.6));
#4842 = VECTOR('',#4843,1.);
#4843 = DIRECTION('',(0.,1.,0.));
#4844 = ORIENTED_EDGE('',*,*,#4845,.T.);
#4845 = EDGE_CURVE('',#4838,#4846,#4848,.T.);
#4846 = VERTEX_POINT('',#4847);
#4847 = CARTESIAN_POINT('',(0.7,0.483333333333,0.6));
#4848 = LINE('',#4849,#4850);
#4849 = CARTESIAN_POINT('',(0.3,0.483333333333,0.6));
#4850 = VECTOR('',#4851,1.);
#4851 = DIRECTION('',(1.,1.387778780781E-15,0.));
#4852 = ORIENTED_EDGE('',*,*,#4853,.T.);
#4853 = EDGE_CURVE('',#4846,#4854,#4856,.T.);
#4854 = VERTEX_POINT('',#4855);
#4855 = CARTESIAN_POINT('',(0.7,0.65,0.6));
#4856 = LINE('',#4857,#4858);
#4857 = CARTESIAN_POINT('',(0.7,0.283333333333,0.6));
#4858 = VECTOR('',#4859,1.);
#4859 = DIRECTION('',(0.,1.,0.));
#4860 = ORIENTED_EDGE('',*,*,#4861,.T.);
#4861 = EDGE_CURVE('',#4854,#4862,#4864,.T.);
#4862 = VERTEX_POINT('',#4863);
#4863 = CARTESIAN_POINT('',(0.8,0.65,0.6));
#4864 = LINE('',#4865,#4866);
#4865 = CARTESIAN_POINT('',(0.375,0.65,0.6));
#4866 = VECTOR('',#4867,1.);
#4867 = DIRECTION('',(1.,-2.775557561563E-15,0.));
#4868 = ORIENTED_EDGE('',*,*,#4869,.T.);
#4869 = EDGE_CURVE('',#4862,#4870,#4872,.T.);
#4870 = VERTEX_POINT('',#4871);
#4871 = CARTESIAN_POINT('',(0.8,0.95,0.6));
#4872 = CIRCLE('',#4873,0.15);
#4873 = AXIS2_PLACEMENT_3D('',#4874,#4875,#4876);
#4874 = CARTESIAN_POINT('',(0.8,0.8,0.6));
#4875 = DIRECTION('',(0.,0.,-1.));
#4876 = DIRECTION('',(-1.,0.,0.));
#4877 = ORIENTED_EDGE('',*,*,#4878,.T.);
#4878 = EDGE_CURVE('',#4870,#4879,#4881,.T.);
#4879 = VERTEX_POINT('',#4880);
#4880 = CARTESIAN_POINT('',(0.7,0.95,0.6));
#4881 = LINE('',#4882,#4883);
#4882 = CARTESIAN_POINT('',(0.375,0.95,0.6));
#4883 = VECTOR('',#4884,1.);
#4884 = DIRECTION('',(-1.,-1.387778780781E-15,0.));
#4885 = ORIENTED_EDGE('',*,*,#4886,.T.);
#4886 = EDGE_CURVE('',#4879,#4887,#4889,.T.);
#4887 = VERTEX_POINT('',#4888);
#4888 = CARTESIAN_POINT('',(0.7,1.116666666667,0.6));
#4889 = LINE('',#4890,#4891);
#4890 = CARTESIAN_POINT('',(0.7,0.516666666667,0.6));
#4891 = VECTOR('',#4892,1.);
#4892 = DIRECTION('',(0.,1.,0.));
#4893 = ORIENTED_EDGE('',*,*,#4894,.T.);
#4894 = EDGE_CURVE('',#4887,#4895,#4897,.T.);
#4895 = VERTEX_POINT('',#4896);
#4896 = CARTESIAN_POINT('',(0.5,1.116666666667,0.6));
#4897 = LINE('',#4898,#4899);
#4898 = CARTESIAN_POINT('',(0.3,1.116666666667,0.6));
#4899 = VECTOR('',#4900,1.);
#4900 = DIRECTION('',(-1.,0.,0.));
#4901 = ORIENTED_EDGE('',*,*,#4902,.T.);
#4902 = EDGE_CURVE('',#4895,#4903,#4905,.T.);
#4903 = VERTEX_POINT('',#4904);
#4904 = CARTESIAN_POINT('',(0.5,1.283333333333,0.6));
#4905 = LINE('',#4906,#4907);
#4906 = CARTESIAN_POINT('',(0.5,0.6,0.6));
#4907 = VECTOR('',#4908,1.);
#4908 = DIRECTION('',(0.,1.,0.));
#4909 = ORIENTED_EDGE('',*,*,#4910,.T.);
#4910 = EDGE_CURVE('',#4903,#4911,#4913,.T.);
#4911 = VERTEX_POINT('',#4912);
#4912 = CARTESIAN_POINT('',(0.7,1.283333333333,0.6));
#4913 = LINE('',#4914,#4915);
#4914 = CARTESIAN_POINT('',(0.3,1.283333333333,0.6));
#4915 = VECTOR('',#4916,1.);
#4916 = DIRECTION('',(1.,1.387778780781E-15,0.));
#4917 = ORIENTED_EDGE('',*,*,#4918,.T.);
#4918 = EDGE_CURVE('',#4911,#4919,#4921,.T.);
#4919 = VERTEX_POINT('',#4920);
#4920 = CARTESIAN_POINT('',(0.7,1.45,0.6));
#4921 = LINE('',#4922,#4923);
#4922 = CARTESIAN_POINT('',(0.7,0.683333333333,0.6));
#4923 = VECTOR('',#4924,1.);
#4924 = DIRECTION('',(0.,1.,0.));
#4925 = ORIENTED_EDGE('',*,*,#4926,.T.);
#4926 = EDGE_CURVE('',#4919,#4927,#4929,.T.);
#4927 = VERTEX_POINT('',#4928);
#4928 = CARTESIAN_POINT('',(0.8,1.45,0.6));
#4929 = LINE('',#4930,#4931);
#4930 = CARTESIAN_POINT('',(0.375,1.45,0.6));
#4931 = VECTOR('',#4932,1.);
#4932 = DIRECTION('',(1.,-2.775557561563E-15,0.));
#4933 = ORIENTED_EDGE('',*,*,#4934,.T.);
#4934 = EDGE_CURVE('',#4927,#4935,#4937,.T.);
#4935 = VERTEX_POINT('',#4936);
#4936 = CARTESIAN_POINT('',(0.65,1.6,0.6));
#4937 = CIRCLE('',#4938,0.15);
#4938 = AXIS2_PLACEMENT_3D('',#4939,#4940,#4941);
#4939 = CARTESIAN_POINT('',(0.8,1.6,0.6));
#4940 = DIRECTION('',(0.,0.,-1.));
#4941 = DIRECTION('',(-1.,0.,0.));
#4942 = ORIENTED_EDGE('',*,*,#4943,.F.);
#4943 = EDGE_CURVE('',#4564,#4935,#4944,.T.);
#4944 = LINE('',#4945,#4946);
#4945 = CARTESIAN_POINT('',(0.,1.6,0.6));
#4946 = VECTOR('',#4947,1.);
#4947 = DIRECTION('',(1.,0.,0.));
#4948 = PLANE('',#4949);
#4949 = AXIS2_PLACEMENT_3D('',#4950,#4951,#4952);
#4950 = CARTESIAN_POINT('',(0.,0.,0.6));
#4951 = DIRECTION('',(0.,0.,1.));
#4952 = DIRECTION('',(1.,0.,-0.));
#4953 = ADVANCED_FACE('',(#4954),#5240,.T.);
#4954 = FACE_BOUND('',#4955,.T.);
#4955 = EDGE_LOOP('',(#4956,#4957,#4965,#4974,#4982,#4990,#4998,#5006,
    #5014,#5022,#5030,#5039,#5047,#5055,#5063,#5071,#5079,#5087,#5095,
    #5104,#5112,#5120,#5128,#5136,#5144,#5152,#5160,#5169,#5177,#5185,
    #5193,#5201,#5209,#5217,#5225,#5234));
#4956 = ORIENTED_EDGE('',*,*,#4603,.T.);
#4957 = ORIENTED_EDGE('',*,*,#4958,.F.);
#4958 = EDGE_CURVE('',#4959,#4606,#4961,.T.);
#4959 = VERTEX_POINT('',#4960);
#4960 = CARTESIAN_POINT('',(-0.65,1.6,0.6));
#4961 = LINE('',#4962,#4963);
#4962 = CARTESIAN_POINT('',(0.,1.6,0.6));
#4963 = VECTOR('',#4964,1.);
#4964 = DIRECTION('',(1.,0.,0.));
#4965 = ORIENTED_EDGE('',*,*,#4966,.T.);
#4966 = EDGE_CURVE('',#4959,#4967,#4969,.T.);
#4967 = VERTEX_POINT('',#4968);
#4968 = CARTESIAN_POINT('',(-0.8,1.45,0.6));
#4969 = CIRCLE('',#4970,0.15);
#4970 = AXIS2_PLACEMENT_3D('',#4971,#4972,#4973);
#4971 = CARTESIAN_POINT('',(-0.8,1.6,0.6));
#4972 = DIRECTION('',(0.,0.,-1.));
#4973 = DIRECTION('',(1.,0.,0.));
#4974 = ORIENTED_EDGE('',*,*,#4975,.T.);
#4975 = EDGE_CURVE('',#4967,#4976,#4978,.T.);
#4976 = VERTEX_POINT('',#4977);
#4977 = CARTESIAN_POINT('',(-0.7,1.45,0.6));
#4978 = LINE('',#4979,#4980);
#4979 = CARTESIAN_POINT('',(-0.375,1.45,0.6));
#4980 = VECTOR('',#4981,1.);
#4981 = DIRECTION('',(1.,2.775557561563E-15,0.));
#4982 = ORIENTED_EDGE('',*,*,#4983,.T.);
#4983 = EDGE_CURVE('',#4976,#4984,#4986,.T.);
#4984 = VERTEX_POINT('',#4985);
#4985 = CARTESIAN_POINT('',(-0.7,1.283333333333,0.6));
#4986 = LINE('',#4987,#4988);
#4987 = CARTESIAN_POINT('',(-0.7,0.683333333333,0.6));
#4988 = VECTOR('',#4989,1.);
#4989 = DIRECTION('',(0.,-1.,0.));
#4990 = ORIENTED_EDGE('',*,*,#4991,.T.);
#4991 = EDGE_CURVE('',#4984,#4992,#4994,.T.);
#4992 = VERTEX_POINT('',#4993);
#4993 = CARTESIAN_POINT('',(-0.5,1.283333333333,0.6));
#4994 = LINE('',#4995,#4996);
#4995 = CARTESIAN_POINT('',(-0.3,1.283333333333,0.6));
#4996 = VECTOR('',#4997,1.);
#4997 = DIRECTION('',(1.,-1.387778780781E-15,0.));
#4998 = ORIENTED_EDGE('',*,*,#4999,.T.);
#4999 = EDGE_CURVE('',#4992,#5000,#5002,.T.);
#5000 = VERTEX_POINT('',#5001);
#5001 = CARTESIAN_POINT('',(-0.5,1.116666666667,0.6));
#5002 = LINE('',#5003,#5004);
#5003 = CARTESIAN_POINT('',(-0.5,0.6,0.6));
#5004 = VECTOR('',#5005,1.);
#5005 = DIRECTION('',(0.,-1.,0.));
#5006 = ORIENTED_EDGE('',*,*,#5007,.T.);
#5007 = EDGE_CURVE('',#5000,#5008,#5010,.T.);
#5008 = VERTEX_POINT('',#5009);
#5009 = CARTESIAN_POINT('',(-0.7,1.116666666667,0.6));
#5010 = LINE('',#5011,#5012);
#5011 = CARTESIAN_POINT('',(-0.3,1.116666666667,0.6));
#5012 = VECTOR('',#5013,1.);
#5013 = DIRECTION('',(-1.,0.,0.));
#5014 = ORIENTED_EDGE('',*,*,#5015,.T.);
#5015 = EDGE_CURVE('',#5008,#5016,#5018,.T.);
#5016 = VERTEX_POINT('',#5017);
#5017 = CARTESIAN_POINT('',(-0.7,0.95,0.6));
#5018 = LINE('',#5019,#5020);
#5019 = CARTESIAN_POINT('',(-0.7,0.516666666667,0.6));
#5020 = VECTOR('',#5021,1.);
#5021 = DIRECTION('',(0.,-1.,0.));
#5022 = ORIENTED_EDGE('',*,*,#5023,.T.);
#5023 = EDGE_CURVE('',#5016,#5024,#5026,.T.);
#5024 = VERTEX_POINT('',#5025);
#5025 = CARTESIAN_POINT('',(-0.8,0.95,0.6));
#5026 = LINE('',#5027,#5028);
#5027 = CARTESIAN_POINT('',(-0.375,0.95,0.6));
#5028 = VECTOR('',#5029,1.);
#5029 = DIRECTION('',(-1.,1.387778780781E-15,0.));
#5030 = ORIENTED_EDGE('',*,*,#5031,.T.);
#5031 = EDGE_CURVE('',#5024,#5032,#5034,.T.);
#5032 = VERTEX_POINT('',#5033);
#5033 = CARTESIAN_POINT('',(-0.8,0.65,0.6));
#5034 = CIRCLE('',#5035,0.15);
#5035 = AXIS2_PLACEMENT_3D('',#5036,#5037,#5038);
#5036 = CARTESIAN_POINT('',(-0.8,0.8,0.6));
#5037 = DIRECTION('',(0.,0.,-1.));
#5038 = DIRECTION('',(1.,0.,0.));
#5039 = ORIENTED_EDGE('',*,*,#5040,.T.);
#5040 = EDGE_CURVE('',#5032,#5041,#5043,.T.);
#5041 = VERTEX_POINT('',#5042);
#5042 = CARTESIAN_POINT('',(-0.7,0.65,0.6));
#5043 = LINE('',#5044,#5045);
#5044 = CARTESIAN_POINT('',(-0.375,0.65,0.6));
#5045 = VECTOR('',#5046,1.);
#5046 = DIRECTION('',(1.,2.775557561563E-15,0.));
#5047 = ORIENTED_EDGE('',*,*,#5048,.T.);
#5048 = EDGE_CURVE('',#5041,#5049,#5051,.T.);
#5049 = VERTEX_POINT('',#5050);
#5050 = CARTESIAN_POINT('',(-0.7,0.483333333333,0.6));
#5051 = LINE('',#5052,#5053);
#5052 = CARTESIAN_POINT('',(-0.7,0.283333333333,0.6));
#5053 = VECTOR('',#5054,1.);
#5054 = DIRECTION('',(0.,-1.,0.));
#5055 = ORIENTED_EDGE('',*,*,#5056,.T.);
#5056 = EDGE_CURVE('',#5049,#5057,#5059,.T.);
#5057 = VERTEX_POINT('',#5058);
#5058 = CARTESIAN_POINT('',(-0.5,0.483333333333,0.6));
#5059 = LINE('',#5060,#5061);
#5060 = CARTESIAN_POINT('',(-0.3,0.483333333333,0.6));
#5061 = VECTOR('',#5062,1.);
#5062 = DIRECTION('',(1.,-1.387778780781E-15,0.));
#5063 = ORIENTED_EDGE('',*,*,#5064,.T.);
#5064 = EDGE_CURVE('',#5057,#5065,#5067,.T.);
#5065 = VERTEX_POINT('',#5066);
#5066 = CARTESIAN_POINT('',(-0.5,0.316666666667,0.6));
#5067 = LINE('',#5068,#5069);
#5068 = CARTESIAN_POINT('',(-0.5,0.2,0.6));
#5069 = VECTOR('',#5070,1.);
#5070 = DIRECTION('',(0.,-1.,0.));
#5071 = ORIENTED_EDGE('',*,*,#5072,.T.);
#5072 = EDGE_CURVE('',#5065,#5073,#5075,.T.);
#5073 = VERTEX_POINT('',#5074);
#5074 = CARTESIAN_POINT('',(-0.7,0.316666666667,0.6));
#5075 = LINE('',#5076,#5077);
#5076 = CARTESIAN_POINT('',(-0.3,0.316666666667,0.6));
#5077 = VECTOR('',#5078,1.);
#5078 = DIRECTION('',(-1.,0.,0.));
#5079 = ORIENTED_EDGE('',*,*,#5080,.T.);
#5080 = EDGE_CURVE('',#5073,#5081,#5083,.T.);
#5081 = VERTEX_POINT('',#5082);
#5082 = CARTESIAN_POINT('',(-0.7,0.15,0.6));
#5083 = LINE('',#5084,#5085);
#5084 = CARTESIAN_POINT('',(-0.7,0.116666666667,0.6));
#5085 = VECTOR('',#5086,1.);
#5086 = DIRECTION('',(0.,-1.,0.));
#5087 = ORIENTED_EDGE('',*,*,#5088,.T.);
#5088 = EDGE_CURVE('',#5081,#5089,#5091,.T.);
#5089 = VERTEX_POINT('',#5090);
#5090 = CARTESIAN_POINT('',(-0.8,0.15,0.6));
#5091 = LINE('',#5092,#5093);
#5092 = CARTESIAN_POINT('',(-0.375,0.15,0.6));
#5093 = VECTOR('',#5094,1.);
#5094 = DIRECTION('',(-1.,1.387778780781E-15,0.));
#5095 = ORIENTED_EDGE('',*,*,#5096,.T.);
#5096 = EDGE_CURVE('',#5089,#5097,#5099,.T.);
#5097 = VERTEX_POINT('',#5098);
#5098 = CARTESIAN_POINT('',(-0.8,-0.15,0.6));
#5099 = CIRCLE('',#5100,0.15);
#5100 = AXIS2_PLACEMENT_3D('',#5101,#5102,#5103);
#5101 = CARTESIAN_POINT('',(-0.8,-1.387778780781E-16,0.6));
#5102 = DIRECTION('',(0.,0.,-1.));
#5103 = DIRECTION('',(1.,0.,0.));
#5104 = ORIENTED_EDGE('',*,*,#5105,.T.);
#5105 = EDGE_CURVE('',#5097,#5106,#5108,.T.);
#5106 = VERTEX_POINT('',#5107);
#5107 = CARTESIAN_POINT('',(-0.7,-0.15,0.6));
#5108 = LINE('',#5109,#5110);
#5109 = CARTESIAN_POINT('',(-0.375,-0.15,0.6));
#5110 = VECTOR('',#5111,1.);
#5111 = DIRECTION('',(1.,2.775557561563E-15,0.));
#5112 = ORIENTED_EDGE('',*,*,#5113,.T.);
#5113 = EDGE_CURVE('',#5106,#5114,#5116,.T.);
#5114 = VERTEX_POINT('',#5115);
#5115 = CARTESIAN_POINT('',(-0.7,-0.316666666667,0.6));
#5116 = LINE('',#5117,#5118);
#5117 = CARTESIAN_POINT('',(-0.7,-0.116666666667,0.6));
#5118 = VECTOR('',#5119,1.);
#5119 = DIRECTION('',(0.,-1.,0.));
#5120 = ORIENTED_EDGE('',*,*,#5121,.T.);
#5121 = EDGE_CURVE('',#5114,#5122,#5124,.T.);
#5122 = VERTEX_POINT('',#5123);
#5123 = CARTESIAN_POINT('',(-0.5,-0.316666666667,0.6));
#5124 = LINE('',#5125,#5126);
#5125 = CARTESIAN_POINT('',(-0.3,-0.316666666667,0.6));
#5126 = VECTOR('',#5127,1.);
#5127 = DIRECTION('',(1.,-1.387778780781E-15,0.));
#5128 = ORIENTED_EDGE('',*,*,#5129,.T.);
#5129 = EDGE_CURVE('',#5122,#5130,#5132,.T.);
#5130 = VERTEX_POINT('',#5131);
#5131 = CARTESIAN_POINT('',(-0.5,-0.483333333333,0.6));
#5132 = LINE('',#5133,#5134);
#5133 = CARTESIAN_POINT('',(-0.5,-0.2,0.6));
#5134 = VECTOR('',#5135,1.);
#5135 = DIRECTION('',(0.,-1.,0.));
#5136 = ORIENTED_EDGE('',*,*,#5137,.T.);
#5137 = EDGE_CURVE('',#5130,#5138,#5140,.T.);
#5138 = VERTEX_POINT('',#5139);
#5139 = CARTESIAN_POINT('',(-0.7,-0.483333333333,0.6));
#5140 = LINE('',#5141,#5142);
#5141 = CARTESIAN_POINT('',(-0.3,-0.483333333333,0.6));
#5142 = VECTOR('',#5143,1.);
#5143 = DIRECTION('',(-1.,0.,0.));
#5144 = ORIENTED_EDGE('',*,*,#5145,.T.);
#5145 = EDGE_CURVE('',#5138,#5146,#5148,.T.);
#5146 = VERTEX_POINT('',#5147);
#5147 = CARTESIAN_POINT('',(-0.7,-0.65,0.6));
#5148 = LINE('',#5149,#5150);
#5149 = CARTESIAN_POINT('',(-0.7,-0.283333333333,0.6));
#5150 = VECTOR('',#5151,1.);
#5151 = DIRECTION('',(0.,-1.,0.));
#5152 = ORIENTED_EDGE('',*,*,#5153,.T.);
#5153 = EDGE_CURVE('',#5146,#5154,#5156,.T.);
#5154 = VERTEX_POINT('',#5155);
#5155 = CARTESIAN_POINT('',(-0.8,-0.65,0.6));
#5156 = LINE('',#5157,#5158);
#5157 = CARTESIAN_POINT('',(-0.375,-0.65,0.6));
#5158 = VECTOR('',#5159,1.);
#5159 = DIRECTION('',(-1.,1.387778780781E-15,0.));
#5160 = ORIENTED_EDGE('',*,*,#5161,.T.);
#5161 = EDGE_CURVE('',#5154,#5162,#5164,.T.);
#5162 = VERTEX_POINT('',#5163);
#5163 = CARTESIAN_POINT('',(-0.8,-0.95,0.6));
#5164 = CIRCLE('',#5165,0.15);
#5165 = AXIS2_PLACEMENT_3D('',#5166,#5167,#5168);
#5166 = CARTESIAN_POINT('',(-0.8,-0.8,0.6));
#5167 = DIRECTION('',(0.,0.,-1.));
#5168 = DIRECTION('',(1.,0.,0.));
#5169 = ORIENTED_EDGE('',*,*,#5170,.T.);
#5170 = EDGE_CURVE('',#5162,#5171,#5173,.T.);
#5171 = VERTEX_POINT('',#5172);
#5172 = CARTESIAN_POINT('',(-0.7,-0.95,0.6));
#5173 = LINE('',#5174,#5175);
#5174 = CARTESIAN_POINT('',(-0.375,-0.95,0.6));
#5175 = VECTOR('',#5176,1.);
#5176 = DIRECTION('',(1.,2.775557561563E-15,0.));
#5177 = ORIENTED_EDGE('',*,*,#5178,.T.);
#5178 = EDGE_CURVE('',#5171,#5179,#5181,.T.);
#5179 = VERTEX_POINT('',#5180);
#5180 = CARTESIAN_POINT('',(-0.7,-1.116666666667,0.6));
#5181 = LINE('',#5182,#5183);
#5182 = CARTESIAN_POINT('',(-0.7,-0.516666666667,0.6));
#5183 = VECTOR('',#5184,1.);
#5184 = DIRECTION('',(0.,-1.,0.));
#5185 = ORIENTED_EDGE('',*,*,#5186,.T.);
#5186 = EDGE_CURVE('',#5179,#5187,#5189,.T.);
#5187 = VERTEX_POINT('',#5188);
#5188 = CARTESIAN_POINT('',(-0.5,-1.116666666667,0.6));
#5189 = LINE('',#5190,#5191);
#5190 = CARTESIAN_POINT('',(-0.3,-1.116666666667,0.6));
#5191 = VECTOR('',#5192,1.);
#5192 = DIRECTION('',(1.,-1.387778780781E-15,0.));
#5193 = ORIENTED_EDGE('',*,*,#5194,.T.);
#5194 = EDGE_CURVE('',#5187,#5195,#5197,.T.);
#5195 = VERTEX_POINT('',#5196);
#5196 = CARTESIAN_POINT('',(-0.5,-1.283333333333,0.6));
#5197 = LINE('',#5198,#5199);
#5198 = CARTESIAN_POINT('',(-0.5,-0.6,0.6));
#5199 = VECTOR('',#5200,1.);
#5200 = DIRECTION('',(0.,-1.,0.));
#5201 = ORIENTED_EDGE('',*,*,#5202,.T.);
#5202 = EDGE_CURVE('',#5195,#5203,#5205,.T.);
#5203 = VERTEX_POINT('',#5204);
#5204 = CARTESIAN_POINT('',(-0.7,-1.283333333333,0.6));
#5205 = LINE('',#5206,#5207);
#5206 = CARTESIAN_POINT('',(-0.3,-1.283333333333,0.6));
#5207 = VECTOR('',#5208,1.);
#5208 = DIRECTION('',(-1.,0.,0.));
#5209 = ORIENTED_EDGE('',*,*,#5210,.T.);
#5210 = EDGE_CURVE('',#5203,#5211,#5213,.T.);
#5211 = VERTEX_POINT('',#5212);
#5212 = CARTESIAN_POINT('',(-0.7,-1.45,0.6));
#5213 = LINE('',#5214,#5215);
#5214 = CARTESIAN_POINT('',(-0.7,-0.683333333333,0.6));
#5215 = VECTOR('',#5216,1.);
#5216 = DIRECTION('',(0.,-1.,0.));
#5217 = ORIENTED_EDGE('',*,*,#5218,.T.);
#5218 = EDGE_CURVE('',#5211,#5219,#5221,.T.);
#5219 = VERTEX_POINT('',#5220);
#5220 = CARTESIAN_POINT('',(-0.8,-1.45,0.6));
#5221 = LINE('',#5222,#5223);
#5222 = CARTESIAN_POINT('',(-0.375,-1.45,0.6));
#5223 = VECTOR('',#5224,1.);
#5224 = DIRECTION('',(-1.,0.,0.));
#5225 = ORIENTED_EDGE('',*,*,#5226,.T.);
#5226 = EDGE_CURVE('',#5219,#5227,#5229,.T.);
#5227 = VERTEX_POINT('',#5228);
#5228 = CARTESIAN_POINT('',(-0.65,-1.6,0.6));
#5229 = CIRCLE('',#5230,0.15);
#5230 = AXIS2_PLACEMENT_3D('',#5231,#5232,#5233);
#5231 = CARTESIAN_POINT('',(-0.8,-1.6,0.6));
#5232 = DIRECTION('',(0.,0.,-1.));
#5233 = DIRECTION('',(1.,0.,0.));
#5234 = ORIENTED_EDGE('',*,*,#5235,.F.);
#5235 = EDGE_CURVE('',#4604,#5227,#5236,.T.);
#5236 = LINE('',#5237,#5238);
#5237 = CARTESIAN_POINT('',(0.,-1.6,0.6));
#5238 = VECTOR('',#5239,1.);
#5239 = DIRECTION('',(-1.,0.,0.));
#5240 = PLANE('',#5241);
#5241 = AXIS2_PLACEMENT_3D('',#5242,#5243,#5244);
#5242 = CARTESIAN_POINT('',(0.,0.,0.6));
#5243 = DIRECTION('',(0.,0.,1.));
#5244 = DIRECTION('',(1.,0.,-0.));
#5245 = ADVANCED_FACE('',(#5246),#5294,.T.);
#5246 = FACE_BOUND('',#5247,.T.);
#5247 = EDGE_LOOP('',(#5248,#5258,#5266,#5272,#5273,#5281,#5287,#5288));
#5248 = ORIENTED_EDGE('',*,*,#5249,.F.);
#5249 = EDGE_CURVE('',#5250,#5252,#5254,.T.);
#5250 = VERTEX_POINT('',#5251);
#5251 = CARTESIAN_POINT('',(0.5,-1.45,1.E-04));
#5252 = VERTEX_POINT('',#5253);
#5253 = CARTESIAN_POINT('',(0.8,-1.45,1.E-04));
#5254 = LINE('',#5255,#5256);
#5255 = CARTESIAN_POINT('',(0.325,-1.45,1.E-04));
#5256 = VECTOR('',#5257,1.);
#5257 = DIRECTION('',(1.,0.,2.193086475415E-36));
#5258 = ORIENTED_EDGE('',*,*,#5259,.F.);
#5259 = EDGE_CURVE('',#5260,#5250,#5262,.T.);
#5260 = VERTEX_POINT('',#5261);
#5261 = CARTESIAN_POINT('',(0.5,-1.45,0.));
#5262 = LINE('',#5263,#5264);
#5263 = CARTESIAN_POINT('',(0.5,-1.45,0.));
#5264 = VECTOR('',#5265,1.);
#5265 = DIRECTION('',(0.,0.,1.));
#5266 = ORIENTED_EDGE('',*,*,#5267,.T.);
#5267 = EDGE_CURVE('',#5260,#4414,#5268,.T.);
#5268 = LINE('',#5269,#5270);
#5269 = CARTESIAN_POINT('',(0.5,-1.45,0.));
#5270 = VECTOR('',#5271,1.);
#5271 = DIRECTION('',(1.,0.,0.));
#5272 = ORIENTED_EDGE('',*,*,#4413,.T.);
#5273 = ORIENTED_EDGE('',*,*,#5274,.F.);
#5274 = EDGE_CURVE('',#5275,#4404,#5277,.T.);
#5275 = VERTEX_POINT('',#5276);
#5276 = CARTESIAN_POINT('',(0.7,-1.45,0.60005));
#5277 = LINE('',#5278,#5279);
#5278 = CARTESIAN_POINT('',(0.8,-1.45,0.60005));
#5279 = VECTOR('',#5280,1.);
#5280 = DIRECTION('',(1.,0.,0.));
#5281 = ORIENTED_EDGE('',*,*,#5282,.F.);
#5282 = EDGE_CURVE('',#4684,#5275,#5283,.T.);
#5283 = LINE('',#5284,#5285);
#5284 = CARTESIAN_POINT('',(0.7,-1.45,0.59995));
#5285 = VECTOR('',#5286,1.);
#5286 = DIRECTION('',(0.,0.,1.));
#5287 = ORIENTED_EDGE('',*,*,#4683,.F.);
#5288 = ORIENTED_EDGE('',*,*,#5289,.T.);
#5289 = EDGE_CURVE('',#4675,#5252,#5290,.T.);
#5290 = LINE('',#5291,#5292);
#5291 = CARTESIAN_POINT('',(0.8,-1.45,0.6));
#5292 = VECTOR('',#5293,1.);
#5293 = DIRECTION('',(0.,0.,-1.));
#5294 = PLANE('',#5295);
#5295 = AXIS2_PLACEMENT_3D('',#5296,#5297,#5298);
#5296 = CARTESIAN_POINT('',(0.65,-1.45,0.));
#5297 = DIRECTION('',(0.,-1.,0.));
#5298 = DIRECTION('',(0.,-0.,-1.));
#5299 = ADVANCED_FACE('',(#5300),#5325,.T.);
#5300 = FACE_BOUND('',#5301,.T.);
#5301 = EDGE_LOOP('',(#5302,#5310,#5318,#5324));
#5302 = ORIENTED_EDGE('',*,*,#5303,.F.);
#5303 = EDGE_CURVE('',#5304,#5250,#5306,.T.);
#5304 = VERTEX_POINT('',#5305);
#5305 = CARTESIAN_POINT('',(0.5,-0.95,1.E-04));
#5306 = LINE('',#5307,#5308);
#5307 = CARTESIAN_POINT('',(0.5,-0.6,1.E-04));
#5308 = VECTOR('',#5309,1.);
#5309 = DIRECTION('',(-1.387778780781E-16,-1.,1.644814856561E-36));
#5310 = ORIENTED_EDGE('',*,*,#5311,.F.);
#5311 = EDGE_CURVE('',#5312,#5304,#5314,.T.);
#5312 = VERTEX_POINT('',#5313);
#5313 = CARTESIAN_POINT('',(0.5,-0.95,0.));
#5314 = LINE('',#5315,#5316);
#5315 = CARTESIAN_POINT('',(0.5,-0.95,0.));
#5316 = VECTOR('',#5317,1.);
#5317 = DIRECTION('',(0.,0.,1.));
#5318 = ORIENTED_EDGE('',*,*,#5319,.T.);
#5319 = EDGE_CURVE('',#5312,#5260,#5320,.T.);
#5320 = LINE('',#5321,#5322);
#5321 = CARTESIAN_POINT('',(0.5,-0.95,0.));
#5322 = VECTOR('',#5323,1.);
#5323 = DIRECTION('',(-1.387778780781E-16,-1.,0.));
#5324 = ORIENTED_EDGE('',*,*,#5259,.T.);
#5325 = PLANE('',#5326);
#5326 = AXIS2_PLACEMENT_3D('',#5327,#5328,#5329);
#5327 = CARTESIAN_POINT('',(0.5,-1.2,0.));
#5328 = DIRECTION('',(-1.,1.387778780781E-16,0.));
#5329 = DIRECTION('',(-1.387778780781E-16,-1.,0.));
#5330 = ADVANCED_FACE('',(#5331),#5370,.T.);
#5331 = FACE_BOUND('',#5332,.T.);
#5332 = EDGE_LOOP('',(#5333,#5341,#5347,#5348,#5356,#5362,#5363,#5369));
#5333 = ORIENTED_EDGE('',*,*,#5334,.F.);
#5334 = EDGE_CURVE('',#5335,#5304,#5337,.T.);
#5335 = VERTEX_POINT('',#5336);
#5336 = CARTESIAN_POINT('',(0.8,-0.95,1.E-04));
#5337 = LINE('',#5338,#5339);
#5338 = CARTESIAN_POINT('',(0.325,-0.95,1.E-04));
#5339 = VECTOR('',#5340,1.);
#5340 = DIRECTION('',(-1.,0.,-2.193086475415E-36));
#5341 = ORIENTED_EDGE('',*,*,#5342,.T.);
#5342 = EDGE_CURVE('',#5335,#4732,#5343,.T.);
#5343 = LINE('',#5344,#5345);
#5344 = CARTESIAN_POINT('',(0.8,-0.95,0.6));
#5345 = VECTOR('',#5346,1.);
#5346 = DIRECTION('',(0.,0.,1.));
#5347 = ORIENTED_EDGE('',*,*,#4731,.F.);
#5348 = ORIENTED_EDGE('',*,*,#5349,.T.);
#5349 = EDGE_CURVE('',#4724,#5350,#5352,.T.);
#5350 = VERTEX_POINT('',#5351);
#5351 = CARTESIAN_POINT('',(0.7,-0.95,0.60005));
#5352 = LINE('',#5353,#5354);
#5353 = CARTESIAN_POINT('',(0.7,-0.95,0.59995));
#5354 = VECTOR('',#5355,1.);
#5355 = DIRECTION('',(0.,0.,1.));
#5356 = ORIENTED_EDGE('',*,*,#5357,.T.);
#5357 = EDGE_CURVE('',#5350,#4406,#5358,.T.);
#5358 = LINE('',#5359,#5360);
#5359 = CARTESIAN_POINT('',(0.7,-0.95,0.60005));
#5360 = VECTOR('',#5361,1.);
#5361 = DIRECTION('',(1.,-2.775557561563E-15,0.));
#5362 = ORIENTED_EDGE('',*,*,#4429,.T.);
#5363 = ORIENTED_EDGE('',*,*,#5364,.T.);
#5364 = EDGE_CURVE('',#4422,#5312,#5365,.T.);
#5365 = LINE('',#5366,#5367);
#5366 = CARTESIAN_POINT('',(0.8,-0.95,0.));
#5367 = VECTOR('',#5368,1.);
#5368 = DIRECTION('',(-1.,0.,0.));
#5369 = ORIENTED_EDGE('',*,*,#5311,.T.);
#5370 = PLANE('',#5371);
#5371 = AXIS2_PLACEMENT_3D('',#5372,#5373,#5374);
#5372 = CARTESIAN_POINT('',(0.65,-0.95,0.));
#5373 = DIRECTION('',(0.,1.,0.));
#5374 = DIRECTION('',(0.,-0.,1.));
#5375 = ADVANCED_FACE('',(#5376),#5382,.F.);
#5376 = FACE_BOUND('',#5377,.T.);
#5377 = EDGE_LOOP('',(#5378,#5379,#5380,#5381));
#5378 = ORIENTED_EDGE('',*,*,#5364,.F.);
#5379 = ORIENTED_EDGE('',*,*,#4421,.T.);
#5380 = ORIENTED_EDGE('',*,*,#5267,.F.);
#5381 = ORIENTED_EDGE('',*,*,#5319,.F.);
#5382 = PLANE('',#5383);
#5383 = AXIS2_PLACEMENT_3D('',#5384,#5385,#5386);
#5384 = CARTESIAN_POINT('',(0.65,-1.2,0.));
#5385 = DIRECTION('',(0.,0.,1.));
#5386 = DIRECTION('',(1.,0.,-0.));
#5387 = ADVANCED_FACE('',(#5388),#5665,.F.);
#5388 = FACE_BOUND('',#5389,.T.);
#5389 = EDGE_LOOP('',(#5390,#5391,#5392,#5393,#5402,#5410,#5419,#5427,
    #5435,#5443,#5452,#5460,#5468,#5476,#5485,#5493,#5501,#5509,#5518,
    #5526,#5534,#5542,#5551,#5559,#5568,#5576,#5584,#5592,#5601,#5609,
    #5617,#5625,#5634,#5642,#5650,#5658));
#5390 = ORIENTED_EDGE('',*,*,#5334,.T.);
#5391 = ORIENTED_EDGE('',*,*,#5303,.T.);
#5392 = ORIENTED_EDGE('',*,*,#5249,.T.);
#5393 = ORIENTED_EDGE('',*,*,#5394,.T.);
#5394 = EDGE_CURVE('',#5252,#5395,#5397,.T.);
#5395 = VERTEX_POINT('',#5396);
#5396 = CARTESIAN_POINT('',(0.65,-1.6,1.E-04));
#5397 = CIRCLE('',#5398,0.15);
#5398 = AXIS2_PLACEMENT_3D('',#5399,#5400,#5401);
#5399 = CARTESIAN_POINT('',(0.8,-1.6,1.E-04));
#5400 = DIRECTION('',(-2.193086475415E-36,1.644814856561E-36,1.));
#5401 = DIRECTION('',(-1.,-3.607221216485E-72,-2.193086475415E-36));
#5402 = ORIENTED_EDGE('',*,*,#5403,.F.);
#5403 = EDGE_CURVE('',#5404,#5395,#5406,.T.);
#5404 = VERTEX_POINT('',#5405);
#5405 = CARTESIAN_POINT('',(-0.65,-1.6,1.E-04));
#5406 = LINE('',#5407,#5408);
#5407 = CARTESIAN_POINT('',(-0.8,-1.6,1.E-04));
#5408 = VECTOR('',#5409,1.);
#5409 = DIRECTION('',(1.,0.,0.));
#5410 = ORIENTED_EDGE('',*,*,#5411,.T.);
#5411 = EDGE_CURVE('',#5404,#5412,#5414,.T.);
#5412 = VERTEX_POINT('',#5413);
#5413 = CARTESIAN_POINT('',(-0.8,-1.45,1.E-04));
#5414 = CIRCLE('',#5415,0.15);
#5415 = AXIS2_PLACEMENT_3D('',#5416,#5417,#5418);
#5416 = CARTESIAN_POINT('',(-0.8,-1.6,1.E-04));
#5417 = DIRECTION('',(-2.193086475415E-36,1.644814856561E-36,1.));
#5418 = DIRECTION('',(1.,3.607221216485E-72,2.193086475415E-36));
#5419 = ORIENTED_EDGE('',*,*,#5420,.T.);
#5420 = EDGE_CURVE('',#5412,#5421,#5423,.T.);
#5421 = VERTEX_POINT('',#5422);
#5422 = CARTESIAN_POINT('',(-0.5,-1.45,1.E-04));
#5423 = LINE('',#5424,#5425);
#5424 = CARTESIAN_POINT('',(-0.325,-1.45,1.E-04));
#5425 = VECTOR('',#5426,1.);
#5426 = DIRECTION('',(1.,0.,2.193086475415E-36));
#5427 = ORIENTED_EDGE('',*,*,#5428,.T.);
#5428 = EDGE_CURVE('',#5421,#5429,#5431,.T.);
#5429 = VERTEX_POINT('',#5430);
#5430 = CARTESIAN_POINT('',(-0.5,-0.95,1.E-04));
#5431 = LINE('',#5432,#5433);
#5432 = CARTESIAN_POINT('',(-0.5,-0.6,1.E-04));
#5433 = VECTOR('',#5434,1.);
#5434 = DIRECTION('',(-1.387778780781E-16,1.,-1.644814856561E-36));
#5435 = ORIENTED_EDGE('',*,*,#5436,.T.);
#5436 = EDGE_CURVE('',#5429,#5437,#5439,.T.);
#5437 = VERTEX_POINT('',#5438);
#5438 = CARTESIAN_POINT('',(-0.8,-0.95,1.E-04));
#5439 = LINE('',#5440,#5441);
#5440 = CARTESIAN_POINT('',(-0.325,-0.95,1.E-04));
#5441 = VECTOR('',#5442,1.);
#5442 = DIRECTION('',(-1.,0.,-2.193086475415E-36));
#5443 = ORIENTED_EDGE('',*,*,#5444,.T.);
#5444 = EDGE_CURVE('',#5437,#5445,#5447,.T.);
#5445 = VERTEX_POINT('',#5446);
#5446 = CARTESIAN_POINT('',(-0.8,-0.65,1.E-04));
#5447 = CIRCLE('',#5448,0.15);
#5448 = AXIS2_PLACEMENT_3D('',#5449,#5450,#5451);
#5449 = CARTESIAN_POINT('',(-0.8,-0.8,1.E-04));
#5450 = DIRECTION('',(-2.193086475415E-36,1.644814856561E-36,1.));
#5451 = DIRECTION('',(1.,3.607221216485E-72,2.193086475415E-36));
#5452 = ORIENTED_EDGE('',*,*,#5453,.T.);
#5453 = EDGE_CURVE('',#5445,#5454,#5456,.T.);
#5454 = VERTEX_POINT('',#5455);
#5455 = CARTESIAN_POINT('',(-0.5,-0.65,1.E-04));
#5456 = LINE('',#5457,#5458);
#5457 = CARTESIAN_POINT('',(-0.325,-0.65,1.E-04));
#5458 = VECTOR('',#5459,1.);
#5459 = DIRECTION('',(1.,0.,2.193086475415E-36));
#5460 = ORIENTED_EDGE('',*,*,#5461,.T.);
#5461 = EDGE_CURVE('',#5454,#5462,#5464,.T.);
#5462 = VERTEX_POINT('',#5463);
#5463 = CARTESIAN_POINT('',(-0.5,-0.15,1.E-04));
#5464 = LINE('',#5465,#5466);
#5465 = CARTESIAN_POINT('',(-0.5,-0.2,1.E-04));
#5466 = VECTOR('',#5467,1.);
#5467 = DIRECTION('',(-1.387778780781E-16,1.,-1.644814856561E-36));
#5468 = ORIENTED_EDGE('',*,*,#5469,.T.);
#5469 = EDGE_CURVE('',#5462,#5470,#5472,.T.);
#5470 = VERTEX_POINT('',#5471);
#5471 = CARTESIAN_POINT('',(-0.8,-0.15,1.E-04));
#5472 = LINE('',#5473,#5474);
#5473 = CARTESIAN_POINT('',(-0.325,-0.15,1.E-04));
#5474 = VECTOR('',#5475,1.);
#5475 = DIRECTION('',(-1.,0.,-2.193086475415E-36));
#5476 = ORIENTED_EDGE('',*,*,#5477,.T.);
#5477 = EDGE_CURVE('',#5470,#5478,#5480,.T.);
#5478 = VERTEX_POINT('',#5479);
#5479 = CARTESIAN_POINT('',(-0.8,0.15,1.E-04));
#5480 = CIRCLE('',#5481,0.15);
#5481 = AXIS2_PLACEMENT_3D('',#5482,#5483,#5484);
#5482 = CARTESIAN_POINT('',(-0.8,-1.387778780781E-16,1.E-04));
#5483 = DIRECTION('',(-2.193086475415E-36,1.644814856561E-36,1.));
#5484 = DIRECTION('',(1.,3.607221216485E-72,2.193086475415E-36));
#5485 = ORIENTED_EDGE('',*,*,#5486,.T.);
#5486 = EDGE_CURVE('',#5478,#5487,#5489,.T.);
#5487 = VERTEX_POINT('',#5488);
#5488 = CARTESIAN_POINT('',(-0.5,0.15,1.E-04));
#5489 = LINE('',#5490,#5491);
#5490 = CARTESIAN_POINT('',(-0.325,0.15,1.E-04));
#5491 = VECTOR('',#5492,1.);
#5492 = DIRECTION('',(1.,0.,2.193086475415E-36));
#5493 = ORIENTED_EDGE('',*,*,#5494,.T.);
#5494 = EDGE_CURVE('',#5487,#5495,#5497,.T.);
#5495 = VERTEX_POINT('',#5496);
#5496 = CARTESIAN_POINT('',(-0.5,0.65,1.E-04));
#5497 = LINE('',#5498,#5499);
#5498 = CARTESIAN_POINT('',(-0.5,0.2,1.E-04));
#5499 = VECTOR('',#5500,1.);
#5500 = DIRECTION('',(-1.387778780781E-16,1.,-1.644814856561E-36));
#5501 = ORIENTED_EDGE('',*,*,#5502,.T.);
#5502 = EDGE_CURVE('',#5495,#5503,#5505,.T.);
#5503 = VERTEX_POINT('',#5504);
#5504 = CARTESIAN_POINT('',(-0.8,0.65,1.E-04));
#5505 = LINE('',#5506,#5507);
#5506 = CARTESIAN_POINT('',(-0.325,0.65,1.E-04));
#5507 = VECTOR('',#5508,1.);
#5508 = DIRECTION('',(-1.,0.,-2.193086475415E-36));
#5509 = ORIENTED_EDGE('',*,*,#5510,.T.);
#5510 = EDGE_CURVE('',#5503,#5511,#5513,.T.);
#5511 = VERTEX_POINT('',#5512);
#5512 = CARTESIAN_POINT('',(-0.8,0.95,1.E-04));
#5513 = CIRCLE('',#5514,0.15);
#5514 = AXIS2_PLACEMENT_3D('',#5515,#5516,#5517);
#5515 = CARTESIAN_POINT('',(-0.8,0.8,1.E-04));
#5516 = DIRECTION('',(-2.193086475415E-36,1.644814856561E-36,1.));
#5517 = DIRECTION('',(1.,3.607221216485E-72,2.193086475415E-36));
#5518 = ORIENTED_EDGE('',*,*,#5519,.T.);
#5519 = EDGE_CURVE('',#5511,#5520,#5522,.T.);
#5520 = VERTEX_POINT('',#5521);
#5521 = CARTESIAN_POINT('',(-0.5,0.95,1.E-04));
#5522 = LINE('',#5523,#5524);
#5523 = CARTESIAN_POINT('',(-0.325,0.95,1.E-04));
#5524 = VECTOR('',#5525,1.);
#5525 = DIRECTION('',(1.,0.,2.193086475415E-36));
#5526 = ORIENTED_EDGE('',*,*,#5527,.T.);
#5527 = EDGE_CURVE('',#5520,#5528,#5530,.T.);
#5528 = VERTEX_POINT('',#5529);
#5529 = CARTESIAN_POINT('',(-0.5,1.45,1.E-04));
#5530 = LINE('',#5531,#5532);
#5531 = CARTESIAN_POINT('',(-0.5,0.6,1.E-04));
#5532 = VECTOR('',#5533,1.);
#5533 = DIRECTION('',(-1.387778780781E-16,1.,-1.644814856561E-36));
#5534 = ORIENTED_EDGE('',*,*,#5535,.T.);
#5535 = EDGE_CURVE('',#5528,#5536,#5538,.T.);
#5536 = VERTEX_POINT('',#5537);
#5537 = CARTESIAN_POINT('',(-0.8,1.45,1.E-04));
#5538 = LINE('',#5539,#5540);
#5539 = CARTESIAN_POINT('',(-0.325,1.45,1.E-04));
#5540 = VECTOR('',#5541,1.);
#5541 = DIRECTION('',(-1.,0.,-2.193086475415E-36));
#5542 = ORIENTED_EDGE('',*,*,#5543,.T.);
#5543 = EDGE_CURVE('',#5536,#5544,#5546,.T.);
#5544 = VERTEX_POINT('',#5545);
#5545 = CARTESIAN_POINT('',(-0.65,1.6,1.E-04));
#5546 = CIRCLE('',#5547,0.15);
#5547 = AXIS2_PLACEMENT_3D('',#5548,#5549,#5550);
#5548 = CARTESIAN_POINT('',(-0.8,1.6,1.E-04));
#5549 = DIRECTION('',(-2.193086475415E-36,1.644814856561E-36,1.));
#5550 = DIRECTION('',(1.,3.607221216485E-72,2.193086475415E-36));
#5551 = ORIENTED_EDGE('',*,*,#5552,.F.);
#5552 = EDGE_CURVE('',#5553,#5544,#5555,.T.);
#5553 = VERTEX_POINT('',#5554);
#5554 = CARTESIAN_POINT('',(0.65,1.6,1.E-04));
#5555 = LINE('',#5556,#5557);
#5556 = CARTESIAN_POINT('',(0.8,1.6,1.E-04));
#5557 = VECTOR('',#5558,1.);
#5558 = DIRECTION('',(-1.,0.,0.));
#5559 = ORIENTED_EDGE('',*,*,#5560,.T.);
#5560 = EDGE_CURVE('',#5553,#5561,#5563,.T.);
#5561 = VERTEX_POINT('',#5562);
#5562 = CARTESIAN_POINT('',(0.8,1.45,1.E-04));
#5563 = CIRCLE('',#5564,0.15);
#5564 = AXIS2_PLACEMENT_3D('',#5565,#5566,#5567);
#5565 = CARTESIAN_POINT('',(0.8,1.6,1.E-04));
#5566 = DIRECTION('',(-2.193086475415E-36,1.644814856561E-36,1.));
#5567 = DIRECTION('',(-1.,-3.607221216485E-72,-2.193086475415E-36));
#5568 = ORIENTED_EDGE('',*,*,#5569,.T.);
#5569 = EDGE_CURVE('',#5561,#5570,#5572,.T.);
#5570 = VERTEX_POINT('',#5571);
#5571 = CARTESIAN_POINT('',(0.5,1.45,1.E-04));
#5572 = LINE('',#5573,#5574);
#5573 = CARTESIAN_POINT('',(0.325,1.45,1.E-04));
#5574 = VECTOR('',#5575,1.);
#5575 = DIRECTION('',(-1.,0.,-2.193086475415E-36));
#5576 = ORIENTED_EDGE('',*,*,#5577,.T.);
#5577 = EDGE_CURVE('',#5570,#5578,#5580,.T.);
#5578 = VERTEX_POINT('',#5579);
#5579 = CARTESIAN_POINT('',(0.5,0.95,1.E-04));
#5580 = LINE('',#5581,#5582);
#5581 = CARTESIAN_POINT('',(0.5,0.6,1.E-04));
#5582 = VECTOR('',#5583,1.);
#5583 = DIRECTION('',(-1.387778780781E-16,-1.,1.644814856561E-36));
#5584 = ORIENTED_EDGE('',*,*,#5585,.T.);
#5585 = EDGE_CURVE('',#5578,#5586,#5588,.T.);
#5586 = VERTEX_POINT('',#5587);
#5587 = CARTESIAN_POINT('',(0.8,0.95,1.E-04));
#5588 = LINE('',#5589,#5590);
#5589 = CARTESIAN_POINT('',(0.325,0.95,1.E-04));
#5590 = VECTOR('',#5591,1.);
#5591 = DIRECTION('',(1.,0.,2.193086475415E-36));
#5592 = ORIENTED_EDGE('',*,*,#5593,.T.);
#5593 = EDGE_CURVE('',#5586,#5594,#5596,.T.);
#5594 = VERTEX_POINT('',#5595);
#5595 = CARTESIAN_POINT('',(0.8,0.65,1.E-04));
#5596 = CIRCLE('',#5597,0.15);
#5597 = AXIS2_PLACEMENT_3D('',#5598,#5599,#5600);
#5598 = CARTESIAN_POINT('',(0.8,0.8,1.E-04));
#5599 = DIRECTION('',(-2.193086475415E-36,1.644814856561E-36,1.));
#5600 = DIRECTION('',(-1.,-3.607221216485E-72,-2.193086475415E-36));
#5601 = ORIENTED_EDGE('',*,*,#5602,.T.);
#5602 = EDGE_CURVE('',#5594,#5603,#5605,.T.);
#5603 = VERTEX_POINT('',#5604);
#5604 = CARTESIAN_POINT('',(0.5,0.65,1.E-04));
#5605 = LINE('',#5606,#5607);
#5606 = CARTESIAN_POINT('',(0.325,0.65,1.E-04));
#5607 = VECTOR('',#5608,1.);
#5608 = DIRECTION('',(-1.,0.,-2.193086475415E-36));
#5609 = ORIENTED_EDGE('',*,*,#5610,.T.);
#5610 = EDGE_CURVE('',#5603,#5611,#5613,.T.);
#5611 = VERTEX_POINT('',#5612);
#5612 = CARTESIAN_POINT('',(0.5,0.15,1.E-04));
#5613 = LINE('',#5614,#5615);
#5614 = CARTESIAN_POINT('',(0.5,0.2,1.E-04));
#5615 = VECTOR('',#5616,1.);
#5616 = DIRECTION('',(-1.387778780781E-16,-1.,1.644814856561E-36));
#5617 = ORIENTED_EDGE('',*,*,#5618,.T.);
#5618 = EDGE_CURVE('',#5611,#5619,#5621,.T.);
#5619 = VERTEX_POINT('',#5620);
#5620 = CARTESIAN_POINT('',(0.8,0.15,1.E-04));
#5621 = LINE('',#5622,#5623);
#5622 = CARTESIAN_POINT('',(0.325,0.15,1.E-04));
#5623 = VECTOR('',#5624,1.);
#5624 = DIRECTION('',(1.,0.,2.193086475415E-36));
#5625 = ORIENTED_EDGE('',*,*,#5626,.T.);
#5626 = EDGE_CURVE('',#5619,#5627,#5629,.T.);
#5627 = VERTEX_POINT('',#5628);
#5628 = CARTESIAN_POINT('',(0.8,-0.15,1.E-04));
#5629 = CIRCLE('',#5630,0.15);
#5630 = AXIS2_PLACEMENT_3D('',#5631,#5632,#5633);
#5631 = CARTESIAN_POINT('',(0.8,-1.387778780781E-16,1.E-04));
#5632 = DIRECTION('',(-2.193086475415E-36,1.644814856561E-36,1.));
#5633 = DIRECTION('',(-1.,-3.607221216485E-72,-2.193086475415E-36));
#5634 = ORIENTED_EDGE('',*,*,#5635,.T.);
#5635 = EDGE_CURVE('',#5627,#5636,#5638,.T.);
#5636 = VERTEX_POINT('',#5637);
#5637 = CARTESIAN_POINT('',(0.5,-0.15,1.E-04));
#5638 = LINE('',#5639,#5640);
#5639 = CARTESIAN_POINT('',(0.325,-0.15,1.E-04));
#5640 = VECTOR('',#5641,1.);
#5641 = DIRECTION('',(-1.,0.,-2.193086475415E-36));
#5642 = ORIENTED_EDGE('',*,*,#5643,.T.);
#5643 = EDGE_CURVE('',#5636,#5644,#5646,.T.);
#5644 = VERTEX_POINT('',#5645);
#5645 = CARTESIAN_POINT('',(0.5,-0.65,1.E-04));
#5646 = LINE('',#5647,#5648);
#5647 = CARTESIAN_POINT('',(0.5,-0.2,1.E-04));
#5648 = VECTOR('',#5649,1.);
#5649 = DIRECTION('',(-1.387778780781E-16,-1.,1.644814856561E-36));
#5650 = ORIENTED_EDGE('',*,*,#5651,.T.);
#5651 = EDGE_CURVE('',#5644,#5652,#5654,.T.);
#5652 = VERTEX_POINT('',#5653);
#5653 = CARTESIAN_POINT('',(0.8,-0.65,1.E-04));
#5654 = LINE('',#5655,#5656);
#5655 = CARTESIAN_POINT('',(0.325,-0.65,1.E-04));
#5656 = VECTOR('',#5657,1.);
#5657 = DIRECTION('',(1.,0.,2.193086475415E-36));
#5658 = ORIENTED_EDGE('',*,*,#5659,.T.);
#5659 = EDGE_CURVE('',#5652,#5335,#5660,.T.);
#5660 = CIRCLE('',#5661,0.15);
#5661 = AXIS2_PLACEMENT_3D('',#5662,#5663,#5664);
#5662 = CARTESIAN_POINT('',(0.8,-0.8,1.E-04));
#5663 = DIRECTION('',(-2.193086475415E-36,1.644814856561E-36,1.));
#5664 = DIRECTION('',(-1.,-3.607221216485E-72,-2.193086475415E-36));
#5665 = PLANE('',#5666);
#5666 = AXIS2_PLACEMENT_3D('',#5667,#5668,#5669);
#5667 = CARTESIAN_POINT('',(-8.410780489585E-18,0.,1.E-04));
#5668 = DIRECTION('',(-2.193086475415E-36,1.644814856561E-36,1.));
#5669 = DIRECTION('',(1.,0.,2.193086475415E-36));
#5670 = ADVANCED_FACE('',(#5671),#5710,.T.);
#5671 = FACE_BOUND('',#5672,.T.);
#5672 = EDGE_LOOP('',(#5673,#5674,#5682,#5688,#5689,#5697,#5703,#5704));
#5673 = ORIENTED_EDGE('',*,*,#5651,.F.);
#5674 = ORIENTED_EDGE('',*,*,#5675,.F.);
#5675 = EDGE_CURVE('',#5676,#5644,#5678,.T.);
#5676 = VERTEX_POINT('',#5677);
#5677 = CARTESIAN_POINT('',(0.5,-0.65,0.));
#5678 = LINE('',#5679,#5680);
#5679 = CARTESIAN_POINT('',(0.5,-0.65,0.));
#5680 = VECTOR('',#5681,1.);
#5681 = DIRECTION('',(0.,0.,1.));
#5682 = ORIENTED_EDGE('',*,*,#5683,.T.);
#5683 = EDGE_CURVE('',#5676,#4454,#5684,.T.);
#5684 = LINE('',#5685,#5686);
#5685 = CARTESIAN_POINT('',(0.5,-0.65,0.));
#5686 = VECTOR('',#5687,1.);
#5687 = DIRECTION('',(1.,0.,0.));
#5688 = ORIENTED_EDGE('',*,*,#4453,.T.);
#5689 = ORIENTED_EDGE('',*,*,#5690,.F.);
#5690 = EDGE_CURVE('',#5691,#4444,#5693,.T.);
#5691 = VERTEX_POINT('',#5692);
#5692 = CARTESIAN_POINT('',(0.7,-0.65,0.60005));
#5693 = LINE('',#5694,#5695);
#5694 = CARTESIAN_POINT('',(0.8,-0.65,0.60005));
#5695 = VECTOR('',#5696,1.);
#5696 = DIRECTION('',(1.,0.,0.));
#5697 = ORIENTED_EDGE('',*,*,#5698,.F.);
#5698 = EDGE_CURVE('',#4749,#5691,#5699,.T.);
#5699 = LINE('',#5700,#5701);
#5700 = CARTESIAN_POINT('',(0.7,-0.65,0.59995));
#5701 = VECTOR('',#5702,1.);
#5702 = DIRECTION('',(0.,0.,1.));
#5703 = ORIENTED_EDGE('',*,*,#4748,.F.);
#5704 = ORIENTED_EDGE('',*,*,#5705,.T.);
#5705 = EDGE_CURVE('',#4740,#5652,#5706,.T.);
#5706 = LINE('',#5707,#5708);
#5707 = CARTESIAN_POINT('',(0.8,-0.65,0.6));
#5708 = VECTOR('',#5709,1.);
#5709 = DIRECTION('',(0.,0.,-1.));
#5710 = PLANE('',#5711);
#5711 = AXIS2_PLACEMENT_3D('',#5712,#5713,#5714);
#5712 = CARTESIAN_POINT('',(0.65,-0.65,0.));
#5713 = DIRECTION('',(0.,-1.,0.));
#5714 = DIRECTION('',(0.,-0.,-1.));
#5715 = ADVANCED_FACE('',(#5716),#5734,.T.);
#5716 = FACE_BOUND('',#5717,.T.);
#5717 = EDGE_LOOP('',(#5718,#5719,#5727,#5733));
#5718 = ORIENTED_EDGE('',*,*,#5643,.F.);
#5719 = ORIENTED_EDGE('',*,*,#5720,.F.);
#5720 = EDGE_CURVE('',#5721,#5636,#5723,.T.);
#5721 = VERTEX_POINT('',#5722);
#5722 = CARTESIAN_POINT('',(0.5,-0.15,0.));
#5723 = LINE('',#5724,#5725);
#5724 = CARTESIAN_POINT('',(0.5,-0.15,0.));
#5725 = VECTOR('',#5726,1.);
#5726 = DIRECTION('',(0.,0.,1.));
#5727 = ORIENTED_EDGE('',*,*,#5728,.T.);
#5728 = EDGE_CURVE('',#5721,#5676,#5729,.T.);
#5729 = LINE('',#5730,#5731);
#5730 = CARTESIAN_POINT('',(0.5,-0.15,0.));
#5731 = VECTOR('',#5732,1.);
#5732 = DIRECTION('',(-1.387778780781E-16,-1.,0.));
#5733 = ORIENTED_EDGE('',*,*,#5675,.T.);
#5734 = PLANE('',#5735);
#5735 = AXIS2_PLACEMENT_3D('',#5736,#5737,#5738);
#5736 = CARTESIAN_POINT('',(0.5,-0.4,0.));
#5737 = DIRECTION('',(-1.,1.387778780781E-16,0.));
#5738 = DIRECTION('',(-1.387778780781E-16,-1.,0.));
#5739 = ADVANCED_FACE('',(#5740),#5772,.T.);
#5740 = FACE_BOUND('',#5741,.T.);
#5741 = EDGE_LOOP('',(#5742,#5743,#5749,#5750,#5758,#5764,#5765,#5771));
#5742 = ORIENTED_EDGE('',*,*,#5635,.F.);
#5743 = ORIENTED_EDGE('',*,*,#5744,.T.);
#5744 = EDGE_CURVE('',#5627,#4797,#5745,.T.);
#5745 = LINE('',#5746,#5747);
#5746 = CARTESIAN_POINT('',(0.8,-0.15,0.6));
#5747 = VECTOR('',#5748,1.);
#5748 = DIRECTION('',(0.,0.,1.));
#5749 = ORIENTED_EDGE('',*,*,#4796,.F.);
#5750 = ORIENTED_EDGE('',*,*,#5751,.T.);
#5751 = EDGE_CURVE('',#4789,#5752,#5754,.T.);
#5752 = VERTEX_POINT('',#5753);
#5753 = CARTESIAN_POINT('',(0.7,-0.15,0.60005));
#5754 = LINE('',#5755,#5756);
#5755 = CARTESIAN_POINT('',(0.7,-0.15,0.59995));
#5756 = VECTOR('',#5757,1.);
#5757 = DIRECTION('',(0.,0.,1.));
#5758 = ORIENTED_EDGE('',*,*,#5759,.T.);
#5759 = EDGE_CURVE('',#5752,#4446,#5760,.T.);
#5760 = LINE('',#5761,#5762);
#5761 = CARTESIAN_POINT('',(0.7,-0.15,0.60005));
#5762 = VECTOR('',#5763,1.);
#5763 = DIRECTION('',(1.,-2.775557561563E-15,0.));
#5764 = ORIENTED_EDGE('',*,*,#4469,.T.);
#5765 = ORIENTED_EDGE('',*,*,#5766,.T.);
#5766 = EDGE_CURVE('',#4462,#5721,#5767,.T.);
#5767 = LINE('',#5768,#5769);
#5768 = CARTESIAN_POINT('',(0.8,-0.15,0.));
#5769 = VECTOR('',#5770,1.);
#5770 = DIRECTION('',(-1.,0.,0.));
#5771 = ORIENTED_EDGE('',*,*,#5720,.T.);
#5772 = PLANE('',#5773);
#5773 = AXIS2_PLACEMENT_3D('',#5774,#5775,#5776);
#5774 = CARTESIAN_POINT('',(0.65,-0.15,0.));
#5775 = DIRECTION('',(0.,1.,0.));
#5776 = DIRECTION('',(0.,-0.,1.));
#5777 = ADVANCED_FACE('',(#5778),#5784,.F.);
#5778 = FACE_BOUND('',#5779,.T.);
#5779 = EDGE_LOOP('',(#5780,#5781,#5782,#5783));
#5780 = ORIENTED_EDGE('',*,*,#5766,.F.);
#5781 = ORIENTED_EDGE('',*,*,#4461,.T.);
#5782 = ORIENTED_EDGE('',*,*,#5683,.F.);
#5783 = ORIENTED_EDGE('',*,*,#5728,.F.);
#5784 = PLANE('',#5785);
#5785 = AXIS2_PLACEMENT_3D('',#5786,#5787,#5788);
#5786 = CARTESIAN_POINT('',(0.65,-0.4,0.));
#5787 = DIRECTION('',(0.,0.,1.));
#5788 = DIRECTION('',(1.,0.,-0.));
#5789 = ADVANCED_FACE('',(#5790),#5829,.T.);
#5790 = FACE_BOUND('',#5791,.T.);
#5791 = EDGE_LOOP('',(#5792,#5793,#5801,#5807,#5808,#5816,#5822,#5823));
#5792 = ORIENTED_EDGE('',*,*,#5618,.F.);
#5793 = ORIENTED_EDGE('',*,*,#5794,.F.);
#5794 = EDGE_CURVE('',#5795,#5611,#5797,.T.);
#5795 = VERTEX_POINT('',#5796);
#5796 = CARTESIAN_POINT('',(0.5,0.15,0.));
#5797 = LINE('',#5798,#5799);
#5798 = CARTESIAN_POINT('',(0.5,0.15,0.));
#5799 = VECTOR('',#5800,1.);
#5800 = DIRECTION('',(0.,0.,1.));
#5801 = ORIENTED_EDGE('',*,*,#5802,.T.);
#5802 = EDGE_CURVE('',#5795,#4494,#5803,.T.);
#5803 = LINE('',#5804,#5805);
#5804 = CARTESIAN_POINT('',(0.5,0.15,0.));
#5805 = VECTOR('',#5806,1.);
#5806 = DIRECTION('',(1.,0.,0.));
#5807 = ORIENTED_EDGE('',*,*,#4493,.T.);
#5808 = ORIENTED_EDGE('',*,*,#5809,.F.);
#5809 = EDGE_CURVE('',#5810,#4484,#5812,.T.);
#5810 = VERTEX_POINT('',#5811);
#5811 = CARTESIAN_POINT('',(0.7,0.15,0.60005));
#5812 = LINE('',#5813,#5814);
#5813 = CARTESIAN_POINT('',(0.8,0.15,0.60005));
#5814 = VECTOR('',#5815,1.);
#5815 = DIRECTION('',(1.,0.,0.));
#5816 = ORIENTED_EDGE('',*,*,#5817,.F.);
#5817 = EDGE_CURVE('',#4814,#5810,#5818,.T.);
#5818 = LINE('',#5819,#5820);
#5819 = CARTESIAN_POINT('',(0.7,0.15,0.59995));
#5820 = VECTOR('',#5821,1.);
#5821 = DIRECTION('',(0.,0.,1.));
#5822 = ORIENTED_EDGE('',*,*,#4813,.F.);
#5823 = ORIENTED_EDGE('',*,*,#5824,.T.);
#5824 = EDGE_CURVE('',#4805,#5619,#5825,.T.);
#5825 = LINE('',#5826,#5827);
#5826 = CARTESIAN_POINT('',(0.8,0.15,0.6));
#5827 = VECTOR('',#5828,1.);
#5828 = DIRECTION('',(0.,0.,-1.));
#5829 = PLANE('',#5830);
#5830 = AXIS2_PLACEMENT_3D('',#5831,#5832,#5833);
#5831 = CARTESIAN_POINT('',(0.65,0.15,0.));
#5832 = DIRECTION('',(0.,-1.,0.));
#5833 = DIRECTION('',(0.,-0.,-1.));
#5834 = ADVANCED_FACE('',(#5835),#5853,.T.);
#5835 = FACE_BOUND('',#5836,.T.);
#5836 = EDGE_LOOP('',(#5837,#5838,#5846,#5852));
#5837 = ORIENTED_EDGE('',*,*,#5610,.F.);
#5838 = ORIENTED_EDGE('',*,*,#5839,.F.);
#5839 = EDGE_CURVE('',#5840,#5603,#5842,.T.);
#5840 = VERTEX_POINT('',#5841);
#5841 = CARTESIAN_POINT('',(0.5,0.65,0.));
#5842 = LINE('',#5843,#5844);
#5843 = CARTESIAN_POINT('',(0.5,0.65,0.));
#5844 = VECTOR('',#5845,1.);
#5845 = DIRECTION('',(0.,0.,1.));
#5846 = ORIENTED_EDGE('',*,*,#5847,.T.);
#5847 = EDGE_CURVE('',#5840,#5795,#5848,.T.);
#5848 = LINE('',#5849,#5850);
#5849 = CARTESIAN_POINT('',(0.5,0.65,0.));
#5850 = VECTOR('',#5851,1.);
#5851 = DIRECTION('',(-1.387778780781E-16,-1.,0.));
#5852 = ORIENTED_EDGE('',*,*,#5794,.T.);
#5853 = PLANE('',#5854);
#5854 = AXIS2_PLACEMENT_3D('',#5855,#5856,#5857);
#5855 = CARTESIAN_POINT('',(0.5,0.4,0.));
#5856 = DIRECTION('',(-1.,1.387778780781E-16,0.));
#5857 = DIRECTION('',(-1.387778780781E-16,-1.,0.));
#5858 = ADVANCED_FACE('',(#5859),#5891,.T.);
#5859 = FACE_BOUND('',#5860,.T.);
#5860 = EDGE_LOOP('',(#5861,#5862,#5868,#5869,#5877,#5883,#5884,#5890));
#5861 = ORIENTED_EDGE('',*,*,#5602,.F.);
#5862 = ORIENTED_EDGE('',*,*,#5863,.T.);
#5863 = EDGE_CURVE('',#5594,#4862,#5864,.T.);
#5864 = LINE('',#5865,#5866);
#5865 = CARTESIAN_POINT('',(0.8,0.65,0.6));
#5866 = VECTOR('',#5867,1.);
#5867 = DIRECTION('',(0.,0.,1.));
#5868 = ORIENTED_EDGE('',*,*,#4861,.F.);
#5869 = ORIENTED_EDGE('',*,*,#5870,.T.);
#5870 = EDGE_CURVE('',#4854,#5871,#5873,.T.);
#5871 = VERTEX_POINT('',#5872);
#5872 = CARTESIAN_POINT('',(0.7,0.65,0.60005));
#5873 = LINE('',#5874,#5875);
#5874 = CARTESIAN_POINT('',(0.7,0.65,0.59995));
#5875 = VECTOR('',#5876,1.);
#5876 = DIRECTION('',(0.,0.,1.));
#5877 = ORIENTED_EDGE('',*,*,#5878,.T.);
#5878 = EDGE_CURVE('',#5871,#4486,#5879,.T.);
#5879 = LINE('',#5880,#5881);
#5880 = CARTESIAN_POINT('',(0.7,0.65,0.60005));
#5881 = VECTOR('',#5882,1.);
#5882 = DIRECTION('',(1.,-2.775557561563E-15,0.));
#5883 = ORIENTED_EDGE('',*,*,#4509,.T.);
#5884 = ORIENTED_EDGE('',*,*,#5885,.T.);
#5885 = EDGE_CURVE('',#4502,#5840,#5886,.T.);
#5886 = LINE('',#5887,#5888);
#5887 = CARTESIAN_POINT('',(0.8,0.65,0.));
#5888 = VECTOR('',#5889,1.);
#5889 = DIRECTION('',(-1.,0.,0.));
#5890 = ORIENTED_EDGE('',*,*,#5839,.T.);
#5891 = PLANE('',#5892);
#5892 = AXIS2_PLACEMENT_3D('',#5893,#5894,#5895);
#5893 = CARTESIAN_POINT('',(0.65,0.65,0.));
#5894 = DIRECTION('',(0.,1.,0.));
#5895 = DIRECTION('',(0.,-0.,1.));
#5896 = ADVANCED_FACE('',(#5897),#5903,.F.);
#5897 = FACE_BOUND('',#5898,.T.);
#5898 = EDGE_LOOP('',(#5899,#5900,#5901,#5902));
#5899 = ORIENTED_EDGE('',*,*,#5885,.F.);
#5900 = ORIENTED_EDGE('',*,*,#4501,.T.);
#5901 = ORIENTED_EDGE('',*,*,#5802,.F.);
#5902 = ORIENTED_EDGE('',*,*,#5847,.F.);
#5903 = PLANE('',#5904);
#5904 = AXIS2_PLACEMENT_3D('',#5905,#5906,#5907);
#5905 = CARTESIAN_POINT('',(0.65,0.4,0.));
#5906 = DIRECTION('',(0.,0.,1.));
#5907 = DIRECTION('',(1.,0.,-0.));
#5908 = ADVANCED_FACE('',(#5909),#5948,.T.);
#5909 = FACE_BOUND('',#5910,.T.);
#5910 = EDGE_LOOP('',(#5911,#5912,#5920,#5926,#5927,#5935,#5941,#5942));
#5911 = ORIENTED_EDGE('',*,*,#5585,.F.);
#5912 = ORIENTED_EDGE('',*,*,#5913,.F.);
#5913 = EDGE_CURVE('',#5914,#5578,#5916,.T.);
#5914 = VERTEX_POINT('',#5915);
#5915 = CARTESIAN_POINT('',(0.5,0.95,0.));
#5916 = LINE('',#5917,#5918);
#5917 = CARTESIAN_POINT('',(0.5,0.95,0.));
#5918 = VECTOR('',#5919,1.);
#5919 = DIRECTION('',(0.,0.,1.));
#5920 = ORIENTED_EDGE('',*,*,#5921,.T.);
#5921 = EDGE_CURVE('',#5914,#4534,#5922,.T.);
#5922 = LINE('',#5923,#5924);
#5923 = CARTESIAN_POINT('',(0.5,0.95,0.));
#5924 = VECTOR('',#5925,1.);
#5925 = DIRECTION('',(1.,0.,0.));
#5926 = ORIENTED_EDGE('',*,*,#4533,.T.);
#5927 = ORIENTED_EDGE('',*,*,#5928,.F.);
#5928 = EDGE_CURVE('',#5929,#4524,#5931,.T.);
#5929 = VERTEX_POINT('',#5930);
#5930 = CARTESIAN_POINT('',(0.7,0.95,0.60005));
#5931 = LINE('',#5932,#5933);
#5932 = CARTESIAN_POINT('',(0.8,0.95,0.60005));
#5933 = VECTOR('',#5934,1.);
#5934 = DIRECTION('',(1.,0.,0.));
#5935 = ORIENTED_EDGE('',*,*,#5936,.F.);
#5936 = EDGE_CURVE('',#4879,#5929,#5937,.T.);
#5937 = LINE('',#5938,#5939);
#5938 = CARTESIAN_POINT('',(0.7,0.95,0.59995));
#5939 = VECTOR('',#5940,1.);
#5940 = DIRECTION('',(0.,0.,1.));
#5941 = ORIENTED_EDGE('',*,*,#4878,.F.);
#5942 = ORIENTED_EDGE('',*,*,#5943,.T.);
#5943 = EDGE_CURVE('',#4870,#5586,#5944,.T.);
#5944 = LINE('',#5945,#5946);
#5945 = CARTESIAN_POINT('',(0.8,0.95,0.6));
#5946 = VECTOR('',#5947,1.);
#5947 = DIRECTION('',(0.,0.,-1.));
#5948 = PLANE('',#5949);
#5949 = AXIS2_PLACEMENT_3D('',#5950,#5951,#5952);
#5950 = CARTESIAN_POINT('',(0.65,0.95,0.));
#5951 = DIRECTION('',(0.,-1.,0.));
#5952 = DIRECTION('',(0.,-0.,-1.));
#5953 = ADVANCED_FACE('',(#5954),#5972,.T.);
#5954 = FACE_BOUND('',#5955,.T.);
#5955 = EDGE_LOOP('',(#5956,#5957,#5965,#5971));
#5956 = ORIENTED_EDGE('',*,*,#5577,.F.);
#5957 = ORIENTED_EDGE('',*,*,#5958,.F.);
#5958 = EDGE_CURVE('',#5959,#5570,#5961,.T.);
#5959 = VERTEX_POINT('',#5960);
#5960 = CARTESIAN_POINT('',(0.5,1.45,0.));
#5961 = LINE('',#5962,#5963);
#5962 = CARTESIAN_POINT('',(0.5,1.45,0.));
#5963 = VECTOR('',#5964,1.);
#5964 = DIRECTION('',(0.,0.,1.));
#5965 = ORIENTED_EDGE('',*,*,#5966,.T.);
#5966 = EDGE_CURVE('',#5959,#5914,#5967,.T.);
#5967 = LINE('',#5968,#5969);
#5968 = CARTESIAN_POINT('',(0.5,1.45,0.));
#5969 = VECTOR('',#5970,1.);
#5970 = DIRECTION('',(-1.387778780781E-16,-1.,0.));
#5971 = ORIENTED_EDGE('',*,*,#5913,.T.);
#5972 = PLANE('',#5973);
#5973 = AXIS2_PLACEMENT_3D('',#5974,#5975,#5976);
#5974 = CARTESIAN_POINT('',(0.5,1.2,0.));
#5975 = DIRECTION('',(-1.,1.387778780781E-16,0.));
#5976 = DIRECTION('',(-1.387778780781E-16,-1.,0.));
#5977 = ADVANCED_FACE('',(#5978),#6010,.T.);
#5978 = FACE_BOUND('',#5979,.T.);
#5979 = EDGE_LOOP('',(#5980,#5981,#5987,#5988,#5996,#6002,#6003,#6009));
#5980 = ORIENTED_EDGE('',*,*,#5569,.F.);
#5981 = ORIENTED_EDGE('',*,*,#5982,.T.);
#5982 = EDGE_CURVE('',#5561,#4927,#5983,.T.);
#5983 = LINE('',#5984,#5985);
#5984 = CARTESIAN_POINT('',(0.8,1.45,0.6));
#5985 = VECTOR('',#5986,1.);
#5986 = DIRECTION('',(0.,0.,1.));
#5987 = ORIENTED_EDGE('',*,*,#4926,.F.);
#5988 = ORIENTED_EDGE('',*,*,#5989,.T.);
#5989 = EDGE_CURVE('',#4919,#5990,#5992,.T.);
#5990 = VERTEX_POINT('',#5991);
#5991 = CARTESIAN_POINT('',(0.7,1.45,0.60005));
#5992 = LINE('',#5993,#5994);
#5993 = CARTESIAN_POINT('',(0.7,1.45,0.59995));
#5994 = VECTOR('',#5995,1.);
#5995 = DIRECTION('',(0.,0.,1.));
#5996 = ORIENTED_EDGE('',*,*,#5997,.T.);
#5997 = EDGE_CURVE('',#5990,#4526,#5998,.T.);
#5998 = LINE('',#5999,#6000);
#5999 = CARTESIAN_POINT('',(0.7,1.45,0.60005));
#6000 = VECTOR('',#6001,1.);
#6001 = DIRECTION('',(1.,-2.775557561563E-15,0.));
#6002 = ORIENTED_EDGE('',*,*,#4549,.T.);
#6003 = ORIENTED_EDGE('',*,*,#6004,.T.);
#6004 = EDGE_CURVE('',#4542,#5959,#6005,.T.);
#6005 = LINE('',#6006,#6007);
#6006 = CARTESIAN_POINT('',(0.8,1.45,0.));
#6007 = VECTOR('',#6008,1.);
#6008 = DIRECTION('',(-1.,0.,0.));
#6009 = ORIENTED_EDGE('',*,*,#5958,.T.);
#6010 = PLANE('',#6011);
#6011 = AXIS2_PLACEMENT_3D('',#6012,#6013,#6014);
#6012 = CARTESIAN_POINT('',(0.65,1.45,0.));
#6013 = DIRECTION('',(0.,1.,0.));
#6014 = DIRECTION('',(0.,-0.,1.));
#6015 = ADVANCED_FACE('',(#6016),#6022,.F.);
#6016 = FACE_BOUND('',#6017,.T.);
#6017 = EDGE_LOOP('',(#6018,#6019,#6020,#6021));
#6018 = ORIENTED_EDGE('',*,*,#6004,.F.);
#6019 = ORIENTED_EDGE('',*,*,#4541,.T.);
#6020 = ORIENTED_EDGE('',*,*,#5921,.F.);
#6021 = ORIENTED_EDGE('',*,*,#5966,.F.);
#6022 = PLANE('',#6023);
#6023 = AXIS2_PLACEMENT_3D('',#6024,#6025,#6026);
#6024 = CARTESIAN_POINT('',(0.65,1.2,0.));
#6025 = DIRECTION('',(0.,0.,1.));
#6026 = DIRECTION('',(1.,0.,-0.));
#6027 = ADVANCED_FACE('',(#6028),#6053,.T.);
#6028 = FACE_BOUND('',#6029,.T.);
#6029 = EDGE_LOOP('',(#6030,#6031,#6039,#6047));
#6030 = ORIENTED_EDGE('',*,*,#5428,.F.);
#6031 = ORIENTED_EDGE('',*,*,#6032,.F.);
#6032 = EDGE_CURVE('',#6033,#5421,#6035,.T.);
#6033 = VERTEX_POINT('',#6034);
#6034 = CARTESIAN_POINT('',(-0.5,-1.45,0.));
#6035 = LINE('',#6036,#6037);
#6036 = CARTESIAN_POINT('',(-0.5,-1.45,0.));
#6037 = VECTOR('',#6038,1.);
#6038 = DIRECTION('',(0.,0.,1.));
#6039 = ORIENTED_EDGE('',*,*,#6040,.F.);
#6040 = EDGE_CURVE('',#6041,#6033,#6043,.T.);
#6041 = VERTEX_POINT('',#6042);
#6042 = CARTESIAN_POINT('',(-0.5,-0.95,0.));
#6043 = LINE('',#6044,#6045);
#6044 = CARTESIAN_POINT('',(-0.5,-0.95,0.));
#6045 = VECTOR('',#6046,1.);
#6046 = DIRECTION('',(1.387778780781E-16,-1.,0.));
#6047 = ORIENTED_EDGE('',*,*,#6048,.T.);
#6048 = EDGE_CURVE('',#6041,#5429,#6049,.T.);
#6049 = LINE('',#6050,#6051);
#6050 = CARTESIAN_POINT('',(-0.5,-0.95,0.));
#6051 = VECTOR('',#6052,1.);
#6052 = DIRECTION('',(0.,0.,1.));
#6053 = PLANE('',#6054);
#6054 = AXIS2_PLACEMENT_3D('',#6055,#6056,#6057);
#6055 = CARTESIAN_POINT('',(-0.5,-1.2,0.));
#6056 = DIRECTION('',(1.,1.387778780781E-16,0.));
#6057 = DIRECTION('',(-1.387778780781E-16,1.,0.));
#6058 = ADVANCED_FACE('',(#6059),#6075,.F.);
#6059 = FACE_BOUND('',#6060,.T.);
#6060 = EDGE_LOOP('',(#6061,#6067,#6068,#6074));
#6061 = ORIENTED_EDGE('',*,*,#6062,.T.);
#6062 = EDGE_CURVE('',#4246,#6041,#6063,.T.);
#6063 = LINE('',#6064,#6065);
#6064 = CARTESIAN_POINT('',(-0.8,-0.95,0.));
#6065 = VECTOR('',#6066,1.);
#6066 = DIRECTION('',(1.,0.,0.));
#6067 = ORIENTED_EDGE('',*,*,#6040,.T.);
#6068 = ORIENTED_EDGE('',*,*,#6069,.T.);
#6069 = EDGE_CURVE('',#6033,#4244,#6070,.T.);
#6070 = LINE('',#6071,#6072);
#6071 = CARTESIAN_POINT('',(-0.5,-1.45,0.));
#6072 = VECTOR('',#6073,1.);
#6073 = DIRECTION('',(-1.,0.,0.));
#6074 = ORIENTED_EDGE('',*,*,#4243,.T.);
#6075 = PLANE('',#6076);
#6076 = AXIS2_PLACEMENT_3D('',#6077,#6078,#6079);
#6077 = CARTESIAN_POINT('',(-0.65,-1.2,0.));
#6078 = DIRECTION('',(0.,0.,1.));
#6079 = DIRECTION('',(1.,0.,-0.));
#6080 = ADVANCED_FACE('',(#6081),#6106,.T.);
#6081 = FACE_BOUND('',#6082,.T.);
#6082 = EDGE_LOOP('',(#6083,#6084,#6092,#6100));
#6083 = ORIENTED_EDGE('',*,*,#5461,.F.);
#6084 = ORIENTED_EDGE('',*,*,#6085,.F.);
#6085 = EDGE_CURVE('',#6086,#5454,#6088,.T.);
#6086 = VERTEX_POINT('',#6087);
#6087 = CARTESIAN_POINT('',(-0.5,-0.65,0.));
#6088 = LINE('',#6089,#6090);
#6089 = CARTESIAN_POINT('',(-0.5,-0.65,0.));
#6090 = VECTOR('',#6091,1.);
#6091 = DIRECTION('',(0.,0.,1.));
#6092 = ORIENTED_EDGE('',*,*,#6093,.F.);
#6093 = EDGE_CURVE('',#6094,#6086,#6096,.T.);
#6094 = VERTEX_POINT('',#6095);
#6095 = CARTESIAN_POINT('',(-0.5,-0.15,0.));
#6096 = LINE('',#6097,#6098);
#6097 = CARTESIAN_POINT('',(-0.5,-0.15,0.));
#6098 = VECTOR('',#6099,1.);
#6099 = DIRECTION('',(1.387778780781E-16,-1.,0.));
#6100 = ORIENTED_EDGE('',*,*,#6101,.T.);
#6101 = EDGE_CURVE('',#6094,#5462,#6102,.T.);
#6102 = LINE('',#6103,#6104);
#6103 = CARTESIAN_POINT('',(-0.5,-0.15,0.));
#6104 = VECTOR('',#6105,1.);
#6105 = DIRECTION('',(0.,0.,1.));
#6106 = PLANE('',#6107);
#6107 = AXIS2_PLACEMENT_3D('',#6108,#6109,#6110);
#6108 = CARTESIAN_POINT('',(-0.5,-0.4,0.));
#6109 = DIRECTION('',(1.,1.387778780781E-16,0.));
#6110 = DIRECTION('',(-1.387778780781E-16,1.,0.));
#6111 = ADVANCED_FACE('',(#6112),#6128,.F.);
#6112 = FACE_BOUND('',#6113,.T.);
#6113 = EDGE_LOOP('',(#6114,#6120,#6121,#6127));
#6114 = ORIENTED_EDGE('',*,*,#6115,.T.);
#6115 = EDGE_CURVE('',#4286,#6094,#6116,.T.);
#6116 = LINE('',#6117,#6118);
#6117 = CARTESIAN_POINT('',(-0.8,-0.15,0.));
#6118 = VECTOR('',#6119,1.);
#6119 = DIRECTION('',(1.,0.,0.));
#6120 = ORIENTED_EDGE('',*,*,#6093,.T.);
#6121 = ORIENTED_EDGE('',*,*,#6122,.T.);
#6122 = EDGE_CURVE('',#6086,#4284,#6123,.T.);
#6123 = LINE('',#6124,#6125);
#6124 = CARTESIAN_POINT('',(-0.5,-0.65,0.));
#6125 = VECTOR('',#6126,1.);
#6126 = DIRECTION('',(-1.,0.,0.));
#6127 = ORIENTED_EDGE('',*,*,#4283,.T.);
#6128 = PLANE('',#6129);
#6129 = AXIS2_PLACEMENT_3D('',#6130,#6131,#6132);
#6130 = CARTESIAN_POINT('',(-0.65,-0.4,0.));
#6131 = DIRECTION('',(0.,0.,1.));
#6132 = DIRECTION('',(1.,0.,-0.));
#6133 = ADVANCED_FACE('',(#6134),#6159,.T.);
#6134 = FACE_BOUND('',#6135,.T.);
#6135 = EDGE_LOOP('',(#6136,#6137,#6145,#6153));
#6136 = ORIENTED_EDGE('',*,*,#5494,.F.);
#6137 = ORIENTED_EDGE('',*,*,#6138,.F.);
#6138 = EDGE_CURVE('',#6139,#5487,#6141,.T.);
#6139 = VERTEX_POINT('',#6140);
#6140 = CARTESIAN_POINT('',(-0.5,0.15,0.));
#6141 = LINE('',#6142,#6143);
#6142 = CARTESIAN_POINT('',(-0.5,0.15,0.));
#6143 = VECTOR('',#6144,1.);
#6144 = DIRECTION('',(0.,0.,1.));
#6145 = ORIENTED_EDGE('',*,*,#6146,.F.);
#6146 = EDGE_CURVE('',#6147,#6139,#6149,.T.);
#6147 = VERTEX_POINT('',#6148);
#6148 = CARTESIAN_POINT('',(-0.5,0.65,0.));
#6149 = LINE('',#6150,#6151);
#6150 = CARTESIAN_POINT('',(-0.5,0.65,0.));
#6151 = VECTOR('',#6152,1.);
#6152 = DIRECTION('',(1.387778780781E-16,-1.,0.));
#6153 = ORIENTED_EDGE('',*,*,#6154,.T.);
#6154 = EDGE_CURVE('',#6147,#5495,#6155,.T.);
#6155 = LINE('',#6156,#6157);
#6156 = CARTESIAN_POINT('',(-0.5,0.65,0.));
#6157 = VECTOR('',#6158,1.);
#6158 = DIRECTION('',(0.,0.,1.));
#6159 = PLANE('',#6160);
#6160 = AXIS2_PLACEMENT_3D('',#6161,#6162,#6163);
#6161 = CARTESIAN_POINT('',(-0.5,0.4,0.));
#6162 = DIRECTION('',(1.,1.387778780781E-16,0.));
#6163 = DIRECTION('',(-1.387778780781E-16,1.,0.));
#6164 = ADVANCED_FACE('',(#6165),#6181,.F.);
#6165 = FACE_BOUND('',#6166,.T.);
#6166 = EDGE_LOOP('',(#6167,#6173,#6174,#6180));
#6167 = ORIENTED_EDGE('',*,*,#6168,.T.);
#6168 = EDGE_CURVE('',#4326,#6147,#6169,.T.);
#6169 = LINE('',#6170,#6171);
#6170 = CARTESIAN_POINT('',(-0.8,0.65,0.));
#6171 = VECTOR('',#6172,1.);
#6172 = DIRECTION('',(1.,0.,0.));
#6173 = ORIENTED_EDGE('',*,*,#6146,.T.);
#6174 = ORIENTED_EDGE('',*,*,#6175,.T.);
#6175 = EDGE_CURVE('',#6139,#4324,#6176,.T.);
#6176 = LINE('',#6177,#6178);
#6177 = CARTESIAN_POINT('',(-0.5,0.15,0.));
#6178 = VECTOR('',#6179,1.);
#6179 = DIRECTION('',(-1.,0.,0.));
#6180 = ORIENTED_EDGE('',*,*,#4323,.T.);
#6181 = PLANE('',#6182);
#6182 = AXIS2_PLACEMENT_3D('',#6183,#6184,#6185);
#6183 = CARTESIAN_POINT('',(-0.65,0.4,0.));
#6184 = DIRECTION('',(0.,0.,1.));
#6185 = DIRECTION('',(1.,0.,-0.));
#6186 = ADVANCED_FACE('',(#6187),#6212,.T.);
#6187 = FACE_BOUND('',#6188,.T.);
#6188 = EDGE_LOOP('',(#6189,#6190,#6198,#6206));
#6189 = ORIENTED_EDGE('',*,*,#5527,.F.);
#6190 = ORIENTED_EDGE('',*,*,#6191,.F.);
#6191 = EDGE_CURVE('',#6192,#5520,#6194,.T.);
#6192 = VERTEX_POINT('',#6193);
#6193 = CARTESIAN_POINT('',(-0.5,0.95,0.));
#6194 = LINE('',#6195,#6196);
#6195 = CARTESIAN_POINT('',(-0.5,0.95,0.));
#6196 = VECTOR('',#6197,1.);
#6197 = DIRECTION('',(0.,0.,1.));
#6198 = ORIENTED_EDGE('',*,*,#6199,.F.);
#6199 = EDGE_CURVE('',#6200,#6192,#6202,.T.);
#6200 = VERTEX_POINT('',#6201);
#6201 = CARTESIAN_POINT('',(-0.5,1.45,0.));
#6202 = LINE('',#6203,#6204);
#6203 = CARTESIAN_POINT('',(-0.5,1.45,0.));
#6204 = VECTOR('',#6205,1.);
#6205 = DIRECTION('',(1.387778780781E-16,-1.,0.));
#6206 = ORIENTED_EDGE('',*,*,#6207,.T.);
#6207 = EDGE_CURVE('',#6200,#5528,#6208,.T.);
#6208 = LINE('',#6209,#6210);
#6209 = CARTESIAN_POINT('',(-0.5,1.45,0.));
#6210 = VECTOR('',#6211,1.);
#6211 = DIRECTION('',(0.,0.,1.));
#6212 = PLANE('',#6213);
#6213 = AXIS2_PLACEMENT_3D('',#6214,#6215,#6216);
#6214 = CARTESIAN_POINT('',(-0.5,1.2,0.));
#6215 = DIRECTION('',(1.,1.387778780781E-16,0.));
#6216 = DIRECTION('',(-1.387778780781E-16,1.,0.));
#6217 = ADVANCED_FACE('',(#6218),#6234,.F.);
#6218 = FACE_BOUND('',#6219,.T.);
#6219 = EDGE_LOOP('',(#6220,#6226,#6227,#6233));
#6220 = ORIENTED_EDGE('',*,*,#6221,.T.);
#6221 = EDGE_CURVE('',#4366,#6200,#6222,.T.);
#6222 = LINE('',#6223,#6224);
#6223 = CARTESIAN_POINT('',(-0.8,1.45,0.));
#6224 = VECTOR('',#6225,1.);
#6225 = DIRECTION('',(1.,0.,0.));
#6226 = ORIENTED_EDGE('',*,*,#6199,.T.);
#6227 = ORIENTED_EDGE('',*,*,#6228,.T.);
#6228 = EDGE_CURVE('',#6192,#4364,#6229,.T.);
#6229 = LINE('',#6230,#6231);
#6230 = CARTESIAN_POINT('',(-0.5,0.95,0.));
#6231 = VECTOR('',#6232,1.);
#6232 = DIRECTION('',(-1.,0.,0.));
#6233 = ORIENTED_EDGE('',*,*,#4363,.T.);
#6234 = PLANE('',#6235);
#6235 = AXIS2_PLACEMENT_3D('',#6236,#6237,#6238);
#6236 = CARTESIAN_POINT('',(-0.65,1.2,0.));
#6237 = DIRECTION('',(0.,0.,1.));
#6238 = DIRECTION('',(1.,0.,-0.));
#6239 = ADVANCED_FACE('',(#6240),#6246,.F.);
#6240 = FACE_BOUND('',#6241,.F.);
#6241 = EDGE_LOOP('',(#6242,#6243,#6244,#6245));
#6242 = ORIENTED_EDGE('',*,*,#5342,.T.);
#6243 = ORIENTED_EDGE('',*,*,#4739,.T.);
#6244 = ORIENTED_EDGE('',*,*,#5705,.T.);
#6245 = ORIENTED_EDGE('',*,*,#5659,.T.);
#6246 = CYLINDRICAL_SURFACE('',#6247,0.15);
#6247 = AXIS2_PLACEMENT_3D('',#6248,#6249,#6250);
#6248 = CARTESIAN_POINT('',(0.8,-0.8,0.6));
#6249 = DIRECTION('',(0.,0.,-1.));
#6250 = DIRECTION('',(-1.,0.,0.));
#6251 = ADVANCED_FACE('',(#6252),#6258,.F.);
#6252 = FACE_BOUND('',#6253,.F.);
#6253 = EDGE_LOOP('',(#6254,#6255,#6256,#6257));
#6254 = ORIENTED_EDGE('',*,*,#5744,.T.);
#6255 = ORIENTED_EDGE('',*,*,#4804,.T.);
#6256 = ORIENTED_EDGE('',*,*,#5824,.T.);
#6257 = ORIENTED_EDGE('',*,*,#5626,.T.);
#6258 = CYLINDRICAL_SURFACE('',#6259,0.15);
#6259 = AXIS2_PLACEMENT_3D('',#6260,#6261,#6262);
#6260 = CARTESIAN_POINT('',(0.8,-1.387778780781E-16,0.6));
#6261 = DIRECTION('',(0.,0.,-1.));
#6262 = DIRECTION('',(-1.,0.,0.));
#6263 = ADVANCED_FACE('',(#6264),#6270,.F.);
#6264 = FACE_BOUND('',#6265,.F.);
#6265 = EDGE_LOOP('',(#6266,#6267,#6268,#6269));
#6266 = ORIENTED_EDGE('',*,*,#5863,.T.);
#6267 = ORIENTED_EDGE('',*,*,#4869,.T.);
#6268 = ORIENTED_EDGE('',*,*,#5943,.T.);
#6269 = ORIENTED_EDGE('',*,*,#5593,.T.);
#6270 = CYLINDRICAL_SURFACE('',#6271,0.15);
#6271 = AXIS2_PLACEMENT_3D('',#6272,#6273,#6274);
#6272 = CARTESIAN_POINT('',(0.8,0.8,0.6));
#6273 = DIRECTION('',(0.,0.,-1.));
#6274 = DIRECTION('',(-1.,0.,0.));
#6275 = ADVANCED_FACE('',(#6276),#6292,.F.);
#6276 = FACE_BOUND('',#6277,.F.);
#6277 = EDGE_LOOP('',(#6278,#6284,#6285,#6291));
#6278 = ORIENTED_EDGE('',*,*,#6279,.T.);
#6279 = EDGE_CURVE('',#5445,#5154,#6280,.T.);
#6280 = LINE('',#6281,#6282);
#6281 = CARTESIAN_POINT('',(-0.8,-0.65,0.6));
#6282 = VECTOR('',#6283,1.);
#6283 = DIRECTION('',(0.,0.,1.));
#6284 = ORIENTED_EDGE('',*,*,#5161,.T.);
#6285 = ORIENTED_EDGE('',*,*,#6286,.T.);
#6286 = EDGE_CURVE('',#5162,#5437,#6287,.T.);
#6287 = LINE('',#6288,#6289);
#6288 = CARTESIAN_POINT('',(-0.8,-0.95,0.6));
#6289 = VECTOR('',#6290,1.);
#6290 = DIRECTION('',(0.,0.,-1.));
#6291 = ORIENTED_EDGE('',*,*,#5444,.T.);
#6292 = CYLINDRICAL_SURFACE('',#6293,0.15);
#6293 = AXIS2_PLACEMENT_3D('',#6294,#6295,#6296);
#6294 = CARTESIAN_POINT('',(-0.8,-0.8,0.6));
#6295 = DIRECTION('',(0.,0.,-1.));
#6296 = DIRECTION('',(1.,0.,0.));
#6297 = ADVANCED_FACE('',(#6298),#6314,.F.);
#6298 = FACE_BOUND('',#6299,.F.);
#6299 = EDGE_LOOP('',(#6300,#6306,#6307,#6313));
#6300 = ORIENTED_EDGE('',*,*,#6301,.T.);
#6301 = EDGE_CURVE('',#5478,#5089,#6302,.T.);
#6302 = LINE('',#6303,#6304);
#6303 = CARTESIAN_POINT('',(-0.8,0.15,0.6));
#6304 = VECTOR('',#6305,1.);
#6305 = DIRECTION('',(0.,0.,1.));
#6306 = ORIENTED_EDGE('',*,*,#5096,.T.);
#6307 = ORIENTED_EDGE('',*,*,#6308,.T.);
#6308 = EDGE_CURVE('',#5097,#5470,#6309,.T.);
#6309 = LINE('',#6310,#6311);
#6310 = CARTESIAN_POINT('',(-0.8,-0.15,0.6));
#6311 = VECTOR('',#6312,1.);
#6312 = DIRECTION('',(0.,0.,-1.));
#6313 = ORIENTED_EDGE('',*,*,#5477,.T.);
#6314 = CYLINDRICAL_SURFACE('',#6315,0.15);
#6315 = AXIS2_PLACEMENT_3D('',#6316,#6317,#6318);
#6316 = CARTESIAN_POINT('',(-0.8,-1.387778780781E-16,0.6));
#6317 = DIRECTION('',(0.,0.,-1.));
#6318 = DIRECTION('',(1.,0.,0.));
#6319 = ADVANCED_FACE('',(#6320),#6336,.F.);
#6320 = FACE_BOUND('',#6321,.F.);
#6321 = EDGE_LOOP('',(#6322,#6328,#6329,#6335));
#6322 = ORIENTED_EDGE('',*,*,#6323,.T.);
#6323 = EDGE_CURVE('',#5511,#5024,#6324,.T.);
#6324 = LINE('',#6325,#6326);
#6325 = CARTESIAN_POINT('',(-0.8,0.95,0.6));
#6326 = VECTOR('',#6327,1.);
#6327 = DIRECTION('',(0.,0.,1.));
#6328 = ORIENTED_EDGE('',*,*,#5031,.T.);
#6329 = ORIENTED_EDGE('',*,*,#6330,.T.);
#6330 = EDGE_CURVE('',#5032,#5503,#6331,.T.);
#6331 = LINE('',#6332,#6333);
#6332 = CARTESIAN_POINT('',(-0.8,0.65,0.6));
#6333 = VECTOR('',#6334,1.);
#6334 = DIRECTION('',(0.,0.,-1.));
#6335 = ORIENTED_EDGE('',*,*,#5510,.T.);
#6336 = CYLINDRICAL_SURFACE('',#6337,0.15);
#6337 = AXIS2_PLACEMENT_3D('',#6338,#6339,#6340);
#6338 = CARTESIAN_POINT('',(-0.8,0.8,0.6));
#6339 = DIRECTION('',(0.,0.,-1.));
#6340 = DIRECTION('',(1.,0.,0.));
#6341 = ADVANCED_FACE('',(#6342),#6353,.F.);
#6342 = FACE_BOUND('',#6343,.F.);
#6343 = EDGE_LOOP('',(#6344,#6350,#6351,#6352));
#6344 = ORIENTED_EDGE('',*,*,#6345,.T.);
#6345 = EDGE_CURVE('',#5395,#4667,#6346,.T.);
#6346 = LINE('',#6347,#6348);
#6347 = CARTESIAN_POINT('',(0.65,-1.6,0.6));
#6348 = VECTOR('',#6349,1.);
#6349 = DIRECTION('',(0.,0.,1.));
#6350 = ORIENTED_EDGE('',*,*,#4674,.T.);
#6351 = ORIENTED_EDGE('',*,*,#5289,.T.);
#6352 = ORIENTED_EDGE('',*,*,#5394,.T.);
#6353 = CYLINDRICAL_SURFACE('',#6354,0.15);
#6354 = AXIS2_PLACEMENT_3D('',#6355,#6356,#6357);
#6355 = CARTESIAN_POINT('',(0.8,-1.6,0.6));
#6356 = DIRECTION('',(0.,0.,-1.));
#6357 = DIRECTION('',(-1.,0.,0.));
#6358 = ADVANCED_FACE('',(#6359),#6370,.F.);
#6359 = FACE_BOUND('',#6360,.F.);
#6360 = EDGE_LOOP('',(#6361,#6362,#6363,#6369));
#6361 = ORIENTED_EDGE('',*,*,#5982,.T.);
#6362 = ORIENTED_EDGE('',*,*,#4934,.T.);
#6363 = ORIENTED_EDGE('',*,*,#6364,.T.);
#6364 = EDGE_CURVE('',#4935,#5553,#6365,.T.);
#6365 = LINE('',#6366,#6367);
#6366 = CARTESIAN_POINT('',(0.65,1.6,0.6));
#6367 = VECTOR('',#6368,1.);
#6368 = DIRECTION('',(0.,0.,-1.));
#6369 = ORIENTED_EDGE('',*,*,#5560,.T.);
#6370 = CYLINDRICAL_SURFACE('',#6371,0.15);
#6371 = AXIS2_PLACEMENT_3D('',#6372,#6373,#6374);
#6372 = CARTESIAN_POINT('',(0.8,1.6,0.6));
#6373 = DIRECTION('',(0.,0.,-1.));
#6374 = DIRECTION('',(-1.,0.,0.));
#6375 = ADVANCED_FACE('',(#6376),#6391,.T.);
#6376 = FACE_BOUND('',#6377,.T.);
#6377 = EDGE_LOOP('',(#6378,#6379,#6380,#6381,#6382,#6383,#6384,#6385));
#6378 = ORIENTED_EDGE('',*,*,#4958,.T.);
#6379 = ORIENTED_EDGE('',*,*,#4629,.T.);
#6380 = ORIENTED_EDGE('',*,*,#4643,.T.);
#6381 = ORIENTED_EDGE('',*,*,#4573,.F.);
#6382 = ORIENTED_EDGE('',*,*,#4943,.T.);
#6383 = ORIENTED_EDGE('',*,*,#6364,.T.);
#6384 = ORIENTED_EDGE('',*,*,#5552,.T.);
#6385 = ORIENTED_EDGE('',*,*,#6386,.T.);
#6386 = EDGE_CURVE('',#5544,#4959,#6387,.T.);
#6387 = LINE('',#6388,#6389);
#6388 = CARTESIAN_POINT('',(-0.65,1.6,0.6));
#6389 = VECTOR('',#6390,1.);
#6390 = DIRECTION('',(0.,0.,1.));
#6391 = PLANE('',#6392);
#6392 = AXIS2_PLACEMENT_3D('',#6393,#6394,#6395);
#6393 = CARTESIAN_POINT('',(0.,1.6,1.E-04));
#6394 = DIRECTION('',(0.,1.,0.));
#6395 = DIRECTION('',(0.,-0.,1.));
#6396 = ADVANCED_FACE('',(#6397),#6413,.F.);
#6397 = FACE_BOUND('',#6398,.F.);
#6398 = EDGE_LOOP('',(#6399,#6405,#6406,#6412));
#6399 = ORIENTED_EDGE('',*,*,#6400,.T.);
#6400 = EDGE_CURVE('',#5412,#5219,#6401,.T.);
#6401 = LINE('',#6402,#6403);
#6402 = CARTESIAN_POINT('',(-0.8,-1.45,0.6));
#6403 = VECTOR('',#6404,1.);
#6404 = DIRECTION('',(0.,0.,1.));
#6405 = ORIENTED_EDGE('',*,*,#5226,.T.);
#6406 = ORIENTED_EDGE('',*,*,#6407,.T.);
#6407 = EDGE_CURVE('',#5227,#5404,#6408,.T.);
#6408 = LINE('',#6409,#6410);
#6409 = CARTESIAN_POINT('',(-0.65,-1.6,0.6));
#6410 = VECTOR('',#6411,1.);
#6411 = DIRECTION('',(0.,0.,-1.));
#6412 = ORIENTED_EDGE('',*,*,#5411,.T.);
#6413 = CYLINDRICAL_SURFACE('',#6414,0.15);
#6414 = AXIS2_PLACEMENT_3D('',#6415,#6416,#6417);
#6415 = CARTESIAN_POINT('',(-0.8,-1.6,0.6));
#6416 = DIRECTION('',(0.,0.,-1.));
#6417 = DIRECTION('',(1.,0.,0.));
#6418 = ADVANCED_FACE('',(#6419),#6430,.F.);
#6419 = FACE_BOUND('',#6420,.F.);
#6420 = EDGE_LOOP('',(#6421,#6422,#6423,#6429));
#6421 = ORIENTED_EDGE('',*,*,#6386,.T.);
#6422 = ORIENTED_EDGE('',*,*,#4966,.T.);
#6423 = ORIENTED_EDGE('',*,*,#6424,.T.);
#6424 = EDGE_CURVE('',#4967,#5536,#6425,.T.);
#6425 = LINE('',#6426,#6427);
#6426 = CARTESIAN_POINT('',(-0.8,1.45,0.6));
#6427 = VECTOR('',#6428,1.);
#6428 = DIRECTION('',(0.,0.,-1.));
#6429 = ORIENTED_EDGE('',*,*,#5543,.T.);
#6430 = CYLINDRICAL_SURFACE('',#6431,0.15);
#6431 = AXIS2_PLACEMENT_3D('',#6432,#6433,#6434);
#6432 = CARTESIAN_POINT('',(-0.8,1.6,0.6));
#6433 = DIRECTION('',(0.,0.,-1.));
#6434 = DIRECTION('',(1.,0.,0.));
#6435 = ADVANCED_FACE('',(#6436),#6461,.T.);
#6436 = FACE_BOUND('',#6437,.T.);
#6437 = EDGE_LOOP('',(#6438,#6439,#6447,#6455));
#6438 = ORIENTED_EDGE('',*,*,#4699,.F.);
#6439 = ORIENTED_EDGE('',*,*,#6440,.T.);
#6440 = EDGE_CURVE('',#4692,#6441,#6443,.T.);
#6441 = VERTEX_POINT('',#6442);
#6442 = CARTESIAN_POINT('',(0.7,-1.283333333333,0.60005));
#6443 = LINE('',#6444,#6445);
#6444 = CARTESIAN_POINT('',(0.7,-1.283333333333,0.59995));
#6445 = VECTOR('',#6446,1.);
#6446 = DIRECTION('',(0.,0.,1.));
#6447 = ORIENTED_EDGE('',*,*,#6448,.T.);
#6448 = EDGE_CURVE('',#6441,#6449,#6451,.T.);
#6449 = VERTEX_POINT('',#6450);
#6450 = CARTESIAN_POINT('',(0.5,-1.283333333333,0.60005));
#6451 = LINE('',#6452,#6453);
#6452 = CARTESIAN_POINT('',(0.7,-1.283333333333,0.60005));
#6453 = VECTOR('',#6454,1.);
#6454 = DIRECTION('',(-1.,0.,0.));
#6455 = ORIENTED_EDGE('',*,*,#6456,.F.);
#6456 = EDGE_CURVE('',#4700,#6449,#6457,.T.);
#6457 = LINE('',#6458,#6459);
#6458 = CARTESIAN_POINT('',(0.5,-1.283333333333,0.59995));
#6459 = VECTOR('',#6460,1.);
#6460 = DIRECTION('',(0.,0.,1.));
#6461 = PLANE('',#6462);
#6462 = AXIS2_PLACEMENT_3D('',#6463,#6464,#6465);
#6463 = CARTESIAN_POINT('',(0.6,-1.283333333333,0.59995));
#6464 = DIRECTION('',(0.,-1.,0.));
#6465 = DIRECTION('',(0.,-0.,-1.));
#6466 = ADVANCED_FACE('',(#6467),#6478,.T.);
#6467 = FACE_BOUND('',#6468,.T.);
#6468 = EDGE_LOOP('',(#6469,#6470,#6471,#6477));
#6469 = ORIENTED_EDGE('',*,*,#4691,.F.);
#6470 = ORIENTED_EDGE('',*,*,#5282,.T.);
#6471 = ORIENTED_EDGE('',*,*,#6472,.T.);
#6472 = EDGE_CURVE('',#5275,#6441,#6473,.T.);
#6473 = LINE('',#6474,#6475);
#6474 = CARTESIAN_POINT('',(0.7,-1.45,0.60005));
#6475 = VECTOR('',#6476,1.);
#6476 = DIRECTION('',(0.,1.,0.));
#6477 = ORIENTED_EDGE('',*,*,#6440,.F.);
#6478 = PLANE('',#6479);
#6479 = AXIS2_PLACEMENT_3D('',#6480,#6481,#6482);
#6480 = CARTESIAN_POINT('',(0.7,-1.366666666667,0.59995));
#6481 = DIRECTION('',(-1.,0.,0.));
#6482 = DIRECTION('',(0.,0.,-1.));
#6483 = ADVANCED_FACE('',(#6484),#6502,.T.);
#6484 = FACE_BOUND('',#6485,.T.);
#6485 = EDGE_LOOP('',(#6486,#6487,#6488,#6496));
#6486 = ORIENTED_EDGE('',*,*,#4707,.F.);
#6487 = ORIENTED_EDGE('',*,*,#6456,.T.);
#6488 = ORIENTED_EDGE('',*,*,#6489,.T.);
#6489 = EDGE_CURVE('',#6449,#6490,#6492,.T.);
#6490 = VERTEX_POINT('',#6491);
#6491 = CARTESIAN_POINT('',(0.5,-1.116666666667,0.60005));
#6492 = LINE('',#6493,#6494);
#6493 = CARTESIAN_POINT('',(0.5,-1.283333333333,0.60005));
#6494 = VECTOR('',#6495,1.);
#6495 = DIRECTION('',(0.,1.,0.));
#6496 = ORIENTED_EDGE('',*,*,#6497,.F.);
#6497 = EDGE_CURVE('',#4708,#6490,#6498,.T.);
#6498 = LINE('',#6499,#6500);
#6499 = CARTESIAN_POINT('',(0.5,-1.116666666667,0.59995));
#6500 = VECTOR('',#6501,1.);
#6501 = DIRECTION('',(0.,0.,1.));
#6502 = PLANE('',#6503);
#6503 = AXIS2_PLACEMENT_3D('',#6504,#6505,#6506);
#6504 = CARTESIAN_POINT('',(0.5,-1.2,0.59995));
#6505 = DIRECTION('',(-1.,0.,0.));
#6506 = DIRECTION('',(0.,0.,-1.));
#6507 = ADVANCED_FACE('',(#6508),#6526,.T.);
#6508 = FACE_BOUND('',#6509,.T.);
#6509 = EDGE_LOOP('',(#6510,#6511,#6512,#6520));
#6510 = ORIENTED_EDGE('',*,*,#4715,.F.);
#6511 = ORIENTED_EDGE('',*,*,#6497,.T.);
#6512 = ORIENTED_EDGE('',*,*,#6513,.T.);
#6513 = EDGE_CURVE('',#6490,#6514,#6516,.T.);
#6514 = VERTEX_POINT('',#6515);
#6515 = CARTESIAN_POINT('',(0.7,-1.116666666667,0.60005));
#6516 = LINE('',#6517,#6518);
#6517 = CARTESIAN_POINT('',(0.5,-1.116666666667,0.60005));
#6518 = VECTOR('',#6519,1.);
#6519 = DIRECTION('',(1.,1.387778780781E-15,0.));
#6520 = ORIENTED_EDGE('',*,*,#6521,.F.);
#6521 = EDGE_CURVE('',#4716,#6514,#6522,.T.);
#6522 = LINE('',#6523,#6524);
#6523 = CARTESIAN_POINT('',(0.7,-1.116666666667,0.59995));
#6524 = VECTOR('',#6525,1.);
#6525 = DIRECTION('',(0.,0.,1.));
#6526 = PLANE('',#6527);
#6527 = AXIS2_PLACEMENT_3D('',#6528,#6529,#6530);
#6528 = CARTESIAN_POINT('',(0.6,-1.116666666667,0.59995));
#6529 = DIRECTION('',(-1.387778780781E-15,1.,0.));
#6530 = DIRECTION('',(1.,1.387778780781E-15,0.));
#6531 = ADVANCED_FACE('',(#6532),#6543,.T.);
#6532 = FACE_BOUND('',#6533,.T.);
#6533 = EDGE_LOOP('',(#6534,#6535,#6536,#6542));
#6534 = ORIENTED_EDGE('',*,*,#4723,.F.);
#6535 = ORIENTED_EDGE('',*,*,#6521,.T.);
#6536 = ORIENTED_EDGE('',*,*,#6537,.T.);
#6537 = EDGE_CURVE('',#6514,#5350,#6538,.T.);
#6538 = LINE('',#6539,#6540);
#6539 = CARTESIAN_POINT('',(0.7,-1.116666666667,0.60005));
#6540 = VECTOR('',#6541,1.);
#6541 = DIRECTION('',(0.,1.,0.));
#6542 = ORIENTED_EDGE('',*,*,#5349,.F.);
#6543 = PLANE('',#6544);
#6544 = AXIS2_PLACEMENT_3D('',#6545,#6546,#6547);
#6545 = CARTESIAN_POINT('',(0.7,-1.033333333333,0.59995));
#6546 = DIRECTION('',(-1.,0.,0.));
#6547 = DIRECTION('',(0.,0.,-1.));
#6548 = ADVANCED_FACE('',(#6549),#6559,.T.);
#6549 = FACE_BOUND('',#6550,.T.);
#6550 = EDGE_LOOP('',(#6551,#6552,#6553,#6554,#6555,#6556,#6557,#6558));
#6551 = ORIENTED_EDGE('',*,*,#5274,.T.);
#6552 = ORIENTED_EDGE('',*,*,#4403,.T.);
#6553 = ORIENTED_EDGE('',*,*,#5357,.F.);
#6554 = ORIENTED_EDGE('',*,*,#6537,.F.);
#6555 = ORIENTED_EDGE('',*,*,#6513,.F.);
#6556 = ORIENTED_EDGE('',*,*,#6489,.F.);
#6557 = ORIENTED_EDGE('',*,*,#6448,.F.);
#6558 = ORIENTED_EDGE('',*,*,#6472,.F.);
#6559 = PLANE('',#6560);
#6560 = AXIS2_PLACEMENT_3D('',#6561,#6562,#6563);
#6561 = CARTESIAN_POINT('',(0.691666666667,-1.2,0.60005));
#6562 = DIRECTION('',(-5.004964441465E-29,4.910400935515E-30,1.));
#6563 = DIRECTION('',(1.,0.,5.004964441465E-29));
#6564 = ADVANCED_FACE('',(#6565),#6590,.T.);
#6565 = FACE_BOUND('',#6566,.T.);
#6566 = EDGE_LOOP('',(#6567,#6568,#6576,#6584));
#6567 = ORIENTED_EDGE('',*,*,#4780,.F.);
#6568 = ORIENTED_EDGE('',*,*,#6569,.T.);
#6569 = EDGE_CURVE('',#4773,#6570,#6572,.T.);
#6570 = VERTEX_POINT('',#6571);
#6571 = CARTESIAN_POINT('',(0.5,-0.316666666667,0.60005));
#6572 = LINE('',#6573,#6574);
#6573 = CARTESIAN_POINT('',(0.5,-0.316666666667,0.59995));
#6574 = VECTOR('',#6575,1.);
#6575 = DIRECTION('',(0.,0.,1.));
#6576 = ORIENTED_EDGE('',*,*,#6577,.T.);
#6577 = EDGE_CURVE('',#6570,#6578,#6580,.T.);
#6578 = VERTEX_POINT('',#6579);
#6579 = CARTESIAN_POINT('',(0.7,-0.316666666667,0.60005));
#6580 = LINE('',#6581,#6582);
#6581 = CARTESIAN_POINT('',(0.5,-0.316666666667,0.60005));
#6582 = VECTOR('',#6583,1.);
#6583 = DIRECTION('',(1.,1.387778780781E-15,0.));
#6584 = ORIENTED_EDGE('',*,*,#6585,.F.);
#6585 = EDGE_CURVE('',#4781,#6578,#6586,.T.);
#6586 = LINE('',#6587,#6588);
#6587 = CARTESIAN_POINT('',(0.7,-0.316666666667,0.59995));
#6588 = VECTOR('',#6589,1.);
#6589 = DIRECTION('',(0.,0.,1.));
#6590 = PLANE('',#6591);
#6591 = AXIS2_PLACEMENT_3D('',#6592,#6593,#6594);
#6592 = CARTESIAN_POINT('',(0.6,-0.316666666667,0.59995));
#6593 = DIRECTION('',(-1.387778780781E-15,1.,0.));
#6594 = DIRECTION('',(1.,1.387778780781E-15,0.));
#6595 = ADVANCED_FACE('',(#6596),#6614,.T.);
#6596 = FACE_BOUND('',#6597,.T.);
#6597 = EDGE_LOOP('',(#6598,#6599,#6607,#6613));
#6598 = ORIENTED_EDGE('',*,*,#4772,.F.);
#6599 = ORIENTED_EDGE('',*,*,#6600,.T.);
#6600 = EDGE_CURVE('',#4765,#6601,#6603,.T.);
#6601 = VERTEX_POINT('',#6602);
#6602 = CARTESIAN_POINT('',(0.5,-0.483333333333,0.60005));
#6603 = LINE('',#6604,#6605);
#6604 = CARTESIAN_POINT('',(0.5,-0.483333333333,0.59995));
#6605 = VECTOR('',#6606,1.);
#6606 = DIRECTION('',(0.,0.,1.));
#6607 = ORIENTED_EDGE('',*,*,#6608,.T.);
#6608 = EDGE_CURVE('',#6601,#6570,#6609,.T.);
#6609 = LINE('',#6610,#6611);
#6610 = CARTESIAN_POINT('',(0.5,-0.483333333333,0.60005));
#6611 = VECTOR('',#6612,1.);
#6612 = DIRECTION('',(0.,1.,0.));
#6613 = ORIENTED_EDGE('',*,*,#6569,.F.);
#6614 = PLANE('',#6615);
#6615 = AXIS2_PLACEMENT_3D('',#6616,#6617,#6618);
#6616 = CARTESIAN_POINT('',(0.5,-0.4,0.59995));
#6617 = DIRECTION('',(-1.,0.,0.));
#6618 = DIRECTION('',(0.,0.,-1.));
#6619 = ADVANCED_FACE('',(#6620),#6638,.T.);
#6620 = FACE_BOUND('',#6621,.T.);
#6621 = EDGE_LOOP('',(#6622,#6623,#6631,#6637));
#6622 = ORIENTED_EDGE('',*,*,#4764,.F.);
#6623 = ORIENTED_EDGE('',*,*,#6624,.T.);
#6624 = EDGE_CURVE('',#4757,#6625,#6627,.T.);
#6625 = VERTEX_POINT('',#6626);
#6626 = CARTESIAN_POINT('',(0.7,-0.483333333333,0.60005));
#6627 = LINE('',#6628,#6629);
#6628 = CARTESIAN_POINT('',(0.7,-0.483333333333,0.59995));
#6629 = VECTOR('',#6630,1.);
#6630 = DIRECTION('',(0.,0.,1.));
#6631 = ORIENTED_EDGE('',*,*,#6632,.T.);
#6632 = EDGE_CURVE('',#6625,#6601,#6633,.T.);
#6633 = LINE('',#6634,#6635);
#6634 = CARTESIAN_POINT('',(0.7,-0.483333333333,0.60005));
#6635 = VECTOR('',#6636,1.);
#6636 = DIRECTION('',(-1.,0.,0.));
#6637 = ORIENTED_EDGE('',*,*,#6600,.F.);
#6638 = PLANE('',#6639);
#6639 = AXIS2_PLACEMENT_3D('',#6640,#6641,#6642);
#6640 = CARTESIAN_POINT('',(0.6,-0.483333333333,0.59995));
#6641 = DIRECTION('',(0.,-1.,0.));
#6642 = DIRECTION('',(0.,-0.,-1.));
#6643 = ADVANCED_FACE('',(#6644),#6655,.T.);
#6644 = FACE_BOUND('',#6645,.T.);
#6645 = EDGE_LOOP('',(#6646,#6647,#6648,#6654));
#6646 = ORIENTED_EDGE('',*,*,#4756,.F.);
#6647 = ORIENTED_EDGE('',*,*,#5698,.T.);
#6648 = ORIENTED_EDGE('',*,*,#6649,.T.);
#6649 = EDGE_CURVE('',#5691,#6625,#6650,.T.);
#6650 = LINE('',#6651,#6652);
#6651 = CARTESIAN_POINT('',(0.7,-0.65,0.60005));
#6652 = VECTOR('',#6653,1.);
#6653 = DIRECTION('',(0.,1.,0.));
#6654 = ORIENTED_EDGE('',*,*,#6624,.F.);
#6655 = PLANE('',#6656);
#6656 = AXIS2_PLACEMENT_3D('',#6657,#6658,#6659);
#6657 = CARTESIAN_POINT('',(0.7,-0.566666666667,0.59995));
#6658 = DIRECTION('',(-1.,0.,0.));
#6659 = DIRECTION('',(0.,0.,-1.));
#6660 = ADVANCED_FACE('',(#6661),#6672,.T.);
#6661 = FACE_BOUND('',#6662,.T.);
#6662 = EDGE_LOOP('',(#6663,#6664,#6665,#6671));
#6663 = ORIENTED_EDGE('',*,*,#4788,.F.);
#6664 = ORIENTED_EDGE('',*,*,#6585,.T.);
#6665 = ORIENTED_EDGE('',*,*,#6666,.T.);
#6666 = EDGE_CURVE('',#6578,#5752,#6667,.T.);
#6667 = LINE('',#6668,#6669);
#6668 = CARTESIAN_POINT('',(0.7,-0.316666666667,0.60005));
#6669 = VECTOR('',#6670,1.);
#6670 = DIRECTION('',(0.,1.,0.));
#6671 = ORIENTED_EDGE('',*,*,#5751,.F.);
#6672 = PLANE('',#6673);
#6673 = AXIS2_PLACEMENT_3D('',#6674,#6675,#6676);
#6674 = CARTESIAN_POINT('',(0.7,-0.233333333333,0.59995));
#6675 = DIRECTION('',(-1.,0.,0.));
#6676 = DIRECTION('',(0.,0.,-1.));
#6677 = ADVANCED_FACE('',(#6678),#6688,.T.);
#6678 = FACE_BOUND('',#6679,.T.);
#6679 = EDGE_LOOP('',(#6680,#6681,#6682,#6683,#6684,#6685,#6686,#6687));
#6680 = ORIENTED_EDGE('',*,*,#5690,.T.);
#6681 = ORIENTED_EDGE('',*,*,#4443,.T.);
#6682 = ORIENTED_EDGE('',*,*,#5759,.F.);
#6683 = ORIENTED_EDGE('',*,*,#6666,.F.);
#6684 = ORIENTED_EDGE('',*,*,#6577,.F.);
#6685 = ORIENTED_EDGE('',*,*,#6608,.F.);
#6686 = ORIENTED_EDGE('',*,*,#6632,.F.);
#6687 = ORIENTED_EDGE('',*,*,#6649,.F.);
#6688 = PLANE('',#6689);
#6689 = AXIS2_PLACEMENT_3D('',#6690,#6691,#6692);
#6690 = CARTESIAN_POINT('',(0.691666666667,-0.4,0.60005));
#6691 = DIRECTION('',(-5.004964441465E-29,-1.021847518623E-29,1.));
#6692 = DIRECTION('',(1.,0.,5.004964441465E-29));
#6693 = ADVANCED_FACE('',(#6694),#6719,.T.);
#6694 = FACE_BOUND('',#6695,.T.);
#6695 = EDGE_LOOP('',(#6696,#6697,#6705,#6713));
#6696 = ORIENTED_EDGE('',*,*,#4829,.F.);
#6697 = ORIENTED_EDGE('',*,*,#6698,.T.);
#6698 = EDGE_CURVE('',#4822,#6699,#6701,.T.);
#6699 = VERTEX_POINT('',#6700);
#6700 = CARTESIAN_POINT('',(0.7,0.316666666667,0.60005));
#6701 = LINE('',#6702,#6703);
#6702 = CARTESIAN_POINT('',(0.7,0.316666666667,0.59995));
#6703 = VECTOR('',#6704,1.);
#6704 = DIRECTION('',(0.,0.,1.));
#6705 = ORIENTED_EDGE('',*,*,#6706,.T.);
#6706 = EDGE_CURVE('',#6699,#6707,#6709,.T.);
#6707 = VERTEX_POINT('',#6708);
#6708 = CARTESIAN_POINT('',(0.5,0.316666666667,0.60005));
#6709 = LINE('',#6710,#6711);
#6710 = CARTESIAN_POINT('',(0.7,0.316666666667,0.60005));
#6711 = VECTOR('',#6712,1.);
#6712 = DIRECTION('',(-1.,0.,0.));
#6713 = ORIENTED_EDGE('',*,*,#6714,.F.);
#6714 = EDGE_CURVE('',#4830,#6707,#6715,.T.);
#6715 = LINE('',#6716,#6717);
#6716 = CARTESIAN_POINT('',(0.5,0.316666666667,0.59995));
#6717 = VECTOR('',#6718,1.);
#6718 = DIRECTION('',(0.,0.,1.));
#6719 = PLANE('',#6720);
#6720 = AXIS2_PLACEMENT_3D('',#6721,#6722,#6723);
#6721 = CARTESIAN_POINT('',(0.6,0.316666666667,0.59995));
#6722 = DIRECTION('',(0.,-1.,0.));
#6723 = DIRECTION('',(0.,-0.,-1.));
#6724 = ADVANCED_FACE('',(#6725),#6736,.T.);
#6725 = FACE_BOUND('',#6726,.T.);
#6726 = EDGE_LOOP('',(#6727,#6728,#6729,#6735));
#6727 = ORIENTED_EDGE('',*,*,#4821,.F.);
#6728 = ORIENTED_EDGE('',*,*,#5817,.T.);
#6729 = ORIENTED_EDGE('',*,*,#6730,.T.);
#6730 = EDGE_CURVE('',#5810,#6699,#6731,.T.);
#6731 = LINE('',#6732,#6733);
#6732 = CARTESIAN_POINT('',(0.7,0.15,0.60005));
#6733 = VECTOR('',#6734,1.);
#6734 = DIRECTION('',(0.,1.,0.));
#6735 = ORIENTED_EDGE('',*,*,#6698,.F.);
#6736 = PLANE('',#6737);
#6737 = AXIS2_PLACEMENT_3D('',#6738,#6739,#6740);
#6738 = CARTESIAN_POINT('',(0.7,0.233333333333,0.59995));
#6739 = DIRECTION('',(-1.,0.,0.));
#6740 = DIRECTION('',(0.,0.,-1.));
#6741 = ADVANCED_FACE('',(#6742),#6760,.T.);
#6742 = FACE_BOUND('',#6743,.T.);
#6743 = EDGE_LOOP('',(#6744,#6745,#6746,#6754));
#6744 = ORIENTED_EDGE('',*,*,#4837,.F.);
#6745 = ORIENTED_EDGE('',*,*,#6714,.T.);
#6746 = ORIENTED_EDGE('',*,*,#6747,.T.);
#6747 = EDGE_CURVE('',#6707,#6748,#6750,.T.);
#6748 = VERTEX_POINT('',#6749);
#6749 = CARTESIAN_POINT('',(0.5,0.483333333333,0.60005));
#6750 = LINE('',#6751,#6752);
#6751 = CARTESIAN_POINT('',(0.5,0.316666666667,0.60005));
#6752 = VECTOR('',#6753,1.);
#6753 = DIRECTION('',(0.,1.,0.));
#6754 = ORIENTED_EDGE('',*,*,#6755,.F.);
#6755 = EDGE_CURVE('',#4838,#6748,#6756,.T.);
#6756 = LINE('',#6757,#6758);
#6757 = CARTESIAN_POINT('',(0.5,0.483333333333,0.59995));
#6758 = VECTOR('',#6759,1.);
#6759 = DIRECTION('',(0.,0.,1.));
#6760 = PLANE('',#6761);
#6761 = AXIS2_PLACEMENT_3D('',#6762,#6763,#6764);
#6762 = CARTESIAN_POINT('',(0.5,0.4,0.59995));
#6763 = DIRECTION('',(-1.,0.,0.));
#6764 = DIRECTION('',(0.,0.,-1.));
#6765 = ADVANCED_FACE('',(#6766),#6784,.T.);
#6766 = FACE_BOUND('',#6767,.T.);
#6767 = EDGE_LOOP('',(#6768,#6769,#6770,#6778));
#6768 = ORIENTED_EDGE('',*,*,#4845,.F.);
#6769 = ORIENTED_EDGE('',*,*,#6755,.T.);
#6770 = ORIENTED_EDGE('',*,*,#6771,.T.);
#6771 = EDGE_CURVE('',#6748,#6772,#6774,.T.);
#6772 = VERTEX_POINT('',#6773);
#6773 = CARTESIAN_POINT('',(0.7,0.483333333333,0.60005));
#6774 = LINE('',#6775,#6776);
#6775 = CARTESIAN_POINT('',(0.5,0.483333333333,0.60005));
#6776 = VECTOR('',#6777,1.);
#6777 = DIRECTION('',(1.,1.387778780781E-15,0.));
#6778 = ORIENTED_EDGE('',*,*,#6779,.F.);
#6779 = EDGE_CURVE('',#4846,#6772,#6780,.T.);
#6780 = LINE('',#6781,#6782);
#6781 = CARTESIAN_POINT('',(0.7,0.483333333333,0.59995));
#6782 = VECTOR('',#6783,1.);
#6783 = DIRECTION('',(0.,0.,1.));
#6784 = PLANE('',#6785);
#6785 = AXIS2_PLACEMENT_3D('',#6786,#6787,#6788);
#6786 = CARTESIAN_POINT('',(0.6,0.483333333333,0.59995));
#6787 = DIRECTION('',(-1.387778780781E-15,1.,0.));
#6788 = DIRECTION('',(1.,1.387778780781E-15,0.));
#6789 = ADVANCED_FACE('',(#6790),#6801,.T.);
#6790 = FACE_BOUND('',#6791,.T.);
#6791 = EDGE_LOOP('',(#6792,#6793,#6794,#6800));
#6792 = ORIENTED_EDGE('',*,*,#4853,.F.);
#6793 = ORIENTED_EDGE('',*,*,#6779,.T.);
#6794 = ORIENTED_EDGE('',*,*,#6795,.T.);
#6795 = EDGE_CURVE('',#6772,#5871,#6796,.T.);
#6796 = LINE('',#6797,#6798);
#6797 = CARTESIAN_POINT('',(0.7,0.483333333333,0.60005));
#6798 = VECTOR('',#6799,1.);
#6799 = DIRECTION('',(0.,1.,0.));
#6800 = ORIENTED_EDGE('',*,*,#5870,.F.);
#6801 = PLANE('',#6802);
#6802 = AXIS2_PLACEMENT_3D('',#6803,#6804,#6805);
#6803 = CARTESIAN_POINT('',(0.7,0.566666666667,0.59995));
#6804 = DIRECTION('',(-1.,0.,0.));
#6805 = DIRECTION('',(0.,0.,-1.));
#6806 = ADVANCED_FACE('',(#6807),#6817,.T.);
#6807 = FACE_BOUND('',#6808,.T.);
#6808 = EDGE_LOOP('',(#6809,#6810,#6811,#6812,#6813,#6814,#6815,#6816));
#6809 = ORIENTED_EDGE('',*,*,#5809,.T.);
#6810 = ORIENTED_EDGE('',*,*,#4483,.T.);
#6811 = ORIENTED_EDGE('',*,*,#5878,.F.);
#6812 = ORIENTED_EDGE('',*,*,#6795,.F.);
#6813 = ORIENTED_EDGE('',*,*,#6771,.F.);
#6814 = ORIENTED_EDGE('',*,*,#6747,.F.);
#6815 = ORIENTED_EDGE('',*,*,#6706,.F.);
#6816 = ORIENTED_EDGE('',*,*,#6730,.F.);
#6817 = PLANE('',#6818);
#6818 = AXIS2_PLACEMENT_3D('',#6819,#6820,#6821);
#6819 = CARTESIAN_POINT('',(0.691666666667,0.4,0.60005));
#6820 = DIRECTION('',(-5.004964441465E-29,4.149634593393E-31,1.));
#6821 = DIRECTION('',(1.,0.,5.004964441465E-29));
#6822 = ADVANCED_FACE('',(#6823),#6848,.T.);
#6823 = FACE_BOUND('',#6824,.T.);
#6824 = EDGE_LOOP('',(#6825,#6826,#6834,#6842));
#6825 = ORIENTED_EDGE('',*,*,#4910,.F.);
#6826 = ORIENTED_EDGE('',*,*,#6827,.T.);
#6827 = EDGE_CURVE('',#4903,#6828,#6830,.T.);
#6828 = VERTEX_POINT('',#6829);
#6829 = CARTESIAN_POINT('',(0.5,1.283333333333,0.60005));
#6830 = LINE('',#6831,#6832);
#6831 = CARTESIAN_POINT('',(0.5,1.283333333333,0.59995));
#6832 = VECTOR('',#6833,1.);
#6833 = DIRECTION('',(0.,0.,1.));
#6834 = ORIENTED_EDGE('',*,*,#6835,.T.);
#6835 = EDGE_CURVE('',#6828,#6836,#6838,.T.);
#6836 = VERTEX_POINT('',#6837);
#6837 = CARTESIAN_POINT('',(0.7,1.283333333333,0.60005));
#6838 = LINE('',#6839,#6840);
#6839 = CARTESIAN_POINT('',(0.5,1.283333333333,0.60005));
#6840 = VECTOR('',#6841,1.);
#6841 = DIRECTION('',(1.,1.387778780781E-15,0.));
#6842 = ORIENTED_EDGE('',*,*,#6843,.F.);
#6843 = EDGE_CURVE('',#4911,#6836,#6844,.T.);
#6844 = LINE('',#6845,#6846);
#6845 = CARTESIAN_POINT('',(0.7,1.283333333333,0.59995));
#6846 = VECTOR('',#6847,1.);
#6847 = DIRECTION('',(0.,0.,1.));
#6848 = PLANE('',#6849);
#6849 = AXIS2_PLACEMENT_3D('',#6850,#6851,#6852);
#6850 = CARTESIAN_POINT('',(0.6,1.283333333333,0.59995));
#6851 = DIRECTION('',(-1.387778780781E-15,1.,0.));
#6852 = DIRECTION('',(1.,1.387778780781E-15,0.));
#6853 = ADVANCED_FACE('',(#6854),#6872,.T.);
#6854 = FACE_BOUND('',#6855,.T.);
#6855 = EDGE_LOOP('',(#6856,#6857,#6865,#6871));
#6856 = ORIENTED_EDGE('',*,*,#4902,.F.);
#6857 = ORIENTED_EDGE('',*,*,#6858,.T.);
#6858 = EDGE_CURVE('',#4895,#6859,#6861,.T.);
#6859 = VERTEX_POINT('',#6860);
#6860 = CARTESIAN_POINT('',(0.5,1.116666666667,0.60005));
#6861 = LINE('',#6862,#6863);
#6862 = CARTESIAN_POINT('',(0.5,1.116666666667,0.59995));
#6863 = VECTOR('',#6864,1.);
#6864 = DIRECTION('',(0.,0.,1.));
#6865 = ORIENTED_EDGE('',*,*,#6866,.T.);
#6866 = EDGE_CURVE('',#6859,#6828,#6867,.T.);
#6867 = LINE('',#6868,#6869);
#6868 = CARTESIAN_POINT('',(0.5,1.116666666667,0.60005));
#6869 = VECTOR('',#6870,1.);
#6870 = DIRECTION('',(0.,1.,0.));
#6871 = ORIENTED_EDGE('',*,*,#6827,.F.);
#6872 = PLANE('',#6873);
#6873 = AXIS2_PLACEMENT_3D('',#6874,#6875,#6876);
#6874 = CARTESIAN_POINT('',(0.5,1.2,0.59995));
#6875 = DIRECTION('',(-1.,0.,0.));
#6876 = DIRECTION('',(0.,0.,-1.));
#6877 = ADVANCED_FACE('',(#6878),#6896,.T.);
#6878 = FACE_BOUND('',#6879,.T.);
#6879 = EDGE_LOOP('',(#6880,#6881,#6889,#6895));
#6880 = ORIENTED_EDGE('',*,*,#4894,.F.);
#6881 = ORIENTED_EDGE('',*,*,#6882,.T.);
#6882 = EDGE_CURVE('',#4887,#6883,#6885,.T.);
#6883 = VERTEX_POINT('',#6884);
#6884 = CARTESIAN_POINT('',(0.7,1.116666666667,0.60005));
#6885 = LINE('',#6886,#6887);
#6886 = CARTESIAN_POINT('',(0.7,1.116666666667,0.59995));
#6887 = VECTOR('',#6888,1.);
#6888 = DIRECTION('',(0.,0.,1.));
#6889 = ORIENTED_EDGE('',*,*,#6890,.T.);
#6890 = EDGE_CURVE('',#6883,#6859,#6891,.T.);
#6891 = LINE('',#6892,#6893);
#6892 = CARTESIAN_POINT('',(0.7,1.116666666667,0.60005));
#6893 = VECTOR('',#6894,1.);
#6894 = DIRECTION('',(-1.,0.,0.));
#6895 = ORIENTED_EDGE('',*,*,#6858,.F.);
#6896 = PLANE('',#6897);
#6897 = AXIS2_PLACEMENT_3D('',#6898,#6899,#6900);
#6898 = CARTESIAN_POINT('',(0.6,1.116666666667,0.59995));
#6899 = DIRECTION('',(0.,-1.,0.));
#6900 = DIRECTION('',(0.,-0.,-1.));
#6901 = ADVANCED_FACE('',(#6902),#6913,.T.);
#6902 = FACE_BOUND('',#6903,.T.);
#6903 = EDGE_LOOP('',(#6904,#6905,#6906,#6912));
#6904 = ORIENTED_EDGE('',*,*,#4886,.F.);
#6905 = ORIENTED_EDGE('',*,*,#5936,.T.);
#6906 = ORIENTED_EDGE('',*,*,#6907,.T.);
#6907 = EDGE_CURVE('',#5929,#6883,#6908,.T.);
#6908 = LINE('',#6909,#6910);
#6909 = CARTESIAN_POINT('',(0.7,0.95,0.60005));
#6910 = VECTOR('',#6911,1.);
#6911 = DIRECTION('',(0.,1.,0.));
#6912 = ORIENTED_EDGE('',*,*,#6882,.F.);
#6913 = PLANE('',#6914);
#6914 = AXIS2_PLACEMENT_3D('',#6915,#6916,#6917);
#6915 = CARTESIAN_POINT('',(0.7,1.033333333333,0.59995));
#6916 = DIRECTION('',(-1.,0.,0.));
#6917 = DIRECTION('',(0.,0.,-1.));
#6918 = ADVANCED_FACE('',(#6919),#6930,.T.);
#6919 = FACE_BOUND('',#6920,.T.);
#6920 = EDGE_LOOP('',(#6921,#6922,#6923,#6929));
#6921 = ORIENTED_EDGE('',*,*,#4918,.F.);
#6922 = ORIENTED_EDGE('',*,*,#6843,.T.);
#6923 = ORIENTED_EDGE('',*,*,#6924,.T.);
#6924 = EDGE_CURVE('',#6836,#5990,#6925,.T.);
#6925 = LINE('',#6926,#6927);
#6926 = CARTESIAN_POINT('',(0.7,1.283333333333,0.60005));
#6927 = VECTOR('',#6928,1.);
#6928 = DIRECTION('',(0.,1.,0.));
#6929 = ORIENTED_EDGE('',*,*,#5989,.F.);
#6930 = PLANE('',#6931);
#6931 = AXIS2_PLACEMENT_3D('',#6932,#6933,#6934);
#6932 = CARTESIAN_POINT('',(0.7,1.366666666667,0.59995));
#6933 = DIRECTION('',(-1.,0.,0.));
#6934 = DIRECTION('',(0.,0.,-1.));
#6935 = ADVANCED_FACE('',(#6936),#6946,.T.);
#6936 = FACE_BOUND('',#6937,.T.);
#6937 = EDGE_LOOP('',(#6938,#6939,#6940,#6941,#6942,#6943,#6944,#6945));
#6938 = ORIENTED_EDGE('',*,*,#5928,.T.);
#6939 = ORIENTED_EDGE('',*,*,#4523,.T.);
#6940 = ORIENTED_EDGE('',*,*,#5997,.F.);
#6941 = ORIENTED_EDGE('',*,*,#6924,.F.);
#6942 = ORIENTED_EDGE('',*,*,#6835,.F.);
#6943 = ORIENTED_EDGE('',*,*,#6866,.F.);
#6944 = ORIENTED_EDGE('',*,*,#6890,.F.);
#6945 = ORIENTED_EDGE('',*,*,#6907,.F.);
#6946 = PLANE('',#6947);
#6947 = AXIS2_PLACEMENT_3D('',#6948,#6949,#6950);
#6948 = CARTESIAN_POINT('',(0.691666666667,1.2,0.60005));
#6949 = DIRECTION('',(-5.004964441465E-29,-3.886824402478E-29,1.));
#6950 = DIRECTION('',(1.,0.,5.004964441465E-29));
#6951 = ADVANCED_FACE('',(#6952),#6977,.T.);
#6952 = FACE_BOUND('',#6953,.T.);
#6953 = EDGE_LOOP('',(#6954,#6955,#6963,#6971));
#6954 = ORIENTED_EDGE('',*,*,#5202,.F.);
#6955 = ORIENTED_EDGE('',*,*,#6956,.T.);
#6956 = EDGE_CURVE('',#5195,#6957,#6959,.T.);
#6957 = VERTEX_POINT('',#6958);
#6958 = CARTESIAN_POINT('',(-0.5,-1.283333333333,0.60005));
#6959 = LINE('',#6960,#6961);
#6960 = CARTESIAN_POINT('',(-0.5,-1.283333333333,0.59995));
#6961 = VECTOR('',#6962,1.);
#6962 = DIRECTION('',(0.,0.,1.));
#6963 = ORIENTED_EDGE('',*,*,#6964,.T.);
#6964 = EDGE_CURVE('',#6957,#6965,#6967,.T.);
#6965 = VERTEX_POINT('',#6966);
#6966 = CARTESIAN_POINT('',(-0.7,-1.283333333333,0.60005));
#6967 = LINE('',#6968,#6969);
#6968 = CARTESIAN_POINT('',(-0.7,-1.283333333333,0.60005));
#6969 = VECTOR('',#6970,1.);
#6970 = DIRECTION('',(-1.,0.,0.));
#6971 = ORIENTED_EDGE('',*,*,#6972,.F.);
#6972 = EDGE_CURVE('',#5203,#6965,#6973,.T.);
#6973 = LINE('',#6974,#6975);
#6974 = CARTESIAN_POINT('',(-0.7,-1.283333333333,0.59995));
#6975 = VECTOR('',#6976,1.);
#6976 = DIRECTION('',(0.,0.,1.));
#6977 = PLANE('',#6978);
#6978 = AXIS2_PLACEMENT_3D('',#6979,#6980,#6981);
#6979 = CARTESIAN_POINT('',(-0.6,-1.283333333333,0.59995));
#6980 = DIRECTION('',(0.,-1.,0.));
#6981 = DIRECTION('',(0.,-0.,-1.));
#6982 = ADVANCED_FACE('',(#6983),#7001,.T.);
#6983 = FACE_BOUND('',#6984,.T.);
#6984 = EDGE_LOOP('',(#6985,#6986,#6994,#7000));
#6985 = ORIENTED_EDGE('',*,*,#5194,.F.);
#6986 = ORIENTED_EDGE('',*,*,#6987,.T.);
#6987 = EDGE_CURVE('',#5187,#6988,#6990,.T.);
#6988 = VERTEX_POINT('',#6989);
#6989 = CARTESIAN_POINT('',(-0.5,-1.116666666667,0.60005));
#6990 = LINE('',#6991,#6992);
#6991 = CARTESIAN_POINT('',(-0.5,-1.116666666667,0.59995));
#6992 = VECTOR('',#6993,1.);
#6993 = DIRECTION('',(0.,0.,1.));
#6994 = ORIENTED_EDGE('',*,*,#6995,.T.);
#6995 = EDGE_CURVE('',#6988,#6957,#6996,.T.);
#6996 = LINE('',#6997,#6998);
#6997 = CARTESIAN_POINT('',(-0.5,-1.283333333333,0.60005));
#6998 = VECTOR('',#6999,1.);
#6999 = DIRECTION('',(0.,-1.,0.));
#7000 = ORIENTED_EDGE('',*,*,#6956,.F.);
#7001 = PLANE('',#7002);
#7002 = AXIS2_PLACEMENT_3D('',#7003,#7004,#7005);
#7003 = CARTESIAN_POINT('',(-0.5,-1.2,0.59995));
#7004 = DIRECTION('',(1.,0.,0.));
#7005 = DIRECTION('',(-0.,0.,1.));
#7006 = ADVANCED_FACE('',(#7007),#7025,.T.);
#7007 = FACE_BOUND('',#7008,.T.);
#7008 = EDGE_LOOP('',(#7009,#7010,#7018,#7024));
#7009 = ORIENTED_EDGE('',*,*,#5186,.F.);
#7010 = ORIENTED_EDGE('',*,*,#7011,.T.);
#7011 = EDGE_CURVE('',#5179,#7012,#7014,.T.);
#7012 = VERTEX_POINT('',#7013);
#7013 = CARTESIAN_POINT('',(-0.7,-1.116666666667,0.60005));
#7014 = LINE('',#7015,#7016);
#7015 = CARTESIAN_POINT('',(-0.7,-1.116666666667,0.59995));
#7016 = VECTOR('',#7017,1.);
#7017 = DIRECTION('',(0.,0.,1.));
#7018 = ORIENTED_EDGE('',*,*,#7019,.T.);
#7019 = EDGE_CURVE('',#7012,#6988,#7020,.T.);
#7020 = LINE('',#7021,#7022);
#7021 = CARTESIAN_POINT('',(-0.5,-1.116666666667,0.60005));
#7022 = VECTOR('',#7023,1.);
#7023 = DIRECTION('',(1.,-1.387778780781E-15,0.));
#7024 = ORIENTED_EDGE('',*,*,#6987,.F.);
#7025 = PLANE('',#7026);
#7026 = AXIS2_PLACEMENT_3D('',#7027,#7028,#7029);
#7027 = CARTESIAN_POINT('',(-0.6,-1.116666666667,0.59995));
#7028 = DIRECTION('',(1.387778780781E-15,1.,0.));
#7029 = DIRECTION('',(1.,-1.387778780781E-15,0.));
#7030 = ADVANCED_FACE('',(#7031),#7049,.T.);
#7031 = FACE_BOUND('',#7032,.T.);
#7032 = EDGE_LOOP('',(#7033,#7034,#7042,#7048));
#7033 = ORIENTED_EDGE('',*,*,#5178,.F.);
#7034 = ORIENTED_EDGE('',*,*,#7035,.T.);
#7035 = EDGE_CURVE('',#5171,#7036,#7038,.T.);
#7036 = VERTEX_POINT('',#7037);
#7037 = CARTESIAN_POINT('',(-0.7,-0.95,0.60005));
#7038 = LINE('',#7039,#7040);
#7039 = CARTESIAN_POINT('',(-0.7,-0.95,0.59995));
#7040 = VECTOR('',#7041,1.);
#7041 = DIRECTION('',(0.,0.,1.));
#7042 = ORIENTED_EDGE('',*,*,#7043,.T.);
#7043 = EDGE_CURVE('',#7036,#7012,#7044,.T.);
#7044 = LINE('',#7045,#7046);
#7045 = CARTESIAN_POINT('',(-0.7,-1.116666666667,0.60005));
#7046 = VECTOR('',#7047,1.);
#7047 = DIRECTION('',(0.,-1.,0.));
#7048 = ORIENTED_EDGE('',*,*,#7011,.F.);
#7049 = PLANE('',#7050);
#7050 = AXIS2_PLACEMENT_3D('',#7051,#7052,#7053);
#7051 = CARTESIAN_POINT('',(-0.7,-1.033333333333,0.59995));
#7052 = DIRECTION('',(1.,0.,0.));
#7053 = DIRECTION('',(-0.,0.,1.));
#7054 = ADVANCED_FACE('',(#7055),#7070,.T.);
#7055 = FACE_BOUND('',#7056,.T.);
#7056 = EDGE_LOOP('',(#7057,#7058,#7059,#7060,#7061,#7062,#7063,#7069));
#7057 = ORIENTED_EDGE('',*,*,#5170,.F.);
#7058 = ORIENTED_EDGE('',*,*,#6286,.T.);
#7059 = ORIENTED_EDGE('',*,*,#5436,.F.);
#7060 = ORIENTED_EDGE('',*,*,#6048,.F.);
#7061 = ORIENTED_EDGE('',*,*,#6062,.F.);
#7062 = ORIENTED_EDGE('',*,*,#4269,.T.);
#7063 = ORIENTED_EDGE('',*,*,#7064,.F.);
#7064 = EDGE_CURVE('',#7036,#4262,#7065,.T.);
#7065 = LINE('',#7066,#7067);
#7066 = CARTESIAN_POINT('',(-0.8,-0.95,0.60005));
#7067 = VECTOR('',#7068,1.);
#7068 = DIRECTION('',(-1.,0.,0.));
#7069 = ORIENTED_EDGE('',*,*,#7035,.F.);
#7070 = PLANE('',#7071);
#7071 = AXIS2_PLACEMENT_3D('',#7072,#7073,#7074);
#7072 = CARTESIAN_POINT('',(-0.75,-0.95,0.59995));
#7073 = DIRECTION('',(-2.775557561563E-15,1.,0.));
#7074 = DIRECTION('',(1.,2.775557561563E-15,0.));
#7075 = ADVANCED_FACE('',(#7076),#7094,.T.);
#7076 = FACE_BOUND('',#7077,.T.);
#7077 = EDGE_LOOP('',(#7078,#7079,#7080,#7088));
#7078 = ORIENTED_EDGE('',*,*,#5210,.F.);
#7079 = ORIENTED_EDGE('',*,*,#6972,.T.);
#7080 = ORIENTED_EDGE('',*,*,#7081,.T.);
#7081 = EDGE_CURVE('',#6965,#7082,#7084,.T.);
#7082 = VERTEX_POINT('',#7083);
#7083 = CARTESIAN_POINT('',(-0.7,-1.45,0.60005));
#7084 = LINE('',#7085,#7086);
#7085 = CARTESIAN_POINT('',(-0.7,-1.45,0.60005));
#7086 = VECTOR('',#7087,1.);
#7087 = DIRECTION('',(0.,-1.,0.));
#7088 = ORIENTED_EDGE('',*,*,#7089,.F.);
#7089 = EDGE_CURVE('',#5211,#7082,#7090,.T.);
#7090 = LINE('',#7091,#7092);
#7091 = CARTESIAN_POINT('',(-0.7,-1.45,0.59995));
#7092 = VECTOR('',#7093,1.);
#7093 = DIRECTION('',(0.,0.,1.));
#7094 = PLANE('',#7095);
#7095 = AXIS2_PLACEMENT_3D('',#7096,#7097,#7098);
#7096 = CARTESIAN_POINT('',(-0.7,-1.366666666667,0.59995));
#7097 = DIRECTION('',(1.,0.,0.));
#7098 = DIRECTION('',(-0.,0.,1.));
#7099 = ADVANCED_FACE('',(#7100),#7115,.T.);
#7100 = FACE_BOUND('',#7101,.T.);
#7101 = EDGE_LOOP('',(#7102,#7103,#7104,#7110,#7111,#7112,#7113,#7114));
#7102 = ORIENTED_EDGE('',*,*,#5218,.F.);
#7103 = ORIENTED_EDGE('',*,*,#7089,.T.);
#7104 = ORIENTED_EDGE('',*,*,#7105,.T.);
#7105 = EDGE_CURVE('',#7082,#4254,#7106,.T.);
#7106 = LINE('',#7107,#7108);
#7107 = CARTESIAN_POINT('',(-0.8,-1.45,0.60005));
#7108 = VECTOR('',#7109,1.);
#7109 = DIRECTION('',(-1.,0.,0.));
#7110 = ORIENTED_EDGE('',*,*,#4253,.T.);
#7111 = ORIENTED_EDGE('',*,*,#6069,.F.);
#7112 = ORIENTED_EDGE('',*,*,#6032,.T.);
#7113 = ORIENTED_EDGE('',*,*,#5420,.F.);
#7114 = ORIENTED_EDGE('',*,*,#6400,.T.);
#7115 = PLANE('',#7116);
#7116 = AXIS2_PLACEMENT_3D('',#7117,#7118,#7119);
#7117 = CARTESIAN_POINT('',(-0.75,-1.45,0.59995));
#7118 = DIRECTION('',(0.,-1.,0.));
#7119 = DIRECTION('',(0.,-0.,-1.));
#7120 = ADVANCED_FACE('',(#7121),#7131,.T.);
#7121 = FACE_BOUND('',#7122,.T.);
#7122 = EDGE_LOOP('',(#7123,#7124,#7125,#7126,#7127,#7128,#7129,#7130));
#7123 = ORIENTED_EDGE('',*,*,#7064,.T.);
#7124 = ORIENTED_EDGE('',*,*,#4261,.T.);
#7125 = ORIENTED_EDGE('',*,*,#7105,.F.);
#7126 = ORIENTED_EDGE('',*,*,#7081,.F.);
#7127 = ORIENTED_EDGE('',*,*,#6964,.F.);
#7128 = ORIENTED_EDGE('',*,*,#6995,.F.);
#7129 = ORIENTED_EDGE('',*,*,#7019,.F.);
#7130 = ORIENTED_EDGE('',*,*,#7043,.F.);
#7131 = PLANE('',#7132);
#7132 = AXIS2_PLACEMENT_3D('',#7133,#7134,#7135);
#7133 = CARTESIAN_POINT('',(-0.691666666667,-1.2,0.60005));
#7134 = DIRECTION('',(5.004964441465E-29,4.910400935515E-30,1.));
#7135 = DIRECTION('',(1.,0.,-5.004964441465E-29));
#7136 = ADVANCED_FACE('',(#7137),#7162,.T.);
#7137 = FACE_BOUND('',#7138,.T.);
#7138 = EDGE_LOOP('',(#7139,#7140,#7148,#7156));
#7139 = ORIENTED_EDGE('',*,*,#5121,.F.);
#7140 = ORIENTED_EDGE('',*,*,#7141,.T.);
#7141 = EDGE_CURVE('',#5114,#7142,#7144,.T.);
#7142 = VERTEX_POINT('',#7143);
#7143 = CARTESIAN_POINT('',(-0.7,-0.316666666667,0.60005));
#7144 = LINE('',#7145,#7146);
#7145 = CARTESIAN_POINT('',(-0.7,-0.316666666667,0.59995));
#7146 = VECTOR('',#7147,1.);
#7147 = DIRECTION('',(0.,0.,1.));
#7148 = ORIENTED_EDGE('',*,*,#7149,.T.);
#7149 = EDGE_CURVE('',#7142,#7150,#7152,.T.);
#7150 = VERTEX_POINT('',#7151);
#7151 = CARTESIAN_POINT('',(-0.5,-0.316666666667,0.60005));
#7152 = LINE('',#7153,#7154);
#7153 = CARTESIAN_POINT('',(-0.5,-0.316666666667,0.60005));
#7154 = VECTOR('',#7155,1.);
#7155 = DIRECTION('',(1.,-1.387778780781E-15,0.));
#7156 = ORIENTED_EDGE('',*,*,#7157,.F.);
#7157 = EDGE_CURVE('',#5122,#7150,#7158,.T.);
#7158 = LINE('',#7159,#7160);
#7159 = CARTESIAN_POINT('',(-0.5,-0.316666666667,0.59995));
#7160 = VECTOR('',#7161,1.);
#7161 = DIRECTION('',(0.,0.,1.));
#7162 = PLANE('',#7163);
#7163 = AXIS2_PLACEMENT_3D('',#7164,#7165,#7166);
#7164 = CARTESIAN_POINT('',(-0.6,-0.316666666667,0.59995));
#7165 = DIRECTION('',(1.387778780781E-15,1.,0.));
#7166 = DIRECTION('',(1.,-1.387778780781E-15,0.));
#7167 = ADVANCED_FACE('',(#7168),#7186,.T.);
#7168 = FACE_BOUND('',#7169,.T.);
#7169 = EDGE_LOOP('',(#7170,#7171,#7179,#7185));
#7170 = ORIENTED_EDGE('',*,*,#5113,.F.);
#7171 = ORIENTED_EDGE('',*,*,#7172,.T.);
#7172 = EDGE_CURVE('',#5106,#7173,#7175,.T.);
#7173 = VERTEX_POINT('',#7174);
#7174 = CARTESIAN_POINT('',(-0.7,-0.15,0.60005));
#7175 = LINE('',#7176,#7177);
#7176 = CARTESIAN_POINT('',(-0.7,-0.15,0.59995));
#7177 = VECTOR('',#7178,1.);
#7178 = DIRECTION('',(0.,0.,1.));
#7179 = ORIENTED_EDGE('',*,*,#7180,.T.);
#7180 = EDGE_CURVE('',#7173,#7142,#7181,.T.);
#7181 = LINE('',#7182,#7183);
#7182 = CARTESIAN_POINT('',(-0.7,-0.316666666667,0.60005));
#7183 = VECTOR('',#7184,1.);
#7184 = DIRECTION('',(0.,-1.,0.));
#7185 = ORIENTED_EDGE('',*,*,#7141,.F.);
#7186 = PLANE('',#7187);
#7187 = AXIS2_PLACEMENT_3D('',#7188,#7189,#7190);
#7188 = CARTESIAN_POINT('',(-0.7,-0.233333333333,0.59995));
#7189 = DIRECTION('',(1.,0.,0.));
#7190 = DIRECTION('',(-0.,0.,1.));
#7191 = ADVANCED_FACE('',(#7192),#7207,.T.);
#7192 = FACE_BOUND('',#7193,.T.);
#7193 = EDGE_LOOP('',(#7194,#7195,#7196,#7197,#7198,#7199,#7200,#7206));
#7194 = ORIENTED_EDGE('',*,*,#5105,.F.);
#7195 = ORIENTED_EDGE('',*,*,#6308,.T.);
#7196 = ORIENTED_EDGE('',*,*,#5469,.F.);
#7197 = ORIENTED_EDGE('',*,*,#6101,.F.);
#7198 = ORIENTED_EDGE('',*,*,#6115,.F.);
#7199 = ORIENTED_EDGE('',*,*,#4309,.T.);
#7200 = ORIENTED_EDGE('',*,*,#7201,.F.);
#7201 = EDGE_CURVE('',#7173,#4302,#7202,.T.);
#7202 = LINE('',#7203,#7204);
#7203 = CARTESIAN_POINT('',(-0.8,-0.15,0.60005));
#7204 = VECTOR('',#7205,1.);
#7205 = DIRECTION('',(-1.,0.,0.));
#7206 = ORIENTED_EDGE('',*,*,#7172,.F.);
#7207 = PLANE('',#7208);
#7208 = AXIS2_PLACEMENT_3D('',#7209,#7210,#7211);
#7209 = CARTESIAN_POINT('',(-0.75,-0.15,0.59995));
#7210 = DIRECTION('',(-2.775557561563E-15,1.,0.));
#7211 = DIRECTION('',(1.,2.775557561563E-15,0.));
#7212 = ADVANCED_FACE('',(#7213),#7231,.T.);
#7213 = FACE_BOUND('',#7214,.T.);
#7214 = EDGE_LOOP('',(#7215,#7216,#7217,#7225));
#7215 = ORIENTED_EDGE('',*,*,#5129,.F.);
#7216 = ORIENTED_EDGE('',*,*,#7157,.T.);
#7217 = ORIENTED_EDGE('',*,*,#7218,.T.);
#7218 = EDGE_CURVE('',#7150,#7219,#7221,.T.);
#7219 = VERTEX_POINT('',#7220);
#7220 = CARTESIAN_POINT('',(-0.5,-0.483333333333,0.60005));
#7221 = LINE('',#7222,#7223);
#7222 = CARTESIAN_POINT('',(-0.5,-0.483333333333,0.60005));
#7223 = VECTOR('',#7224,1.);
#7224 = DIRECTION('',(0.,-1.,0.));
#7225 = ORIENTED_EDGE('',*,*,#7226,.F.);
#7226 = EDGE_CURVE('',#5130,#7219,#7227,.T.);
#7227 = LINE('',#7228,#7229);
#7228 = CARTESIAN_POINT('',(-0.5,-0.483333333333,0.59995));
#7229 = VECTOR('',#7230,1.);
#7230 = DIRECTION('',(0.,0.,1.));
#7231 = PLANE('',#7232);
#7232 = AXIS2_PLACEMENT_3D('',#7233,#7234,#7235);
#7233 = CARTESIAN_POINT('',(-0.5,-0.4,0.59995));
#7234 = DIRECTION('',(1.,0.,0.));
#7235 = DIRECTION('',(-0.,0.,1.));
#7236 = ADVANCED_FACE('',(#7237),#7255,.T.);
#7237 = FACE_BOUND('',#7238,.T.);
#7238 = EDGE_LOOP('',(#7239,#7240,#7241,#7249));
#7239 = ORIENTED_EDGE('',*,*,#5137,.F.);
#7240 = ORIENTED_EDGE('',*,*,#7226,.T.);
#7241 = ORIENTED_EDGE('',*,*,#7242,.T.);
#7242 = EDGE_CURVE('',#7219,#7243,#7245,.T.);
#7243 = VERTEX_POINT('',#7244);
#7244 = CARTESIAN_POINT('',(-0.7,-0.483333333333,0.60005));
#7245 = LINE('',#7246,#7247);
#7246 = CARTESIAN_POINT('',(-0.7,-0.483333333333,0.60005));
#7247 = VECTOR('',#7248,1.);
#7248 = DIRECTION('',(-1.,0.,0.));
#7249 = ORIENTED_EDGE('',*,*,#7250,.F.);
#7250 = EDGE_CURVE('',#5138,#7243,#7251,.T.);
#7251 = LINE('',#7252,#7253);
#7252 = CARTESIAN_POINT('',(-0.7,-0.483333333333,0.59995));
#7253 = VECTOR('',#7254,1.);
#7254 = DIRECTION('',(0.,0.,1.));
#7255 = PLANE('',#7256);
#7256 = AXIS2_PLACEMENT_3D('',#7257,#7258,#7259);
#7257 = CARTESIAN_POINT('',(-0.6,-0.483333333333,0.59995));
#7258 = DIRECTION('',(0.,-1.,0.));
#7259 = DIRECTION('',(0.,-0.,-1.));
#7260 = ADVANCED_FACE('',(#7261),#7279,.T.);
#7261 = FACE_BOUND('',#7262,.T.);
#7262 = EDGE_LOOP('',(#7263,#7264,#7265,#7273));
#7263 = ORIENTED_EDGE('',*,*,#5145,.F.);
#7264 = ORIENTED_EDGE('',*,*,#7250,.T.);
#7265 = ORIENTED_EDGE('',*,*,#7266,.T.);
#7266 = EDGE_CURVE('',#7243,#7267,#7269,.T.);
#7267 = VERTEX_POINT('',#7268);
#7268 = CARTESIAN_POINT('',(-0.7,-0.65,0.60005));
#7269 = LINE('',#7270,#7271);
#7270 = CARTESIAN_POINT('',(-0.7,-0.65,0.60005));
#7271 = VECTOR('',#7272,1.);
#7272 = DIRECTION('',(0.,-1.,0.));
#7273 = ORIENTED_EDGE('',*,*,#7274,.F.);
#7274 = EDGE_CURVE('',#5146,#7267,#7275,.T.);
#7275 = LINE('',#7276,#7277);
#7276 = CARTESIAN_POINT('',(-0.7,-0.65,0.59995));
#7277 = VECTOR('',#7278,1.);
#7278 = DIRECTION('',(0.,0.,1.));
#7279 = PLANE('',#7280);
#7280 = AXIS2_PLACEMENT_3D('',#7281,#7282,#7283);
#7281 = CARTESIAN_POINT('',(-0.7,-0.566666666667,0.59995));
#7282 = DIRECTION('',(1.,0.,0.));
#7283 = DIRECTION('',(-0.,0.,1.));
#7284 = ADVANCED_FACE('',(#7285),#7300,.T.);
#7285 = FACE_BOUND('',#7286,.T.);
#7286 = EDGE_LOOP('',(#7287,#7288,#7289,#7295,#7296,#7297,#7298,#7299));
#7287 = ORIENTED_EDGE('',*,*,#5153,.F.);
#7288 = ORIENTED_EDGE('',*,*,#7274,.T.);
#7289 = ORIENTED_EDGE('',*,*,#7290,.T.);
#7290 = EDGE_CURVE('',#7267,#4294,#7291,.T.);
#7291 = LINE('',#7292,#7293);
#7292 = CARTESIAN_POINT('',(-0.8,-0.65,0.60005));
#7293 = VECTOR('',#7294,1.);
#7294 = DIRECTION('',(-1.,1.387778780781E-15,0.));
#7295 = ORIENTED_EDGE('',*,*,#4293,.T.);
#7296 = ORIENTED_EDGE('',*,*,#6122,.F.);
#7297 = ORIENTED_EDGE('',*,*,#6085,.T.);
#7298 = ORIENTED_EDGE('',*,*,#5453,.F.);
#7299 = ORIENTED_EDGE('',*,*,#6279,.T.);
#7300 = PLANE('',#7301);
#7301 = AXIS2_PLACEMENT_3D('',#7302,#7303,#7304);
#7302 = CARTESIAN_POINT('',(-0.75,-0.65,0.59995));
#7303 = DIRECTION('',(-1.387778780781E-15,-1.,0.));
#7304 = DIRECTION('',(-1.,1.387778780781E-15,0.));
#7305 = ADVANCED_FACE('',(#7306),#7316,.T.);
#7306 = FACE_BOUND('',#7307,.T.);
#7307 = EDGE_LOOP('',(#7308,#7309,#7310,#7311,#7312,#7313,#7314,#7315));
#7308 = ORIENTED_EDGE('',*,*,#7201,.T.);
#7309 = ORIENTED_EDGE('',*,*,#4301,.T.);
#7310 = ORIENTED_EDGE('',*,*,#7290,.F.);
#7311 = ORIENTED_EDGE('',*,*,#7266,.F.);
#7312 = ORIENTED_EDGE('',*,*,#7242,.F.);
#7313 = ORIENTED_EDGE('',*,*,#7218,.F.);
#7314 = ORIENTED_EDGE('',*,*,#7149,.F.);
#7315 = ORIENTED_EDGE('',*,*,#7180,.F.);
#7316 = PLANE('',#7317);
#7317 = AXIS2_PLACEMENT_3D('',#7318,#7319,#7320);
#7318 = CARTESIAN_POINT('',(-0.691666666667,-0.4,0.60005));
#7319 = DIRECTION('',(5.004964441465E-29,-1.021847518623E-29,1.));
#7320 = DIRECTION('',(1.,0.,-5.004964441465E-29));
#7321 = ADVANCED_FACE('',(#7322),#7347,.T.);
#7322 = FACE_BOUND('',#7323,.T.);
#7323 = EDGE_LOOP('',(#7324,#7325,#7333,#7341));
#7324 = ORIENTED_EDGE('',*,*,#5072,.F.);
#7325 = ORIENTED_EDGE('',*,*,#7326,.T.);
#7326 = EDGE_CURVE('',#5065,#7327,#7329,.T.);
#7327 = VERTEX_POINT('',#7328);
#7328 = CARTESIAN_POINT('',(-0.5,0.316666666667,0.60005));
#7329 = LINE('',#7330,#7331);
#7330 = CARTESIAN_POINT('',(-0.5,0.316666666667,0.59995));
#7331 = VECTOR('',#7332,1.);
#7332 = DIRECTION('',(0.,0.,1.));
#7333 = ORIENTED_EDGE('',*,*,#7334,.T.);
#7334 = EDGE_CURVE('',#7327,#7335,#7337,.T.);
#7335 = VERTEX_POINT('',#7336);
#7336 = CARTESIAN_POINT('',(-0.7,0.316666666667,0.60005));
#7337 = LINE('',#7338,#7339);
#7338 = CARTESIAN_POINT('',(-0.7,0.316666666667,0.60005));
#7339 = VECTOR('',#7340,1.);
#7340 = DIRECTION('',(-1.,0.,0.));
#7341 = ORIENTED_EDGE('',*,*,#7342,.F.);
#7342 = EDGE_CURVE('',#5073,#7335,#7343,.T.);
#7343 = LINE('',#7344,#7345);
#7344 = CARTESIAN_POINT('',(-0.7,0.316666666667,0.59995));
#7345 = VECTOR('',#7346,1.);
#7346 = DIRECTION('',(0.,0.,1.));
#7347 = PLANE('',#7348);
#7348 = AXIS2_PLACEMENT_3D('',#7349,#7350,#7351);
#7349 = CARTESIAN_POINT('',(-0.6,0.316666666667,0.59995));
#7350 = DIRECTION('',(0.,-1.,0.));
#7351 = DIRECTION('',(0.,-0.,-1.));
#7352 = ADVANCED_FACE('',(#7353),#7371,.T.);
#7353 = FACE_BOUND('',#7354,.T.);
#7354 = EDGE_LOOP('',(#7355,#7356,#7364,#7370));
#7355 = ORIENTED_EDGE('',*,*,#5064,.F.);
#7356 = ORIENTED_EDGE('',*,*,#7357,.T.);
#7357 = EDGE_CURVE('',#5057,#7358,#7360,.T.);
#7358 = VERTEX_POINT('',#7359);
#7359 = CARTESIAN_POINT('',(-0.5,0.483333333333,0.60005));
#7360 = LINE('',#7361,#7362);
#7361 = CARTESIAN_POINT('',(-0.5,0.483333333333,0.59995));
#7362 = VECTOR('',#7363,1.);
#7363 = DIRECTION('',(0.,0.,1.));
#7364 = ORIENTED_EDGE('',*,*,#7365,.T.);
#7365 = EDGE_CURVE('',#7358,#7327,#7366,.T.);
#7366 = LINE('',#7367,#7368);
#7367 = CARTESIAN_POINT('',(-0.5,0.316666666667,0.60005));
#7368 = VECTOR('',#7369,1.);
#7369 = DIRECTION('',(0.,-1.,0.));
#7370 = ORIENTED_EDGE('',*,*,#7326,.F.);
#7371 = PLANE('',#7372);
#7372 = AXIS2_PLACEMENT_3D('',#7373,#7374,#7375);
#7373 = CARTESIAN_POINT('',(-0.5,0.4,0.59995));
#7374 = DIRECTION('',(1.,0.,0.));
#7375 = DIRECTION('',(-0.,0.,1.));
#7376 = ADVANCED_FACE('',(#7377),#7395,.T.);
#7377 = FACE_BOUND('',#7378,.T.);
#7378 = EDGE_LOOP('',(#7379,#7380,#7388,#7394));
#7379 = ORIENTED_EDGE('',*,*,#5056,.F.);
#7380 = ORIENTED_EDGE('',*,*,#7381,.T.);
#7381 = EDGE_CURVE('',#5049,#7382,#7384,.T.);
#7382 = VERTEX_POINT('',#7383);
#7383 = CARTESIAN_POINT('',(-0.7,0.483333333333,0.60005));
#7384 = LINE('',#7385,#7386);
#7385 = CARTESIAN_POINT('',(-0.7,0.483333333333,0.59995));
#7386 = VECTOR('',#7387,1.);
#7387 = DIRECTION('',(0.,0.,1.));
#7388 = ORIENTED_EDGE('',*,*,#7389,.T.);
#7389 = EDGE_CURVE('',#7382,#7358,#7390,.T.);
#7390 = LINE('',#7391,#7392);
#7391 = CARTESIAN_POINT('',(-0.5,0.483333333333,0.60005));
#7392 = VECTOR('',#7393,1.);
#7393 = DIRECTION('',(1.,-1.387778780781E-15,0.));
#7394 = ORIENTED_EDGE('',*,*,#7357,.F.);
#7395 = PLANE('',#7396);
#7396 = AXIS2_PLACEMENT_3D('',#7397,#7398,#7399);
#7397 = CARTESIAN_POINT('',(-0.6,0.483333333333,0.59995));
#7398 = DIRECTION('',(1.387778780781E-15,1.,0.));
#7399 = DIRECTION('',(1.,-1.387778780781E-15,0.));
#7400 = ADVANCED_FACE('',(#7401),#7419,.T.);
#7401 = FACE_BOUND('',#7402,.T.);
#7402 = EDGE_LOOP('',(#7403,#7404,#7412,#7418));
#7403 = ORIENTED_EDGE('',*,*,#5048,.F.);
#7404 = ORIENTED_EDGE('',*,*,#7405,.T.);
#7405 = EDGE_CURVE('',#5041,#7406,#7408,.T.);
#7406 = VERTEX_POINT('',#7407);
#7407 = CARTESIAN_POINT('',(-0.7,0.65,0.60005));
#7408 = LINE('',#7409,#7410);
#7409 = CARTESIAN_POINT('',(-0.7,0.65,0.59995));
#7410 = VECTOR('',#7411,1.);
#7411 = DIRECTION('',(0.,0.,1.));
#7412 = ORIENTED_EDGE('',*,*,#7413,.T.);
#7413 = EDGE_CURVE('',#7406,#7382,#7414,.T.);
#7414 = LINE('',#7415,#7416);
#7415 = CARTESIAN_POINT('',(-0.7,0.483333333333,0.60005));
#7416 = VECTOR('',#7417,1.);
#7417 = DIRECTION('',(0.,-1.,0.));
#7418 = ORIENTED_EDGE('',*,*,#7381,.F.);
#7419 = PLANE('',#7420);
#7420 = AXIS2_PLACEMENT_3D('',#7421,#7422,#7423);
#7421 = CARTESIAN_POINT('',(-0.7,0.566666666667,0.59995));
#7422 = DIRECTION('',(1.,0.,0.));
#7423 = DIRECTION('',(-0.,0.,1.));
#7424 = ADVANCED_FACE('',(#7425),#7440,.T.);
#7425 = FACE_BOUND('',#7426,.T.);
#7426 = EDGE_LOOP('',(#7427,#7428,#7429,#7430,#7431,#7432,#7433,#7439));
#7427 = ORIENTED_EDGE('',*,*,#5040,.F.);
#7428 = ORIENTED_EDGE('',*,*,#6330,.T.);
#7429 = ORIENTED_EDGE('',*,*,#5502,.F.);
#7430 = ORIENTED_EDGE('',*,*,#6154,.F.);
#7431 = ORIENTED_EDGE('',*,*,#6168,.F.);
#7432 = ORIENTED_EDGE('',*,*,#4349,.T.);
#7433 = ORIENTED_EDGE('',*,*,#7434,.F.);
#7434 = EDGE_CURVE('',#7406,#4342,#7435,.T.);
#7435 = LINE('',#7436,#7437);
#7436 = CARTESIAN_POINT('',(-0.8,0.65,0.60005));
#7437 = VECTOR('',#7438,1.);
#7438 = DIRECTION('',(-1.,0.,0.));
#7439 = ORIENTED_EDGE('',*,*,#7405,.F.);
#7440 = PLANE('',#7441);
#7441 = AXIS2_PLACEMENT_3D('',#7442,#7443,#7444);
#7442 = CARTESIAN_POINT('',(-0.75,0.65,0.59995));
#7443 = DIRECTION('',(-2.775557561563E-15,1.,0.));
#7444 = DIRECTION('',(1.,2.775557561563E-15,0.));
#7445 = ADVANCED_FACE('',(#7446),#7464,.T.);
#7446 = FACE_BOUND('',#7447,.T.);
#7447 = EDGE_LOOP('',(#7448,#7449,#7450,#7458));
#7448 = ORIENTED_EDGE('',*,*,#5080,.F.);
#7449 = ORIENTED_EDGE('',*,*,#7342,.T.);
#7450 = ORIENTED_EDGE('',*,*,#7451,.T.);
#7451 = EDGE_CURVE('',#7335,#7452,#7454,.T.);
#7452 = VERTEX_POINT('',#7453);
#7453 = CARTESIAN_POINT('',(-0.7,0.15,0.60005));
#7454 = LINE('',#7455,#7456);
#7455 = CARTESIAN_POINT('',(-0.7,0.15,0.60005));
#7456 = VECTOR('',#7457,1.);
#7457 = DIRECTION('',(0.,-1.,0.));
#7458 = ORIENTED_EDGE('',*,*,#7459,.F.);
#7459 = EDGE_CURVE('',#5081,#7452,#7460,.T.);
#7460 = LINE('',#7461,#7462);
#7461 = CARTESIAN_POINT('',(-0.7,0.15,0.59995));
#7462 = VECTOR('',#7463,1.);
#7463 = DIRECTION('',(0.,0.,1.));
#7464 = PLANE('',#7465);
#7465 = AXIS2_PLACEMENT_3D('',#7466,#7467,#7468);
#7466 = CARTESIAN_POINT('',(-0.7,0.233333333333,0.59995));
#7467 = DIRECTION('',(1.,0.,0.));
#7468 = DIRECTION('',(-0.,0.,1.));
#7469 = ADVANCED_FACE('',(#7470),#7485,.T.);
#7470 = FACE_BOUND('',#7471,.T.);
#7471 = EDGE_LOOP('',(#7472,#7473,#7474,#7480,#7481,#7482,#7483,#7484));
#7472 = ORIENTED_EDGE('',*,*,#5088,.F.);
#7473 = ORIENTED_EDGE('',*,*,#7459,.T.);
#7474 = ORIENTED_EDGE('',*,*,#7475,.T.);
#7475 = EDGE_CURVE('',#7452,#4334,#7476,.T.);
#7476 = LINE('',#7477,#7478);
#7477 = CARTESIAN_POINT('',(-0.8,0.15,0.60005));
#7478 = VECTOR('',#7479,1.);
#7479 = DIRECTION('',(-1.,1.387778780781E-15,0.));
#7480 = ORIENTED_EDGE('',*,*,#4333,.T.);
#7481 = ORIENTED_EDGE('',*,*,#6175,.F.);
#7482 = ORIENTED_EDGE('',*,*,#6138,.T.);
#7483 = ORIENTED_EDGE('',*,*,#5486,.F.);
#7484 = ORIENTED_EDGE('',*,*,#6301,.T.);
#7485 = PLANE('',#7486);
#7486 = AXIS2_PLACEMENT_3D('',#7487,#7488,#7489);
#7487 = CARTESIAN_POINT('',(-0.75,0.15,0.59995));
#7488 = DIRECTION('',(-1.387778780781E-15,-1.,0.));
#7489 = DIRECTION('',(-1.,1.387778780781E-15,0.));
#7490 = ADVANCED_FACE('',(#7491),#7501,.T.);
#7491 = FACE_BOUND('',#7492,.T.);
#7492 = EDGE_LOOP('',(#7493,#7494,#7495,#7496,#7497,#7498,#7499,#7500));
#7493 = ORIENTED_EDGE('',*,*,#7434,.T.);
#7494 = ORIENTED_EDGE('',*,*,#4341,.T.);
#7495 = ORIENTED_EDGE('',*,*,#7475,.F.);
#7496 = ORIENTED_EDGE('',*,*,#7451,.F.);
#7497 = ORIENTED_EDGE('',*,*,#7334,.F.);
#7498 = ORIENTED_EDGE('',*,*,#7365,.F.);
#7499 = ORIENTED_EDGE('',*,*,#7389,.F.);
#7500 = ORIENTED_EDGE('',*,*,#7413,.F.);
#7501 = PLANE('',#7502);
#7502 = AXIS2_PLACEMENT_3D('',#7503,#7504,#7505);
#7503 = CARTESIAN_POINT('',(-0.691666666667,0.4,0.60005));
#7504 = DIRECTION('',(5.004964441465E-29,4.149634593393E-31,1.));
#7505 = DIRECTION('',(1.,0.,-5.004964441465E-29));
#7506 = ADVANCED_FACE('',(#7507),#7532,.T.);
#7507 = FACE_BOUND('',#7508,.T.);
#7508 = EDGE_LOOP('',(#7509,#7510,#7518,#7526));
#7509 = ORIENTED_EDGE('',*,*,#4991,.F.);
#7510 = ORIENTED_EDGE('',*,*,#7511,.T.);
#7511 = EDGE_CURVE('',#4984,#7512,#7514,.T.);
#7512 = VERTEX_POINT('',#7513);
#7513 = CARTESIAN_POINT('',(-0.7,1.283333333333,0.60005));
#7514 = LINE('',#7515,#7516);
#7515 = CARTESIAN_POINT('',(-0.7,1.283333333333,0.59995));
#7516 = VECTOR('',#7517,1.);
#7517 = DIRECTION('',(0.,0.,1.));
#7518 = ORIENTED_EDGE('',*,*,#7519,.T.);
#7519 = EDGE_CURVE('',#7512,#7520,#7522,.T.);
#7520 = VERTEX_POINT('',#7521);
#7521 = CARTESIAN_POINT('',(-0.5,1.283333333333,0.60005));
#7522 = LINE('',#7523,#7524);
#7523 = CARTESIAN_POINT('',(-0.5,1.283333333333,0.60005));
#7524 = VECTOR('',#7525,1.);
#7525 = DIRECTION('',(1.,-1.387778780781E-15,0.));
#7526 = ORIENTED_EDGE('',*,*,#7527,.F.);
#7527 = EDGE_CURVE('',#4992,#7520,#7528,.T.);
#7528 = LINE('',#7529,#7530);
#7529 = CARTESIAN_POINT('',(-0.5,1.283333333333,0.59995));
#7530 = VECTOR('',#7531,1.);
#7531 = DIRECTION('',(0.,0.,1.));
#7532 = PLANE('',#7533);
#7533 = AXIS2_PLACEMENT_3D('',#7534,#7535,#7536);
#7534 = CARTESIAN_POINT('',(-0.6,1.283333333333,0.59995));
#7535 = DIRECTION('',(1.387778780781E-15,1.,0.));
#7536 = DIRECTION('',(1.,-1.387778780781E-15,0.));
#7537 = ADVANCED_FACE('',(#7538),#7556,.T.);
#7538 = FACE_BOUND('',#7539,.T.);
#7539 = EDGE_LOOP('',(#7540,#7541,#7549,#7555));
#7540 = ORIENTED_EDGE('',*,*,#4983,.F.);
#7541 = ORIENTED_EDGE('',*,*,#7542,.T.);
#7542 = EDGE_CURVE('',#4976,#7543,#7545,.T.);
#7543 = VERTEX_POINT('',#7544);
#7544 = CARTESIAN_POINT('',(-0.7,1.45,0.60005));
#7545 = LINE('',#7546,#7547);
#7546 = CARTESIAN_POINT('',(-0.7,1.45,0.59995));
#7547 = VECTOR('',#7548,1.);
#7548 = DIRECTION('',(0.,0.,1.));
#7549 = ORIENTED_EDGE('',*,*,#7550,.T.);
#7550 = EDGE_CURVE('',#7543,#7512,#7551,.T.);
#7551 = LINE('',#7552,#7553);
#7552 = CARTESIAN_POINT('',(-0.7,1.283333333333,0.60005));
#7553 = VECTOR('',#7554,1.);
#7554 = DIRECTION('',(0.,-1.,0.));
#7555 = ORIENTED_EDGE('',*,*,#7511,.F.);
#7556 = PLANE('',#7557);
#7557 = AXIS2_PLACEMENT_3D('',#7558,#7559,#7560);
#7558 = CARTESIAN_POINT('',(-0.7,1.366666666667,0.59995));
#7559 = DIRECTION('',(1.,0.,0.));
#7560 = DIRECTION('',(-0.,0.,1.));
#7561 = ADVANCED_FACE('',(#7562),#7577,.T.);
#7562 = FACE_BOUND('',#7563,.T.);
#7563 = EDGE_LOOP('',(#7564,#7565,#7566,#7567,#7568,#7569,#7570,#7576));
#7564 = ORIENTED_EDGE('',*,*,#4975,.F.);
#7565 = ORIENTED_EDGE('',*,*,#6424,.T.);
#7566 = ORIENTED_EDGE('',*,*,#5535,.F.);
#7567 = ORIENTED_EDGE('',*,*,#6207,.F.);
#7568 = ORIENTED_EDGE('',*,*,#6221,.F.);
#7569 = ORIENTED_EDGE('',*,*,#4389,.T.);
#7570 = ORIENTED_EDGE('',*,*,#7571,.F.);
#7571 = EDGE_CURVE('',#7543,#4382,#7572,.T.);
#7572 = LINE('',#7573,#7574);
#7573 = CARTESIAN_POINT('',(-0.8,1.45,0.60005));
#7574 = VECTOR('',#7575,1.);
#7575 = DIRECTION('',(-1.,0.,0.));
#7576 = ORIENTED_EDGE('',*,*,#7542,.F.);
#7577 = PLANE('',#7578);
#7578 = AXIS2_PLACEMENT_3D('',#7579,#7580,#7581);
#7579 = CARTESIAN_POINT('',(-0.75,1.45,0.59995));
#7580 = DIRECTION('',(-2.775557561563E-15,1.,0.));
#7581 = DIRECTION('',(1.,2.775557561563E-15,0.));
#7582 = ADVANCED_FACE('',(#7583),#7601,.T.);
#7583 = FACE_BOUND('',#7584,.T.);
#7584 = EDGE_LOOP('',(#7585,#7586,#7587,#7595));
#7585 = ORIENTED_EDGE('',*,*,#4999,.F.);
#7586 = ORIENTED_EDGE('',*,*,#7527,.T.);
#7587 = ORIENTED_EDGE('',*,*,#7588,.T.);
#7588 = EDGE_CURVE('',#7520,#7589,#7591,.T.);
#7589 = VERTEX_POINT('',#7590);
#7590 = CARTESIAN_POINT('',(-0.5,1.116666666667,0.60005));
#7591 = LINE('',#7592,#7593);
#7592 = CARTESIAN_POINT('',(-0.5,1.116666666667,0.60005));
#7593 = VECTOR('',#7594,1.);
#7594 = DIRECTION('',(0.,-1.,0.));
#7595 = ORIENTED_EDGE('',*,*,#7596,.F.);
#7596 = EDGE_CURVE('',#5000,#7589,#7597,.T.);
#7597 = LINE('',#7598,#7599);
#7598 = CARTESIAN_POINT('',(-0.5,1.116666666667,0.59995));
#7599 = VECTOR('',#7600,1.);
#7600 = DIRECTION('',(0.,0.,1.));
#7601 = PLANE('',#7602);
#7602 = AXIS2_PLACEMENT_3D('',#7603,#7604,#7605);
#7603 = CARTESIAN_POINT('',(-0.5,1.2,0.59995));
#7604 = DIRECTION('',(1.,0.,0.));
#7605 = DIRECTION('',(-0.,0.,1.));
#7606 = ADVANCED_FACE('',(#7607),#7625,.T.);
#7607 = FACE_BOUND('',#7608,.T.);
#7608 = EDGE_LOOP('',(#7609,#7610,#7611,#7619));
#7609 = ORIENTED_EDGE('',*,*,#5007,.F.);
#7610 = ORIENTED_EDGE('',*,*,#7596,.T.);
#7611 = ORIENTED_EDGE('',*,*,#7612,.T.);
#7612 = EDGE_CURVE('',#7589,#7613,#7615,.T.);
#7613 = VERTEX_POINT('',#7614);
#7614 = CARTESIAN_POINT('',(-0.7,1.116666666667,0.60005));
#7615 = LINE('',#7616,#7617);
#7616 = CARTESIAN_POINT('',(-0.7,1.116666666667,0.60005));
#7617 = VECTOR('',#7618,1.);
#7618 = DIRECTION('',(-1.,0.,0.));
#7619 = ORIENTED_EDGE('',*,*,#7620,.F.);
#7620 = EDGE_CURVE('',#5008,#7613,#7621,.T.);
#7621 = LINE('',#7622,#7623);
#7622 = CARTESIAN_POINT('',(-0.7,1.116666666667,0.59995));
#7623 = VECTOR('',#7624,1.);
#7624 = DIRECTION('',(0.,0.,1.));
#7625 = PLANE('',#7626);
#7626 = AXIS2_PLACEMENT_3D('',#7627,#7628,#7629);
#7627 = CARTESIAN_POINT('',(-0.6,1.116666666667,0.59995));
#7628 = DIRECTION('',(0.,-1.,0.));
#7629 = DIRECTION('',(0.,-0.,-1.));
#7630 = ADVANCED_FACE('',(#7631),#7649,.T.);
#7631 = FACE_BOUND('',#7632,.T.);
#7632 = EDGE_LOOP('',(#7633,#7634,#7635,#7643));
#7633 = ORIENTED_EDGE('',*,*,#5015,.F.);
#7634 = ORIENTED_EDGE('',*,*,#7620,.T.);
#7635 = ORIENTED_EDGE('',*,*,#7636,.T.);
#7636 = EDGE_CURVE('',#7613,#7637,#7639,.T.);
#7637 = VERTEX_POINT('',#7638);
#7638 = CARTESIAN_POINT('',(-0.7,0.95,0.60005));
#7639 = LINE('',#7640,#7641);
#7640 = CARTESIAN_POINT('',(-0.7,0.95,0.60005));
#7641 = VECTOR('',#7642,1.);
#7642 = DIRECTION('',(0.,-1.,0.));
#7643 = ORIENTED_EDGE('',*,*,#7644,.F.);
#7644 = EDGE_CURVE('',#5016,#7637,#7645,.T.);
#7645 = LINE('',#7646,#7647);
#7646 = CARTESIAN_POINT('',(-0.7,0.95,0.59995));
#7647 = VECTOR('',#7648,1.);
#7648 = DIRECTION('',(0.,0.,1.));
#7649 = PLANE('',#7650);
#7650 = AXIS2_PLACEMENT_3D('',#7651,#7652,#7653);
#7651 = CARTESIAN_POINT('',(-0.7,1.033333333333,0.59995));
#7652 = DIRECTION('',(1.,0.,0.));
#7653 = DIRECTION('',(-0.,0.,1.));
#7654 = ADVANCED_FACE('',(#7655),#7670,.T.);
#7655 = FACE_BOUND('',#7656,.T.);
#7656 = EDGE_LOOP('',(#7657,#7658,#7659,#7665,#7666,#7667,#7668,#7669));
#7657 = ORIENTED_EDGE('',*,*,#5023,.F.);
#7658 = ORIENTED_EDGE('',*,*,#7644,.T.);
#7659 = ORIENTED_EDGE('',*,*,#7660,.T.);
#7660 = EDGE_CURVE('',#7637,#4374,#7661,.T.);
#7661 = LINE('',#7662,#7663);
#7662 = CARTESIAN_POINT('',(-0.8,0.95,0.60005));
#7663 = VECTOR('',#7664,1.);
#7664 = DIRECTION('',(-1.,1.387778780781E-15,0.));
#7665 = ORIENTED_EDGE('',*,*,#4373,.T.);
#7666 = ORIENTED_EDGE('',*,*,#6228,.F.);
#7667 = ORIENTED_EDGE('',*,*,#6191,.T.);
#7668 = ORIENTED_EDGE('',*,*,#5519,.F.);
#7669 = ORIENTED_EDGE('',*,*,#6323,.T.);
#7670 = PLANE('',#7671);
#7671 = AXIS2_PLACEMENT_3D('',#7672,#7673,#7674);
#7672 = CARTESIAN_POINT('',(-0.75,0.95,0.59995));
#7673 = DIRECTION('',(-1.387778780781E-15,-1.,0.));
#7674 = DIRECTION('',(-1.,1.387778780781E-15,0.));
#7675 = ADVANCED_FACE('',(#7676),#7686,.T.);
#7676 = FACE_BOUND('',#7677,.T.);
#7677 = EDGE_LOOP('',(#7678,#7679,#7680,#7681,#7682,#7683,#7684,#7685));
#7678 = ORIENTED_EDGE('',*,*,#7571,.T.);
#7679 = ORIENTED_EDGE('',*,*,#4381,.T.);
#7680 = ORIENTED_EDGE('',*,*,#7660,.F.);
#7681 = ORIENTED_EDGE('',*,*,#7636,.F.);
#7682 = ORIENTED_EDGE('',*,*,#7612,.F.);
#7683 = ORIENTED_EDGE('',*,*,#7588,.F.);
#7684 = ORIENTED_EDGE('',*,*,#7519,.F.);
#7685 = ORIENTED_EDGE('',*,*,#7550,.F.);
#7686 = PLANE('',#7687);
#7687 = AXIS2_PLACEMENT_3D('',#7688,#7689,#7690);
#7688 = CARTESIAN_POINT('',(-0.691666666667,1.2,0.60005));
#7689 = DIRECTION('',(5.004964441465E-29,-3.886824402478E-29,1.));
#7690 = DIRECTION('',(1.,0.,-5.004964441465E-29));
#7691 = ADVANCED_FACE('',(#7692),#7702,.T.);
#7692 = FACE_BOUND('',#7693,.T.);
#7693 = EDGE_LOOP('',(#7694,#7695,#7696,#7697,#7698,#7699,#7700,#7701));
#7694 = ORIENTED_EDGE('',*,*,#4666,.T.);
#7695 = ORIENTED_EDGE('',*,*,#4589,.T.);
#7696 = ORIENTED_EDGE('',*,*,#4650,.T.);
#7697 = ORIENTED_EDGE('',*,*,#4613,.F.);
#7698 = ORIENTED_EDGE('',*,*,#5235,.T.);
#7699 = ORIENTED_EDGE('',*,*,#6407,.T.);
#7700 = ORIENTED_EDGE('',*,*,#5403,.T.);
#7701 = ORIENTED_EDGE('',*,*,#6345,.T.);
#7702 = PLANE('',#7703);
#7703 = AXIS2_PLACEMENT_3D('',#7704,#7705,#7706);
#7704 = CARTESIAN_POINT('',(0.,-1.6,1.E-04));
#7705 = DIRECTION('',(0.,-1.,0.));
#7706 = DIRECTION('',(0.,-0.,-1.));
#7707 = ( GEOMETRIC_REPRESENTATION_CONTEXT(3) 
GLOBAL_UNCERTAINTY_ASSIGNED_CONTEXT((#7711)) 
GLOBAL_UNIT_ASSIGNED_CONTEXT((#7708,#7709,#7710)) REPRESENTATION_CONTEXT
('Context #1','3D Context with UNIT and UNCERTAINTY') );
#7708 = ( LENGTH_UNIT() NAMED_UNIT(*) SI_UNIT(.MILLI.,.METRE.) );
#7709 = ( NAMED_UNIT(*) PLANE_ANGLE_UNIT() SI_UNIT($,.RADIAN.) );
#7710 = ( NAMED_UNIT(*) SI_UNIT($,.STERADIAN.) SOLID_ANGLE_UNIT() );
#7711 = UNCERTAINTY_MEASURE_WITH_UNIT(LENGTH_MEASURE(1.E-07),#7708,
  'distance_accuracy_value','confusion accuracy');
#7712 = SHAPE_DEFINITION_REPRESENTATION(#7713,#4236);
#7713 = PRODUCT_DEFINITION_SHAPE('','',#7714);
#7714 = PRODUCT_DEFINITION('design','',#7715,#7718);
#7715 = PRODUCT_DEFINITION_FORMATION('','',#7716);
#7716 = PRODUCT('BOUR-CAY16-J4-8','BOUR-CAY16-J4-8','',(#7717));
#7717 = PRODUCT_CONTEXT('',#2,'mechanical');
#7718 = PRODUCT_DEFINITION_CONTEXT('part definition',#2,'design');
#7719 = CONTEXT_DEPENDENT_SHAPE_REPRESENTATION(#7720,#7722);
#7720 = ( REPRESENTATION_RELATIONSHIP('','',#4236,#4226) 
REPRESENTATION_RELATIONSHIP_WITH_TRANSFORMATION(#7721) 
SHAPE_REPRESENTATION_RELATIONSHIP() );
#7721 = ITEM_DEFINED_TRANSFORMATION('','',#11,#4227);
#7722 = PRODUCT_DEFINITION_SHAPE('Placement','Placement of an item',
  #7723);
#7723 = NEXT_ASSEMBLY_USAGE_OCCURRENCE('52','','',#4221,#7714,$);
#7724 = PRODUCT_RELATED_PRODUCT_CATEGORY('part',$,(#7716));
#7725 = CONTEXT_DEPENDENT_SHAPE_REPRESENTATION(#7726,#7728);
#7726 = ( REPRESENTATION_RELATIONSHIP('','',#4226,#10) 
REPRESENTATION_RELATIONSHIP_WITH_TRANSFORMATION(#7727) 
SHAPE_REPRESENTATION_RELATIONSHIP() );
#7727 = ITEM_DEFINED_TRANSFORMATION('','',#11,#43);
#7728 = PRODUCT_DEFINITION_SHAPE('Placement','Placement of an item',
  #7729);
#7729 = NEXT_ASSEMBLY_USAGE_OCCURRENCE('53','','',#5,#4221,$);
#7730 = PRODUCT_RELATED_PRODUCT_CATEGORY('part',$,(#4223));
#7731 = SHAPE_DEFINITION_REPRESENTATION(#7732,#7738);
#7732 = PRODUCT_DEFINITION_SHAPE('','',#7733);
#7733 = PRODUCT_DEFINITION('design','',#7734,#7737);
#7734 = PRODUCT_DEFINITION_FORMATION('','',#7735);
#7735 = PRODUCT('R5','R5','',(#7736));
#7736 = PRODUCT_CONTEXT('',#2,'mechanical');
#7737 = PRODUCT_DEFINITION_CONTEXT('part definition',#2,'design');
#7738 = SHAPE_REPRESENTATION('',(#11,#7739),#7743);
#7739 = AXIS2_PLACEMENT_3D('',#7740,#7741,#7742);
#7740 = CARTESIAN_POINT('',(27.981801605225,12.983827209473,
    -0.411479830742));
#7741 = DIRECTION('',(-6.617444900424E-24,8.74227395471E-08,-1.));
#7742 = DIRECTION('',(0.707106781187,-0.707106781187,-6.181721196366E-08
    ));
#7743 = ( GEOMETRIC_REPRESENTATION_CONTEXT(3) 
GLOBAL_UNCERTAINTY_ASSIGNED_CONTEXT((#7747)) 
GLOBAL_UNIT_ASSIGNED_CONTEXT((#7744,#7745,#7746)) REPRESENTATION_CONTEXT
('Context #1','3D Context with UNIT and UNCERTAINTY') );
#7744 = ( LENGTH_UNIT() NAMED_UNIT(*) SI_UNIT(.MILLI.,.METRE.) );
#7745 = ( NAMED_UNIT(*) PLANE_ANGLE_UNIT() SI_UNIT($,.RADIAN.) );
#7746 = ( NAMED_UNIT(*) SI_UNIT($,.STERADIAN.) SOLID_ANGLE_UNIT() );
#7747 = UNCERTAINTY_MEASURE_WITH_UNIT(LENGTH_MEASURE(1.E-07),#7744,
  'distance_accuracy_value','confusion accuracy');
#7748 = CONTEXT_DEPENDENT_SHAPE_REPRESENTATION(#7749,#7751);
#7749 = ( REPRESENTATION_RELATIONSHIP('','',#4236,#7738) 
REPRESENTATION_RELATIONSHIP_WITH_TRANSFORMATION(#7750) 
SHAPE_REPRESENTATION_RELATIONSHIP() );
#7750 = ITEM_DEFINED_TRANSFORMATION('','',#11,#7739);
#7751 = PRODUCT_DEFINITION_SHAPE('Placement','Placement of an item',
  #7752);
#7752 = NEXT_ASSEMBLY_USAGE_OCCURRENCE('54','','',#7733,#7714,$);
#7753 = CONTEXT_DEPENDENT_SHAPE_REPRESENTATION(#7754,#7756);
#7754 = ( REPRESENTATION_RELATIONSHIP('','',#7738,#10) 
REPRESENTATION_RELATIONSHIP_WITH_TRANSFORMATION(#7755) 
SHAPE_REPRESENTATION_RELATIONSHIP() );
#7755 = ITEM_DEFINED_TRANSFORMATION('','',#11,#47);
#7756 = PRODUCT_DEFINITION_SHAPE('Placement','Placement of an item',
  #7757);
#7757 = NEXT_ASSEMBLY_USAGE_OCCURRENCE('55','','',#5,#7733,$);
#7758 = PRODUCT_RELATED_PRODUCT_CATEGORY('part',$,(#7735));
#7759 = SHAPE_DEFINITION_REPRESENTATION(#7760,#7766);
#7760 = PRODUCT_DEFINITION_SHAPE('','',#7761);
#7761 = PRODUCT_DEFINITION('design','',#7762,#7765);
#7762 = PRODUCT_DEFINITION_FORMATION('','',#7763);
#7763 = PRODUCT('R4','R4','',(#7764));
#7764 = PRODUCT_CONTEXT('',#2,'mechanical');
#7765 = PRODUCT_DEFINITION_CONTEXT('part definition',#2,'design');
#7766 = SHAPE_REPRESENTATION('',(#11,#7767),#7771);
#7767 = AXIS2_PLACEMENT_3D('',#7768,#7769,#7770);
#7768 = CARTESIAN_POINT('',(10.749940490723,13.000001525879,
    -0.411479830742));
#7769 = DIRECTION('',(6.617444900424E-24,8.74227395471E-08,-1.));
#7770 = DIRECTION('',(-0.707106781187,-0.707106781187,
    -6.181721196366E-08));
#7771 = ( GEOMETRIC_REPRESENTATION_CONTEXT(3) 
GLOBAL_UNCERTAINTY_ASSIGNED_CONTEXT((#7775)) 
GLOBAL_UNIT_ASSIGNED_CONTEXT((#7772,#7773,#7774)) REPRESENTATION_CONTEXT
('Context #1','3D Context with UNIT and UNCERTAINTY') );
#7772 = ( LENGTH_UNIT() NAMED_UNIT(*) SI_UNIT(.MILLI.,.METRE.) );
#7773 = ( NAMED_UNIT(*) PLANE_ANGLE_UNIT() SI_UNIT($,.RADIAN.) );
#7774 = ( NAMED_UNIT(*) SI_UNIT($,.STERADIAN.) SOLID_ANGLE_UNIT() );
#7775 = UNCERTAINTY_MEASURE_WITH_UNIT(LENGTH_MEASURE(1.E-07),#7772,
  'distance_accuracy_value','confusion accuracy');
#7776 = CONTEXT_DEPENDENT_SHAPE_REPRESENTATION(#7777,#7779);
#7777 = ( REPRESENTATION_RELATIONSHIP('','',#4236,#7766) 
REPRESENTATION_RELATIONSHIP_WITH_TRANSFORMATION(#7778) 
SHAPE_REPRESENTATION_RELATIONSHIP() );
#7778 = ITEM_DEFINED_TRANSFORMATION('','',#11,#7767);
#7779 = PRODUCT_DEFINITION_SHAPE('Placement','Placement of an item',
  #7780);
#7780 = NEXT_ASSEMBLY_USAGE_OCCURRENCE('56','','',#7761,#7714,$);
#7781 = CONTEXT_DEPENDENT_SHAPE_REPRESENTATION(#7782,#7784);
#7782 = ( REPRESENTATION_RELATIONSHIP('','',#7766,#10) 
REPRESENTATION_RELATIONSHIP_WITH_TRANSFORMATION(#7783) 
SHAPE_REPRESENTATION_RELATIONSHIP() );
#7783 = ITEM_DEFINED_TRANSFORMATION('','',#11,#51);
#7784 = PRODUCT_DEFINITION_SHAPE('Placement','Placement of an item',
  #7785);
#7785 = NEXT_ASSEMBLY_USAGE_OCCURRENCE('57','','',#5,#7761,$);
#7786 = PRODUCT_RELATED_PRODUCT_CATEGORY('part',$,(#7763));
#7787 = SHAPE_DEFINITION_REPRESENTATION(#7788,#7794);
#7788 = PRODUCT_DEFINITION_SHAPE('','',#7789);
#7789 = PRODUCT_DEFINITION('design','',#7790,#7793);
#7790 = PRODUCT_DEFINITION_FORMATION('','',#7791);
#7791 = PRODUCT('R3','R3','',(#7792));
#7792 = PRODUCT_CONTEXT('',#2,'mechanical');
#7793 = PRODUCT_DEFINITION_CONTEXT('part definition',#2,'design');
#7794 = SHAPE_REPRESENTATION('',(#11,#7795),#7799);
#7795 = AXIS2_PLACEMENT_3D('',#7796,#7797,#7798);
#7796 = CARTESIAN_POINT('',(14.499997711182,22.750001525879,
    -0.411479830742));
#7797 = DIRECTION('',(-3.357682802528E-22,8.742273394091E-08,-1.));
#7798 = DIRECTION('',(-1.,8.742277657348E-08,7.642738472527E-15));
#7799 = ( GEOMETRIC_REPRESENTATION_CONTEXT(3) 
GLOBAL_UNCERTAINTY_ASSIGNED_CONTEXT((#7803)) 
GLOBAL_UNIT_ASSIGNED_CONTEXT((#7800,#7801,#7802)) REPRESENTATION_CONTEXT
('Context #1','3D Context with UNIT and UNCERTAINTY') );
#7800 = ( LENGTH_UNIT() NAMED_UNIT(*) SI_UNIT(.MILLI.,.METRE.) );
#7801 = ( NAMED_UNIT(*) PLANE_ANGLE_UNIT() SI_UNIT($,.RADIAN.) );
#7802 = ( NAMED_UNIT(*) SI_UNIT($,.STERADIAN.) SOLID_ANGLE_UNIT() );
#7803 = UNCERTAINTY_MEASURE_WITH_UNIT(LENGTH_MEASURE(5.E-06),#7800,
  'distance_accuracy_value','confusion accuracy');
#7804 = SHAPE_DEFINITION_REPRESENTATION(#7805,#7811);
#7805 = PRODUCT_DEFINITION_SHAPE('','',#7806);
#7806 = PRODUCT_DEFINITION('design','',#7807,#7810);
#7807 = PRODUCT_DEFINITION_FORMATION('','',#7808);
#7808 = PRODUCT('Res_Vishay_CRCW06033M90FKEC_eec',
  'Res_Vishay_CRCW06033M90FKEC_eec','',(#7809));
#7809 = PRODUCT_CONTEXT('',#2,'mechanical');
#7810 = PRODUCT_DEFINITION_CONTEXT('part definition',#2,'design');
#7811 = SHAPE_REPRESENTATION('',(#11,#7812,#7816,#7820,#7824,#7828),
  #7832);
#7812 = AXIS2_PLACEMENT_3D('',#7813,#7814,#7815);
#7813 = CARTESIAN_POINT('',(0.,0.,0.));
#7814 = DIRECTION('',(0.,0.,1.));
#7815 = DIRECTION('',(1.,0.,0.));
#7816 = AXIS2_PLACEMENT_3D('',#7817,#7818,#7819);
#7817 = CARTESIAN_POINT('',(0.,0.,0.));
#7818 = DIRECTION('',(0.,0.,1.));
#7819 = DIRECTION('',(1.,0.,0.));
#7820 = AXIS2_PLACEMENT_3D('',#7821,#7822,#7823);
#7821 = CARTESIAN_POINT('',(0.,0.,0.));
#7822 = DIRECTION('',(0.,0.,1.));
#7823 = DIRECTION('',(1.,0.,0.));
#7824 = AXIS2_PLACEMENT_3D('',#7825,#7826,#7827);
#7825 = CARTESIAN_POINT('',(0.471317163226,0.30361378597,0.4001));
#7826 = DIRECTION('',(-2.636779683485E-16,3.885780586188E-16,1.));
#7827 = DIRECTION('',(1.,-1.942890293094E-16,2.636779683485E-16));
#7828 = AXIS2_PLACEMENT_3D('',#7829,#7830,#7831);
#7829 = CARTESIAN_POINT('',(0.47888994212,0.299755610714,0.4001));
#7830 = DIRECTION('',(-5.551115123126E-17,-5.20417042793E-18,1.));
#7831 = DIRECTION('',(1.,5.898059818321E-17,5.551115123126E-17));
#7832 = ( GEOMETRIC_REPRESENTATION_CONTEXT(3) 
GLOBAL_UNCERTAINTY_ASSIGNED_CONTEXT((#7836)) 
GLOBAL_UNIT_ASSIGNED_CONTEXT((#7833,#7834,#7835)) REPRESENTATION_CONTEXT
('Context #1','3D Context with UNIT and UNCERTAINTY') );
#7833 = ( LENGTH_UNIT() NAMED_UNIT(*) SI_UNIT(.MILLI.,.METRE.) );
#7834 = ( NAMED_UNIT(*) PLANE_ANGLE_UNIT() SI_UNIT($,.RADIAN.) );
#7835 = ( NAMED_UNIT(*) SI_UNIT($,.STERADIAN.) SOLID_ANGLE_UNIT() );
#7836 = UNCERTAINTY_MEASURE_WITH_UNIT(LENGTH_MEASURE(5.E-06),#7833,
  'distance_accuracy_value','confusion accuracy');
#7837 = SHAPE_REPRESENTATION('',(#11,#7838,#8392),#8946);
#7838 = MANIFOLD_SOLID_BREP('',#7839);
#7839 = CLOSED_SHELL('',(#7840,#7882,#7913,#7955,#8018,#8092,#8124,#8148
    ,#8173,#8197,#8228,#8245,#8276,#8300,#8326,#8338,#8355,#8380));
#7840 = ADVANCED_FACE('',(#7841),#7877,.F.);
#7841 = FACE_BOUND('',#7842,.F.);
#7842 = EDGE_LOOP('',(#7843,#7853,#7862,#7870));
#7843 = ORIENTED_EDGE('',*,*,#7844,.F.);
#7844 = EDGE_CURVE('',#7845,#7847,#7849,.T.);
#7845 = VERTEX_POINT('',#7846);
#7846 = CARTESIAN_POINT('',(-0.705,0.425,0.45));
#7847 = VERTEX_POINT('',#7848);
#7848 = CARTESIAN_POINT('',(-0.705,-0.425,0.45));
#7849 = LINE('',#7850,#7851);
#7850 = CARTESIAN_POINT('',(-0.705,0.425,0.45));
#7851 = VECTOR('',#7852,1.);
#7852 = DIRECTION('',(1.088453945711E-16,-1.,0.));
#7853 = ORIENTED_EDGE('',*,*,#7854,.F.);
#7854 = EDGE_CURVE('',#7855,#7845,#7857,.T.);
#7855 = VERTEX_POINT('',#7856);
#7856 = CARTESIAN_POINT('',(-0.725,0.425,0.43));
#7857 = CIRCLE('',#7858,2.E-02);
#7858 = AXIS2_PLACEMENT_3D('',#7859,#7860,#7861);
#7859 = CARTESIAN_POINT('',(-0.705,0.425,0.43));
#7860 = DIRECTION('',(-1.343011723337E-16,1.,0.));
#7861 = DIRECTION('',(-0.707106781187,-9.496526967845E-17,0.707106781187
    ));
#7862 = ORIENTED_EDGE('',*,*,#7863,.F.);
#7863 = EDGE_CURVE('',#7864,#7855,#7866,.T.);
#7864 = VERTEX_POINT('',#7865);
#7865 = CARTESIAN_POINT('',(-0.725,-0.425,0.43));
#7866 = LINE('',#7867,#7868);
#7867 = CARTESIAN_POINT('',(-0.725,0.425,0.43));
#7868 = VECTOR('',#7869,1.);
#7869 = DIRECTION('',(-1.088453945711E-16,1.,0.));
#7870 = ORIENTED_EDGE('',*,*,#7871,.F.);
#7871 = EDGE_CURVE('',#7847,#7864,#7872,.T.);
#7872 = CIRCLE('',#7873,2.E-02);
#7873 = AXIS2_PLACEMENT_3D('',#7874,#7875,#7876);
#7874 = CARTESIAN_POINT('',(-0.705,-0.425,0.43));
#7875 = DIRECTION('',(2.686023446674E-16,-1.,0.));
#7876 = DIRECTION('',(-0.707106781187,-1.899305393569E-16,0.707106781187
    ));
#7877 = CYLINDRICAL_SURFACE('',#7878,2.E-02);
#7878 = AXIS2_PLACEMENT_3D('',#7879,#7880,#7881);
#7879 = CARTESIAN_POINT('',(-0.705,0.425,0.43));
#7880 = DIRECTION('',(-1.088453945711E-16,1.,0.));
#7881 = DIRECTION('',(-0.707106781187,-7.696531660215E-17,0.707106781187
    ));
#7882 = ADVANCED_FACE('',(#7883),#7908,.F.);
#7883 = FACE_BOUND('',#7884,.T.);
#7884 = EDGE_LOOP('',(#7885,#7886,#7894,#7902));
#7885 = ORIENTED_EDGE('',*,*,#7863,.F.);
#7886 = ORIENTED_EDGE('',*,*,#7887,.F.);
#7887 = EDGE_CURVE('',#7888,#7864,#7890,.T.);
#7888 = VERTEX_POINT('',#7889);
#7889 = CARTESIAN_POINT('',(-0.725,-0.425,7.E-02));
#7890 = LINE('',#7891,#7892);
#7891 = CARTESIAN_POINT('',(-0.725,-0.425,2.5E-02));
#7892 = VECTOR('',#7893,1.);
#7893 = DIRECTION('',(0.,0.,1.));
#7894 = ORIENTED_EDGE('',*,*,#7895,.F.);
#7895 = EDGE_CURVE('',#7896,#7888,#7898,.T.);
#7896 = VERTEX_POINT('',#7897);
#7897 = CARTESIAN_POINT('',(-0.725,0.425,7.E-02));
#7898 = LINE('',#7899,#7900);
#7899 = CARTESIAN_POINT('',(-0.725,0.425,7.E-02));
#7900 = VECTOR('',#7901,1.);
#7901 = DIRECTION('',(1.088453945711E-16,-1.,0.));
#7902 = ORIENTED_EDGE('',*,*,#7903,.F.);
#7903 = EDGE_CURVE('',#7855,#7896,#7904,.T.);
#7904 = LINE('',#7905,#7906);
#7905 = CARTESIAN_POINT('',(-0.725,0.425,2.5E-02));
#7906 = VECTOR('',#7907,1.);
#7907 = DIRECTION('',(0.,0.,-1.));
#7908 = PLANE('',#7909);
#7909 = AXIS2_PLACEMENT_3D('',#7910,#7911,#7912);
#7910 = CARTESIAN_POINT('',(-0.725,0.425,5.E-02));
#7911 = DIRECTION('',(-1.,-1.088453945711E-16,0.));
#7912 = DIRECTION('',(0.,0.,1.));
#7913 = ADVANCED_FACE('',(#7914),#7950,.T.);
#7914 = FACE_BOUND('',#7915,.T.);
#7915 = EDGE_LOOP('',(#7916,#7927,#7935,#7944));
#7916 = ORIENTED_EDGE('',*,*,#7917,.T.);
#7917 = EDGE_CURVE('',#7918,#7920,#7922,.T.);
#7918 = VERTEX_POINT('',#7919);
#7919 = CARTESIAN_POINT('',(-0.775,-0.425,0.48));
#7920 = VERTEX_POINT('',#7921);
#7921 = CARTESIAN_POINT('',(-0.755,-0.425,0.5));
#7922 = CIRCLE('',#7923,2.E-02);
#7923 = AXIS2_PLACEMENT_3D('',#7924,#7925,#7926);
#7924 = CARTESIAN_POINT('',(-0.755,-0.425,0.48));
#7925 = DIRECTION('',(-2.686023446674E-16,1.,0.));
#7926 = DIRECTION('',(-0.707106781187,-1.899305393569E-16,0.707106781187
    ));
#7927 = ORIENTED_EDGE('',*,*,#7928,.T.);
#7928 = EDGE_CURVE('',#7920,#7929,#7931,.T.);
#7929 = VERTEX_POINT('',#7930);
#7930 = CARTESIAN_POINT('',(-0.755,0.425,0.5));
#7931 = LINE('',#7932,#7933);
#7932 = CARTESIAN_POINT('',(-0.755,0.2125,0.5));
#7933 = VECTOR('',#7934,1.);
#7934 = DIRECTION('',(0.,1.,0.));
#7935 = ORIENTED_EDGE('',*,*,#7936,.T.);
#7936 = EDGE_CURVE('',#7929,#7937,#7939,.T.);
#7937 = VERTEX_POINT('',#7938);
#7938 = CARTESIAN_POINT('',(-0.775,0.425,0.48));
#7939 = CIRCLE('',#7940,2.E-02);
#7940 = AXIS2_PLACEMENT_3D('',#7941,#7942,#7943);
#7941 = CARTESIAN_POINT('',(-0.755,0.425,0.48));
#7942 = DIRECTION('',(1.343011723337E-16,-1.,0.));
#7943 = DIRECTION('',(-0.707106781187,-9.496526967845E-17,0.707106781187
    ));
#7944 = ORIENTED_EDGE('',*,*,#7945,.T.);
#7945 = EDGE_CURVE('',#7937,#7918,#7946,.T.);
#7946 = LINE('',#7947,#7948);
#7947 = CARTESIAN_POINT('',(-0.775,0.2125,0.48));
#7948 = VECTOR('',#7949,1.);
#7949 = DIRECTION('',(0.,-1.,0.));
#7950 = CYLINDRICAL_SURFACE('',#7951,2.E-02);
#7951 = AXIS2_PLACEMENT_3D('',#7952,#7953,#7954);
#7952 = CARTESIAN_POINT('',(-0.755,0.2125,0.48));
#7953 = DIRECTION('',(0.,-1.,0.));
#7954 = DIRECTION('',(-0.707106781187,0.,0.707106781187));
#7955 = ADVANCED_FACE('',(#7956),#8013,.T.);
#7956 = FACE_BOUND('',#7957,.T.);
#7957 = EDGE_LOOP('',(#7958,#7959,#7967,#7975,#7983,#7991,#7999,#8007));
#7958 = ORIENTED_EDGE('',*,*,#7928,.F.);
#7959 = ORIENTED_EDGE('',*,*,#7960,.T.);
#7960 = EDGE_CURVE('',#7920,#7961,#7963,.T.);
#7961 = VERTEX_POINT('',#7962);
#7962 = CARTESIAN_POINT('',(-0.565,-0.425,0.5));
#7963 = LINE('',#7964,#7965);
#7964 = CARTESIAN_POINT('',(-0.775,-0.425,0.5));
#7965 = VECTOR('',#7966,1.);
#7966 = DIRECTION('',(1.,2.686023446674E-16,0.));
#7967 = ORIENTED_EDGE('',*,*,#7968,.T.);
#7968 = EDGE_CURVE('',#7961,#7969,#7971,.T.);
#7969 = VERTEX_POINT('',#7970);
#7970 = CARTESIAN_POINT('',(-0.565,-0.365,0.5));
#7971 = LINE('',#7972,#7973);
#7972 = CARTESIAN_POINT('',(-0.565,-0.2125,0.5));
#7973 = VECTOR('',#7974,1.);
#7974 = DIRECTION('',(0.,1.,0.));
#7975 = ORIENTED_EDGE('',*,*,#7976,.T.);
#7976 = EDGE_CURVE('',#7969,#7977,#7979,.T.);
#7977 = VERTEX_POINT('',#7978);
#7978 = CARTESIAN_POINT('',(-0.475,-0.365,0.5));
#7979 = LINE('',#7980,#7981);
#7980 = CARTESIAN_POINT('',(-0.2825,-0.365,0.5));
#7981 = VECTOR('',#7982,1.);
#7982 = DIRECTION('',(1.,-7.709882115452E-16,0.));
#7983 = ORIENTED_EDGE('',*,*,#7984,.T.);
#7984 = EDGE_CURVE('',#7977,#7985,#7987,.T.);
#7985 = VERTEX_POINT('',#7986);
#7986 = CARTESIAN_POINT('',(-0.475,0.365,0.5));
#7987 = LINE('',#7988,#7989);
#7988 = CARTESIAN_POINT('',(-0.475,0.2125,0.5));
#7989 = VECTOR('',#7990,1.);
#7990 = DIRECTION('',(-1.088453945711E-16,1.,0.));
#7991 = ORIENTED_EDGE('',*,*,#7992,.T.);
#7992 = EDGE_CURVE('',#7985,#7993,#7995,.T.);
#7993 = VERTEX_POINT('',#7994);
#7994 = CARTESIAN_POINT('',(-0.565,0.365,0.5));
#7995 = LINE('',#7996,#7997);
#7996 = CARTESIAN_POINT('',(-0.2375,0.365,0.5));
#7997 = VECTOR('',#7998,1.);
#7998 = DIRECTION('',(-1.,0.,0.));
#7999 = ORIENTED_EDGE('',*,*,#8000,.T.);
#8000 = EDGE_CURVE('',#7993,#8001,#8003,.T.);
#8001 = VERTEX_POINT('',#8002);
#8002 = CARTESIAN_POINT('',(-0.565,0.425,0.5));
#8003 = LINE('',#8004,#8005);
#8004 = CARTESIAN_POINT('',(-0.565,0.1825,0.5));
#8005 = VECTOR('',#8006,1.);
#8006 = DIRECTION('',(0.,1.,0.));
#8007 = ORIENTED_EDGE('',*,*,#8008,.T.);
#8008 = EDGE_CURVE('',#8001,#7929,#8009,.T.);
#8009 = LINE('',#8010,#8011);
#8010 = CARTESIAN_POINT('',(0.775,0.425,0.5));
#8011 = VECTOR('',#8012,1.);
#8012 = DIRECTION('',(-1.,-1.343011723337E-16,0.));
#8013 = PLANE('',#8014);
#8014 = AXIS2_PLACEMENT_3D('',#8015,#8016,#8017);
#8015 = CARTESIAN_POINT('',(0.,0.,0.5));
#8016 = DIRECTION('',(0.,0.,1.));
#8017 = DIRECTION('',(1.,0.,-0.));
#8018 = ADVANCED_FACE('',(#8019),#8087,.T.);
#8019 = FACE_BOUND('',#8020,.T.);
#8020 = EDGE_LOOP('',(#8021,#8022,#8030,#8039,#8047,#8055,#8063,#8070,
    #8071,#8072,#8080,#8086));
#8021 = ORIENTED_EDGE('',*,*,#7917,.F.);
#8022 = ORIENTED_EDGE('',*,*,#8023,.F.);
#8023 = EDGE_CURVE('',#8024,#7918,#8026,.T.);
#8024 = VERTEX_POINT('',#8025);
#8025 = CARTESIAN_POINT('',(-0.775,-0.425,2.E-02));
#8026 = LINE('',#8027,#8028);
#8027 = CARTESIAN_POINT('',(-0.775,-0.425,0.));
#8028 = VECTOR('',#8029,1.);
#8029 = DIRECTION('',(0.,0.,1.));
#8030 = ORIENTED_EDGE('',*,*,#8031,.F.);
#8031 = EDGE_CURVE('',#8032,#8024,#8034,.T.);
#8032 = VERTEX_POINT('',#8033);
#8033 = CARTESIAN_POINT('',(-0.755,-0.425,0.));
#8034 = CIRCLE('',#8035,2.E-02);
#8035 = AXIS2_PLACEMENT_3D('',#8036,#8037,#8038);
#8036 = CARTESIAN_POINT('',(-0.755,-0.425,2.E-02));
#8037 = DIRECTION('',(-2.686023446674E-16,1.,0.));
#8038 = DIRECTION('',(-0.707106781187,-1.899305393569E-16,
    -0.707106781187));
#8039 = ORIENTED_EDGE('',*,*,#8040,.T.);
#8040 = EDGE_CURVE('',#8032,#8041,#8043,.T.);
#8041 = VERTEX_POINT('',#8042);
#8042 = CARTESIAN_POINT('',(-0.475,-0.425,0.));
#8043 = LINE('',#8044,#8045);
#8044 = CARTESIAN_POINT('',(-0.775,-0.425,0.));
#8045 = VECTOR('',#8046,1.);
#8046 = DIRECTION('',(1.,2.686023446674E-16,0.));
#8047 = ORIENTED_EDGE('',*,*,#8048,.T.);
#8048 = EDGE_CURVE('',#8041,#8049,#8051,.T.);
#8049 = VERTEX_POINT('',#8050);
#8050 = CARTESIAN_POINT('',(-0.475,-0.425,5.E-02));
#8051 = LINE('',#8052,#8053);
#8052 = CARTESIAN_POINT('',(-0.475,-0.425,-1.854871206285E-02));
#8053 = VECTOR('',#8054,1.);
#8054 = DIRECTION('',(0.,0.,1.));
#8055 = ORIENTED_EDGE('',*,*,#8056,.T.);
#8056 = EDGE_CURVE('',#8049,#8057,#8059,.T.);
#8057 = VERTEX_POINT('',#8058);
#8058 = CARTESIAN_POINT('',(-0.705,-0.425,5.E-02));
#8059 = LINE('',#8060,#8061);
#8060 = CARTESIAN_POINT('',(-2.5E-02,-0.425,5.E-02));
#8061 = VECTOR('',#8062,1.);
#8062 = DIRECTION('',(-1.,-2.686023446674E-16,0.));
#8063 = ORIENTED_EDGE('',*,*,#8064,.F.);
#8064 = EDGE_CURVE('',#7888,#8057,#8065,.T.);
#8065 = CIRCLE('',#8066,2.E-02);
#8066 = AXIS2_PLACEMENT_3D('',#8067,#8068,#8069);
#8067 = CARTESIAN_POINT('',(-0.705,-0.425,7.E-02));
#8068 = DIRECTION('',(2.686023446674E-16,-1.,0.));
#8069 = DIRECTION('',(-0.707106781187,-1.899305393569E-16,
    -0.707106781187));
#8070 = ORIENTED_EDGE('',*,*,#7887,.T.);
#8071 = ORIENTED_EDGE('',*,*,#7871,.F.);
#8072 = ORIENTED_EDGE('',*,*,#8073,.T.);
#8073 = EDGE_CURVE('',#7847,#8074,#8076,.T.);
#8074 = VERTEX_POINT('',#8075);
#8075 = CARTESIAN_POINT('',(-0.565,-0.425,0.45));
#8076 = LINE('',#8077,#8078);
#8077 = CARTESIAN_POINT('',(-0.75,-0.425,0.45));
#8078 = VECTOR('',#8079,1.);
#8079 = DIRECTION('',(1.,2.686023446674E-16,0.));
#8080 = ORIENTED_EDGE('',*,*,#8081,.T.);
#8081 = EDGE_CURVE('',#8074,#7961,#8082,.T.);
#8082 = LINE('',#8083,#8084);
#8083 = CARTESIAN_POINT('',(-0.565,-0.425,0.25));
#8084 = VECTOR('',#8085,1.);
#8085 = DIRECTION('',(0.,0.,1.));
#8086 = ORIENTED_EDGE('',*,*,#7960,.F.);
#8087 = PLANE('',#8088);
#8088 = AXIS2_PLACEMENT_3D('',#8089,#8090,#8091);
#8089 = CARTESIAN_POINT('',(-0.775,-0.425,0.));
#8090 = DIRECTION('',(2.686023446674E-16,-1.,0.));
#8091 = DIRECTION('',(1.,2.686023446674E-16,0.));
#8092 = ADVANCED_FACE('',(#8093),#8119,.T.);
#8093 = FACE_BOUND('',#8094,.T.);
#8094 = EDGE_LOOP('',(#8095,#8096,#8104,#8113));
#8095 = ORIENTED_EDGE('',*,*,#8031,.T.);
#8096 = ORIENTED_EDGE('',*,*,#8097,.T.);
#8097 = EDGE_CURVE('',#8024,#8098,#8100,.T.);
#8098 = VERTEX_POINT('',#8099);
#8099 = CARTESIAN_POINT('',(-0.775,0.425,2.E-02));
#8100 = LINE('',#8101,#8102);
#8101 = CARTESIAN_POINT('',(-0.775,0.2125,2.E-02));
#8102 = VECTOR('',#8103,1.);
#8103 = DIRECTION('',(0.,1.,0.));
#8104 = ORIENTED_EDGE('',*,*,#8105,.T.);
#8105 = EDGE_CURVE('',#8098,#8106,#8108,.T.);
#8106 = VERTEX_POINT('',#8107);
#8107 = CARTESIAN_POINT('',(-0.755,0.425,0.));
#8108 = CIRCLE('',#8109,2.E-02);
#8109 = AXIS2_PLACEMENT_3D('',#8110,#8111,#8112);
#8110 = CARTESIAN_POINT('',(-0.755,0.425,2.E-02));
#8111 = DIRECTION('',(1.343011723337E-16,-1.,0.));
#8112 = DIRECTION('',(-0.707106781187,-9.496526967845E-17,
    -0.707106781187));
#8113 = ORIENTED_EDGE('',*,*,#8114,.T.);
#8114 = EDGE_CURVE('',#8106,#8032,#8115,.T.);
#8115 = LINE('',#8116,#8117);
#8116 = CARTESIAN_POINT('',(-0.755,0.2125,0.));
#8117 = VECTOR('',#8118,1.);
#8118 = DIRECTION('',(0.,-1.,0.));
#8119 = CYLINDRICAL_SURFACE('',#8120,2.E-02);
#8120 = AXIS2_PLACEMENT_3D('',#8121,#8122,#8123);
#8121 = CARTESIAN_POINT('',(-0.755,0.2125,2.E-02));
#8122 = DIRECTION('',(0.,-1.,0.));
#8123 = DIRECTION('',(-0.707106781187,-0.,-0.707106781187));
#8124 = ADVANCED_FACE('',(#8125),#8143,.F.);
#8125 = FACE_BOUND('',#8126,.T.);
#8126 = EDGE_LOOP('',(#8127,#8128,#8136,#8142));
#8127 = ORIENTED_EDGE('',*,*,#8114,.F.);
#8128 = ORIENTED_EDGE('',*,*,#8129,.F.);
#8129 = EDGE_CURVE('',#8130,#8106,#8132,.T.);
#8130 = VERTEX_POINT('',#8131);
#8131 = CARTESIAN_POINT('',(-0.475,0.425,0.));
#8132 = LINE('',#8133,#8134);
#8133 = CARTESIAN_POINT('',(0.775,0.425,0.));
#8134 = VECTOR('',#8135,1.);
#8135 = DIRECTION('',(-1.,-1.343011723337E-16,0.));
#8136 = ORIENTED_EDGE('',*,*,#8137,.T.);
#8137 = EDGE_CURVE('',#8130,#8041,#8138,.T.);
#8138 = LINE('',#8139,#8140);
#8139 = CARTESIAN_POINT('',(-0.475,0.2125,0.));
#8140 = VECTOR('',#8141,1.);
#8141 = DIRECTION('',(1.088453945711E-16,-1.,0.));
#8142 = ORIENTED_EDGE('',*,*,#8040,.F.);
#8143 = PLANE('',#8144);
#8144 = AXIS2_PLACEMENT_3D('',#8145,#8146,#8147);
#8145 = CARTESIAN_POINT('',(-2.710505431214E-17,-2.963485938127E-17,0.)
  );
#8146 = DIRECTION('',(0.,0.,1.));
#8147 = DIRECTION('',(1.,0.,-0.));
#8148 = ADVANCED_FACE('',(#8149),#8168,.F.);
#8149 = FACE_BOUND('',#8150,.F.);
#8150 = EDGE_LOOP('',(#8151,#8152,#8161,#8167));
#8151 = ORIENTED_EDGE('',*,*,#7895,.F.);
#8152 = ORIENTED_EDGE('',*,*,#8153,.F.);
#8153 = EDGE_CURVE('',#8154,#7896,#8156,.T.);
#8154 = VERTEX_POINT('',#8155);
#8155 = CARTESIAN_POINT('',(-0.705,0.425,5.E-02));
#8156 = CIRCLE('',#8157,2.E-02);
#8157 = AXIS2_PLACEMENT_3D('',#8158,#8159,#8160);
#8158 = CARTESIAN_POINT('',(-0.705,0.425,7.E-02));
#8159 = DIRECTION('',(-1.343011723337E-16,1.,0.));
#8160 = DIRECTION('',(-0.707106781187,-9.496526967845E-17,
    -0.707106781187));
#8161 = ORIENTED_EDGE('',*,*,#8162,.F.);
#8162 = EDGE_CURVE('',#8057,#8154,#8163,.T.);
#8163 = LINE('',#8164,#8165);
#8164 = CARTESIAN_POINT('',(-0.705,0.425,5.E-02));
#8165 = VECTOR('',#8166,1.);
#8166 = DIRECTION('',(-1.088453945711E-16,1.,0.));
#8167 = ORIENTED_EDGE('',*,*,#8064,.F.);
#8168 = CYLINDRICAL_SURFACE('',#8169,2.E-02);
#8169 = AXIS2_PLACEMENT_3D('',#8170,#8171,#8172);
#8170 = CARTESIAN_POINT('',(-0.705,0.425,7.E-02));
#8171 = DIRECTION('',(-1.088453945711E-16,1.,0.));
#8172 = DIRECTION('',(-0.707106781187,-7.696531660215E-17,
    -0.707106781187));
#8173 = ADVANCED_FACE('',(#8174),#8192,.F.);
#8174 = FACE_BOUND('',#8175,.T.);
#8175 = EDGE_LOOP('',(#8176,#8177,#8178,#8186));
#8176 = ORIENTED_EDGE('',*,*,#8162,.F.);
#8177 = ORIENTED_EDGE('',*,*,#8056,.F.);
#8178 = ORIENTED_EDGE('',*,*,#8179,.T.);
#8179 = EDGE_CURVE('',#8049,#8180,#8182,.T.);
#8180 = VERTEX_POINT('',#8181);
#8181 = CARTESIAN_POINT('',(-0.475,0.425,5.E-02));
#8182 = LINE('',#8183,#8184);
#8183 = CARTESIAN_POINT('',(-0.475,0.425,5.E-02));
#8184 = VECTOR('',#8185,1.);
#8185 = DIRECTION('',(-1.088453945711E-16,1.,0.));
#8186 = ORIENTED_EDGE('',*,*,#8187,.F.);
#8187 = EDGE_CURVE('',#8154,#8180,#8188,.T.);
#8188 = LINE('',#8189,#8190);
#8189 = CARTESIAN_POINT('',(0.75,0.425,5.E-02));
#8190 = VECTOR('',#8191,1.);
#8191 = DIRECTION('',(1.,1.343011723337E-16,0.));
#8192 = PLANE('',#8193);
#8193 = AXIS2_PLACEMENT_3D('',#8194,#8195,#8196);
#8194 = CARTESIAN_POINT('',(0.725,0.425,5.E-02));
#8195 = DIRECTION('',(0.,0.,-1.));
#8196 = DIRECTION('',(-1.,-1.33226762955E-16,-0.));
#8197 = ADVANCED_FACE('',(#8198),#8223,.F.);
#8198 = FACE_BOUND('',#8199,.T.);
#8199 = EDGE_LOOP('',(#8200,#8210,#8216,#8217));
#8200 = ORIENTED_EDGE('',*,*,#8201,.F.);
#8201 = EDGE_CURVE('',#8202,#8204,#8206,.T.);
#8202 = VERTEX_POINT('',#8203);
#8203 = CARTESIAN_POINT('',(-0.475,-0.365,0.45));
#8204 = VERTEX_POINT('',#8205);
#8205 = CARTESIAN_POINT('',(-0.565,-0.365,0.45));
#8206 = LINE('',#8207,#8208);
#8207 = CARTESIAN_POINT('',(-0.645,-0.365,0.45));
#8208 = VECTOR('',#8209,1.);
#8209 = DIRECTION('',(-1.,7.709882115452E-16,0.));
#8210 = ORIENTED_EDGE('',*,*,#8211,.F.);
#8211 = EDGE_CURVE('',#7977,#8202,#8212,.T.);
#8212 = LINE('',#8213,#8214);
#8213 = CARTESIAN_POINT('',(-0.475,-0.365,0.45));
#8214 = VECTOR('',#8215,1.);
#8215 = DIRECTION('',(0.,0.,-1.));
#8216 = ORIENTED_EDGE('',*,*,#7976,.F.);
#8217 = ORIENTED_EDGE('',*,*,#8218,.T.);
#8218 = EDGE_CURVE('',#7969,#8204,#8219,.T.);
#8219 = LINE('',#8220,#8221);
#8220 = CARTESIAN_POINT('',(-0.565,-0.365,0.5));
#8221 = VECTOR('',#8222,1.);
#8222 = DIRECTION('',(0.,0.,-1.));
#8223 = PLANE('',#8224);
#8224 = AXIS2_PLACEMENT_3D('',#8225,#8226,#8227);
#8225 = CARTESIAN_POINT('',(-0.565,-0.365,0.5));
#8226 = DIRECTION('',(7.709882115452E-16,1.,0.));
#8227 = DIRECTION('',(1.,-7.709882115452E-16,0.));
#8228 = ADVANCED_FACE('',(#8229),#8240,.F.);
#8229 = FACE_BOUND('',#8230,.T.);
#8230 = EDGE_LOOP('',(#8231,#8237,#8238,#8239));
#8231 = ORIENTED_EDGE('',*,*,#8232,.F.);
#8232 = EDGE_CURVE('',#8204,#8074,#8233,.T.);
#8233 = LINE('',#8234,#8235);
#8234 = CARTESIAN_POINT('',(-0.565,-1.734723475977E-16,0.45));
#8235 = VECTOR('',#8236,1.);
#8236 = DIRECTION('',(0.,-1.,0.));
#8237 = ORIENTED_EDGE('',*,*,#8218,.F.);
#8238 = ORIENTED_EDGE('',*,*,#7968,.F.);
#8239 = ORIENTED_EDGE('',*,*,#8081,.F.);
#8240 = PLANE('',#8241);
#8241 = AXIS2_PLACEMENT_3D('',#8242,#8243,#8244);
#8242 = CARTESIAN_POINT('',(-0.565,-0.425,0.5));
#8243 = DIRECTION('',(-1.,0.,0.));
#8244 = DIRECTION('',(0.,1.,0.));
#8245 = ADVANCED_FACE('',(#8246),#8271,.F.);
#8246 = FACE_BOUND('',#8247,.T.);
#8247 = EDGE_LOOP('',(#8248,#8258,#8264,#8265));
#8248 = ORIENTED_EDGE('',*,*,#8249,.F.);
#8249 = EDGE_CURVE('',#8250,#8252,#8254,.T.);
#8250 = VERTEX_POINT('',#8251);
#8251 = CARTESIAN_POINT('',(-0.565,0.365,0.45));
#8252 = VERTEX_POINT('',#8253);
#8253 = CARTESIAN_POINT('',(-0.475,0.365,0.45));
#8254 = LINE('',#8255,#8256);
#8255 = CARTESIAN_POINT('',(-0.6,0.365,0.45));
#8256 = VECTOR('',#8257,1.);
#8257 = DIRECTION('',(1.,0.,0.));
#8258 = ORIENTED_EDGE('',*,*,#8259,.F.);
#8259 = EDGE_CURVE('',#7993,#8250,#8260,.T.);
#8260 = LINE('',#8261,#8262);
#8261 = CARTESIAN_POINT('',(-0.565,0.365,0.5));
#8262 = VECTOR('',#8263,1.);
#8263 = DIRECTION('',(0.,0.,-1.));
#8264 = ORIENTED_EDGE('',*,*,#7992,.F.);
#8265 = ORIENTED_EDGE('',*,*,#8266,.F.);
#8266 = EDGE_CURVE('',#8252,#7985,#8267,.T.);
#8267 = LINE('',#8268,#8269);
#8268 = CARTESIAN_POINT('',(-0.475,0.365,0.45));
#8269 = VECTOR('',#8270,1.);
#8270 = DIRECTION('',(0.,0.,1.));
#8271 = PLANE('',#8272);
#8272 = AXIS2_PLACEMENT_3D('',#8273,#8274,#8275);
#8273 = CARTESIAN_POINT('',(-0.475,0.365,0.5));
#8274 = DIRECTION('',(0.,-1.,0.));
#8275 = DIRECTION('',(-1.,0.,0.));
#8276 = ADVANCED_FACE('',(#8277),#8295,.F.);
#8277 = FACE_BOUND('',#8278,.T.);
#8278 = EDGE_LOOP('',(#8279,#8287,#8293,#8294));
#8279 = ORIENTED_EDGE('',*,*,#8280,.F.);
#8280 = EDGE_CURVE('',#8281,#8250,#8283,.T.);
#8281 = VERTEX_POINT('',#8282);
#8282 = CARTESIAN_POINT('',(-0.565,0.425,0.45));
#8283 = LINE('',#8284,#8285);
#8284 = CARTESIAN_POINT('',(-0.565,0.395,0.45));
#8285 = VECTOR('',#8286,1.);
#8286 = DIRECTION('',(0.,-1.,0.));
#8287 = ORIENTED_EDGE('',*,*,#8288,.F.);
#8288 = EDGE_CURVE('',#8001,#8281,#8289,.T.);
#8289 = LINE('',#8290,#8291);
#8290 = CARTESIAN_POINT('',(-0.565,0.425,0.25));
#8291 = VECTOR('',#8292,1.);
#8292 = DIRECTION('',(0.,0.,-1.));
#8293 = ORIENTED_EDGE('',*,*,#8000,.F.);
#8294 = ORIENTED_EDGE('',*,*,#8259,.T.);
#8295 = PLANE('',#8296);
#8296 = AXIS2_PLACEMENT_3D('',#8297,#8298,#8299);
#8297 = CARTESIAN_POINT('',(-0.565,0.365,0.5));
#8298 = DIRECTION('',(-1.,0.,0.));
#8299 = DIRECTION('',(0.,1.,0.));
#8300 = ADVANCED_FACE('',(#8301),#8321,.F.);
#8301 = FACE_BOUND('',#8302,.T.);
#8302 = EDGE_LOOP('',(#8303,#8304,#8310,#8311,#8312,#8318,#8319,#8320));
#8303 = ORIENTED_EDGE('',*,*,#7844,.F.);
#8304 = ORIENTED_EDGE('',*,*,#8305,.F.);
#8305 = EDGE_CURVE('',#8281,#7845,#8306,.T.);
#8306 = LINE('',#8307,#8308);
#8307 = CARTESIAN_POINT('',(2.5E-02,0.425,0.45));
#8308 = VECTOR('',#8309,1.);
#8309 = DIRECTION('',(-1.,-1.343011723337E-16,0.));
#8310 = ORIENTED_EDGE('',*,*,#8280,.T.);
#8311 = ORIENTED_EDGE('',*,*,#8249,.T.);
#8312 = ORIENTED_EDGE('',*,*,#8313,.T.);
#8313 = EDGE_CURVE('',#8252,#8202,#8314,.T.);
#8314 = LINE('',#8315,#8316);
#8315 = CARTESIAN_POINT('',(-0.475,0.425,0.45));
#8316 = VECTOR('',#8317,1.);
#8317 = DIRECTION('',(1.088453945711E-16,-1.,0.));
#8318 = ORIENTED_EDGE('',*,*,#8201,.T.);
#8319 = ORIENTED_EDGE('',*,*,#8232,.T.);
#8320 = ORIENTED_EDGE('',*,*,#8073,.F.);
#8321 = PLANE('',#8322);
#8322 = AXIS2_PLACEMENT_3D('',#8323,#8324,#8325);
#8323 = CARTESIAN_POINT('',(-0.725,0.425,0.45));
#8324 = DIRECTION('',(0.,0.,1.));
#8325 = DIRECTION('',(1.,1.33226762955E-16,-0.));
#8326 = ADVANCED_FACE('',(#8327),#8333,.F.);
#8327 = FACE_BOUND('',#8328,.T.);
#8328 = EDGE_LOOP('',(#8329,#8330,#8331,#8332));
#8329 = ORIENTED_EDGE('',*,*,#8211,.T.);
#8330 = ORIENTED_EDGE('',*,*,#8313,.F.);
#8331 = ORIENTED_EDGE('',*,*,#8266,.T.);
#8332 = ORIENTED_EDGE('',*,*,#7984,.F.);
#8333 = PLANE('',#8334);
#8334 = AXIS2_PLACEMENT_3D('',#8335,#8336,#8337);
#8335 = CARTESIAN_POINT('',(-0.475,0.425,0.4));
#8336 = DIRECTION('',(-1.,-1.088453945711E-16,0.));
#8337 = DIRECTION('',(0.,0.,1.));
#8338 = ADVANCED_FACE('',(#8339),#8350,.T.);
#8339 = FACE_BOUND('',#8340,.T.);
#8340 = EDGE_LOOP('',(#8341,#8342,#8348,#8349));
#8341 = ORIENTED_EDGE('',*,*,#7945,.F.);
#8342 = ORIENTED_EDGE('',*,*,#8343,.F.);
#8343 = EDGE_CURVE('',#8098,#7937,#8344,.T.);
#8344 = LINE('',#8345,#8346);
#8345 = CARTESIAN_POINT('',(-0.775,0.425,0.));
#8346 = VECTOR('',#8347,1.);
#8347 = DIRECTION('',(0.,0.,1.));
#8348 = ORIENTED_EDGE('',*,*,#8097,.F.);
#8349 = ORIENTED_EDGE('',*,*,#8023,.T.);
#8350 = PLANE('',#8351);
#8351 = AXIS2_PLACEMENT_3D('',#8352,#8353,#8354);
#8352 = CARTESIAN_POINT('',(-0.775,0.425,0.));
#8353 = DIRECTION('',(-1.,0.,0.));
#8354 = DIRECTION('',(0.,-1.,0.));
#8355 = ADVANCED_FACE('',(#8356),#8375,.T.);
#8356 = FACE_BOUND('',#8357,.T.);
#8357 = EDGE_LOOP('',(#8358,#8359,#8360,#8361,#8362,#8363,#8364,#8365,
    #8366,#8372,#8373,#8374));
#8358 = ORIENTED_EDGE('',*,*,#7936,.F.);
#8359 = ORIENTED_EDGE('',*,*,#8008,.F.);
#8360 = ORIENTED_EDGE('',*,*,#8288,.T.);
#8361 = ORIENTED_EDGE('',*,*,#8305,.T.);
#8362 = ORIENTED_EDGE('',*,*,#7854,.F.);
#8363 = ORIENTED_EDGE('',*,*,#7903,.T.);
#8364 = ORIENTED_EDGE('',*,*,#8153,.F.);
#8365 = ORIENTED_EDGE('',*,*,#8187,.T.);
#8366 = ORIENTED_EDGE('',*,*,#8367,.T.);
#8367 = EDGE_CURVE('',#8180,#8130,#8368,.T.);
#8368 = LINE('',#8369,#8370);
#8369 = CARTESIAN_POINT('',(-0.475,0.425,-1.854871206285E-02));
#8370 = VECTOR('',#8371,1.);
#8371 = DIRECTION('',(0.,0.,-1.));
#8372 = ORIENTED_EDGE('',*,*,#8129,.T.);
#8373 = ORIENTED_EDGE('',*,*,#8105,.F.);
#8374 = ORIENTED_EDGE('',*,*,#8343,.T.);
#8375 = PLANE('',#8376);
#8376 = AXIS2_PLACEMENT_3D('',#8377,#8378,#8379);
#8377 = CARTESIAN_POINT('',(0.775,0.425,0.));
#8378 = DIRECTION('',(-1.343011723337E-16,1.,0.));
#8379 = DIRECTION('',(-1.,-1.343011723337E-16,0.));
#8380 = ADVANCED_FACE('',(#8381),#8387,.F.);
#8381 = FACE_BOUND('',#8382,.T.);
#8382 = EDGE_LOOP('',(#8383,#8384,#8385,#8386));
#8383 = ORIENTED_EDGE('',*,*,#8048,.F.);
#8384 = ORIENTED_EDGE('',*,*,#8137,.F.);
#8385 = ORIENTED_EDGE('',*,*,#8367,.F.);
#8386 = ORIENTED_EDGE('',*,*,#8179,.F.);
#8387 = PLANE('',#8388);
#8388 = AXIS2_PLACEMENT_3D('',#8389,#8390,#8391);
#8389 = CARTESIAN_POINT('',(-0.475,0.425,-3.709742412571E-02));
#8390 = DIRECTION('',(-1.,-1.088453945711E-16,0.));
#8391 = DIRECTION('',(0.,0.,1.));
#8392 = MANIFOLD_SOLID_BREP('',#8393);
#8393 = CLOSED_SHELL('',(#8394,#8436,#8467,#8509,#8540,#8614,#8646,#8702
    ,#8759,#8781,#8830,#8847,#8864,#8881,#8898,#8910,#8922,#8934));
#8394 = ADVANCED_FACE('',(#8395),#8431,.F.);
#8395 = FACE_BOUND('',#8396,.F.);
#8396 = EDGE_LOOP('',(#8397,#8407,#8416,#8424));
#8397 = ORIENTED_EDGE('',*,*,#8398,.F.);
#8398 = EDGE_CURVE('',#8399,#8401,#8403,.T.);
#8399 = VERTEX_POINT('',#8400);
#8400 = CARTESIAN_POINT('',(0.725,-0.425,7.E-02));
#8401 = VERTEX_POINT('',#8402);
#8402 = CARTESIAN_POINT('',(0.725,0.425,7.E-02));
#8403 = LINE('',#8404,#8405);
#8404 = CARTESIAN_POINT('',(0.725,0.425,7.E-02));
#8405 = VECTOR('',#8406,1.);
#8406 = DIRECTION('',(-1.088453945711E-16,1.,0.));
#8407 = ORIENTED_EDGE('',*,*,#8408,.F.);
#8408 = EDGE_CURVE('',#8409,#8399,#8411,.T.);
#8409 = VERTEX_POINT('',#8410);
#8410 = CARTESIAN_POINT('',(0.705,-0.425,5.E-02));
#8411 = CIRCLE('',#8412,2.E-02);
#8412 = AXIS2_PLACEMENT_3D('',#8413,#8414,#8415);
#8413 = CARTESIAN_POINT('',(0.705,-0.425,7.E-02));
#8414 = DIRECTION('',(2.686023446674E-16,-1.,0.));
#8415 = DIRECTION('',(0.707106781187,1.899305393569E-16,-0.707106781187)
  );
#8416 = ORIENTED_EDGE('',*,*,#8417,.F.);
#8417 = EDGE_CURVE('',#8418,#8409,#8420,.T.);
#8418 = VERTEX_POINT('',#8419);
#8419 = CARTESIAN_POINT('',(0.705,0.425,5.E-02));
#8420 = LINE('',#8421,#8422);
#8421 = CARTESIAN_POINT('',(0.705,0.425,5.E-02));
#8422 = VECTOR('',#8423,1.);
#8423 = DIRECTION('',(1.088453945711E-16,-1.,0.));
#8424 = ORIENTED_EDGE('',*,*,#8425,.F.);
#8425 = EDGE_CURVE('',#8401,#8418,#8426,.T.);
#8426 = CIRCLE('',#8427,2.E-02);
#8427 = AXIS2_PLACEMENT_3D('',#8428,#8429,#8430);
#8428 = CARTESIAN_POINT('',(0.705,0.425,7.E-02));
#8429 = DIRECTION('',(-1.343011723337E-16,1.,0.));
#8430 = DIRECTION('',(0.707106781187,9.496526967845E-17,-0.707106781187)
  );
#8431 = CYLINDRICAL_SURFACE('',#8432,2.E-02);
#8432 = AXIS2_PLACEMENT_3D('',#8433,#8434,#8435);
#8433 = CARTESIAN_POINT('',(0.705,0.425,7.E-02));
#8434 = DIRECTION('',(1.088453945711E-16,-1.,0.));
#8435 = DIRECTION('',(0.707106781187,7.696531660215E-17,-0.707106781187)
  );
#8436 = ADVANCED_FACE('',(#8437),#8462,.F.);
#8437 = FACE_BOUND('',#8438,.T.);
#8438 = EDGE_LOOP('',(#8439,#8440,#8448,#8456));
#8439 = ORIENTED_EDGE('',*,*,#8417,.F.);
#8440 = ORIENTED_EDGE('',*,*,#8441,.F.);
#8441 = EDGE_CURVE('',#8442,#8418,#8444,.T.);
#8442 = VERTEX_POINT('',#8443);
#8443 = CARTESIAN_POINT('',(0.475,0.425,5.E-02));
#8444 = LINE('',#8445,#8446);
#8445 = CARTESIAN_POINT('',(0.75,0.425,5.E-02));
#8446 = VECTOR('',#8447,1.);
#8447 = DIRECTION('',(1.,1.343011723337E-16,0.));
#8448 = ORIENTED_EDGE('',*,*,#8449,.T.);
#8449 = EDGE_CURVE('',#8442,#8450,#8452,.T.);
#8450 = VERTEX_POINT('',#8451);
#8451 = CARTESIAN_POINT('',(0.475,-0.425,5.E-02));
#8452 = LINE('',#8453,#8454);
#8453 = CARTESIAN_POINT('',(0.475,0.425,5.E-02));
#8454 = VECTOR('',#8455,1.);
#8455 = DIRECTION('',(1.088453945711E-16,-1.,0.));
#8456 = ORIENTED_EDGE('',*,*,#8457,.F.);
#8457 = EDGE_CURVE('',#8409,#8450,#8458,.T.);
#8458 = LINE('',#8459,#8460);
#8459 = CARTESIAN_POINT('',(-2.5E-02,-0.425,5.E-02));
#8460 = VECTOR('',#8461,1.);
#8461 = DIRECTION('',(-1.,-2.686023446674E-16,0.));
#8462 = PLANE('',#8463);
#8463 = AXIS2_PLACEMENT_3D('',#8464,#8465,#8466);
#8464 = CARTESIAN_POINT('',(0.725,0.425,5.E-02));
#8465 = DIRECTION('',(0.,0.,-1.));
#8466 = DIRECTION('',(-1.,-1.33226762955E-16,-0.));
#8467 = ADVANCED_FACE('',(#8468),#8504,.T.);
#8468 = FACE_BOUND('',#8469,.T.);
#8469 = EDGE_LOOP('',(#8470,#8481,#8489,#8498));
#8470 = ORIENTED_EDGE('',*,*,#8471,.T.);
#8471 = EDGE_CURVE('',#8472,#8474,#8476,.T.);
#8472 = VERTEX_POINT('',#8473);
#8473 = CARTESIAN_POINT('',(0.755,0.425,0.));
#8474 = VERTEX_POINT('',#8475);
#8475 = CARTESIAN_POINT('',(0.775,0.425,2.E-02));
#8476 = CIRCLE('',#8477,2.E-02);
#8477 = AXIS2_PLACEMENT_3D('',#8478,#8479,#8480);
#8478 = CARTESIAN_POINT('',(0.755,0.425,2.E-02));
#8479 = DIRECTION('',(1.343011723337E-16,-1.,0.));
#8480 = DIRECTION('',(0.707106781187,9.496526967845E-17,-0.707106781187)
  );
#8481 = ORIENTED_EDGE('',*,*,#8482,.T.);
#8482 = EDGE_CURVE('',#8474,#8483,#8485,.T.);
#8483 = VERTEX_POINT('',#8484);
#8484 = CARTESIAN_POINT('',(0.775,-0.425,2.E-02));
#8485 = LINE('',#8486,#8487);
#8486 = CARTESIAN_POINT('',(0.775,-0.2125,2.E-02));
#8487 = VECTOR('',#8488,1.);
#8488 = DIRECTION('',(0.,-1.,0.));
#8489 = ORIENTED_EDGE('',*,*,#8490,.T.);
#8490 = EDGE_CURVE('',#8483,#8491,#8493,.T.);
#8491 = VERTEX_POINT('',#8492);
#8492 = CARTESIAN_POINT('',(0.755,-0.425,0.));
#8493 = CIRCLE('',#8494,2.E-02);
#8494 = AXIS2_PLACEMENT_3D('',#8495,#8496,#8497);
#8495 = CARTESIAN_POINT('',(0.755,-0.425,2.E-02));
#8496 = DIRECTION('',(-2.686023446674E-16,1.,0.));
#8497 = DIRECTION('',(0.707106781187,1.899305393569E-16,-0.707106781187)
  );
#8498 = ORIENTED_EDGE('',*,*,#8499,.T.);
#8499 = EDGE_CURVE('',#8491,#8472,#8500,.T.);
#8500 = LINE('',#8501,#8502);
#8501 = CARTESIAN_POINT('',(0.755,-0.2125,0.));
#8502 = VECTOR('',#8503,1.);
#8503 = DIRECTION('',(0.,1.,0.));
#8504 = CYLINDRICAL_SURFACE('',#8505,2.E-02);
#8505 = AXIS2_PLACEMENT_3D('',#8506,#8507,#8508);
#8506 = CARTESIAN_POINT('',(0.755,-0.2125,2.E-02));
#8507 = DIRECTION('',(0.,1.,0.));
#8508 = DIRECTION('',(0.707106781187,0.,-0.707106781187));
#8509 = ADVANCED_FACE('',(#8510),#8535,.F.);
#8510 = FACE_BOUND('',#8511,.T.);
#8511 = EDGE_LOOP('',(#8512,#8513,#8521,#8529));
#8512 = ORIENTED_EDGE('',*,*,#8499,.F.);
#8513 = ORIENTED_EDGE('',*,*,#8514,.F.);
#8514 = EDGE_CURVE('',#8515,#8491,#8517,.T.);
#8515 = VERTEX_POINT('',#8516);
#8516 = CARTESIAN_POINT('',(0.475,-0.425,0.));
#8517 = LINE('',#8518,#8519);
#8518 = CARTESIAN_POINT('',(-0.775,-0.425,0.));
#8519 = VECTOR('',#8520,1.);
#8520 = DIRECTION('',(1.,2.686023446674E-16,0.));
#8521 = ORIENTED_EDGE('',*,*,#8522,.T.);
#8522 = EDGE_CURVE('',#8515,#8523,#8525,.T.);
#8523 = VERTEX_POINT('',#8524);
#8524 = CARTESIAN_POINT('',(0.475,0.425,0.));
#8525 = LINE('',#8526,#8527);
#8526 = CARTESIAN_POINT('',(0.475,0.2125,0.));
#8527 = VECTOR('',#8528,1.);
#8528 = DIRECTION('',(-1.088453945711E-16,1.,0.));
#8529 = ORIENTED_EDGE('',*,*,#8530,.F.);
#8530 = EDGE_CURVE('',#8472,#8523,#8531,.T.);
#8531 = LINE('',#8532,#8533);
#8532 = CARTESIAN_POINT('',(0.775,0.425,0.));
#8533 = VECTOR('',#8534,1.);
#8534 = DIRECTION('',(-1.,-1.343011723337E-16,0.));
#8535 = PLANE('',#8536);
#8536 = AXIS2_PLACEMENT_3D('',#8537,#8538,#8539);
#8537 = CARTESIAN_POINT('',(-2.710505431214E-17,-2.963485938127E-17,0.)
  );
#8538 = DIRECTION('',(0.,0.,1.));
#8539 = DIRECTION('',(1.,0.,-0.));
#8540 = ADVANCED_FACE('',(#8541),#8609,.T.);
#8541 = FACE_BOUND('',#8542,.T.);
#8542 = EDGE_LOOP('',(#8543,#8544,#8552,#8561,#8569,#8577,#8585,#8594,
    #8600,#8601,#8602,#8608));
#8543 = ORIENTED_EDGE('',*,*,#8490,.F.);
#8544 = ORIENTED_EDGE('',*,*,#8545,.T.);
#8545 = EDGE_CURVE('',#8483,#8546,#8548,.T.);
#8546 = VERTEX_POINT('',#8547);
#8547 = CARTESIAN_POINT('',(0.775,-0.425,0.48));
#8548 = LINE('',#8549,#8550);
#8549 = CARTESIAN_POINT('',(0.775,-0.425,0.));
#8550 = VECTOR('',#8551,1.);
#8551 = DIRECTION('',(0.,0.,1.));
#8552 = ORIENTED_EDGE('',*,*,#8553,.F.);
#8553 = EDGE_CURVE('',#8554,#8546,#8556,.T.);
#8554 = VERTEX_POINT('',#8555);
#8555 = CARTESIAN_POINT('',(0.755,-0.425,0.5));
#8556 = CIRCLE('',#8557,2.E-02);
#8557 = AXIS2_PLACEMENT_3D('',#8558,#8559,#8560);
#8558 = CARTESIAN_POINT('',(0.755,-0.425,0.48));
#8559 = DIRECTION('',(-2.686023446674E-16,1.,0.));
#8560 = DIRECTION('',(0.707106781187,1.899305393569E-16,0.707106781187)
  );
#8561 = ORIENTED_EDGE('',*,*,#8562,.F.);
#8562 = EDGE_CURVE('',#8563,#8554,#8565,.T.);
#8563 = VERTEX_POINT('',#8564);
#8564 = CARTESIAN_POINT('',(0.565,-0.425,0.5));
#8565 = LINE('',#8566,#8567);
#8566 = CARTESIAN_POINT('',(-0.775,-0.425,0.5));
#8567 = VECTOR('',#8568,1.);
#8568 = DIRECTION('',(1.,2.686023446674E-16,0.));
#8569 = ORIENTED_EDGE('',*,*,#8570,.T.);
#8570 = EDGE_CURVE('',#8563,#8571,#8573,.T.);
#8571 = VERTEX_POINT('',#8572);
#8572 = CARTESIAN_POINT('',(0.565,-0.425,0.45));
#8573 = LINE('',#8574,#8575);
#8574 = CARTESIAN_POINT('',(0.565,-0.425,0.25));
#8575 = VECTOR('',#8576,1.);
#8576 = DIRECTION('',(0.,0.,-1.));
#8577 = ORIENTED_EDGE('',*,*,#8578,.T.);
#8578 = EDGE_CURVE('',#8571,#8579,#8581,.T.);
#8579 = VERTEX_POINT('',#8580);
#8580 = CARTESIAN_POINT('',(0.705,-0.425,0.45));
#8581 = LINE('',#8582,#8583);
#8582 = CARTESIAN_POINT('',(-0.75,-0.425,0.45));
#8583 = VECTOR('',#8584,1.);
#8584 = DIRECTION('',(1.,2.686023446674E-16,0.));
#8585 = ORIENTED_EDGE('',*,*,#8586,.F.);
#8586 = EDGE_CURVE('',#8587,#8579,#8589,.T.);
#8587 = VERTEX_POINT('',#8588);
#8588 = CARTESIAN_POINT('',(0.725,-0.425,0.43));
#8589 = CIRCLE('',#8590,2.E-02);
#8590 = AXIS2_PLACEMENT_3D('',#8591,#8592,#8593);
#8591 = CARTESIAN_POINT('',(0.705,-0.425,0.43));
#8592 = DIRECTION('',(2.686023446674E-16,-1.,0.));
#8593 = DIRECTION('',(0.707106781187,1.899305393569E-16,0.707106781187)
  );
#8594 = ORIENTED_EDGE('',*,*,#8595,.T.);
#8595 = EDGE_CURVE('',#8587,#8399,#8596,.T.);
#8596 = LINE('',#8597,#8598);
#8597 = CARTESIAN_POINT('',(0.725,-0.425,0.225));
#8598 = VECTOR('',#8599,1.);
#8599 = DIRECTION('',(0.,0.,-1.));
#8600 = ORIENTED_EDGE('',*,*,#8408,.F.);
#8601 = ORIENTED_EDGE('',*,*,#8457,.T.);
#8602 = ORIENTED_EDGE('',*,*,#8603,.T.);
#8603 = EDGE_CURVE('',#8450,#8515,#8604,.T.);
#8604 = LINE('',#8605,#8606);
#8605 = CARTESIAN_POINT('',(0.475,-0.425,6.854871206285E-02));
#8606 = VECTOR('',#8607,1.);
#8607 = DIRECTION('',(0.,0.,-1.));
#8608 = ORIENTED_EDGE('',*,*,#8514,.T.);
#8609 = PLANE('',#8610);
#8610 = AXIS2_PLACEMENT_3D('',#8611,#8612,#8613);
#8611 = CARTESIAN_POINT('',(-0.775,-0.425,0.));
#8612 = DIRECTION('',(2.686023446674E-16,-1.,0.));
#8613 = DIRECTION('',(1.,2.686023446674E-16,0.));
#8614 = ADVANCED_FACE('',(#8615),#8641,.T.);
#8615 = FACE_BOUND('',#8616,.T.);
#8616 = EDGE_LOOP('',(#8617,#8628,#8634,#8635));
#8617 = ORIENTED_EDGE('',*,*,#8618,.T.);
#8618 = EDGE_CURVE('',#8619,#8621,#8623,.T.);
#8619 = VERTEX_POINT('',#8620);
#8620 = CARTESIAN_POINT('',(0.775,0.425,0.48));
#8621 = VERTEX_POINT('',#8622);
#8622 = CARTESIAN_POINT('',(0.755,0.425,0.5));
#8623 = CIRCLE('',#8624,2.E-02);
#8624 = AXIS2_PLACEMENT_3D('',#8625,#8626,#8627);
#8625 = CARTESIAN_POINT('',(0.755,0.425,0.48));
#8626 = DIRECTION('',(1.343011723337E-16,-1.,0.));
#8627 = DIRECTION('',(0.707106781187,9.496526967845E-17,0.707106781187)
  );
#8628 = ORIENTED_EDGE('',*,*,#8629,.T.);
#8629 = EDGE_CURVE('',#8621,#8554,#8630,.T.);
#8630 = LINE('',#8631,#8632);
#8631 = CARTESIAN_POINT('',(0.755,-0.2125,0.5));
#8632 = VECTOR('',#8633,1.);
#8633 = DIRECTION('',(0.,-1.,0.));
#8634 = ORIENTED_EDGE('',*,*,#8553,.T.);
#8635 = ORIENTED_EDGE('',*,*,#8636,.T.);
#8636 = EDGE_CURVE('',#8546,#8619,#8637,.T.);
#8637 = LINE('',#8638,#8639);
#8638 = CARTESIAN_POINT('',(0.775,-0.2125,0.48));
#8639 = VECTOR('',#8640,1.);
#8640 = DIRECTION('',(0.,1.,0.));
#8641 = CYLINDRICAL_SURFACE('',#8642,2.E-02);
#8642 = AXIS2_PLACEMENT_3D('',#8643,#8644,#8645);
#8643 = CARTESIAN_POINT('',(0.755,-0.2125,0.48));
#8644 = DIRECTION('',(0.,1.,0.));
#8645 = DIRECTION('',(0.707106781187,-0.,0.707106781187));
#8646 = ADVANCED_FACE('',(#8647),#8697,.T.);
#8647 = FACE_BOUND('',#8648,.T.);
#8648 = EDGE_LOOP('',(#8649,#8650,#8658,#8666,#8674,#8682,#8690,#8696));
#8649 = ORIENTED_EDGE('',*,*,#8629,.F.);
#8650 = ORIENTED_EDGE('',*,*,#8651,.T.);
#8651 = EDGE_CURVE('',#8621,#8652,#8654,.T.);
#8652 = VERTEX_POINT('',#8653);
#8653 = CARTESIAN_POINT('',(0.565,0.425,0.5));
#8654 = LINE('',#8655,#8656);
#8655 = CARTESIAN_POINT('',(0.775,0.425,0.5));
#8656 = VECTOR('',#8657,1.);
#8657 = DIRECTION('',(-1.,-1.343011723337E-16,0.));
#8658 = ORIENTED_EDGE('',*,*,#8659,.T.);
#8659 = EDGE_CURVE('',#8652,#8660,#8662,.T.);
#8660 = VERTEX_POINT('',#8661);
#8661 = CARTESIAN_POINT('',(0.565,0.365,0.5));
#8662 = LINE('',#8663,#8664);
#8663 = CARTESIAN_POINT('',(0.565,0.2125,0.5));
#8664 = VECTOR('',#8665,1.);
#8665 = DIRECTION('',(0.,-1.,0.));
#8666 = ORIENTED_EDGE('',*,*,#8667,.T.);
#8667 = EDGE_CURVE('',#8660,#8668,#8670,.T.);
#8668 = VERTEX_POINT('',#8669);
#8669 = CARTESIAN_POINT('',(0.475,0.365,0.5));
#8670 = LINE('',#8671,#8672);
#8671 = CARTESIAN_POINT('',(0.2825,0.365,0.5));
#8672 = VECTOR('',#8673,1.);
#8673 = DIRECTION('',(-1.,0.,0.));
#8674 = ORIENTED_EDGE('',*,*,#8675,.T.);
#8675 = EDGE_CURVE('',#8668,#8676,#8678,.T.);
#8676 = VERTEX_POINT('',#8677);
#8677 = CARTESIAN_POINT('',(0.475,-0.365,0.5));
#8678 = LINE('',#8679,#8680);
#8679 = CARTESIAN_POINT('',(0.475,0.2125,0.5));
#8680 = VECTOR('',#8681,1.);
#8681 = DIRECTION('',(1.088453945711E-16,-1.,0.));
#8682 = ORIENTED_EDGE('',*,*,#8683,.T.);
#8683 = EDGE_CURVE('',#8676,#8684,#8686,.T.);
#8684 = VERTEX_POINT('',#8685);
#8685 = CARTESIAN_POINT('',(0.565,-0.365,0.5));
#8686 = LINE('',#8687,#8688);
#8687 = CARTESIAN_POINT('',(0.2375,-0.365,0.5));
#8688 = VECTOR('',#8689,1.);
#8689 = DIRECTION('',(1.,0.,0.));
#8690 = ORIENTED_EDGE('',*,*,#8691,.T.);
#8691 = EDGE_CURVE('',#8684,#8563,#8692,.T.);
#8692 = LINE('',#8693,#8694);
#8693 = CARTESIAN_POINT('',(0.565,-0.1825,0.5));
#8694 = VECTOR('',#8695,1.);
#8695 = DIRECTION('',(0.,-1.,0.));
#8696 = ORIENTED_EDGE('',*,*,#8562,.T.);
#8697 = PLANE('',#8698);
#8698 = AXIS2_PLACEMENT_3D('',#8699,#8700,#8701);
#8699 = CARTESIAN_POINT('',(0.,0.,0.5));
#8700 = DIRECTION('',(0.,0.,1.));
#8701 = DIRECTION('',(1.,0.,-0.));
#8702 = ADVANCED_FACE('',(#8703),#8754,.T.);
#8703 = FACE_BOUND('',#8704,.T.);
#8704 = EDGE_LOOP('',(#8705,#8706,#8707,#8713,#8714,#8715,#8723,#8732,
    #8740,#8746,#8747,#8748));
#8705 = ORIENTED_EDGE('',*,*,#8471,.F.);
#8706 = ORIENTED_EDGE('',*,*,#8530,.T.);
#8707 = ORIENTED_EDGE('',*,*,#8708,.T.);
#8708 = EDGE_CURVE('',#8523,#8442,#8709,.T.);
#8709 = LINE('',#8710,#8711);
#8710 = CARTESIAN_POINT('',(0.475,0.425,6.854871206285E-02));
#8711 = VECTOR('',#8712,1.);
#8712 = DIRECTION('',(0.,0.,1.));
#8713 = ORIENTED_EDGE('',*,*,#8441,.T.);
#8714 = ORIENTED_EDGE('',*,*,#8425,.F.);
#8715 = ORIENTED_EDGE('',*,*,#8716,.T.);
#8716 = EDGE_CURVE('',#8401,#8717,#8719,.T.);
#8717 = VERTEX_POINT('',#8718);
#8718 = CARTESIAN_POINT('',(0.725,0.425,0.43));
#8719 = LINE('',#8720,#8721);
#8720 = CARTESIAN_POINT('',(0.725,0.425,0.225));
#8721 = VECTOR('',#8722,1.);
#8722 = DIRECTION('',(0.,0.,1.));
#8723 = ORIENTED_EDGE('',*,*,#8724,.F.);
#8724 = EDGE_CURVE('',#8725,#8717,#8727,.T.);
#8725 = VERTEX_POINT('',#8726);
#8726 = CARTESIAN_POINT('',(0.705,0.425,0.45));
#8727 = CIRCLE('',#8728,2.E-02);
#8728 = AXIS2_PLACEMENT_3D('',#8729,#8730,#8731);
#8729 = CARTESIAN_POINT('',(0.705,0.425,0.43));
#8730 = DIRECTION('',(-1.343011723337E-16,1.,0.));
#8731 = DIRECTION('',(0.707106781187,9.496526967845E-17,0.707106781187)
  );
#8732 = ORIENTED_EDGE('',*,*,#8733,.T.);
#8733 = EDGE_CURVE('',#8725,#8734,#8736,.T.);
#8734 = VERTEX_POINT('',#8735);
#8735 = CARTESIAN_POINT('',(0.565,0.425,0.45));
#8736 = LINE('',#8737,#8738);
#8737 = CARTESIAN_POINT('',(2.5E-02,0.425,0.45));
#8738 = VECTOR('',#8739,1.);
#8739 = DIRECTION('',(-1.,-1.343011723337E-16,0.));
#8740 = ORIENTED_EDGE('',*,*,#8741,.T.);
#8741 = EDGE_CURVE('',#8734,#8652,#8742,.T.);
#8742 = LINE('',#8743,#8744);
#8743 = CARTESIAN_POINT('',(0.565,0.425,0.25));
#8744 = VECTOR('',#8745,1.);
#8745 = DIRECTION('',(0.,0.,1.));
#8746 = ORIENTED_EDGE('',*,*,#8651,.F.);
#8747 = ORIENTED_EDGE('',*,*,#8618,.F.);
#8748 = ORIENTED_EDGE('',*,*,#8749,.F.);
#8749 = EDGE_CURVE('',#8474,#8619,#8750,.T.);
#8750 = LINE('',#8751,#8752);
#8751 = CARTESIAN_POINT('',(0.775,0.425,0.));
#8752 = VECTOR('',#8753,1.);
#8753 = DIRECTION('',(0.,0.,1.));
#8754 = PLANE('',#8755);
#8755 = AXIS2_PLACEMENT_3D('',#8756,#8757,#8758);
#8756 = CARTESIAN_POINT('',(0.775,0.425,0.));
#8757 = DIRECTION('',(-1.343011723337E-16,1.,0.));
#8758 = DIRECTION('',(-1.,-1.343011723337E-16,0.));
#8759 = ADVANCED_FACE('',(#8760),#8776,.F.);
#8760 = FACE_BOUND('',#8761,.F.);
#8761 = EDGE_LOOP('',(#8762,#8768,#8769,#8775));
#8762 = ORIENTED_EDGE('',*,*,#8763,.F.);
#8763 = EDGE_CURVE('',#8717,#8587,#8764,.T.);
#8764 = LINE('',#8765,#8766);
#8765 = CARTESIAN_POINT('',(0.725,0.425,0.43));
#8766 = VECTOR('',#8767,1.);
#8767 = DIRECTION('',(1.088453945711E-16,-1.,0.));
#8768 = ORIENTED_EDGE('',*,*,#8724,.F.);
#8769 = ORIENTED_EDGE('',*,*,#8770,.F.);
#8770 = EDGE_CURVE('',#8579,#8725,#8771,.T.);
#8771 = LINE('',#8772,#8773);
#8772 = CARTESIAN_POINT('',(0.705,0.425,0.45));
#8773 = VECTOR('',#8774,1.);
#8774 = DIRECTION('',(-1.088453945711E-16,1.,0.));
#8775 = ORIENTED_EDGE('',*,*,#8586,.F.);
#8776 = CYLINDRICAL_SURFACE('',#8777,2.E-02);
#8777 = AXIS2_PLACEMENT_3D('',#8778,#8779,#8780);
#8778 = CARTESIAN_POINT('',(0.705,0.425,0.43));
#8779 = DIRECTION('',(-1.088453945711E-16,1.,0.));
#8780 = DIRECTION('',(0.707106781187,7.696531660215E-17,0.707106781187)
  );
#8781 = ADVANCED_FACE('',(#8782),#8825,.F.);
#8782 = FACE_BOUND('',#8783,.T.);
#8783 = EDGE_LOOP('',(#8784,#8785,#8786,#8794,#8802,#8810,#8818,#8824));
#8784 = ORIENTED_EDGE('',*,*,#8770,.F.);
#8785 = ORIENTED_EDGE('',*,*,#8578,.F.);
#8786 = ORIENTED_EDGE('',*,*,#8787,.T.);
#8787 = EDGE_CURVE('',#8571,#8788,#8790,.T.);
#8788 = VERTEX_POINT('',#8789);
#8789 = CARTESIAN_POINT('',(0.565,-0.365,0.45));
#8790 = LINE('',#8791,#8792);
#8791 = CARTESIAN_POINT('',(0.565,3.E-02,0.45));
#8792 = VECTOR('',#8793,1.);
#8793 = DIRECTION('',(0.,1.,0.));
#8794 = ORIENTED_EDGE('',*,*,#8795,.T.);
#8795 = EDGE_CURVE('',#8788,#8796,#8798,.T.);
#8796 = VERTEX_POINT('',#8797);
#8797 = CARTESIAN_POINT('',(0.475,-0.365,0.45));
#8798 = LINE('',#8799,#8800);
#8799 = CARTESIAN_POINT('',(-0.125,-0.365,0.45));
#8800 = VECTOR('',#8801,1.);
#8801 = DIRECTION('',(-1.,0.,0.));
#8802 = ORIENTED_EDGE('',*,*,#8803,.T.);
#8803 = EDGE_CURVE('',#8796,#8804,#8806,.T.);
#8804 = VERTEX_POINT('',#8805);
#8805 = CARTESIAN_POINT('',(0.475,0.365,0.45));
#8806 = LINE('',#8807,#8808);
#8807 = CARTESIAN_POINT('',(0.475,0.425,0.45));
#8808 = VECTOR('',#8809,1.);
#8809 = DIRECTION('',(-1.088453945711E-16,1.,0.));
#8810 = ORIENTED_EDGE('',*,*,#8811,.T.);
#8811 = EDGE_CURVE('',#8804,#8812,#8814,.T.);
#8812 = VERTEX_POINT('',#8813);
#8813 = CARTESIAN_POINT('',(0.565,0.365,0.45));
#8814 = LINE('',#8815,#8816);
#8815 = CARTESIAN_POINT('',(-8.E-02,0.365,0.45));
#8816 = VECTOR('',#8817,1.);
#8817 = DIRECTION('',(1.,0.,0.));
#8818 = ORIENTED_EDGE('',*,*,#8819,.T.);
#8819 = EDGE_CURVE('',#8812,#8734,#8820,.T.);
#8820 = LINE('',#8821,#8822);
#8821 = CARTESIAN_POINT('',(0.565,0.425,0.45));
#8822 = VECTOR('',#8823,1.);
#8823 = DIRECTION('',(0.,1.,0.));
#8824 = ORIENTED_EDGE('',*,*,#8733,.F.);
#8825 = PLANE('',#8826);
#8826 = AXIS2_PLACEMENT_3D('',#8827,#8828,#8829);
#8827 = CARTESIAN_POINT('',(-0.725,0.425,0.45));
#8828 = DIRECTION('',(0.,0.,1.));
#8829 = DIRECTION('',(1.,1.33226762955E-16,-0.));
#8830 = ADVANCED_FACE('',(#8831),#8842,.F.);
#8831 = FACE_BOUND('',#8832,.T.);
#8832 = EDGE_LOOP('',(#8833,#8834,#8835,#8836));
#8833 = ORIENTED_EDGE('',*,*,#8787,.F.);
#8834 = ORIENTED_EDGE('',*,*,#8570,.F.);
#8835 = ORIENTED_EDGE('',*,*,#8691,.F.);
#8836 = ORIENTED_EDGE('',*,*,#8837,.T.);
#8837 = EDGE_CURVE('',#8684,#8788,#8838,.T.);
#8838 = LINE('',#8839,#8840);
#8839 = CARTESIAN_POINT('',(0.565,-0.365,0.5));
#8840 = VECTOR('',#8841,1.);
#8841 = DIRECTION('',(0.,0.,-1.));
#8842 = PLANE('',#8843);
#8843 = AXIS2_PLACEMENT_3D('',#8844,#8845,#8846);
#8844 = CARTESIAN_POINT('',(0.565,-0.365,0.5));
#8845 = DIRECTION('',(1.,0.,0.));
#8846 = DIRECTION('',(0.,-1.,0.));
#8847 = ADVANCED_FACE('',(#8848),#8859,.F.);
#8848 = FACE_BOUND('',#8849,.T.);
#8849 = EDGE_LOOP('',(#8850,#8851,#8852,#8853));
#8850 = ORIENTED_EDGE('',*,*,#8795,.F.);
#8851 = ORIENTED_EDGE('',*,*,#8837,.F.);
#8852 = ORIENTED_EDGE('',*,*,#8683,.F.);
#8853 = ORIENTED_EDGE('',*,*,#8854,.F.);
#8854 = EDGE_CURVE('',#8796,#8676,#8855,.T.);
#8855 = LINE('',#8856,#8857);
#8856 = CARTESIAN_POINT('',(0.475,-0.365,0.5));
#8857 = VECTOR('',#8858,1.);
#8858 = DIRECTION('',(0.,0.,1.));
#8859 = PLANE('',#8860);
#8860 = AXIS2_PLACEMENT_3D('',#8861,#8862,#8863);
#8861 = CARTESIAN_POINT('',(0.475,-0.365,0.5));
#8862 = DIRECTION('',(0.,1.,0.));
#8863 = DIRECTION('',(1.,0.,0.));
#8864 = ADVANCED_FACE('',(#8865),#8876,.F.);
#8865 = FACE_BOUND('',#8866,.T.);
#8866 = EDGE_LOOP('',(#8867,#8868,#8874,#8875));
#8867 = ORIENTED_EDGE('',*,*,#8819,.F.);
#8868 = ORIENTED_EDGE('',*,*,#8869,.F.);
#8869 = EDGE_CURVE('',#8660,#8812,#8870,.T.);
#8870 = LINE('',#8871,#8872);
#8871 = CARTESIAN_POINT('',(0.565,0.365,0.5));
#8872 = VECTOR('',#8873,1.);
#8873 = DIRECTION('',(0.,0.,-1.));
#8874 = ORIENTED_EDGE('',*,*,#8659,.F.);
#8875 = ORIENTED_EDGE('',*,*,#8741,.F.);
#8876 = PLANE('',#8877);
#8877 = AXIS2_PLACEMENT_3D('',#8878,#8879,#8880);
#8878 = CARTESIAN_POINT('',(0.565,0.425,0.5));
#8879 = DIRECTION('',(1.,0.,0.));
#8880 = DIRECTION('',(0.,-1.,0.));
#8881 = ADVANCED_FACE('',(#8882),#8893,.F.);
#8882 = FACE_BOUND('',#8883,.T.);
#8883 = EDGE_LOOP('',(#8884,#8885,#8891,#8892));
#8884 = ORIENTED_EDGE('',*,*,#8811,.F.);
#8885 = ORIENTED_EDGE('',*,*,#8886,.F.);
#8886 = EDGE_CURVE('',#8668,#8804,#8887,.T.);
#8887 = LINE('',#8888,#8889);
#8888 = CARTESIAN_POINT('',(0.475,0.365,0.5));
#8889 = VECTOR('',#8890,1.);
#8890 = DIRECTION('',(0.,0.,-1.));
#8891 = ORIENTED_EDGE('',*,*,#8667,.F.);
#8892 = ORIENTED_EDGE('',*,*,#8869,.T.);
#8893 = PLANE('',#8894);
#8894 = AXIS2_PLACEMENT_3D('',#8895,#8896,#8897);
#8895 = CARTESIAN_POINT('',(0.565,0.365,0.5));
#8896 = DIRECTION('',(0.,-1.,0.));
#8897 = DIRECTION('',(-1.,0.,0.));
#8898 = ADVANCED_FACE('',(#8899),#8905,.F.);
#8899 = FACE_BOUND('',#8900,.T.);
#8900 = EDGE_LOOP('',(#8901,#8902,#8903,#8904));
#8901 = ORIENTED_EDGE('',*,*,#8603,.F.);
#8902 = ORIENTED_EDGE('',*,*,#8449,.F.);
#8903 = ORIENTED_EDGE('',*,*,#8708,.F.);
#8904 = ORIENTED_EDGE('',*,*,#8522,.F.);
#8905 = PLANE('',#8906);
#8906 = AXIS2_PLACEMENT_3D('',#8907,#8908,#8909);
#8907 = CARTESIAN_POINT('',(0.475,0.425,0.137097424126));
#8908 = DIRECTION('',(1.,1.088453945711E-16,0.));
#8909 = DIRECTION('',(0.,0.,-1.));
#8910 = ADVANCED_FACE('',(#8911),#8917,.F.);
#8911 = FACE_BOUND('',#8912,.T.);
#8912 = EDGE_LOOP('',(#8913,#8914,#8915,#8916));
#8913 = ORIENTED_EDGE('',*,*,#8398,.F.);
#8914 = ORIENTED_EDGE('',*,*,#8595,.F.);
#8915 = ORIENTED_EDGE('',*,*,#8763,.F.);
#8916 = ORIENTED_EDGE('',*,*,#8716,.F.);
#8917 = PLANE('',#8918);
#8918 = AXIS2_PLACEMENT_3D('',#8919,#8920,#8921);
#8919 = CARTESIAN_POINT('',(0.725,0.425,0.45));
#8920 = DIRECTION('',(1.,1.088453945711E-16,0.));
#8921 = DIRECTION('',(0.,0.,-1.));
#8922 = ADVANCED_FACE('',(#8923),#8929,.F.);
#8923 = FACE_BOUND('',#8924,.T.);
#8924 = EDGE_LOOP('',(#8925,#8926,#8927,#8928));
#8925 = ORIENTED_EDGE('',*,*,#8854,.T.);
#8926 = ORIENTED_EDGE('',*,*,#8675,.F.);
#8927 = ORIENTED_EDGE('',*,*,#8886,.T.);
#8928 = ORIENTED_EDGE('',*,*,#8803,.F.);
#8929 = PLANE('',#8930);
#8930 = AXIS2_PLACEMENT_3D('',#8931,#8932,#8933);
#8931 = CARTESIAN_POINT('',(0.475,0.425,0.5));
#8932 = DIRECTION('',(1.,1.088453945711E-16,0.));
#8933 = DIRECTION('',(0.,0.,-1.));
#8934 = ADVANCED_FACE('',(#8935),#8941,.T.);
#8935 = FACE_BOUND('',#8936,.T.);
#8936 = EDGE_LOOP('',(#8937,#8938,#8939,#8940));
#8937 = ORIENTED_EDGE('',*,*,#8482,.F.);
#8938 = ORIENTED_EDGE('',*,*,#8749,.T.);
#8939 = ORIENTED_EDGE('',*,*,#8636,.F.);
#8940 = ORIENTED_EDGE('',*,*,#8545,.F.);
#8941 = PLANE('',#8942);
#8942 = AXIS2_PLACEMENT_3D('',#8943,#8944,#8945);
#8943 = CARTESIAN_POINT('',(0.775,-0.425,0.));
#8944 = DIRECTION('',(1.,0.,0.));
#8945 = DIRECTION('',(-0.,1.,0.));
#8946 = ( GEOMETRIC_REPRESENTATION_CONTEXT(3) 
GLOBAL_UNCERTAINTY_ASSIGNED_CONTEXT((#8950)) 
GLOBAL_UNIT_ASSIGNED_CONTEXT((#8947,#8948,#8949)) REPRESENTATION_CONTEXT
('Context #1','3D Context with UNIT and UNCERTAINTY') );
#8947 = ( LENGTH_UNIT() NAMED_UNIT(*) SI_UNIT(.MILLI.,.METRE.) );
#8948 = ( NAMED_UNIT(*) PLANE_ANGLE_UNIT() SI_UNIT($,.RADIAN.) );
#8949 = ( NAMED_UNIT(*) SI_UNIT($,.STERADIAN.) SOLID_ANGLE_UNIT() );
#8950 = UNCERTAINTY_MEASURE_WITH_UNIT(LENGTH_MEASURE(1.E-07),#8947,
  'distance_accuracy_value','confusion accuracy');
#8951 = SHAPE_DEFINITION_REPRESENTATION(#8952,#7837);
#8952 = PRODUCT_DEFINITION_SHAPE('','',#8953);
#8953 = PRODUCT_DEFINITION('design','',#8954,#8957);
#8954 = PRODUCT_DEFINITION_FORMATION('','',#8955);
#8955 = PRODUCT('1','1','',(#8956));
#8956 = PRODUCT_CONTEXT('',#2,'mechanical');
#8957 = PRODUCT_DEFINITION_CONTEXT('part definition',#2,'design');
#8958 = CONTEXT_DEPENDENT_SHAPE_REPRESENTATION(#8959,#8961);
#8959 = ( REPRESENTATION_RELATIONSHIP('','',#7837,#7811) 
REPRESENTATION_RELATIONSHIP_WITH_TRANSFORMATION(#8960) 
SHAPE_REPRESENTATION_RELATIONSHIP() );
#8960 = ITEM_DEFINED_TRANSFORMATION('','',#11,#7812);
#8961 = PRODUCT_DEFINITION_SHAPE('Placement','Placement of an item',
  #8962);
#8962 = NEXT_ASSEMBLY_USAGE_OCCURRENCE('58','1:1','',#7806,#8953,$);
#8963 = PRODUCT_RELATED_PRODUCT_CATEGORY('part',$,(#8955));
#8964 = ADVANCED_BREP_SHAPE_REPRESENTATION('',(#11,#8965),#9255);
#8965 = MANIFOLD_SOLID_BREP('',#8966);
#8966 = CLOSED_SHELL('',(#8967,#9043,#9075,#9141,#9158,#9175,#9197,#9214
    ,#9231,#9243));
#8967 = ADVANCED_FACE('',(#8968),#9038,.T.);
#8968 = FACE_BOUND('',#8969,.T.);
#8969 = EDGE_LOOP('',(#8970,#8980,#8989,#8997,#9006,#9014,#9023,#9031));
#8970 = ORIENTED_EDGE('',*,*,#8971,.F.);
#8971 = EDGE_CURVE('',#8972,#8974,#8976,.T.);
#8972 = VERTEX_POINT('',#8973);
#8973 = CARTESIAN_POINT('',(-0.705,0.425,5.E-02));
#8974 = VERTEX_POINT('',#8975);
#8975 = CARTESIAN_POINT('',(0.705,0.425,5.E-02));
#8976 = LINE('',#8977,#8978);
#8977 = CARTESIAN_POINT('',(0.75,0.425,5.E-02));
#8978 = VECTOR('',#8979,1.);
#8979 = DIRECTION('',(1.,1.343011723337E-16,0.));
#8980 = ORIENTED_EDGE('',*,*,#8981,.F.);
#8981 = EDGE_CURVE('',#8982,#8972,#8984,.T.);
#8982 = VERTEX_POINT('',#8983);
#8983 = CARTESIAN_POINT('',(-0.725,0.425,7.E-02));
#8984 = CIRCLE('',#8985,2.E-02);
#8985 = AXIS2_PLACEMENT_3D('',#8986,#8987,#8988);
#8986 = CARTESIAN_POINT('',(-0.705,0.425,7.E-02));
#8987 = DIRECTION('',(1.343011723337E-16,-1.,0.));
#8988 = DIRECTION('',(-0.707106781187,-9.496526967845E-17,
    -0.707106781187));
#8989 = ORIENTED_EDGE('',*,*,#8990,.F.);
#8990 = EDGE_CURVE('',#8991,#8982,#8993,.T.);
#8991 = VERTEX_POINT('',#8992);
#8992 = CARTESIAN_POINT('',(-0.725,0.425,0.43));
#8993 = LINE('',#8994,#8995);
#8994 = CARTESIAN_POINT('',(-0.725,0.425,2.5E-02));
#8995 = VECTOR('',#8996,1.);
#8996 = DIRECTION('',(0.,0.,-1.));
#8997 = ORIENTED_EDGE('',*,*,#8998,.F.);
#8998 = EDGE_CURVE('',#8999,#8991,#9001,.T.);
#8999 = VERTEX_POINT('',#9000);
#9000 = CARTESIAN_POINT('',(-0.705,0.425,0.45));
#9001 = CIRCLE('',#9002,2.E-02);
#9002 = AXIS2_PLACEMENT_3D('',#9003,#9004,#9005);
#9003 = CARTESIAN_POINT('',(-0.705,0.425,0.43));
#9004 = DIRECTION('',(1.343011723337E-16,-1.,0.));
#9005 = DIRECTION('',(-0.707106781187,-9.496526967845E-17,0.707106781187
    ));
#9006 = ORIENTED_EDGE('',*,*,#9007,.F.);
#9007 = EDGE_CURVE('',#9008,#8999,#9010,.T.);
#9008 = VERTEX_POINT('',#9009);
#9009 = CARTESIAN_POINT('',(0.705,0.425,0.45));
#9010 = LINE('',#9011,#9012);
#9011 = CARTESIAN_POINT('',(2.5E-02,0.425,0.45));
#9012 = VECTOR('',#9013,1.);
#9013 = DIRECTION('',(-1.,-1.343011723337E-16,0.));
#9014 = ORIENTED_EDGE('',*,*,#9015,.F.);
#9015 = EDGE_CURVE('',#9016,#9008,#9018,.T.);
#9016 = VERTEX_POINT('',#9017);
#9017 = CARTESIAN_POINT('',(0.725,0.425,0.43));
#9018 = CIRCLE('',#9019,2.E-02);
#9019 = AXIS2_PLACEMENT_3D('',#9020,#9021,#9022);
#9020 = CARTESIAN_POINT('',(0.705,0.425,0.43));
#9021 = DIRECTION('',(1.343011723337E-16,-1.,0.));
#9022 = DIRECTION('',(0.707106781187,9.496526967845E-17,0.707106781187)
  );
#9023 = ORIENTED_EDGE('',*,*,#9024,.F.);
#9024 = EDGE_CURVE('',#9025,#9016,#9027,.T.);
#9025 = VERTEX_POINT('',#9026);
#9026 = CARTESIAN_POINT('',(0.725,0.425,7.E-02));
#9027 = LINE('',#9028,#9029);
#9028 = CARTESIAN_POINT('',(0.725,0.425,0.225));
#9029 = VECTOR('',#9030,1.);
#9030 = DIRECTION('',(0.,0.,1.));
#9031 = ORIENTED_EDGE('',*,*,#9032,.F.);
#9032 = EDGE_CURVE('',#8974,#9025,#9033,.T.);
#9033 = CIRCLE('',#9034,2.E-02);
#9034 = AXIS2_PLACEMENT_3D('',#9035,#9036,#9037);
#9035 = CARTESIAN_POINT('',(0.705,0.425,7.E-02));
#9036 = DIRECTION('',(1.343011723337E-16,-1.,0.));
#9037 = DIRECTION('',(0.707106781187,9.496526967845E-17,-0.707106781187)
  );
#9038 = PLANE('',#9039);
#9039 = AXIS2_PLACEMENT_3D('',#9040,#9041,#9042);
#9040 = CARTESIAN_POINT('',(0.775,0.425,0.));
#9041 = DIRECTION('',(-1.343011723337E-16,1.,0.));
#9042 = DIRECTION('',(-1.,-1.343011723337E-16,0.));
#9043 = ADVANCED_FACE('',(#9044),#9070,.T.);
#9044 = FACE_BOUND('',#9045,.T.);
#9045 = EDGE_LOOP('',(#9046,#9047,#9055,#9064));
#9046 = ORIENTED_EDGE('',*,*,#8998,.T.);
#9047 = ORIENTED_EDGE('',*,*,#9048,.T.);
#9048 = EDGE_CURVE('',#8991,#9049,#9051,.T.);
#9049 = VERTEX_POINT('',#9050);
#9050 = CARTESIAN_POINT('',(-0.725,-0.425,0.43));
#9051 = LINE('',#9052,#9053);
#9052 = CARTESIAN_POINT('',(-0.725,0.425,0.43));
#9053 = VECTOR('',#9054,1.);
#9054 = DIRECTION('',(1.088453945711E-16,-1.,0.));
#9055 = ORIENTED_EDGE('',*,*,#9056,.T.);
#9056 = EDGE_CURVE('',#9049,#9057,#9059,.T.);
#9057 = VERTEX_POINT('',#9058);
#9058 = CARTESIAN_POINT('',(-0.705,-0.425,0.45));
#9059 = CIRCLE('',#9060,2.E-02);
#9060 = AXIS2_PLACEMENT_3D('',#9061,#9062,#9063);
#9061 = CARTESIAN_POINT('',(-0.705,-0.425,0.43));
#9062 = DIRECTION('',(-2.686023446674E-16,1.,0.));
#9063 = DIRECTION('',(-0.707106781187,-1.899305393569E-16,0.707106781187
    ));
#9064 = ORIENTED_EDGE('',*,*,#9065,.T.);
#9065 = EDGE_CURVE('',#9057,#8999,#9066,.T.);
#9066 = LINE('',#9067,#9068);
#9067 = CARTESIAN_POINT('',(-0.705,0.425,0.45));
#9068 = VECTOR('',#9069,1.);
#9069 = DIRECTION('',(-1.088453945711E-16,1.,0.));
#9070 = CYLINDRICAL_SURFACE('',#9071,2.E-02);
#9071 = AXIS2_PLACEMENT_3D('',#9072,#9073,#9074);
#9072 = CARTESIAN_POINT('',(-0.705,0.425,0.43));
#9073 = DIRECTION('',(-1.088453945711E-16,1.,0.));
#9074 = DIRECTION('',(-0.707106781187,-7.696531660215E-17,0.707106781187
    ));
#9075 = ADVANCED_FACE('',(#9076),#9136,.T.);
#9076 = FACE_BOUND('',#9077,.T.);
#9077 = EDGE_LOOP('',(#9078,#9088,#9097,#9105,#9114,#9120,#9121,#9129));
#9078 = ORIENTED_EDGE('',*,*,#9079,.F.);
#9079 = EDGE_CURVE('',#9080,#9082,#9084,.T.);
#9080 = VERTEX_POINT('',#9081);
#9081 = CARTESIAN_POINT('',(0.705,-0.425,5.E-02));
#9082 = VERTEX_POINT('',#9083);
#9083 = CARTESIAN_POINT('',(-0.705,-0.425,5.E-02));
#9084 = LINE('',#9085,#9086);
#9085 = CARTESIAN_POINT('',(-2.5E-02,-0.425,5.E-02));
#9086 = VECTOR('',#9087,1.);
#9087 = DIRECTION('',(-1.,-2.686023446674E-16,0.));
#9088 = ORIENTED_EDGE('',*,*,#9089,.F.);
#9089 = EDGE_CURVE('',#9090,#9080,#9092,.T.);
#9090 = VERTEX_POINT('',#9091);
#9091 = CARTESIAN_POINT('',(0.725,-0.425,7.E-02));
#9092 = CIRCLE('',#9093,2.E-02);
#9093 = AXIS2_PLACEMENT_3D('',#9094,#9095,#9096);
#9094 = CARTESIAN_POINT('',(0.705,-0.425,7.E-02));
#9095 = DIRECTION('',(-2.686023446674E-16,1.,0.));
#9096 = DIRECTION('',(0.707106781187,1.899305393569E-16,-0.707106781187)
  );
#9097 = ORIENTED_EDGE('',*,*,#9098,.F.);
#9098 = EDGE_CURVE('',#9099,#9090,#9101,.T.);
#9099 = VERTEX_POINT('',#9100);
#9100 = CARTESIAN_POINT('',(0.725,-0.425,0.43));
#9101 = LINE('',#9102,#9103);
#9102 = CARTESIAN_POINT('',(0.725,-0.425,0.225));
#9103 = VECTOR('',#9104,1.);
#9104 = DIRECTION('',(0.,0.,-1.));
#9105 = ORIENTED_EDGE('',*,*,#9106,.F.);
#9106 = EDGE_CURVE('',#9107,#9099,#9109,.T.);
#9107 = VERTEX_POINT('',#9108);
#9108 = CARTESIAN_POINT('',(0.705,-0.425,0.45));
#9109 = CIRCLE('',#9110,2.E-02);
#9110 = AXIS2_PLACEMENT_3D('',#9111,#9112,#9113);
#9111 = CARTESIAN_POINT('',(0.705,-0.425,0.43));
#9112 = DIRECTION('',(-2.686023446674E-16,1.,0.));
#9113 = DIRECTION('',(0.707106781187,1.899305393569E-16,0.707106781187)
  );
#9114 = ORIENTED_EDGE('',*,*,#9115,.F.);
#9115 = EDGE_CURVE('',#9057,#9107,#9116,.T.);
#9116 = LINE('',#9117,#9118);
#9117 = CARTESIAN_POINT('',(-0.75,-0.425,0.45));
#9118 = VECTOR('',#9119,1.);
#9119 = DIRECTION('',(1.,2.686023446674E-16,0.));
#9120 = ORIENTED_EDGE('',*,*,#9056,.F.);
#9121 = ORIENTED_EDGE('',*,*,#9122,.F.);
#9122 = EDGE_CURVE('',#9123,#9049,#9125,.T.);
#9123 = VERTEX_POINT('',#9124);
#9124 = CARTESIAN_POINT('',(-0.725,-0.425,7.E-02));
#9125 = LINE('',#9126,#9127);
#9126 = CARTESIAN_POINT('',(-0.725,-0.425,2.5E-02));
#9127 = VECTOR('',#9128,1.);
#9128 = DIRECTION('',(0.,0.,1.));
#9129 = ORIENTED_EDGE('',*,*,#9130,.F.);
#9130 = EDGE_CURVE('',#9082,#9123,#9131,.T.);
#9131 = CIRCLE('',#9132,2.E-02);
#9132 = AXIS2_PLACEMENT_3D('',#9133,#9134,#9135);
#9133 = CARTESIAN_POINT('',(-0.705,-0.425,7.E-02));
#9134 = DIRECTION('',(-2.686023446674E-16,1.,0.));
#9135 = DIRECTION('',(-0.707106781187,-1.899305393569E-16,
    -0.707106781187));
#9136 = PLANE('',#9137);
#9137 = AXIS2_PLACEMENT_3D('',#9138,#9139,#9140);
#9138 = CARTESIAN_POINT('',(-0.775,-0.425,0.));
#9139 = DIRECTION('',(2.686023446674E-16,-1.,0.));
#9140 = DIRECTION('',(1.,2.686023446674E-16,0.));
#9141 = ADVANCED_FACE('',(#9142),#9153,.T.);
#9142 = FACE_BOUND('',#9143,.T.);
#9143 = EDGE_LOOP('',(#9144,#9145,#9146,#9152));
#9144 = ORIENTED_EDGE('',*,*,#9048,.F.);
#9145 = ORIENTED_EDGE('',*,*,#8990,.T.);
#9146 = ORIENTED_EDGE('',*,*,#9147,.F.);
#9147 = EDGE_CURVE('',#9123,#8982,#9148,.T.);
#9148 = LINE('',#9149,#9150);
#9149 = CARTESIAN_POINT('',(-0.725,0.425,7.E-02));
#9150 = VECTOR('',#9151,1.);
#9151 = DIRECTION('',(-1.088453945711E-16,1.,0.));
#9152 = ORIENTED_EDGE('',*,*,#9122,.T.);
#9153 = PLANE('',#9154);
#9154 = AXIS2_PLACEMENT_3D('',#9155,#9156,#9157);
#9155 = CARTESIAN_POINT('',(-0.725,0.425,5.E-02));
#9156 = DIRECTION('',(-1.,-1.088453945711E-16,0.));
#9157 = DIRECTION('',(0.,0.,1.));
#9158 = ADVANCED_FACE('',(#9159),#9170,.T.);
#9159 = FACE_BOUND('',#9160,.T.);
#9160 = EDGE_LOOP('',(#9161,#9162,#9168,#9169));
#9161 = ORIENTED_EDGE('',*,*,#8981,.T.);
#9162 = ORIENTED_EDGE('',*,*,#9163,.T.);
#9163 = EDGE_CURVE('',#8972,#9082,#9164,.T.);
#9164 = LINE('',#9165,#9166);
#9165 = CARTESIAN_POINT('',(-0.705,0.425,5.E-02));
#9166 = VECTOR('',#9167,1.);
#9167 = DIRECTION('',(1.088453945711E-16,-1.,0.));
#9168 = ORIENTED_EDGE('',*,*,#9130,.T.);
#9169 = ORIENTED_EDGE('',*,*,#9147,.T.);
#9170 = CYLINDRICAL_SURFACE('',#9171,2.E-02);
#9171 = AXIS2_PLACEMENT_3D('',#9172,#9173,#9174);
#9172 = CARTESIAN_POINT('',(-0.705,0.425,7.E-02));
#9173 = DIRECTION('',(-1.088453945711E-16,1.,0.));
#9174 = DIRECTION('',(-0.707106781187,-7.696531660215E-17,
    -0.707106781187));
#9175 = ADVANCED_FACE('',(#9176),#9192,.T.);
#9176 = FACE_BOUND('',#9177,.T.);
#9177 = EDGE_LOOP('',(#9178,#9179,#9185,#9186));
#9178 = ORIENTED_EDGE('',*,*,#9089,.T.);
#9179 = ORIENTED_EDGE('',*,*,#9180,.T.);
#9180 = EDGE_CURVE('',#9080,#8974,#9181,.T.);
#9181 = LINE('',#9182,#9183);
#9182 = CARTESIAN_POINT('',(0.705,0.425,5.E-02));
#9183 = VECTOR('',#9184,1.);
#9184 = DIRECTION('',(-1.088453945711E-16,1.,0.));
#9185 = ORIENTED_EDGE('',*,*,#9032,.T.);
#9186 = ORIENTED_EDGE('',*,*,#9187,.T.);
#9187 = EDGE_CURVE('',#9025,#9090,#9188,.T.);
#9188 = LINE('',#9189,#9190);
#9189 = CARTESIAN_POINT('',(0.725,0.425,7.E-02));
#9190 = VECTOR('',#9191,1.);
#9191 = DIRECTION('',(1.088453945711E-16,-1.,0.));
#9192 = CYLINDRICAL_SURFACE('',#9193,2.E-02);
#9193 = AXIS2_PLACEMENT_3D('',#9194,#9195,#9196);
#9194 = CARTESIAN_POINT('',(0.705,0.425,7.E-02));
#9195 = DIRECTION('',(1.088453945711E-16,-1.,0.));
#9196 = DIRECTION('',(0.707106781187,7.696531660215E-17,-0.707106781187)
  );
#9197 = ADVANCED_FACE('',(#9198),#9209,.T.);
#9198 = FACE_BOUND('',#9199,.T.);
#9199 = EDGE_LOOP('',(#9200,#9201,#9202,#9208));
#9200 = ORIENTED_EDGE('',*,*,#9187,.F.);
#9201 = ORIENTED_EDGE('',*,*,#9024,.T.);
#9202 = ORIENTED_EDGE('',*,*,#9203,.F.);
#9203 = EDGE_CURVE('',#9099,#9016,#9204,.T.);
#9204 = LINE('',#9205,#9206);
#9205 = CARTESIAN_POINT('',(0.725,0.425,0.43));
#9206 = VECTOR('',#9207,1.);
#9207 = DIRECTION('',(-1.088453945711E-16,1.,0.));
#9208 = ORIENTED_EDGE('',*,*,#9098,.T.);
#9209 = PLANE('',#9210);
#9210 = AXIS2_PLACEMENT_3D('',#9211,#9212,#9213);
#9211 = CARTESIAN_POINT('',(0.725,0.425,0.45));
#9212 = DIRECTION('',(1.,1.088453945711E-16,0.));
#9213 = DIRECTION('',(0.,0.,-1.));
#9214 = ADVANCED_FACE('',(#9215),#9226,.T.);
#9215 = FACE_BOUND('',#9216,.T.);
#9216 = EDGE_LOOP('',(#9217,#9218,#9224,#9225));
#9217 = ORIENTED_EDGE('',*,*,#9015,.T.);
#9218 = ORIENTED_EDGE('',*,*,#9219,.T.);
#9219 = EDGE_CURVE('',#9008,#9107,#9220,.T.);
#9220 = LINE('',#9221,#9222);
#9221 = CARTESIAN_POINT('',(0.705,0.425,0.45));
#9222 = VECTOR('',#9223,1.);
#9223 = DIRECTION('',(1.088453945711E-16,-1.,0.));
#9224 = ORIENTED_EDGE('',*,*,#9106,.T.);
#9225 = ORIENTED_EDGE('',*,*,#9203,.T.);
#9226 = CYLINDRICAL_SURFACE('',#9227,2.E-02);
#9227 = AXIS2_PLACEMENT_3D('',#9228,#9229,#9230);
#9228 = CARTESIAN_POINT('',(0.705,0.425,0.43));
#9229 = DIRECTION('',(-1.088453945711E-16,1.,0.));
#9230 = DIRECTION('',(0.707106781187,7.696531660215E-17,0.707106781187)
  );
#9231 = ADVANCED_FACE('',(#9232),#9238,.T.);
#9232 = FACE_BOUND('',#9233,.T.);
#9233 = EDGE_LOOP('',(#9234,#9235,#9236,#9237));
#9234 = ORIENTED_EDGE('',*,*,#9065,.F.);
#9235 = ORIENTED_EDGE('',*,*,#9115,.T.);
#9236 = ORIENTED_EDGE('',*,*,#9219,.F.);
#9237 = ORIENTED_EDGE('',*,*,#9007,.T.);
#9238 = PLANE('',#9239);
#9239 = AXIS2_PLACEMENT_3D('',#9240,#9241,#9242);
#9240 = CARTESIAN_POINT('',(-0.725,0.425,0.45));
#9241 = DIRECTION('',(0.,0.,1.));
#9242 = DIRECTION('',(1.,1.33226762955E-16,-0.));
#9243 = ADVANCED_FACE('',(#9244),#9250,.T.);
#9244 = FACE_BOUND('',#9245,.T.);
#9245 = EDGE_LOOP('',(#9246,#9247,#9248,#9249));
#9246 = ORIENTED_EDGE('',*,*,#9180,.F.);
#9247 = ORIENTED_EDGE('',*,*,#9079,.T.);
#9248 = ORIENTED_EDGE('',*,*,#9163,.F.);
#9249 = ORIENTED_EDGE('',*,*,#8971,.T.);
#9250 = PLANE('',#9251);
#9251 = AXIS2_PLACEMENT_3D('',#9252,#9253,#9254);
#9252 = CARTESIAN_POINT('',(0.725,0.425,5.E-02));
#9253 = DIRECTION('',(0.,0.,-1.));
#9254 = DIRECTION('',(-1.,-1.33226762955E-16,-0.));
#9255 = ( GEOMETRIC_REPRESENTATION_CONTEXT(3) 
GLOBAL_UNCERTAINTY_ASSIGNED_CONTEXT((#9259)) 
GLOBAL_UNIT_ASSIGNED_CONTEXT((#9256,#9257,#9258)) REPRESENTATION_CONTEXT
('Context #1','3D Context with UNIT and UNCERTAINTY') );
#9256 = ( LENGTH_UNIT() NAMED_UNIT(*) SI_UNIT(.MILLI.,.METRE.) );
#9257 = ( NAMED_UNIT(*) PLANE_ANGLE_UNIT() SI_UNIT($,.RADIAN.) );
#9258 = ( NAMED_UNIT(*) SI_UNIT($,.STERADIAN.) SOLID_ANGLE_UNIT() );
#9259 = UNCERTAINTY_MEASURE_WITH_UNIT(LENGTH_MEASURE(1.E-07),#9256,
  'distance_accuracy_value','confusion accuracy');
#9260 = SHAPE_DEFINITION_REPRESENTATION(#9261,#8964);
#9261 = PRODUCT_DEFINITION_SHAPE('','',#9262);
#9262 = PRODUCT_DEFINITION('design','',#9263,#9266);
#9263 = PRODUCT_DEFINITION_FORMATION('','',#9264);
#9264 = PRODUCT('2','2','',(#9265));
#9265 = PRODUCT_CONTEXT('',#2,'mechanical');
#9266 = PRODUCT_DEFINITION_CONTEXT('part definition',#2,'design');
#9267 = CONTEXT_DEPENDENT_SHAPE_REPRESENTATION(#9268,#9270);
#9268 = ( REPRESENTATION_RELATIONSHIP('','',#8964,#7811) 
REPRESENTATION_RELATIONSHIP_WITH_TRANSFORMATION(#9269) 
SHAPE_REPRESENTATION_RELATIONSHIP() );
#9269 = ITEM_DEFINED_TRANSFORMATION('','',#11,#7816);
#9270 = PRODUCT_DEFINITION_SHAPE('Placement','Placement of an item',
  #9271);
#9271 = NEXT_ASSEMBLY_USAGE_OCCURRENCE('59','2:1','',#7806,#9262,$);
#9272 = PRODUCT_RELATED_PRODUCT_CATEGORY('part',$,(#9264));
#9273 = ADVANCED_BREP_SHAPE_REPRESENTATION('',(#11,#9274),#9424);
#9274 = MANIFOLD_SOLID_BREP('',#9275);
#9275 = CLOSED_SHELL('',(#9276,#9316,#9347,#9371,#9395,#9412));
#9276 = ADVANCED_FACE('',(#9277),#9311,.T.);
#9277 = FACE_BOUND('',#9278,.T.);
#9278 = EDGE_LOOP('',(#9279,#9289,#9297,#9305));
#9279 = ORIENTED_EDGE('',*,*,#9280,.T.);
#9280 = EDGE_CURVE('',#9281,#9283,#9285,.T.);
#9281 = VERTEX_POINT('',#9282);
#9282 = CARTESIAN_POINT('',(0.475,-0.425,0.45));
#9283 = VERTEX_POINT('',#9284);
#9284 = CARTESIAN_POINT('',(-0.475,-0.425,0.45));
#9285 = LINE('',#9286,#9287);
#9286 = CARTESIAN_POINT('',(-0.625,-0.425,0.45));
#9287 = VECTOR('',#9288,1.);
#9288 = DIRECTION('',(-1.,-2.686023446674E-16,-2.921639538487E-16));
#9289 = ORIENTED_EDGE('',*,*,#9290,.F.);
#9290 = EDGE_CURVE('',#9291,#9283,#9293,.T.);
#9291 = VERTEX_POINT('',#9292);
#9292 = CARTESIAN_POINT('',(-0.475,0.425,0.45));
#9293 = LINE('',#9294,#9295);
#9294 = CARTESIAN_POINT('',(-0.475,0.425,0.45));
#9295 = VECTOR('',#9296,1.);
#9296 = DIRECTION('',(1.088453945711E-16,-1.,0.));
#9297 = ORIENTED_EDGE('',*,*,#9298,.T.);
#9298 = EDGE_CURVE('',#9291,#9299,#9301,.T.);
#9299 = VERTEX_POINT('',#9300);
#9300 = CARTESIAN_POINT('',(0.475,0.425,0.45));
#9301 = LINE('',#9302,#9303);
#9302 = CARTESIAN_POINT('',(0.15,0.425,0.45));
#9303 = VECTOR('',#9304,1.);
#9304 = DIRECTION('',(1.,1.343011723337E-16,2.921639538487E-16));
#9305 = ORIENTED_EDGE('',*,*,#9306,.F.);
#9306 = EDGE_CURVE('',#9281,#9299,#9307,.T.);
#9307 = LINE('',#9308,#9309);
#9308 = CARTESIAN_POINT('',(0.475,0.425,0.45));
#9309 = VECTOR('',#9310,1.);
#9310 = DIRECTION('',(-1.088453945711E-16,1.,0.));
#9311 = PLANE('',#9312);
#9312 = AXIS2_PLACEMENT_3D('',#9313,#9314,#9315);
#9313 = CARTESIAN_POINT('',(-0.475,-0.425,0.45));
#9314 = DIRECTION('',(2.921639538487E-16,7.950175209029E-32,-1.));
#9315 = DIRECTION('',(1.,2.6645352591E-16,2.921639538487E-16));
#9316 = ADVANCED_FACE('',(#9317),#9342,.T.);
#9317 = FACE_BOUND('',#9318,.T.);
#9318 = EDGE_LOOP('',(#9319,#9320,#9328,#9336));
#9319 = ORIENTED_EDGE('',*,*,#9298,.F.);
#9320 = ORIENTED_EDGE('',*,*,#9321,.F.);
#9321 = EDGE_CURVE('',#9322,#9291,#9324,.T.);
#9322 = VERTEX_POINT('',#9323);
#9323 = CARTESIAN_POINT('',(-0.475,0.425,0.5));
#9324 = LINE('',#9325,#9326);
#9325 = CARTESIAN_POINT('',(-0.475,0.425,0.2));
#9326 = VECTOR('',#9327,1.);
#9327 = DIRECTION('',(0.,0.,-1.));
#9328 = ORIENTED_EDGE('',*,*,#9329,.F.);
#9329 = EDGE_CURVE('',#9330,#9322,#9332,.T.);
#9330 = VERTEX_POINT('',#9331);
#9331 = CARTESIAN_POINT('',(0.475,0.425,0.5));
#9332 = LINE('',#9333,#9334);
#9333 = CARTESIAN_POINT('',(0.775,0.425,0.5));
#9334 = VECTOR('',#9335,1.);
#9335 = DIRECTION('',(-1.,-1.343011723337E-16,0.));
#9336 = ORIENTED_EDGE('',*,*,#9337,.F.);
#9337 = EDGE_CURVE('',#9299,#9330,#9338,.T.);
#9338 = LINE('',#9339,#9340);
#9339 = CARTESIAN_POINT('',(0.475,0.425,0.25));
#9340 = VECTOR('',#9341,1.);
#9341 = DIRECTION('',(0.,0.,1.));
#9342 = PLANE('',#9343);
#9343 = AXIS2_PLACEMENT_3D('',#9344,#9345,#9346);
#9344 = CARTESIAN_POINT('',(0.775,0.425,0.));
#9345 = DIRECTION('',(-1.343011723337E-16,1.,0.));
#9346 = DIRECTION('',(-1.,-1.343011723337E-16,0.));
#9347 = ADVANCED_FACE('',(#9348),#9366,.T.);
#9348 = FACE_BOUND('',#9349,.T.);
#9349 = EDGE_LOOP('',(#9350,#9358,#9364,#9365));
#9350 = ORIENTED_EDGE('',*,*,#9351,.T.);
#9351 = EDGE_CURVE('',#9283,#9352,#9354,.T.);
#9352 = VERTEX_POINT('',#9353);
#9353 = CARTESIAN_POINT('',(-0.475,-0.425,0.5));
#9354 = LINE('',#9355,#9356);
#9355 = CARTESIAN_POINT('',(-0.475,-0.425,0.2));
#9356 = VECTOR('',#9357,1.);
#9357 = DIRECTION('',(0.,0.,1.));
#9358 = ORIENTED_EDGE('',*,*,#9359,.T.);
#9359 = EDGE_CURVE('',#9352,#9322,#9360,.T.);
#9360 = LINE('',#9361,#9362);
#9361 = CARTESIAN_POINT('',(-0.475,0.2125,0.5));
#9362 = VECTOR('',#9363,1.);
#9363 = DIRECTION('',(-1.088453945711E-16,1.,0.));
#9364 = ORIENTED_EDGE('',*,*,#9321,.T.);
#9365 = ORIENTED_EDGE('',*,*,#9290,.T.);
#9366 = PLANE('',#9367);
#9367 = AXIS2_PLACEMENT_3D('',#9368,#9369,#9370);
#9368 = CARTESIAN_POINT('',(-0.475,0.425,0.4));
#9369 = DIRECTION('',(-1.,-1.088453945711E-16,0.));
#9370 = DIRECTION('',(0.,0.,1.));
#9371 = ADVANCED_FACE('',(#9372),#9390,.T.);
#9372 = FACE_BOUND('',#9373,.T.);
#9373 = EDGE_LOOP('',(#9374,#9382,#9383,#9384));
#9374 = ORIENTED_EDGE('',*,*,#9375,.T.);
#9375 = EDGE_CURVE('',#9376,#9281,#9378,.T.);
#9376 = VERTEX_POINT('',#9377);
#9377 = CARTESIAN_POINT('',(0.475,-0.425,0.5));
#9378 = LINE('',#9379,#9380);
#9379 = CARTESIAN_POINT('',(0.475,-0.425,0.25));
#9380 = VECTOR('',#9381,1.);
#9381 = DIRECTION('',(0.,0.,-1.));
#9382 = ORIENTED_EDGE('',*,*,#9306,.T.);
#9383 = ORIENTED_EDGE('',*,*,#9337,.T.);
#9384 = ORIENTED_EDGE('',*,*,#9385,.T.);
#9385 = EDGE_CURVE('',#9330,#9376,#9386,.T.);
#9386 = LINE('',#9387,#9388);
#9387 = CARTESIAN_POINT('',(0.475,0.2125,0.5));
#9388 = VECTOR('',#9389,1.);
#9389 = DIRECTION('',(1.088453945711E-16,-1.,0.));
#9390 = PLANE('',#9391);
#9391 = AXIS2_PLACEMENT_3D('',#9392,#9393,#9394);
#9392 = CARTESIAN_POINT('',(0.475,0.425,0.5));
#9393 = DIRECTION('',(1.,1.088453945711E-16,0.));
#9394 = DIRECTION('',(0.,0.,-1.));
#9395 = ADVANCED_FACE('',(#9396),#9407,.T.);
#9396 = FACE_BOUND('',#9397,.T.);
#9397 = EDGE_LOOP('',(#9398,#9399,#9400,#9401));
#9398 = ORIENTED_EDGE('',*,*,#9385,.F.);
#9399 = ORIENTED_EDGE('',*,*,#9329,.T.);
#9400 = ORIENTED_EDGE('',*,*,#9359,.F.);
#9401 = ORIENTED_EDGE('',*,*,#9402,.T.);
#9402 = EDGE_CURVE('',#9352,#9376,#9403,.T.);
#9403 = LINE('',#9404,#9405);
#9404 = CARTESIAN_POINT('',(-0.775,-0.425,0.5));
#9405 = VECTOR('',#9406,1.);
#9406 = DIRECTION('',(1.,2.686023446674E-16,0.));
#9407 = PLANE('',#9408);
#9408 = AXIS2_PLACEMENT_3D('',#9409,#9410,#9411);
#9409 = CARTESIAN_POINT('',(0.,0.,0.5));
#9410 = DIRECTION('',(0.,0.,1.));
#9411 = DIRECTION('',(1.,0.,-0.));
#9412 = ADVANCED_FACE('',(#9413),#9419,.T.);
#9413 = FACE_BOUND('',#9414,.T.);
#9414 = EDGE_LOOP('',(#9415,#9416,#9417,#9418));
#9415 = ORIENTED_EDGE('',*,*,#9280,.F.);
#9416 = ORIENTED_EDGE('',*,*,#9375,.F.);
#9417 = ORIENTED_EDGE('',*,*,#9402,.F.);
#9418 = ORIENTED_EDGE('',*,*,#9351,.F.);
#9419 = PLANE('',#9420);
#9420 = AXIS2_PLACEMENT_3D('',#9421,#9422,#9423);
#9421 = CARTESIAN_POINT('',(-0.775,-0.425,0.));
#9422 = DIRECTION('',(2.686023446674E-16,-1.,0.));
#9423 = DIRECTION('',(1.,2.686023446674E-16,0.));
#9424 = ( GEOMETRIC_REPRESENTATION_CONTEXT(3) 
GLOBAL_UNCERTAINTY_ASSIGNED_CONTEXT((#9428)) 
GLOBAL_UNIT_ASSIGNED_CONTEXT((#9425,#9426,#9427)) REPRESENTATION_CONTEXT
('Context #1','3D Context with UNIT and UNCERTAINTY') );
#9425 = ( LENGTH_UNIT() NAMED_UNIT(*) SI_UNIT(.MILLI.,.METRE.) );
#9426 = ( NAMED_UNIT(*) PLANE_ANGLE_UNIT() SI_UNIT($,.RADIAN.) );
#9427 = ( NAMED_UNIT(*) SI_UNIT($,.STERADIAN.) SOLID_ANGLE_UNIT() );
#9428 = UNCERTAINTY_MEASURE_WITH_UNIT(LENGTH_MEASURE(1.E-07),#9425,
  'distance_accuracy_value','confusion accuracy');
#9429 = SHAPE_DEFINITION_REPRESENTATION(#9430,#9273);
#9430 = PRODUCT_DEFINITION_SHAPE('','',#9431);
#9431 = PRODUCT_DEFINITION('design','',#9432,#9435);
#9432 = PRODUCT_DEFINITION_FORMATION('','',#9433);
#9433 = PRODUCT('3','3','',(#9434));
#9434 = PRODUCT_CONTEXT('',#2,'mechanical');
#9435 = PRODUCT_DEFINITION_CONTEXT('part definition',#2,'design');
#9436 = CONTEXT_DEPENDENT_SHAPE_REPRESENTATION(#9437,#9439);
#9437 = ( REPRESENTATION_RELATIONSHIP('','',#9273,#7811) 
REPRESENTATION_RELATIONSHIP_WITH_TRANSFORMATION(#9438) 
SHAPE_REPRESENTATION_RELATIONSHIP() );
#9438 = ITEM_DEFINED_TRANSFORMATION('','',#11,#7820);
#9439 = PRODUCT_DEFINITION_SHAPE('Placement','Placement of an item',
  #9440);
#9440 = NEXT_ASSEMBLY_USAGE_OCCURRENCE('60','3:1','',#7806,#9431,$);
#9441 = PRODUCT_RELATED_PRODUCT_CATEGORY('part',$,(#9433));
#9442 = SHAPE_REPRESENTATION('',(#11,#9443,#9560),#9710);
#9443 = MANIFOLD_SOLID_BREP('',#9444);
#9444 = CLOSED_SHELL('',(#9445,#9485,#9516,#9538,#9549));
#9445 = ADVANCED_FACE('',(#9446),#9480,.T.);
#9446 = FACE_BOUND('',#9447,.T.);
#9447 = EDGE_LOOP('',(#9448,#9458,#9466,#9474));
#9448 = ORIENTED_EDGE('',*,*,#9449,.F.);
#9449 = EDGE_CURVE('',#9450,#9452,#9454,.T.);
#9450 = VERTEX_POINT('',#9451);
#9451 = CARTESIAN_POINT('',(-0.143115988022,-6.179322686651E-02,0.));
#9452 = VERTEX_POINT('',#9453);
#9453 = CARTESIAN_POINT('',(-9.247923496755E-02,-6.179322686651E-02,0.)
  );
#9454 = LINE('',#9455,#9456);
#9455 = CARTESIAN_POINT('',(-0.143115988022,-6.179322686651E-02,0.));
#9456 = VECTOR('',#9457,1.);
#9457 = DIRECTION('',(1.,0.,0.));
#9458 = ORIENTED_EDGE('',*,*,#9459,.T.);
#9459 = EDGE_CURVE('',#9450,#9460,#9462,.T.);
#9460 = VERTEX_POINT('',#9461);
#9461 = CARTESIAN_POINT('',(-0.143115988022,-6.179322686651E-02,0.1));
#9462 = LINE('',#9463,#9464);
#9463 = CARTESIAN_POINT('',(-0.143115988022,-6.179322686651E-02,0.));
#9464 = VECTOR('',#9465,1.);
#9465 = DIRECTION('',(0.,0.,1.));
#9466 = ORIENTED_EDGE('',*,*,#9467,.F.);
#9467 = EDGE_CURVE('',#9468,#9460,#9470,.T.);
#9468 = VERTEX_POINT('',#9469);
#9469 = CARTESIAN_POINT('',(-9.247923496755E-02,-6.179322686651E-02,0.1)
  );
#9470 = LINE('',#9471,#9472);
#9471 = CARTESIAN_POINT('',(-0.143115988022,-6.179322686651E-02,0.1));
#9472 = VECTOR('',#9473,1.);
#9473 = DIRECTION('',(-1.,0.,0.));
#9474 = ORIENTED_EDGE('',*,*,#9475,.F.);
#9475 = EDGE_CURVE('',#9452,#9468,#9476,.T.);
#9476 = LINE('',#9477,#9478);
#9477 = CARTESIAN_POINT('',(-9.247923496755E-02,-6.179322686651E-02,0.)
  );
#9478 = VECTOR('',#9479,1.);
#9479 = DIRECTION('',(0.,0.,1.));
#9480 = PLANE('',#9481);
#9481 = AXIS2_PLACEMENT_3D('',#9482,#9483,#9484);
#9482 = CARTESIAN_POINT('',(-9.247923496755E-02,-6.179322686651E-02,0.)
  );
#9483 = DIRECTION('',(0.,1.,0.));
#9484 = DIRECTION('',(-1.,0.,0.));
#9485 = ADVANCED_FACE('',(#9486),#9511,.T.);
#9486 = FACE_BOUND('',#9487,.T.);
#9487 = EDGE_LOOP('',(#9488,#9496,#9497,#9505));
#9488 = ORIENTED_EDGE('',*,*,#9489,.F.);
#9489 = EDGE_CURVE('',#9452,#9490,#9492,.T.);
#9490 = VERTEX_POINT('',#9491);
#9491 = CARTESIAN_POINT('',(-0.117797611495,-0.130977316953,0.));
#9492 = LINE('',#9493,#9494);
#9493 = CARTESIAN_POINT('',(-9.173999406314E-02,-5.977320361299E-02,0.)
  );
#9494 = VECTOR('',#9495,1.);
#9495 = DIRECTION('',(-0.343666815097,-0.939091646327,0.));
#9496 = ORIENTED_EDGE('',*,*,#9475,.T.);
#9497 = ORIENTED_EDGE('',*,*,#9498,.F.);
#9498 = EDGE_CURVE('',#9499,#9468,#9501,.T.);
#9499 = VERTEX_POINT('',#9500);
#9500 = CARTESIAN_POINT('',(-0.117797611495,-0.130977316953,0.1));
#9501 = LINE('',#9502,#9503);
#9502 = CARTESIAN_POINT('',(-9.173999406314E-02,-5.977320361299E-02,0.1)
  );
#9503 = VECTOR('',#9504,1.);
#9504 = DIRECTION('',(0.343666815097,0.939091646327,0.));
#9505 = ORIENTED_EDGE('',*,*,#9506,.F.);
#9506 = EDGE_CURVE('',#9490,#9499,#9507,.T.);
#9507 = LINE('',#9508,#9509);
#9508 = CARTESIAN_POINT('',(-0.117797611495,-0.130977316953,0.));
#9509 = VECTOR('',#9510,1.);
#9510 = DIRECTION('',(0.,0.,1.));
#9511 = PLANE('',#9512);
#9512 = AXIS2_PLACEMENT_3D('',#9513,#9514,#9515);
#9513 = CARTESIAN_POINT('',(-0.117797611495,-0.130977316953,0.));
#9514 = DIRECTION('',(0.939091646327,-0.343666815097,0.));
#9515 = DIRECTION('',(0.343666815097,0.939091646327,0.));
#9516 = ADVANCED_FACE('',(#9517),#9533,.T.);
#9517 = FACE_BOUND('',#9518,.T.);
#9518 = EDGE_LOOP('',(#9519,#9525,#9526,#9532));
#9519 = ORIENTED_EDGE('',*,*,#9520,.F.);
#9520 = EDGE_CURVE('',#9490,#9450,#9521,.T.);
#9521 = LINE('',#9522,#9523);
#9522 = CARTESIAN_POINT('',(-0.117797611495,-0.130977316953,0.));
#9523 = VECTOR('',#9524,1.);
#9524 = DIRECTION('',(-0.343666815097,0.939091646327,0.));
#9525 = ORIENTED_EDGE('',*,*,#9506,.T.);
#9526 = ORIENTED_EDGE('',*,*,#9527,.F.);
#9527 = EDGE_CURVE('',#9460,#9499,#9528,.T.);
#9528 = LINE('',#9529,#9530);
#9529 = CARTESIAN_POINT('',(-0.117797611495,-0.130977316953,0.1));
#9530 = VECTOR('',#9531,1.);
#9531 = DIRECTION('',(0.343666815097,-0.939091646327,0.));
#9532 = ORIENTED_EDGE('',*,*,#9459,.F.);
#9533 = PLANE('',#9534);
#9534 = AXIS2_PLACEMENT_3D('',#9535,#9536,#9537);
#9535 = CARTESIAN_POINT('',(-0.143115988022,-6.179322686651E-02,0.));
#9536 = DIRECTION('',(-0.939091646327,-0.343666815097,0.));
#9537 = DIRECTION('',(0.343666815097,-0.939091646327,0.));
#9538 = ADVANCED_FACE('',(#9539),#9544,.F.);
#9539 = FACE_BOUND('',#9540,.T.);
#9540 = EDGE_LOOP('',(#9541,#9542,#9543));
#9541 = ORIENTED_EDGE('',*,*,#9520,.T.);
#9542 = ORIENTED_EDGE('',*,*,#9449,.T.);
#9543 = ORIENTED_EDGE('',*,*,#9489,.T.);
#9544 = PLANE('',#9545);
#9545 = AXIS2_PLACEMENT_3D('',#9546,#9547,#9548);
#9546 = CARTESIAN_POINT('',(-0.117797611495,-8.753773782315E-02,0.));
#9547 = DIRECTION('',(0.,0.,1.));
#9548 = DIRECTION('',(1.,0.,-0.));
#9549 = ADVANCED_FACE('',(#9550),#9555,.T.);
#9550 = FACE_BOUND('',#9551,.T.);
#9551 = EDGE_LOOP('',(#9552,#9553,#9554));
#9552 = ORIENTED_EDGE('',*,*,#9527,.T.);
#9553 = ORIENTED_EDGE('',*,*,#9498,.T.);
#9554 = ORIENTED_EDGE('',*,*,#9467,.T.);
#9555 = PLANE('',#9556);
#9556 = AXIS2_PLACEMENT_3D('',#9557,#9558,#9559);
#9557 = CARTESIAN_POINT('',(-0.117797611495,-8.753773782315E-02,0.1));
#9558 = DIRECTION('',(0.,0.,1.));
#9559 = DIRECTION('',(1.,0.,-0.));
#9560 = MANIFOLD_SOLID_BREP('',#9561);
#9561 = CLOSED_SHELL('',(#9562,#9602,#9633,#9664,#9686,#9698));
#9562 = ADVANCED_FACE('',(#9563),#9597,.T.);
#9563 = FACE_BOUND('',#9564,.T.);
#9564 = EDGE_LOOP('',(#9565,#9575,#9583,#9591));
#9565 = ORIENTED_EDGE('',*,*,#9566,.T.);
#9566 = EDGE_CURVE('',#9567,#9569,#9571,.T.);
#9567 = VERTEX_POINT('',#9568);
#9568 = CARTESIAN_POINT('',(-6.807484512104E-02,4.893335908233E-03,0.));
#9569 = VERTEX_POINT('',#9570);
#9570 = CARTESIAN_POINT('',(-4.184248191269E-02,7.657495330682E-02,0.));
#9571 = LINE('',#9572,#9573);
#9572 = CARTESIAN_POINT('',(-6.807484512104E-02,4.893335908233E-03,0.));
#9573 = VECTOR('',#9574,1.);
#9574 = DIRECTION('',(0.343666815097,0.939091646327,0.));
#9575 = ORIENTED_EDGE('',*,*,#9576,.T.);
#9576 = EDGE_CURVE('',#9569,#9577,#9579,.T.);
#9577 = VERTEX_POINT('',#9578);
#9578 = CARTESIAN_POINT('',(-4.184248191269E-02,7.657495330682E-02,0.1)
  );
#9579 = LINE('',#9580,#9581);
#9580 = CARTESIAN_POINT('',(-4.184248191269E-02,7.657495330682E-02,0.));
#9581 = VECTOR('',#9582,1.);
#9582 = DIRECTION('',(0.,0.,1.));
#9583 = ORIENTED_EDGE('',*,*,#9584,.F.);
#9584 = EDGE_CURVE('',#9585,#9577,#9587,.T.);
#9585 = VERTEX_POINT('',#9586);
#9586 = CARTESIAN_POINT('',(-6.807484512104E-02,4.893335908233E-03,0.1)
  );
#9587 = LINE('',#9588,#9589);
#9588 = CARTESIAN_POINT('',(-6.807484512104E-02,4.893335908233E-03,0.1)
  );
#9589 = VECTOR('',#9590,1.);
#9590 = DIRECTION('',(0.343666815097,0.939091646327,0.));
#9591 = ORIENTED_EDGE('',*,*,#9592,.F.);
#9592 = EDGE_CURVE('',#9567,#9585,#9593,.T.);
#9593 = LINE('',#9594,#9595);
#9594 = CARTESIAN_POINT('',(-6.807484512104E-02,4.893335908233E-03,0.));
#9595 = VECTOR('',#9596,1.);
#9596 = DIRECTION('',(0.,0.,1.));
#9597 = PLANE('',#9598);
#9598 = AXIS2_PLACEMENT_3D('',#9599,#9600,#9601);
#9599 = CARTESIAN_POINT('',(-6.807484512104E-02,4.893335908233E-03,0.));
#9600 = DIRECTION('',(0.939091646327,-0.343666815097,0.));
#9601 = DIRECTION('',(0.343666815097,0.939091646327,0.));
#9602 = ADVANCED_FACE('',(#9603),#9628,.T.);
#9603 = FACE_BOUND('',#9604,.T.);
#9604 = EDGE_LOOP('',(#9605,#9613,#9614,#9622));
#9605 = ORIENTED_EDGE('',*,*,#9606,.T.);
#9606 = EDGE_CURVE('',#9607,#9567,#9609,.T.);
#9607 = VERTEX_POINT('',#9608);
#9608 = CARTESIAN_POINT('',(-0.167520377869,4.893335908233E-03,0.));
#9609 = LINE('',#9610,#9611);
#9610 = CARTESIAN_POINT('',(-0.167520377869,4.893335908233E-03,0.));
#9611 = VECTOR('',#9612,1.);
#9612 = DIRECTION('',(1.,0.,0.));
#9613 = ORIENTED_EDGE('',*,*,#9592,.T.);
#9614 = ORIENTED_EDGE('',*,*,#9615,.F.);
#9615 = EDGE_CURVE('',#9616,#9585,#9618,.T.);
#9616 = VERTEX_POINT('',#9617);
#9617 = CARTESIAN_POINT('',(-0.167520377869,4.893335908233E-03,0.1));
#9618 = LINE('',#9619,#9620);
#9619 = CARTESIAN_POINT('',(-0.167520377869,4.893335908233E-03,0.1));
#9620 = VECTOR('',#9621,1.);
#9621 = DIRECTION('',(1.,0.,0.));
#9622 = ORIENTED_EDGE('',*,*,#9623,.F.);
#9623 = EDGE_CURVE('',#9607,#9616,#9624,.T.);
#9624 = LINE('',#9625,#9626);
#9625 = CARTESIAN_POINT('',(-0.167520377869,4.893335908233E-03,0.));
#9626 = VECTOR('',#9627,1.);
#9627 = DIRECTION('',(0.,0.,1.));
#9628 = PLANE('',#9629);
#9629 = AXIS2_PLACEMENT_3D('',#9630,#9631,#9632);
#9630 = CARTESIAN_POINT('',(-0.167520377869,4.893335908233E-03,0.));
#9631 = DIRECTION('',(0.,-1.,0.));
#9632 = DIRECTION('',(1.,0.,0.));
#9633 = ADVANCED_FACE('',(#9634),#9659,.T.);
#9634 = FACE_BOUND('',#9635,.T.);
#9635 = EDGE_LOOP('',(#9636,#9644,#9645,#9653));
#9636 = ORIENTED_EDGE('',*,*,#9637,.T.);
#9637 = EDGE_CURVE('',#9638,#9607,#9640,.T.);
#9638 = VERTEX_POINT('',#9639);
#9639 = CARTESIAN_POINT('',(-0.193752741077,7.657495330682E-02,0.));
#9640 = LINE('',#9641,#9642);
#9641 = CARTESIAN_POINT('',(-0.193752741077,7.657495330682E-02,0.));
#9642 = VECTOR('',#9643,1.);
#9643 = DIRECTION('',(0.343666815097,-0.939091646327,0.));
#9644 = ORIENTED_EDGE('',*,*,#9623,.T.);
#9645 = ORIENTED_EDGE('',*,*,#9646,.F.);
#9646 = EDGE_CURVE('',#9647,#9616,#9649,.T.);
#9647 = VERTEX_POINT('',#9648);
#9648 = CARTESIAN_POINT('',(-0.193752741077,7.657495330682E-02,0.1));
#9649 = LINE('',#9650,#9651);
#9650 = CARTESIAN_POINT('',(-0.193752741077,7.657495330682E-02,0.1));
#9651 = VECTOR('',#9652,1.);
#9652 = DIRECTION('',(0.343666815097,-0.939091646327,0.));
#9653 = ORIENTED_EDGE('',*,*,#9654,.F.);
#9654 = EDGE_CURVE('',#9638,#9647,#9655,.T.);
#9655 = LINE('',#9656,#9657);
#9656 = CARTESIAN_POINT('',(-0.193752741077,7.657495330682E-02,0.));
#9657 = VECTOR('',#9658,1.);
#9658 = DIRECTION('',(0.,0.,1.));
#9659 = PLANE('',#9660);
#9660 = AXIS2_PLACEMENT_3D('',#9661,#9662,#9663);
#9661 = CARTESIAN_POINT('',(-0.193752741077,7.657495330682E-02,0.));
#9662 = DIRECTION('',(-0.939091646327,-0.343666815097,0.));
#9663 = DIRECTION('',(0.343666815097,-0.939091646327,0.));
#9664 = ADVANCED_FACE('',(#9665),#9681,.T.);
#9665 = FACE_BOUND('',#9666,.T.);
#9666 = EDGE_LOOP('',(#9667,#9673,#9674,#9680));
#9667 = ORIENTED_EDGE('',*,*,#9668,.T.);
#9668 = EDGE_CURVE('',#9569,#9638,#9669,.T.);
#9669 = LINE('',#9670,#9671);
#9670 = CARTESIAN_POINT('',(-4.184248191269E-02,7.657495330682E-02,0.));
#9671 = VECTOR('',#9672,1.);
#9672 = DIRECTION('',(-1.,0.,0.));
#9673 = ORIENTED_EDGE('',*,*,#9654,.T.);
#9674 = ORIENTED_EDGE('',*,*,#9675,.F.);
#9675 = EDGE_CURVE('',#9577,#9647,#9676,.T.);
#9676 = LINE('',#9677,#9678);
#9677 = CARTESIAN_POINT('',(-4.184248191269E-02,7.657495330682E-02,0.1)
  );
#9678 = VECTOR('',#9679,1.);
#9679 = DIRECTION('',(-1.,0.,0.));
#9680 = ORIENTED_EDGE('',*,*,#9576,.F.);
#9681 = PLANE('',#9682);
#9682 = AXIS2_PLACEMENT_3D('',#9683,#9684,#9685);
#9683 = CARTESIAN_POINT('',(-4.184248191269E-02,7.657495330682E-02,0.));
#9684 = DIRECTION('',(0.,1.,0.));
#9685 = DIRECTION('',(-1.,0.,0.));
#9686 = ADVANCED_FACE('',(#9687),#9693,.T.);
#9687 = FACE_BOUND('',#9688,.T.);
#9688 = EDGE_LOOP('',(#9689,#9690,#9691,#9692));
#9689 = ORIENTED_EDGE('',*,*,#9675,.T.);
#9690 = ORIENTED_EDGE('',*,*,#9646,.T.);
#9691 = ORIENTED_EDGE('',*,*,#9615,.T.);
#9692 = ORIENTED_EDGE('',*,*,#9584,.T.);
#9693 = PLANE('',#9694);
#9694 = AXIS2_PLACEMENT_3D('',#9695,#9696,#9697);
#9695 = CARTESIAN_POINT('',(-0.117797611495,4.538834577079E-02,0.1));
#9696 = DIRECTION('',(0.,0.,1.));
#9697 = DIRECTION('',(1.,0.,-0.));
#9698 = ADVANCED_FACE('',(#9699),#9705,.F.);
#9699 = FACE_BOUND('',#9700,.T.);
#9700 = EDGE_LOOP('',(#9701,#9702,#9703,#9704));
#9701 = ORIENTED_EDGE('',*,*,#9668,.F.);
#9702 = ORIENTED_EDGE('',*,*,#9566,.F.);
#9703 = ORIENTED_EDGE('',*,*,#9606,.F.);
#9704 = ORIENTED_EDGE('',*,*,#9637,.F.);
#9705 = PLANE('',#9706);
#9706 = AXIS2_PLACEMENT_3D('',#9707,#9708,#9709);
#9707 = CARTESIAN_POINT('',(-0.117797611495,4.538834577079E-02,0.));
#9708 = DIRECTION('',(0.,0.,1.));
#9709 = DIRECTION('',(1.,0.,-0.));
#9710 = ( GEOMETRIC_REPRESENTATION_CONTEXT(3) 
GLOBAL_UNCERTAINTY_ASSIGNED_CONTEXT((#9714)) 
GLOBAL_UNIT_ASSIGNED_CONTEXT((#9711,#9712,#9713)) REPRESENTATION_CONTEXT
('Context #1','3D Context with UNIT and UNCERTAINTY') );
#9711 = ( LENGTH_UNIT() NAMED_UNIT(*) SI_UNIT(.MILLI.,.METRE.) );
#9712 = ( NAMED_UNIT(*) PLANE_ANGLE_UNIT() SI_UNIT($,.RADIAN.) );
#9713 = ( NAMED_UNIT(*) SI_UNIT($,.STERADIAN.) SOLID_ANGLE_UNIT() );
#9714 = UNCERTAINTY_MEASURE_WITH_UNIT(LENGTH_MEASURE(1.E-07),#9711,
  'distance_accuracy_value','confusion accuracy');
#9715 = SHAPE_DEFINITION_REPRESENTATION(#9716,#9442);
#9716 = PRODUCT_DEFINITION_SHAPE('','',#9717);
#9717 = PRODUCT_DEFINITION('design','',#9718,#9721);
#9718 = PRODUCT_DEFINITION_FORMATION('','',#9719);
#9719 = PRODUCT('Vishay logo - Copy','Vishay logo - Copy','',(#9720));
#9720 = PRODUCT_CONTEXT('',#2,'mechanical');
#9721 = PRODUCT_DEFINITION_CONTEXT('part definition',#2,'design');
#9722 = CONTEXT_DEPENDENT_SHAPE_REPRESENTATION(#9723,#9725);
#9723 = ( REPRESENTATION_RELATIONSHIP('','',#9442,#7811) 
REPRESENTATION_RELATIONSHIP_WITH_TRANSFORMATION(#9724) 
SHAPE_REPRESENTATION_RELATIONSHIP() );
#9724 = ITEM_DEFINED_TRANSFORMATION('','',#11,#7824);
#9725 = PRODUCT_DEFINITION_SHAPE('Placement','Placement of an item',
  #9726);
#9726 = NEXT_ASSEMBLY_USAGE_OCCURRENCE('61','Vishay logo - Copy:1','',
  #7806,#9717,$);
#9727 = PRODUCT_RELATED_PRODUCT_CATEGORY('part',$,(#9719));
#9728 = SHAPE_REPRESENTATION('',(#11,#9729,#10143,#10557,#10806,#11514,
    #11899),#12214);
#9729 = MANIFOLD_SOLID_BREP('',#9730);
#9730 = CLOSED_SHELL('',(#9731,#9771,#9802,#9833,#9864,#9895,#9926,#9957
    ,#9988,#10019,#10050,#10081,#10103,#10123));
#9731 = ADVANCED_FACE('',(#9732),#9766,.T.);
#9732 = FACE_BOUND('',#9733,.T.);
#9733 = EDGE_LOOP('',(#9734,#9744,#9752,#9760));
#9734 = ORIENTED_EDGE('',*,*,#9735,.F.);
#9735 = EDGE_CURVE('',#9736,#9738,#9740,.T.);
#9736 = VERTEX_POINT('',#9737);
#9737 = CARTESIAN_POINT('',(-9.654102272011E-02,-4.509764831265E-02,0.)
  );
#9738 = VERTEX_POINT('',#9739);
#9739 = CARTESIAN_POINT('',(-9.654102272011E-02,-2.551904122388E-02,0.)
  );
#9740 = LINE('',#9741,#9742);
#9741 = CARTESIAN_POINT('',(-9.654102272011E-02,-4.509764831265E-02,0.)
  );
#9742 = VECTOR('',#9743,1.);
#9743 = DIRECTION('',(0.,1.,0.));
#9744 = ORIENTED_EDGE('',*,*,#9745,.T.);
#9745 = EDGE_CURVE('',#9736,#9746,#9748,.T.);
#9746 = VERTEX_POINT('',#9747);
#9747 = CARTESIAN_POINT('',(-9.654102272011E-02,-4.509764831265E-02,0.1)
  );
#9748 = LINE('',#9749,#9750);
#9749 = CARTESIAN_POINT('',(-9.654102272011E-02,-4.509764831265E-02,0.)
  );
#9750 = VECTOR('',#9751,1.);
#9751 = DIRECTION('',(0.,0.,1.));
#9752 = ORIENTED_EDGE('',*,*,#9753,.F.);
#9753 = EDGE_CURVE('',#9754,#9746,#9756,.T.);
#9754 = VERTEX_POINT('',#9755);
#9755 = CARTESIAN_POINT('',(-9.654102272011E-02,-2.551904122388E-02,0.1)
  );
#9756 = LINE('',#9757,#9758);
#9757 = CARTESIAN_POINT('',(-9.654102272011E-02,-4.509764831265E-02,0.1)
  );
#9758 = VECTOR('',#9759,1.);
#9759 = DIRECTION('',(0.,-1.,0.));
#9760 = ORIENTED_EDGE('',*,*,#9761,.F.);
#9761 = EDGE_CURVE('',#9738,#9754,#9762,.T.);
#9762 = LINE('',#9763,#9764);
#9763 = CARTESIAN_POINT('',(-9.654102272011E-02,-2.551904122388E-02,0.)
  );
#9764 = VECTOR('',#9765,1.);
#9765 = DIRECTION('',(0.,0.,1.));
#9766 = PLANE('',#9767);
#9767 = AXIS2_PLACEMENT_3D('',#9768,#9769,#9770);
#9768 = CARTESIAN_POINT('',(-9.654102272011E-02,-2.551904122388E-02,0.)
  );
#9769 = DIRECTION('',(-1.,0.,0.));
#9770 = DIRECTION('',(0.,-1.,0.));
#9771 = ADVANCED_FACE('',(#9772),#9797,.T.);
#9772 = FACE_BOUND('',#9773,.T.);
#9773 = EDGE_LOOP('',(#9774,#9782,#9783,#9791));
#9774 = ORIENTED_EDGE('',*,*,#9775,.F.);
#9775 = EDGE_CURVE('',#9738,#9776,#9778,.T.);
#9776 = VERTEX_POINT('',#9777);
#9777 = CARTESIAN_POINT('',(-0.114952692963,-2.551904122388E-02,0.));
#9778 = LINE('',#9779,#9780);
#9779 = CARTESIAN_POINT('',(-9.654102272011E-02,-2.551904122388E-02,0.)
  );
#9780 = VECTOR('',#9781,1.);
#9781 = DIRECTION('',(-1.,0.,0.));
#9782 = ORIENTED_EDGE('',*,*,#9761,.T.);
#9783 = ORIENTED_EDGE('',*,*,#9784,.F.);
#9784 = EDGE_CURVE('',#9785,#9754,#9787,.T.);
#9785 = VERTEX_POINT('',#9786);
#9786 = CARTESIAN_POINT('',(-0.114952692963,-2.551904122388E-02,0.1));
#9787 = LINE('',#9788,#9789);
#9788 = CARTESIAN_POINT('',(-9.654102272011E-02,-2.551904122388E-02,0.1)
  );
#9789 = VECTOR('',#9790,1.);
#9790 = DIRECTION('',(1.,0.,0.));
#9791 = ORIENTED_EDGE('',*,*,#9792,.F.);
#9792 = EDGE_CURVE('',#9776,#9785,#9793,.T.);
#9793 = LINE('',#9794,#9795);
#9794 = CARTESIAN_POINT('',(-0.114952692963,-2.551904122388E-02,0.));
#9795 = VECTOR('',#9796,1.);
#9796 = DIRECTION('',(0.,0.,1.));
#9797 = PLANE('',#9798);
#9798 = AXIS2_PLACEMENT_3D('',#9799,#9800,#9801);
#9799 = CARTESIAN_POINT('',(-0.114952692963,-2.551904122388E-02,0.));
#9800 = DIRECTION('',(0.,-1.,0.));
#9801 = DIRECTION('',(1.,0.,0.));
#9802 = ADVANCED_FACE('',(#9803),#9828,.T.);
#9803 = FACE_BOUND('',#9804,.T.);
#9804 = EDGE_LOOP('',(#9805,#9813,#9814,#9822));
#9805 = ORIENTED_EDGE('',*,*,#9806,.F.);
#9806 = EDGE_CURVE('',#9776,#9807,#9809,.T.);
#9807 = VERTEX_POINT('',#9808);
#9808 = CARTESIAN_POINT('',(-0.114952692963,-4.509764831265E-02,0.));
#9809 = LINE('',#9810,#9811);
#9810 = CARTESIAN_POINT('',(-0.114952692963,-2.551904122388E-02,0.));
#9811 = VECTOR('',#9812,1.);
#9812 = DIRECTION('',(0.,-1.,0.));
#9813 = ORIENTED_EDGE('',*,*,#9792,.T.);
#9814 = ORIENTED_EDGE('',*,*,#9815,.F.);
#9815 = EDGE_CURVE('',#9816,#9785,#9818,.T.);
#9816 = VERTEX_POINT('',#9817);
#9817 = CARTESIAN_POINT('',(-0.114952692963,-4.509764831265E-02,0.1));
#9818 = LINE('',#9819,#9820);
#9819 = CARTESIAN_POINT('',(-0.114952692963,-2.551904122388E-02,0.1));
#9820 = VECTOR('',#9821,1.);
#9821 = DIRECTION('',(0.,1.,0.));
#9822 = ORIENTED_EDGE('',*,*,#9823,.F.);
#9823 = EDGE_CURVE('',#9807,#9816,#9824,.T.);
#9824 = LINE('',#9825,#9826);
#9825 = CARTESIAN_POINT('',(-0.114952692963,-4.509764831265E-02,0.));
#9826 = VECTOR('',#9827,1.);
#9827 = DIRECTION('',(0.,0.,1.));
#9828 = PLANE('',#9829);
#9829 = AXIS2_PLACEMENT_3D('',#9830,#9831,#9832);
#9830 = CARTESIAN_POINT('',(-0.114952692963,-4.509764831265E-02,0.));
#9831 = DIRECTION('',(1.,0.,0.));
#9832 = DIRECTION('',(-0.,1.,0.));
#9833 = ADVANCED_FACE('',(#9834),#9859,.T.);
#9834 = FACE_BOUND('',#9835,.T.);
#9835 = EDGE_LOOP('',(#9836,#9844,#9845,#9853));
#9836 = ORIENTED_EDGE('',*,*,#9837,.F.);
#9837 = EDGE_CURVE('',#9807,#9838,#9840,.T.);
#9838 = VERTEX_POINT('',#9839);
#9839 = CARTESIAN_POINT('',(-0.120268738596,-4.509764831265E-02,0.));
#9840 = LINE('',#9841,#9842);
#9841 = CARTESIAN_POINT('',(-0.114952692963,-4.509764831265E-02,0.));
#9842 = VECTOR('',#9843,1.);
#9843 = DIRECTION('',(-1.,0.,0.));
#9844 = ORIENTED_EDGE('',*,*,#9823,.T.);
#9845 = ORIENTED_EDGE('',*,*,#9846,.F.);
#9846 = EDGE_CURVE('',#9847,#9816,#9849,.T.);
#9847 = VERTEX_POINT('',#9848);
#9848 = CARTESIAN_POINT('',(-0.120268738596,-4.509764831265E-02,0.1));
#9849 = LINE('',#9850,#9851);
#9850 = CARTESIAN_POINT('',(-0.114952692963,-4.509764831265E-02,0.1));
#9851 = VECTOR('',#9852,1.);
#9852 = DIRECTION('',(1.,0.,0.));
#9853 = ORIENTED_EDGE('',*,*,#9854,.F.);
#9854 = EDGE_CURVE('',#9838,#9847,#9855,.T.);
#9855 = LINE('',#9856,#9857);
#9856 = CARTESIAN_POINT('',(-0.120268738596,-4.509764831265E-02,0.));
#9857 = VECTOR('',#9858,1.);
#9858 = DIRECTION('',(0.,0.,1.));
#9859 = PLANE('',#9860);
#9860 = AXIS2_PLACEMENT_3D('',#9861,#9862,#9863);
#9861 = CARTESIAN_POINT('',(-0.120268738596,-4.509764831265E-02,0.));
#9862 = DIRECTION('',(0.,-1.,0.));
#9863 = DIRECTION('',(1.,0.,0.));
#9864 = ADVANCED_FACE('',(#9865),#9890,.T.);
#9865 = FACE_BOUND('',#9866,.T.);
#9866 = EDGE_LOOP('',(#9867,#9875,#9876,#9884));
#9867 = ORIENTED_EDGE('',*,*,#9868,.F.);
#9868 = EDGE_CURVE('',#9838,#9869,#9871,.T.);
#9869 = VERTEX_POINT('',#9870);
#9870 = CARTESIAN_POINT('',(-0.120268738596,-5.09764641275E-03,0.));
#9871 = LINE('',#9872,#9873);
#9872 = CARTESIAN_POINT('',(-0.120268738596,-4.509764831265E-02,0.));
#9873 = VECTOR('',#9874,1.);
#9874 = DIRECTION('',(0.,1.,0.));
#9875 = ORIENTED_EDGE('',*,*,#9854,.T.);
#9876 = ORIENTED_EDGE('',*,*,#9877,.F.);
#9877 = EDGE_CURVE('',#9878,#9847,#9880,.T.);
#9878 = VERTEX_POINT('',#9879);
#9879 = CARTESIAN_POINT('',(-0.120268738596,-5.09764641275E-03,0.1));
#9880 = LINE('',#9881,#9882);
#9881 = CARTESIAN_POINT('',(-0.120268738596,-4.509764831265E-02,0.1));
#9882 = VECTOR('',#9883,1.);
#9883 = DIRECTION('',(0.,-1.,0.));
#9884 = ORIENTED_EDGE('',*,*,#9885,.F.);
#9885 = EDGE_CURVE('',#9869,#9878,#9886,.T.);
#9886 = LINE('',#9887,#9888);
#9887 = CARTESIAN_POINT('',(-0.120268738596,-5.09764641275E-03,0.));
#9888 = VECTOR('',#9889,1.);
#9889 = DIRECTION('',(0.,0.,1.));
#9890 = PLANE('',#9891);
#9891 = AXIS2_PLACEMENT_3D('',#9892,#9893,#9894);
#9892 = CARTESIAN_POINT('',(-0.120268738596,-5.09764641275E-03,0.));
#9893 = DIRECTION('',(-1.,0.,0.));
#9894 = DIRECTION('',(0.,-1.,0.));
#9895 = ADVANCED_FACE('',(#9896),#9921,.T.);
#9896 = FACE_BOUND('',#9897,.T.);
#9897 = EDGE_LOOP('',(#9898,#9906,#9907,#9915));
#9898 = ORIENTED_EDGE('',*,*,#9899,.F.);
#9899 = EDGE_CURVE('',#9869,#9900,#9902,.T.);
#9900 = VERTEX_POINT('',#9901);
#9901 = CARTESIAN_POINT('',(-0.114952692963,-5.09764641275E-03,0.));
#9902 = LINE('',#9903,#9904);
#9903 = CARTESIAN_POINT('',(-0.120268738596,-5.09764641275E-03,0.));
#9904 = VECTOR('',#9905,1.);
#9905 = DIRECTION('',(1.,0.,0.));
#9906 = ORIENTED_EDGE('',*,*,#9885,.T.);
#9907 = ORIENTED_EDGE('',*,*,#9908,.F.);
#9908 = EDGE_CURVE('',#9909,#9878,#9911,.T.);
#9909 = VERTEX_POINT('',#9910);
#9910 = CARTESIAN_POINT('',(-0.114952692963,-5.09764641275E-03,0.1));
#9911 = LINE('',#9912,#9913);
#9912 = CARTESIAN_POINT('',(-0.120268738596,-5.09764641275E-03,0.1));
#9913 = VECTOR('',#9914,1.);
#9914 = DIRECTION('',(-1.,0.,0.));
#9915 = ORIENTED_EDGE('',*,*,#9916,.F.);
#9916 = EDGE_CURVE('',#9900,#9909,#9917,.T.);
#9917 = LINE('',#9918,#9919);
#9918 = CARTESIAN_POINT('',(-0.114952692963,-5.09764641275E-03,0.));
#9919 = VECTOR('',#9920,1.);
#9920 = DIRECTION('',(0.,0.,1.));
#9921 = PLANE('',#9922);
#9922 = AXIS2_PLACEMENT_3D('',#9923,#9924,#9925);
#9923 = CARTESIAN_POINT('',(-0.114952692963,-5.09764641275E-03,0.));
#9924 = DIRECTION('',(0.,1.,0.));
#9925 = DIRECTION('',(-1.,0.,0.));
#9926 = ADVANCED_FACE('',(#9927),#9952,.T.);
#9927 = FACE_BOUND('',#9928,.T.);
#9928 = EDGE_LOOP('',(#9929,#9937,#9938,#9946));
#9929 = ORIENTED_EDGE('',*,*,#9930,.F.);
#9930 = EDGE_CURVE('',#9900,#9931,#9933,.T.);
#9931 = VERTEX_POINT('',#9932);
#9932 = CARTESIAN_POINT('',(-0.114952692963,-2.078646401368E-02,0.));
#9933 = LINE('',#9934,#9935);
#9934 = CARTESIAN_POINT('',(-0.114952692963,-5.09764641275E-03,0.));
#9935 = VECTOR('',#9936,1.);
#9936 = DIRECTION('',(0.,-1.,0.));
#9937 = ORIENTED_EDGE('',*,*,#9916,.T.);
#9938 = ORIENTED_EDGE('',*,*,#9939,.F.);
#9939 = EDGE_CURVE('',#9940,#9909,#9942,.T.);
#9940 = VERTEX_POINT('',#9941);
#9941 = CARTESIAN_POINT('',(-0.114952692963,-2.078646401368E-02,0.1));
#9942 = LINE('',#9943,#9944);
#9943 = CARTESIAN_POINT('',(-0.114952692963,-5.09764641275E-03,0.1));
#9944 = VECTOR('',#9945,1.);
#9945 = DIRECTION('',(0.,1.,0.));
#9946 = ORIENTED_EDGE('',*,*,#9947,.F.);
#9947 = EDGE_CURVE('',#9931,#9940,#9948,.T.);
#9948 = LINE('',#9949,#9950);
#9949 = CARTESIAN_POINT('',(-0.114952692963,-2.078646401368E-02,0.));
#9950 = VECTOR('',#9951,1.);
#9951 = DIRECTION('',(0.,0.,1.));
#9952 = PLANE('',#9953);
#9953 = AXIS2_PLACEMENT_3D('',#9954,#9955,#9956);
#9954 = CARTESIAN_POINT('',(-0.114952692963,-2.078646401368E-02,0.));
#9955 = DIRECTION('',(1.,0.,0.));
#9956 = DIRECTION('',(-0.,1.,0.));
#9957 = ADVANCED_FACE('',(#9958),#9983,.T.);
#9958 = FACE_BOUND('',#9959,.T.);
#9959 = EDGE_LOOP('',(#9960,#9968,#9969,#9977));
#9960 = ORIENTED_EDGE('',*,*,#9961,.F.);
#9961 = EDGE_CURVE('',#9931,#9962,#9964,.T.);
#9962 = VERTEX_POINT('',#9963);
#9963 = CARTESIAN_POINT('',(-9.654102272011E-02,-2.078646401368E-02,0.)
  );
#9964 = LINE('',#9965,#9966);
#9965 = CARTESIAN_POINT('',(-0.114952692963,-2.078646401368E-02,0.));
#9966 = VECTOR('',#9967,1.);
#9967 = DIRECTION('',(1.,0.,0.));
#9968 = ORIENTED_EDGE('',*,*,#9947,.T.);
#9969 = ORIENTED_EDGE('',*,*,#9970,.F.);
#9970 = EDGE_CURVE('',#9971,#9940,#9973,.T.);
#9971 = VERTEX_POINT('',#9972);
#9972 = CARTESIAN_POINT('',(-9.654102272011E-02,-2.078646401368E-02,0.1)
  );
#9973 = LINE('',#9974,#9975);
#9974 = CARTESIAN_POINT('',(-0.114952692963,-2.078646401368E-02,0.1));
#9975 = VECTOR('',#9976,1.);
#9976 = DIRECTION('',(-1.,0.,0.));
#9977 = ORIENTED_EDGE('',*,*,#9978,.F.);
#9978 = EDGE_CURVE('',#9962,#9971,#9979,.T.);
#9979 = LINE('',#9980,#9981);
#9980 = CARTESIAN_POINT('',(-9.654102272011E-02,-2.078646401368E-02,0.)
  );
#9981 = VECTOR('',#9982,1.);
#9982 = DIRECTION('',(0.,0.,1.));
#9983 = PLANE('',#9984);
#9984 = AXIS2_PLACEMENT_3D('',#9985,#9986,#9987);
#9985 = CARTESIAN_POINT('',(-9.654102272011E-02,-2.078646401368E-02,0.)
  );
#9986 = DIRECTION('',(0.,1.,0.));
#9987 = DIRECTION('',(-1.,0.,0.));
#9988 = ADVANCED_FACE('',(#9989),#10014,.T.);
#9989 = FACE_BOUND('',#9990,.T.);
#9990 = EDGE_LOOP('',(#9991,#9999,#10000,#10008));
#9991 = ORIENTED_EDGE('',*,*,#9992,.F.);
#9992 = EDGE_CURVE('',#9962,#9993,#9995,.T.);
#9993 = VERTEX_POINT('',#9994);
#9994 = CARTESIAN_POINT('',(-9.654102272011E-02,-5.09764641275E-03,0.));
#9995 = LINE('',#9996,#9997);
#9996 = CARTESIAN_POINT('',(-9.654102272011E-02,-2.078646401368E-02,0.)
  );
#9997 = VECTOR('',#9998,1.);
#9998 = DIRECTION('',(0.,1.,0.));
#9999 = ORIENTED_EDGE('',*,*,#9978,.T.);
#10000 = ORIENTED_EDGE('',*,*,#10001,.F.);
#10001 = EDGE_CURVE('',#10002,#9971,#10004,.T.);
#10002 = VERTEX_POINT('',#10003);
#10003 = CARTESIAN_POINT('',(-9.654102272011E-02,-5.09764641275E-03,0.1)
  );
#10004 = LINE('',#10005,#10006);
#10005 = CARTESIAN_POINT('',(-9.654102272011E-02,-2.078646401368E-02,0.1
    ));
#10006 = VECTOR('',#10007,1.);
#10007 = DIRECTION('',(0.,-1.,0.));
#10008 = ORIENTED_EDGE('',*,*,#10009,.F.);
#10009 = EDGE_CURVE('',#9993,#10002,#10010,.T.);
#10010 = LINE('',#10011,#10012);
#10011 = CARTESIAN_POINT('',(-9.654102272011E-02,-5.09764641275E-03,0.)
  );
#10012 = VECTOR('',#10013,1.);
#10013 = DIRECTION('',(0.,0.,1.));
#10014 = PLANE('',#10015);
#10015 = AXIS2_PLACEMENT_3D('',#10016,#10017,#10018);
#10016 = CARTESIAN_POINT('',(-9.654102272011E-02,-5.09764641275E-03,0.)
  );
#10017 = DIRECTION('',(-1.,0.,0.));
#10018 = DIRECTION('',(0.,-1.,0.));
#10019 = ADVANCED_FACE('',(#10020),#10045,.T.);
#10020 = FACE_BOUND('',#10021,.T.);
#10021 = EDGE_LOOP('',(#10022,#10030,#10031,#10039));
#10022 = ORIENTED_EDGE('',*,*,#10023,.F.);
#10023 = EDGE_CURVE('',#9993,#10024,#10026,.T.);
#10024 = VERTEX_POINT('',#10025);
#10025 = CARTESIAN_POINT('',(-9.122497708674E-02,-5.09764641275E-03,0.)
  );
#10026 = LINE('',#10027,#10028);
#10027 = CARTESIAN_POINT('',(-9.654102272011E-02,-5.09764641275E-03,0.)
  );
#10028 = VECTOR('',#10029,1.);
#10029 = DIRECTION('',(1.,0.,0.));
#10030 = ORIENTED_EDGE('',*,*,#10009,.T.);
#10031 = ORIENTED_EDGE('',*,*,#10032,.F.);
#10032 = EDGE_CURVE('',#10033,#10002,#10035,.T.);
#10033 = VERTEX_POINT('',#10034);
#10034 = CARTESIAN_POINT('',(-9.122497708674E-02,-5.09764641275E-03,0.1)
  );
#10035 = LINE('',#10036,#10037);
#10036 = CARTESIAN_POINT('',(-9.654102272011E-02,-5.09764641275E-03,0.1)
  );
#10037 = VECTOR('',#10038,1.);
#10038 = DIRECTION('',(-1.,0.,0.));
#10039 = ORIENTED_EDGE('',*,*,#10040,.F.);
#10040 = EDGE_CURVE('',#10024,#10033,#10041,.T.);
#10041 = LINE('',#10042,#10043);
#10042 = CARTESIAN_POINT('',(-9.122497708674E-02,-5.09764641275E-03,0.)
  );
#10043 = VECTOR('',#10044,1.);
#10044 = DIRECTION('',(0.,0.,1.));
#10045 = PLANE('',#10046);
#10046 = AXIS2_PLACEMENT_3D('',#10047,#10048,#10049);
#10047 = CARTESIAN_POINT('',(-9.122497708674E-02,-5.09764641275E-03,0.)
  );
#10048 = DIRECTION('',(0.,1.,0.));
#10049 = DIRECTION('',(-1.,0.,0.));
#10050 = ADVANCED_FACE('',(#10051),#10076,.T.);
#10051 = FACE_BOUND('',#10052,.T.);
#10052 = EDGE_LOOP('',(#10053,#10061,#10062,#10070));
#10053 = ORIENTED_EDGE('',*,*,#10054,.F.);
#10054 = EDGE_CURVE('',#10024,#10055,#10057,.T.);
#10055 = VERTEX_POINT('',#10056);
#10056 = CARTESIAN_POINT('',(-9.122497708674E-02,-4.509764831265E-02,0.)
  );
#10057 = LINE('',#10058,#10059);
#10058 = CARTESIAN_POINT('',(-9.122497708674E-02,-5.09764641275E-03,0.)
  );
#10059 = VECTOR('',#10060,1.);
#10060 = DIRECTION('',(0.,-1.,0.));
#10061 = ORIENTED_EDGE('',*,*,#10040,.T.);
#10062 = ORIENTED_EDGE('',*,*,#10063,.F.);
#10063 = EDGE_CURVE('',#10064,#10033,#10066,.T.);
#10064 = VERTEX_POINT('',#10065);
#10065 = CARTESIAN_POINT('',(-9.122497708674E-02,-4.509764831265E-02,0.1
    ));
#10066 = LINE('',#10067,#10068);
#10067 = CARTESIAN_POINT('',(-9.122497708674E-02,-5.09764641275E-03,0.1)
  );
#10068 = VECTOR('',#10069,1.);
#10069 = DIRECTION('',(0.,1.,0.));
#10070 = ORIENTED_EDGE('',*,*,#10071,.F.);
#10071 = EDGE_CURVE('',#10055,#10064,#10072,.T.);
#10072 = LINE('',#10073,#10074);
#10073 = CARTESIAN_POINT('',(-9.122497708674E-02,-4.509764831265E-02,0.)
  );
#10074 = VECTOR('',#10075,1.);
#10075 = DIRECTION('',(0.,0.,1.));
#10076 = PLANE('',#10077);
#10077 = AXIS2_PLACEMENT_3D('',#10078,#10079,#10080);
#10078 = CARTESIAN_POINT('',(-9.122497708674E-02,-4.509764831265E-02,0.)
  );
#10079 = DIRECTION('',(1.,0.,0.));
#10080 = DIRECTION('',(-0.,1.,0.));
#10081 = ADVANCED_FACE('',(#10082),#10098,.T.);
#10082 = FACE_BOUND('',#10083,.T.);
#10083 = EDGE_LOOP('',(#10084,#10090,#10091,#10097));
#10084 = ORIENTED_EDGE('',*,*,#10085,.F.);
#10085 = EDGE_CURVE('',#10055,#9736,#10086,.T.);
#10086 = LINE('',#10087,#10088);
#10087 = CARTESIAN_POINT('',(-9.122497708674E-02,-4.509764831265E-02,0.)
  );
#10088 = VECTOR('',#10089,1.);
#10089 = DIRECTION('',(-1.,0.,0.));
#10090 = ORIENTED_EDGE('',*,*,#10071,.T.);
#10091 = ORIENTED_EDGE('',*,*,#10092,.F.);
#10092 = EDGE_CURVE('',#9746,#10064,#10093,.T.);
#10093 = LINE('',#10094,#10095);
#10094 = CARTESIAN_POINT('',(-9.122497708674E-02,-4.509764831265E-02,0.1
    ));
#10095 = VECTOR('',#10096,1.);
#10096 = DIRECTION('',(1.,0.,0.));
#10097 = ORIENTED_EDGE('',*,*,#9745,.F.);
#10098 = PLANE('',#10099);
#10099 = AXIS2_PLACEMENT_3D('',#10100,#10101,#10102);
#10100 = CARTESIAN_POINT('',(-9.654102272011E-02,-4.509764831265E-02,0.)
  );
#10101 = DIRECTION('',(0.,-1.,0.));
#10102 = DIRECTION('',(1.,0.,0.));
#10103 = ADVANCED_FACE('',(#10104),#10118,.F.);
#10104 = FACE_BOUND('',#10105,.T.);
#10105 = EDGE_LOOP('',(#10106,#10107,#10108,#10109,#10110,#10111,#10112,
    #10113,#10114,#10115,#10116,#10117));
#10106 = ORIENTED_EDGE('',*,*,#10085,.T.);
#10107 = ORIENTED_EDGE('',*,*,#9735,.T.);
#10108 = ORIENTED_EDGE('',*,*,#9775,.T.);
#10109 = ORIENTED_EDGE('',*,*,#9806,.T.);
#10110 = ORIENTED_EDGE('',*,*,#9837,.T.);
#10111 = ORIENTED_EDGE('',*,*,#9868,.T.);
#10112 = ORIENTED_EDGE('',*,*,#9899,.T.);
#10113 = ORIENTED_EDGE('',*,*,#9930,.T.);
#10114 = ORIENTED_EDGE('',*,*,#9961,.T.);
#10115 = ORIENTED_EDGE('',*,*,#9992,.T.);
#10116 = ORIENTED_EDGE('',*,*,#10023,.T.);
#10117 = ORIENTED_EDGE('',*,*,#10054,.T.);
#10118 = PLANE('',#10119);
#10119 = AXIS2_PLACEMENT_3D('',#10120,#10121,#10122);
#10120 = CARTESIAN_POINT('',(-0.105746857841,-2.48425990153E-02,0.));
#10121 = DIRECTION('',(0.,0.,1.));
#10122 = DIRECTION('',(1.,0.,-0.));
#10123 = ADVANCED_FACE('',(#10124),#10138,.T.);
#10124 = FACE_BOUND('',#10125,.T.);
#10125 = EDGE_LOOP('',(#10126,#10127,#10128,#10129,#10130,#10131,#10132,
    #10133,#10134,#10135,#10136,#10137));
#10126 = ORIENTED_EDGE('',*,*,#10092,.T.);
#10127 = ORIENTED_EDGE('',*,*,#10063,.T.);
#10128 = ORIENTED_EDGE('',*,*,#10032,.T.);
#10129 = ORIENTED_EDGE('',*,*,#10001,.T.);
#10130 = ORIENTED_EDGE('',*,*,#9970,.T.);
#10131 = ORIENTED_EDGE('',*,*,#9939,.T.);
#10132 = ORIENTED_EDGE('',*,*,#9908,.T.);
#10133 = ORIENTED_EDGE('',*,*,#9877,.T.);
#10134 = ORIENTED_EDGE('',*,*,#9846,.T.);
#10135 = ORIENTED_EDGE('',*,*,#9815,.T.);
#10136 = ORIENTED_EDGE('',*,*,#9784,.T.);
#10137 = ORIENTED_EDGE('',*,*,#9753,.T.);
#10138 = PLANE('',#10139);
#10139 = AXIS2_PLACEMENT_3D('',#10140,#10141,#10142);
#10140 = CARTESIAN_POINT('',(-0.105746857841,-2.48425990153E-02,0.1));
#10141 = DIRECTION('',(0.,0.,1.));
#10142 = DIRECTION('',(1.,0.,-0.));
#10143 = MANIFOLD_SOLID_BREP('',#10144);
#10144 = CLOSED_SHELL('',(#10145,#10185,#10216,#10247,#10278,#10309,
    #10340,#10371,#10402,#10433,#10464,#10495,#10517,#10537));
#10145 = ADVANCED_FACE('',(#10146),#10180,.T.);
#10146 = FACE_BOUND('',#10147,.T.);
#10147 = EDGE_LOOP('',(#10148,#10158,#10166,#10174));
#10148 = ORIENTED_EDGE('',*,*,#10149,.F.);
#10149 = EDGE_CURVE('',#10150,#10152,#10154,.T.);
#10150 = VERTEX_POINT('',#10151);
#10151 = CARTESIAN_POINT('',(-0.172975386156,-4.509764831265E-02,0.));
#10152 = VERTEX_POINT('',#10153);
#10153 = CARTESIAN_POINT('',(-0.172975386156,-4.101336935042E-02,0.));
#10154 = LINE('',#10155,#10156);
#10155 = CARTESIAN_POINT('',(-0.172975386156,-4.509764831265E-02,0.));
#10156 = VECTOR('',#10157,1.);
#10157 = DIRECTION('',(0.,1.,0.));
#10158 = ORIENTED_EDGE('',*,*,#10159,.T.);
#10159 = EDGE_CURVE('',#10150,#10160,#10162,.T.);
#10160 = VERTEX_POINT('',#10161);
#10161 = CARTESIAN_POINT('',(-0.172975386156,-4.509764831265E-02,0.1));
#10162 = LINE('',#10163,#10164);
#10163 = CARTESIAN_POINT('',(-0.172975386156,-4.509764831265E-02,0.));
#10164 = VECTOR('',#10165,1.);
#10165 = DIRECTION('',(0.,0.,1.));
#10166 = ORIENTED_EDGE('',*,*,#10167,.F.);
#10167 = EDGE_CURVE('',#10168,#10160,#10170,.T.);
#10168 = VERTEX_POINT('',#10169);
#10169 = CARTESIAN_POINT('',(-0.172975386156,-4.101336935042E-02,0.1));
#10170 = LINE('',#10171,#10172);
#10171 = CARTESIAN_POINT('',(-0.172975386156,-4.509764831265E-02,0.1));
#10172 = VECTOR('',#10173,1.);
#10173 = DIRECTION('',(0.,-1.,0.));
#10174 = ORIENTED_EDGE('',*,*,#10175,.F.);
#10175 = EDGE_CURVE('',#10152,#10168,#10176,.T.);
#10176 = LINE('',#10177,#10178);
#10177 = CARTESIAN_POINT('',(-0.172975386156,-4.101336935042E-02,0.));
#10178 = VECTOR('',#10179,1.);
#10179 = DIRECTION('',(0.,0.,1.));
#10180 = PLANE('',#10181);
#10181 = AXIS2_PLACEMENT_3D('',#10182,#10183,#10184);
#10182 = CARTESIAN_POINT('',(-0.172975386156,-4.101336935042E-02,0.));
#10183 = DIRECTION('',(-1.,0.,0.));
#10184 = DIRECTION('',(0.,-1.,0.));
#10185 = ADVANCED_FACE('',(#10186),#10211,.T.);
#10186 = FACE_BOUND('',#10187,.T.);
#10187 = EDGE_LOOP('',(#10188,#10196,#10197,#10205));
#10188 = ORIENTED_EDGE('',*,*,#10189,.F.);
#10189 = EDGE_CURVE('',#10152,#10190,#10192,.T.);
#10190 = VERTEX_POINT('',#10191);
#10191 = CARTESIAN_POINT('',(-0.167886244909,-4.101336935042E-02,0.));
#10192 = LINE('',#10193,#10194);
#10193 = CARTESIAN_POINT('',(-0.172975386156,-4.101336935042E-02,0.));
#10194 = VECTOR('',#10195,1.);
#10195 = DIRECTION('',(1.,0.,0.));
#10196 = ORIENTED_EDGE('',*,*,#10175,.T.);
#10197 = ORIENTED_EDGE('',*,*,#10198,.F.);
#10198 = EDGE_CURVE('',#10199,#10168,#10201,.T.);
#10199 = VERTEX_POINT('',#10200);
#10200 = CARTESIAN_POINT('',(-0.167886244909,-4.101336935042E-02,0.1));
#10201 = LINE('',#10202,#10203);
#10202 = CARTESIAN_POINT('',(-0.172975386156,-4.101336935042E-02,0.1));
#10203 = VECTOR('',#10204,1.);
#10204 = DIRECTION('',(-1.,0.,0.));
#10205 = ORIENTED_EDGE('',*,*,#10206,.F.);
#10206 = EDGE_CURVE('',#10190,#10199,#10207,.T.);
#10207 = LINE('',#10208,#10209);
#10208 = CARTESIAN_POINT('',(-0.167886244909,-4.101336935042E-02,0.));
#10209 = VECTOR('',#10210,1.);
#10210 = DIRECTION('',(0.,0.,1.));
#10211 = PLANE('',#10212);
#10212 = AXIS2_PLACEMENT_3D('',#10213,#10214,#10215);
#10213 = CARTESIAN_POINT('',(-0.167886244909,-4.101336935042E-02,0.));
#10214 = DIRECTION('',(0.,1.,0.));
#10215 = DIRECTION('',(-1.,0.,0.));
#10216 = ADVANCED_FACE('',(#10217),#10242,.T.);
#10217 = FACE_BOUND('',#10218,.T.);
#10218 = EDGE_LOOP('',(#10219,#10227,#10228,#10236));
#10219 = ORIENTED_EDGE('',*,*,#10220,.F.);
#10220 = EDGE_CURVE('',#10190,#10221,#10223,.T.);
#10221 = VERTEX_POINT('',#10222);
#10222 = CARTESIAN_POINT('',(-0.167886244909,-9.181925374976E-03,0.));
#10223 = LINE('',#10224,#10225);
#10224 = CARTESIAN_POINT('',(-0.167886244909,-4.101336935042E-02,0.));
#10225 = VECTOR('',#10226,1.);
#10226 = DIRECTION('',(0.,1.,0.));
#10227 = ORIENTED_EDGE('',*,*,#10206,.T.);
#10228 = ORIENTED_EDGE('',*,*,#10229,.F.);
#10229 = EDGE_CURVE('',#10230,#10199,#10232,.T.);
#10230 = VERTEX_POINT('',#10231);
#10231 = CARTESIAN_POINT('',(-0.167886244909,-9.181925374976E-03,0.1));
#10232 = LINE('',#10233,#10234);
#10233 = CARTESIAN_POINT('',(-0.167886244909,-4.101336935042E-02,0.1));
#10234 = VECTOR('',#10235,1.);
#10235 = DIRECTION('',(0.,-1.,0.));
#10236 = ORIENTED_EDGE('',*,*,#10237,.F.);
#10237 = EDGE_CURVE('',#10221,#10230,#10238,.T.);
#10238 = LINE('',#10239,#10240);
#10239 = CARTESIAN_POINT('',(-0.167886244909,-9.181925374976E-03,0.));
#10240 = VECTOR('',#10241,1.);
#10241 = DIRECTION('',(0.,0.,1.));
#10242 = PLANE('',#10243);
#10243 = AXIS2_PLACEMENT_3D('',#10244,#10245,#10246);
#10244 = CARTESIAN_POINT('',(-0.167886244909,-9.181925374976E-03,0.));
#10245 = DIRECTION('',(-1.,0.,0.));
#10246 = DIRECTION('',(0.,-1.,0.));
#10247 = ADVANCED_FACE('',(#10248),#10273,.T.);
#10248 = FACE_BOUND('',#10249,.T.);
#10249 = EDGE_LOOP('',(#10250,#10258,#10259,#10267));
#10250 = ORIENTED_EDGE('',*,*,#10251,.F.);
#10251 = EDGE_CURVE('',#10221,#10252,#10254,.T.);
#10252 = VERTEX_POINT('',#10253);
#10253 = CARTESIAN_POINT('',(-0.172975386156,-9.181925374976E-03,0.));
#10254 = LINE('',#10255,#10256);
#10255 = CARTESIAN_POINT('',(-0.167886244909,-9.181925374976E-03,0.));
#10256 = VECTOR('',#10257,1.);
#10257 = DIRECTION('',(-1.,0.,0.));
#10258 = ORIENTED_EDGE('',*,*,#10237,.T.);
#10259 = ORIENTED_EDGE('',*,*,#10260,.F.);
#10260 = EDGE_CURVE('',#10261,#10230,#10263,.T.);
#10261 = VERTEX_POINT('',#10262);
#10262 = CARTESIAN_POINT('',(-0.172975386156,-9.181925374976E-03,0.1));
#10263 = LINE('',#10264,#10265);
#10264 = CARTESIAN_POINT('',(-0.167886244909,-9.181925374976E-03,0.1));
#10265 = VECTOR('',#10266,1.);
#10266 = DIRECTION('',(1.,0.,0.));
#10267 = ORIENTED_EDGE('',*,*,#10268,.F.);
#10268 = EDGE_CURVE('',#10252,#10261,#10269,.T.);
#10269 = LINE('',#10270,#10271);
#10270 = CARTESIAN_POINT('',(-0.172975386156,-9.181925374976E-03,0.));
#10271 = VECTOR('',#10272,1.);
#10272 = DIRECTION('',(0.,0.,1.));
#10273 = PLANE('',#10274);
#10274 = AXIS2_PLACEMENT_3D('',#10275,#10276,#10277);
#10275 = CARTESIAN_POINT('',(-0.172975386156,-9.181925374976E-03,0.));
#10276 = DIRECTION('',(0.,-1.,0.));
#10277 = DIRECTION('',(1.,0.,0.));
#10278 = ADVANCED_FACE('',(#10279),#10304,.T.);
#10279 = FACE_BOUND('',#10280,.T.);
#10280 = EDGE_LOOP('',(#10281,#10289,#10290,#10298));
#10281 = ORIENTED_EDGE('',*,*,#10282,.F.);
#10282 = EDGE_CURVE('',#10252,#10283,#10285,.T.);
#10283 = VERTEX_POINT('',#10284);
#10284 = CARTESIAN_POINT('',(-0.172975386156,-5.09764641275E-03,0.));
#10285 = LINE('',#10286,#10287);
#10286 = CARTESIAN_POINT('',(-0.172975386156,-9.181925374976E-03,0.));
#10287 = VECTOR('',#10288,1.);
#10288 = DIRECTION('',(0.,1.,0.));
#10289 = ORIENTED_EDGE('',*,*,#10268,.T.);
#10290 = ORIENTED_EDGE('',*,*,#10291,.F.);
#10291 = EDGE_CURVE('',#10292,#10261,#10294,.T.);
#10292 = VERTEX_POINT('',#10293);
#10293 = CARTESIAN_POINT('',(-0.172975386156,-5.09764641275E-03,0.1));
#10294 = LINE('',#10295,#10296);
#10295 = CARTESIAN_POINT('',(-0.172975386156,-9.181925374976E-03,0.1));
#10296 = VECTOR('',#10297,1.);
#10297 = DIRECTION('',(0.,-1.,0.));
#10298 = ORIENTED_EDGE('',*,*,#10299,.F.);
#10299 = EDGE_CURVE('',#10283,#10292,#10300,.T.);
#10300 = LINE('',#10301,#10302);
#10301 = CARTESIAN_POINT('',(-0.172975386156,-5.09764641275E-03,0.));
#10302 = VECTOR('',#10303,1.);
#10303 = DIRECTION('',(0.,0.,1.));
#10304 = PLANE('',#10305);
#10305 = AXIS2_PLACEMENT_3D('',#10306,#10307,#10308);
#10306 = CARTESIAN_POINT('',(-0.172975386156,-5.09764641275E-03,0.));
#10307 = DIRECTION('',(-1.,0.,0.));
#10308 = DIRECTION('',(0.,-1.,0.));
#10309 = ADVANCED_FACE('',(#10310),#10335,.T.);
#10310 = FACE_BOUND('',#10311,.T.);
#10311 = EDGE_LOOP('',(#10312,#10320,#10321,#10329));
#10312 = ORIENTED_EDGE('',*,*,#10313,.F.);
#10313 = EDGE_CURVE('',#10283,#10314,#10316,.T.);
#10314 = VERTEX_POINT('',#10315);
#10315 = CARTESIAN_POINT('',(-0.15748105803,-5.09764641275E-03,0.));
#10316 = LINE('',#10317,#10318);
#10317 = CARTESIAN_POINT('',(-0.172975386156,-5.09764641275E-03,0.));
#10318 = VECTOR('',#10319,1.);
#10319 = DIRECTION('',(1.,0.,0.));
#10320 = ORIENTED_EDGE('',*,*,#10299,.T.);
#10321 = ORIENTED_EDGE('',*,*,#10322,.F.);
#10322 = EDGE_CURVE('',#10323,#10292,#10325,.T.);
#10323 = VERTEX_POINT('',#10324);
#10324 = CARTESIAN_POINT('',(-0.15748105803,-5.09764641275E-03,0.1));
#10325 = LINE('',#10326,#10327);
#10326 = CARTESIAN_POINT('',(-0.172975386156,-5.09764641275E-03,0.1));
#10327 = VECTOR('',#10328,1.);
#10328 = DIRECTION('',(-1.,0.,0.));
#10329 = ORIENTED_EDGE('',*,*,#10330,.F.);
#10330 = EDGE_CURVE('',#10314,#10323,#10331,.T.);
#10331 = LINE('',#10332,#10333);
#10332 = CARTESIAN_POINT('',(-0.15748105803,-5.09764641275E-03,0.));
#10333 = VECTOR('',#10334,1.);
#10334 = DIRECTION('',(0.,0.,1.));
#10335 = PLANE('',#10336);
#10336 = AXIS2_PLACEMENT_3D('',#10337,#10338,#10339);
#10337 = CARTESIAN_POINT('',(-0.15748105803,-5.09764641275E-03,0.));
#10338 = DIRECTION('',(0.,1.,0.));
#10339 = DIRECTION('',(-1.,0.,0.));
#10340 = ADVANCED_FACE('',(#10341),#10366,.T.);
#10341 = FACE_BOUND('',#10342,.T.);
#10342 = EDGE_LOOP('',(#10343,#10351,#10352,#10360));
#10343 = ORIENTED_EDGE('',*,*,#10344,.F.);
#10344 = EDGE_CURVE('',#10314,#10345,#10347,.T.);
#10345 = VERTEX_POINT('',#10346);
#10346 = CARTESIAN_POINT('',(-0.15748105803,-9.181925374976E-03,0.));
#10347 = LINE('',#10348,#10349);
#10348 = CARTESIAN_POINT('',(-0.15748105803,-5.09764641275E-03,0.));
#10349 = VECTOR('',#10350,1.);
#10350 = DIRECTION('',(0.,-1.,0.));
#10351 = ORIENTED_EDGE('',*,*,#10330,.T.);
#10352 = ORIENTED_EDGE('',*,*,#10353,.F.);
#10353 = EDGE_CURVE('',#10354,#10323,#10356,.T.);
#10354 = VERTEX_POINT('',#10355);
#10355 = CARTESIAN_POINT('',(-0.15748105803,-9.181925374976E-03,0.1));
#10356 = LINE('',#10357,#10358);
#10357 = CARTESIAN_POINT('',(-0.15748105803,-5.09764641275E-03,0.1));
#10358 = VECTOR('',#10359,1.);
#10359 = DIRECTION('',(0.,1.,0.));
#10360 = ORIENTED_EDGE('',*,*,#10361,.F.);
#10361 = EDGE_CURVE('',#10345,#10354,#10362,.T.);
#10362 = LINE('',#10363,#10364);
#10363 = CARTESIAN_POINT('',(-0.15748105803,-9.181925374976E-03,0.));
#10364 = VECTOR('',#10365,1.);
#10365 = DIRECTION('',(0.,0.,1.));
#10366 = PLANE('',#10367);
#10367 = AXIS2_PLACEMENT_3D('',#10368,#10369,#10370);
#10368 = CARTESIAN_POINT('',(-0.15748105803,-9.181925374976E-03,0.));
#10369 = DIRECTION('',(1.,0.,0.));
#10370 = DIRECTION('',(-0.,1.,0.));
#10371 = ADVANCED_FACE('',(#10372),#10397,.T.);
#10372 = FACE_BOUND('',#10373,.T.);
#10373 = EDGE_LOOP('',(#10374,#10382,#10383,#10391));
#10374 = ORIENTED_EDGE('',*,*,#10375,.F.);
#10375 = EDGE_CURVE('',#10345,#10376,#10378,.T.);
#10376 = VERTEX_POINT('',#10377);
#10377 = CARTESIAN_POINT('',(-0.162570199276,-9.181925374976E-03,0.));
#10378 = LINE('',#10379,#10380);
#10379 = CARTESIAN_POINT('',(-0.15748105803,-9.181925374976E-03,0.));
#10380 = VECTOR('',#10381,1.);
#10381 = DIRECTION('',(-1.,0.,0.));
#10382 = ORIENTED_EDGE('',*,*,#10361,.T.);
#10383 = ORIENTED_EDGE('',*,*,#10384,.F.);
#10384 = EDGE_CURVE('',#10385,#10354,#10387,.T.);
#10385 = VERTEX_POINT('',#10386);
#10386 = CARTESIAN_POINT('',(-0.162570199276,-9.181925374976E-03,0.1));
#10387 = LINE('',#10388,#10389);
#10388 = CARTESIAN_POINT('',(-0.15748105803,-9.181925374976E-03,0.1));
#10389 = VECTOR('',#10390,1.);
#10390 = DIRECTION('',(1.,0.,0.));
#10391 = ORIENTED_EDGE('',*,*,#10392,.F.);
#10392 = EDGE_CURVE('',#10376,#10385,#10393,.T.);
#10393 = LINE('',#10394,#10395);
#10394 = CARTESIAN_POINT('',(-0.162570199276,-9.181925374976E-03,0.));
#10395 = VECTOR('',#10396,1.);
#10396 = DIRECTION('',(0.,0.,1.));
#10397 = PLANE('',#10398);
#10398 = AXIS2_PLACEMENT_3D('',#10399,#10400,#10401);
#10399 = CARTESIAN_POINT('',(-0.162570199276,-9.181925374976E-03,0.));
#10400 = DIRECTION('',(0.,-1.,0.));
#10401 = DIRECTION('',(1.,0.,0.));
#10402 = ADVANCED_FACE('',(#10403),#10428,.T.);
#10403 = FACE_BOUND('',#10404,.T.);
#10404 = EDGE_LOOP('',(#10405,#10413,#10414,#10422));
#10405 = ORIENTED_EDGE('',*,*,#10406,.F.);
#10406 = EDGE_CURVE('',#10376,#10407,#10409,.T.);
#10407 = VERTEX_POINT('',#10408);
#10408 = CARTESIAN_POINT('',(-0.162570199276,-4.101336935042E-02,0.));
#10409 = LINE('',#10410,#10411);
#10410 = CARTESIAN_POINT('',(-0.162570199276,-9.181925374976E-03,0.));
#10411 = VECTOR('',#10412,1.);
#10412 = DIRECTION('',(0.,-1.,0.));
#10413 = ORIENTED_EDGE('',*,*,#10392,.T.);
#10414 = ORIENTED_EDGE('',*,*,#10415,.F.);
#10415 = EDGE_CURVE('',#10416,#10385,#10418,.T.);
#10416 = VERTEX_POINT('',#10417);
#10417 = CARTESIAN_POINT('',(-0.162570199276,-4.101336935042E-02,0.1));
#10418 = LINE('',#10419,#10420);
#10419 = CARTESIAN_POINT('',(-0.162570199276,-9.181925374976E-03,0.1));
#10420 = VECTOR('',#10421,1.);
#10421 = DIRECTION('',(0.,1.,0.));
#10422 = ORIENTED_EDGE('',*,*,#10423,.F.);
#10423 = EDGE_CURVE('',#10407,#10416,#10424,.T.);
#10424 = LINE('',#10425,#10426);
#10425 = CARTESIAN_POINT('',(-0.162570199276,-4.101336935042E-02,0.));
#10426 = VECTOR('',#10427,1.);
#10427 = DIRECTION('',(0.,0.,1.));
#10428 = PLANE('',#10429);
#10429 = AXIS2_PLACEMENT_3D('',#10430,#10431,#10432);
#10430 = CARTESIAN_POINT('',(-0.162570199276,-4.101336935042E-02,0.));
#10431 = DIRECTION('',(1.,0.,0.));
#10432 = DIRECTION('',(-0.,1.,0.));
#10433 = ADVANCED_FACE('',(#10434),#10459,.T.);
#10434 = FACE_BOUND('',#10435,.T.);
#10435 = EDGE_LOOP('',(#10436,#10444,#10445,#10453));
#10436 = ORIENTED_EDGE('',*,*,#10437,.F.);
#10437 = EDGE_CURVE('',#10407,#10438,#10440,.T.);
#10438 = VERTEX_POINT('',#10439);
#10439 = CARTESIAN_POINT('',(-0.15748105803,-4.101336935042E-02,0.));
#10440 = LINE('',#10441,#10442);
#10441 = CARTESIAN_POINT('',(-0.162570199276,-4.101336935042E-02,0.));
#10442 = VECTOR('',#10443,1.);
#10443 = DIRECTION('',(1.,0.,0.));
#10444 = ORIENTED_EDGE('',*,*,#10423,.T.);
#10445 = ORIENTED_EDGE('',*,*,#10446,.F.);
#10446 = EDGE_CURVE('',#10447,#10416,#10449,.T.);
#10447 = VERTEX_POINT('',#10448);
#10448 = CARTESIAN_POINT('',(-0.15748105803,-4.101336935042E-02,0.1));
#10449 = LINE('',#10450,#10451);
#10450 = CARTESIAN_POINT('',(-0.162570199276,-4.101336935042E-02,0.1));
#10451 = VECTOR('',#10452,1.);
#10452 = DIRECTION('',(-1.,0.,0.));
#10453 = ORIENTED_EDGE('',*,*,#10454,.F.);
#10454 = EDGE_CURVE('',#10438,#10447,#10455,.T.);
#10455 = LINE('',#10456,#10457);
#10456 = CARTESIAN_POINT('',(-0.15748105803,-4.101336935042E-02,0.));
#10457 = VECTOR('',#10458,1.);
#10458 = DIRECTION('',(0.,0.,1.));
#10459 = PLANE('',#10460);
#10460 = AXIS2_PLACEMENT_3D('',#10461,#10462,#10463);
#10461 = CARTESIAN_POINT('',(-0.15748105803,-4.101336935042E-02,0.));
#10462 = DIRECTION('',(0.,1.,0.));
#10463 = DIRECTION('',(-1.,0.,0.));
#10464 = ADVANCED_FACE('',(#10465),#10490,.T.);
#10465 = FACE_BOUND('',#10466,.T.);
#10466 = EDGE_LOOP('',(#10467,#10475,#10476,#10484));
#10467 = ORIENTED_EDGE('',*,*,#10468,.F.);
#10468 = EDGE_CURVE('',#10438,#10469,#10471,.T.);
#10469 = VERTEX_POINT('',#10470);
#10470 = CARTESIAN_POINT('',(-0.15748105803,-4.509764831265E-02,0.));
#10471 = LINE('',#10472,#10473);
#10472 = CARTESIAN_POINT('',(-0.15748105803,-4.101336935042E-02,0.));
#10473 = VECTOR('',#10474,1.);
#10474 = DIRECTION('',(0.,-1.,0.));
#10475 = ORIENTED_EDGE('',*,*,#10454,.T.);
#10476 = ORIENTED_EDGE('',*,*,#10477,.F.);
#10477 = EDGE_CURVE('',#10478,#10447,#10480,.T.);
#10478 = VERTEX_POINT('',#10479);
#10479 = CARTESIAN_POINT('',(-0.15748105803,-4.509764831265E-02,0.1));
#10480 = LINE('',#10481,#10482);
#10481 = CARTESIAN_POINT('',(-0.15748105803,-4.101336935042E-02,0.1));
#10482 = VECTOR('',#10483,1.);
#10483 = DIRECTION('',(0.,1.,0.));
#10484 = ORIENTED_EDGE('',*,*,#10485,.F.);
#10485 = EDGE_CURVE('',#10469,#10478,#10486,.T.);
#10486 = LINE('',#10487,#10488);
#10487 = CARTESIAN_POINT('',(-0.15748105803,-4.509764831265E-02,0.));
#10488 = VECTOR('',#10489,1.);
#10489 = DIRECTION('',(0.,0.,1.));
#10490 = PLANE('',#10491);
#10491 = AXIS2_PLACEMENT_3D('',#10492,#10493,#10494);
#10492 = CARTESIAN_POINT('',(-0.15748105803,-4.509764831265E-02,0.));
#10493 = DIRECTION('',(1.,0.,0.));
#10494 = DIRECTION('',(-0.,1.,0.));
#10495 = ADVANCED_FACE('',(#10496),#10512,.T.);
#10496 = FACE_BOUND('',#10497,.T.);
#10497 = EDGE_LOOP('',(#10498,#10504,#10505,#10511));
#10498 = ORIENTED_EDGE('',*,*,#10499,.F.);
#10499 = EDGE_CURVE('',#10469,#10150,#10500,.T.);
#10500 = LINE('',#10501,#10502);
#10501 = CARTESIAN_POINT('',(-0.15748105803,-4.509764831265E-02,0.));
#10502 = VECTOR('',#10503,1.);
#10503 = DIRECTION('',(-1.,0.,0.));
#10504 = ORIENTED_EDGE('',*,*,#10485,.T.);
#10505 = ORIENTED_EDGE('',*,*,#10506,.F.);
#10506 = EDGE_CURVE('',#10160,#10478,#10507,.T.);
#10507 = LINE('',#10508,#10509);
#10508 = CARTESIAN_POINT('',(-0.15748105803,-4.509764831265E-02,0.1));
#10509 = VECTOR('',#10510,1.);
#10510 = DIRECTION('',(1.,0.,0.));
#10511 = ORIENTED_EDGE('',*,*,#10159,.F.);
#10512 = PLANE('',#10513);
#10513 = AXIS2_PLACEMENT_3D('',#10514,#10515,#10516);
#10514 = CARTESIAN_POINT('',(-0.172975386156,-4.509764831265E-02,0.));
#10515 = DIRECTION('',(0.,-1.,0.));
#10516 = DIRECTION('',(1.,0.,0.));
#10517 = ADVANCED_FACE('',(#10518),#10532,.F.);
#10518 = FACE_BOUND('',#10519,.T.);
#10519 = EDGE_LOOP('',(#10520,#10521,#10522,#10523,#10524,#10525,#10526,
    #10527,#10528,#10529,#10530,#10531));
#10520 = ORIENTED_EDGE('',*,*,#10499,.T.);
#10521 = ORIENTED_EDGE('',*,*,#10149,.T.);
#10522 = ORIENTED_EDGE('',*,*,#10189,.T.);
#10523 = ORIENTED_EDGE('',*,*,#10220,.T.);
#10524 = ORIENTED_EDGE('',*,*,#10251,.T.);
#10525 = ORIENTED_EDGE('',*,*,#10282,.T.);
#10526 = ORIENTED_EDGE('',*,*,#10313,.T.);
#10527 = ORIENTED_EDGE('',*,*,#10344,.T.);
#10528 = ORIENTED_EDGE('',*,*,#10375,.T.);
#10529 = ORIENTED_EDGE('',*,*,#10406,.T.);
#10530 = ORIENTED_EDGE('',*,*,#10437,.T.);
#10531 = ORIENTED_EDGE('',*,*,#10468,.T.);
#10532 = PLANE('',#10533);
#10533 = AXIS2_PLACEMENT_3D('',#10534,#10535,#10536);
#10534 = CARTESIAN_POINT('',(-0.165228222093,-2.50976473627E-02,0.));
#10535 = DIRECTION('',(0.,0.,1.));
#10536 = DIRECTION('',(1.,0.,-0.));
#10537 = ADVANCED_FACE('',(#10538),#10552,.T.);
#10538 = FACE_BOUND('',#10539,.T.);
#10539 = EDGE_LOOP('',(#10540,#10541,#10542,#10543,#10544,#10545,#10546,
    #10547,#10548,#10549,#10550,#10551));
#10540 = ORIENTED_EDGE('',*,*,#10506,.T.);
#10541 = ORIENTED_EDGE('',*,*,#10477,.T.);
#10542 = ORIENTED_EDGE('',*,*,#10446,.T.);
#10543 = ORIENTED_EDGE('',*,*,#10415,.T.);
#10544 = ORIENTED_EDGE('',*,*,#10384,.T.);
#10545 = ORIENTED_EDGE('',*,*,#10353,.T.);
#10546 = ORIENTED_EDGE('',*,*,#10322,.T.);
#10547 = ORIENTED_EDGE('',*,*,#10291,.T.);
#10548 = ORIENTED_EDGE('',*,*,#10260,.T.);
#10549 = ORIENTED_EDGE('',*,*,#10229,.T.);
#10550 = ORIENTED_EDGE('',*,*,#10198,.T.);
#10551 = ORIENTED_EDGE('',*,*,#10167,.T.);
#10552 = PLANE('',#10553);
#10553 = AXIS2_PLACEMENT_3D('',#10554,#10555,#10556);
#10554 = CARTESIAN_POINT('',(-0.165228222093,-2.50976473627E-02,0.1));
#10555 = DIRECTION('',(0.,0.,1.));
#10556 = DIRECTION('',(1.,0.,-0.));
#10557 = MANIFOLD_SOLID_BREP('',#10558);
#10558 = CLOSED_SHELL('',(#10559,#10599,#10630,#10661,#10692,#10723,
    #10754,#10776,#10791));
#10559 = ADVANCED_FACE('',(#10560),#10594,.T.);
#10560 = FACE_BOUND('',#10561,.T.);
#10561 = EDGE_LOOP('',(#10562,#10572,#10580,#10588));
#10562 = ORIENTED_EDGE('',*,*,#10563,.F.);
#10563 = EDGE_CURVE('',#10564,#10566,#10568,.T.);
#10564 = VERTEX_POINT('',#10565);
#10565 = CARTESIAN_POINT('',(-0.189020767793,-4.509764831265E-02,0.));
#10566 = VERTEX_POINT('',#10567);
#10567 = CARTESIAN_POINT('',(-0.194758207288,-4.509764831265E-02,0.));
#10568 = LINE('',#10569,#10570);
#10569 = CARTESIAN_POINT('',(-0.189020767793,-4.509764831265E-02,0.));
#10570 = VECTOR('',#10571,1.);
#10571 = DIRECTION('',(-1.,0.,0.));
#10572 = ORIENTED_EDGE('',*,*,#10573,.T.);
#10573 = EDGE_CURVE('',#10564,#10574,#10576,.T.);
#10574 = VERTEX_POINT('',#10575);
#10575 = CARTESIAN_POINT('',(-0.189020767793,-4.509764831265E-02,0.1));
#10576 = LINE('',#10577,#10578);
#10577 = CARTESIAN_POINT('',(-0.189020767793,-4.509764831265E-02,0.));
#10578 = VECTOR('',#10579,1.);
#10579 = DIRECTION('',(0.,0.,1.));
#10580 = ORIENTED_EDGE('',*,*,#10581,.F.);
#10581 = EDGE_CURVE('',#10582,#10574,#10584,.T.);
#10582 = VERTEX_POINT('',#10583);
#10583 = CARTESIAN_POINT('',(-0.194758207288,-4.509764831265E-02,0.1));
#10584 = LINE('',#10585,#10586);
#10585 = CARTESIAN_POINT('',(-0.189020767793,-4.509764831265E-02,0.1));
#10586 = VECTOR('',#10587,1.);
#10587 = DIRECTION('',(1.,0.,0.));
#10588 = ORIENTED_EDGE('',*,*,#10589,.F.);
#10589 = EDGE_CURVE('',#10566,#10582,#10590,.T.);
#10590 = LINE('',#10591,#10592);
#10591 = CARTESIAN_POINT('',(-0.194758207288,-4.509764831265E-02,0.));
#10592 = VECTOR('',#10593,1.);
#10593 = DIRECTION('',(0.,0.,1.));
#10594 = PLANE('',#10595);
#10595 = AXIS2_PLACEMENT_3D('',#10596,#10597,#10598);
#10596 = CARTESIAN_POINT('',(-0.194758207288,-4.509764831265E-02,0.));
#10597 = DIRECTION('',(0.,-1.,0.));
#10598 = DIRECTION('',(1.,0.,0.));
#10599 = ADVANCED_FACE('',(#10600),#10625,.T.);
#10600 = FACE_BOUND('',#10601,.T.);
#10601 = EDGE_LOOP('',(#10602,#10610,#10611,#10619));
#10602 = ORIENTED_EDGE('',*,*,#10603,.F.);
#10603 = EDGE_CURVE('',#10566,#10604,#10606,.T.);
#10604 = VERTEX_POINT('',#10605);
#10605 = CARTESIAN_POINT('',(-0.208534545057,-5.09764641275E-03,0.));
#10606 = LINE('',#10607,#10608);
#10607 = CARTESIAN_POINT('',(-0.194758207288,-4.509764831265E-02,0.));
#10608 = VECTOR('',#10609,1.);
#10609 = DIRECTION('',(-0.325636464373,0.945495051849,0.));
#10610 = ORIENTED_EDGE('',*,*,#10589,.T.);
#10611 = ORIENTED_EDGE('',*,*,#10612,.F.);
#10612 = EDGE_CURVE('',#10613,#10582,#10615,.T.);
#10613 = VERTEX_POINT('',#10614);
#10614 = CARTESIAN_POINT('',(-0.208534545057,-5.09764641275E-03,0.1));
#10615 = LINE('',#10616,#10617);
#10616 = CARTESIAN_POINT('',(-0.194758207288,-4.509764831265E-02,0.1));
#10617 = VECTOR('',#10618,1.);
#10618 = DIRECTION('',(0.325636464373,-0.945495051849,0.));
#10619 = ORIENTED_EDGE('',*,*,#10620,.F.);
#10620 = EDGE_CURVE('',#10604,#10613,#10621,.T.);
#10621 = LINE('',#10622,#10623);
#10622 = CARTESIAN_POINT('',(-0.208534545057,-5.09764641275E-03,0.));
#10623 = VECTOR('',#10624,1.);
#10624 = DIRECTION('',(0.,0.,1.));
#10625 = PLANE('',#10626);
#10626 = AXIS2_PLACEMENT_3D('',#10627,#10628,#10629);
#10627 = CARTESIAN_POINT('',(-0.208534545057,-5.09764641275E-03,0.));
#10628 = DIRECTION('',(-0.945495051849,-0.325636464373,0.));
#10629 = DIRECTION('',(0.325636464373,-0.945495051849,0.));
#10630 = ADVANCED_FACE('',(#10631),#10656,.T.);
#10631 = FACE_BOUND('',#10632,.T.);
#10632 = EDGE_LOOP('',(#10633,#10641,#10642,#10650));
#10633 = ORIENTED_EDGE('',*,*,#10634,.F.);
#10634 = EDGE_CURVE('',#10604,#10635,#10637,.T.);
#10635 = VERTEX_POINT('',#10636);
#10636 = CARTESIAN_POINT('',(-0.202829520475,-5.09764641275E-03,0.));
#10637 = LINE('',#10638,#10639);
#10638 = CARTESIAN_POINT('',(-0.208534545057,-5.09764641275E-03,0.));
#10639 = VECTOR('',#10640,1.);
#10640 = DIRECTION('',(1.,0.,0.));
#10641 = ORIENTED_EDGE('',*,*,#10620,.T.);
#10642 = ORIENTED_EDGE('',*,*,#10643,.F.);
#10643 = EDGE_CURVE('',#10644,#10613,#10646,.T.);
#10644 = VERTEX_POINT('',#10645);
#10645 = CARTESIAN_POINT('',(-0.202829520475,-5.09764641275E-03,0.1));
#10646 = LINE('',#10647,#10648);
#10647 = CARTESIAN_POINT('',(-0.208534545057,-5.09764641275E-03,0.1));
#10648 = VECTOR('',#10649,1.);
#10649 = DIRECTION('',(-1.,0.,0.));
#10650 = ORIENTED_EDGE('',*,*,#10651,.F.);
#10651 = EDGE_CURVE('',#10635,#10644,#10652,.T.);
#10652 = LINE('',#10653,#10654);
#10653 = CARTESIAN_POINT('',(-0.202829520475,-5.09764641275E-03,0.));
#10654 = VECTOR('',#10655,1.);
#10655 = DIRECTION('',(0.,0.,1.));
#10656 = PLANE('',#10657);
#10657 = AXIS2_PLACEMENT_3D('',#10658,#10659,#10660);
#10658 = CARTESIAN_POINT('',(-0.202829520475,-5.09764641275E-03,0.));
#10659 = DIRECTION('',(0.,1.,0.));
#10660 = DIRECTION('',(-1.,0.,0.));
#10661 = ADVANCED_FACE('',(#10662),#10687,.T.);
#10662 = FACE_BOUND('',#10663,.T.);
#10663 = EDGE_LOOP('',(#10664,#10672,#10673,#10681));
#10664 = ORIENTED_EDGE('',*,*,#10665,.F.);
#10665 = EDGE_CURVE('',#10635,#10666,#10668,.T.);
#10666 = VERTEX_POINT('',#10667);
#10667 = CARTESIAN_POINT('',(-0.191743620435,-3.832293162134E-02,0.));
#10668 = LINE('',#10669,#10670);
#10669 = CARTESIAN_POINT('',(-0.202829520475,-5.09764641275E-03,0.));
#10670 = VECTOR('',#10671,1.);
#10671 = DIRECTION('',(0.316505388781,-0.948590711989,0.));
#10672 = ORIENTED_EDGE('',*,*,#10651,.T.);
#10673 = ORIENTED_EDGE('',*,*,#10674,.F.);
#10674 = EDGE_CURVE('',#10675,#10644,#10677,.T.);
#10675 = VERTEX_POINT('',#10676);
#10676 = CARTESIAN_POINT('',(-0.191743620435,-3.832293162134E-02,0.1));
#10677 = LINE('',#10678,#10679);
#10678 = CARTESIAN_POINT('',(-0.202829520475,-5.09764641275E-03,0.1));
#10679 = VECTOR('',#10680,1.);
#10680 = DIRECTION('',(-0.316505388781,0.948590711989,0.));
#10681 = ORIENTED_EDGE('',*,*,#10682,.F.);
#10682 = EDGE_CURVE('',#10666,#10675,#10683,.T.);
#10683 = LINE('',#10684,#10685);
#10684 = CARTESIAN_POINT('',(-0.191743620435,-3.832293162134E-02,0.));
#10685 = VECTOR('',#10686,1.);
#10686 = DIRECTION('',(0.,0.,1.));
#10687 = PLANE('',#10688);
#10688 = AXIS2_PLACEMENT_3D('',#10689,#10690,#10691);
#10689 = CARTESIAN_POINT('',(-0.191743620435,-3.832293162134E-02,0.));
#10690 = DIRECTION('',(0.948590711989,0.316505388781,0.));
#10691 = DIRECTION('',(-0.316505388781,0.948590711989,0.));
#10692 = ADVANCED_FACE('',(#10693),#10718,.T.);
#10693 = FACE_BOUND('',#10694,.T.);
#10694 = EDGE_LOOP('',(#10695,#10703,#10704,#10712));
#10695 = ORIENTED_EDGE('',*,*,#10696,.F.);
#10696 = EDGE_CURVE('',#10666,#10697,#10699,.T.);
#10697 = VERTEX_POINT('',#10698);
#10698 = CARTESIAN_POINT('',(-0.180657720395,-5.09764641275E-03,0.));
#10699 = LINE('',#10700,#10701);
#10700 = CARTESIAN_POINT('',(-0.191743620435,-3.832293162134E-02,0.));
#10701 = VECTOR('',#10702,1.);
#10702 = DIRECTION('',(0.316505388781,0.948590711989,0.));
#10703 = ORIENTED_EDGE('',*,*,#10682,.T.);
#10704 = ORIENTED_EDGE('',*,*,#10705,.F.);
#10705 = EDGE_CURVE('',#10706,#10675,#10708,.T.);
#10706 = VERTEX_POINT('',#10707);
#10707 = CARTESIAN_POINT('',(-0.180657720395,-5.09764641275E-03,0.1));
#10708 = LINE('',#10709,#10710);
#10709 = CARTESIAN_POINT('',(-0.191743620435,-3.832293162134E-02,0.1));
#10710 = VECTOR('',#10711,1.);
#10711 = DIRECTION('',(-0.316505388781,-0.948590711989,0.));
#10712 = ORIENTED_EDGE('',*,*,#10713,.F.);
#10713 = EDGE_CURVE('',#10697,#10706,#10714,.T.);
#10714 = LINE('',#10715,#10716);
#10715 = CARTESIAN_POINT('',(-0.180657720395,-5.09764641275E-03,0.));
#10716 = VECTOR('',#10717,1.);
#10717 = DIRECTION('',(0.,0.,1.));
#10718 = PLANE('',#10719);
#10719 = AXIS2_PLACEMENT_3D('',#10720,#10721,#10722);
#10720 = CARTESIAN_POINT('',(-0.180657720395,-5.09764641275E-03,0.));
#10721 = DIRECTION('',(-0.948590711989,0.316505388781,0.));
#10722 = DIRECTION('',(-0.316505388781,-0.948590711989,0.));
#10723 = ADVANCED_FACE('',(#10724),#10749,.T.);
#10724 = FACE_BOUND('',#10725,.T.);
#10725 = EDGE_LOOP('',(#10726,#10734,#10735,#10743));
#10726 = ORIENTED_EDGE('',*,*,#10727,.F.);
#10727 = EDGE_CURVE('',#10697,#10728,#10730,.T.);
#10728 = VERTEX_POINT('',#10729);
#10729 = CARTESIAN_POINT('',(-0.175244430024,-5.09764641275E-03,0.));
#10730 = LINE('',#10731,#10732);
#10731 = CARTESIAN_POINT('',(-0.180657720395,-5.09764641275E-03,0.));
#10732 = VECTOR('',#10733,1.);
#10733 = DIRECTION('',(1.,0.,0.));
#10734 = ORIENTED_EDGE('',*,*,#10713,.T.);
#10735 = ORIENTED_EDGE('',*,*,#10736,.F.);
#10736 = EDGE_CURVE('',#10737,#10706,#10739,.T.);
#10737 = VERTEX_POINT('',#10738);
#10738 = CARTESIAN_POINT('',(-0.175244430024,-5.09764641275E-03,0.1));
#10739 = LINE('',#10740,#10741);
#10740 = CARTESIAN_POINT('',(-0.180657720395,-5.09764641275E-03,0.1));
#10741 = VECTOR('',#10742,1.);
#10742 = DIRECTION('',(-1.,0.,0.));
#10743 = ORIENTED_EDGE('',*,*,#10744,.F.);
#10744 = EDGE_CURVE('',#10728,#10737,#10745,.T.);
#10745 = LINE('',#10746,#10747);
#10746 = CARTESIAN_POINT('',(-0.175244430024,-5.09764641275E-03,0.));
#10747 = VECTOR('',#10748,1.);
#10748 = DIRECTION('',(0.,0.,1.));
#10749 = PLANE('',#10750);
#10750 = AXIS2_PLACEMENT_3D('',#10751,#10752,#10753);
#10751 = CARTESIAN_POINT('',(-0.175244430024,-5.09764641275E-03,0.));
#10752 = DIRECTION('',(0.,1.,0.));
#10753 = DIRECTION('',(-1.,0.,0.));
#10754 = ADVANCED_FACE('',(#10755),#10771,.T.);
#10755 = FACE_BOUND('',#10756,.T.);
#10756 = EDGE_LOOP('',(#10757,#10763,#10764,#10770));
#10757 = ORIENTED_EDGE('',*,*,#10758,.F.);
#10758 = EDGE_CURVE('',#10728,#10564,#10759,.T.);
#10759 = LINE('',#10760,#10761);
#10760 = CARTESIAN_POINT('',(-0.175244430024,-5.09764641275E-03,0.));
#10761 = VECTOR('',#10762,1.);
#10762 = DIRECTION('',(-0.325636464373,-0.945495051849,0.));
#10763 = ORIENTED_EDGE('',*,*,#10744,.T.);
#10764 = ORIENTED_EDGE('',*,*,#10765,.F.);
#10765 = EDGE_CURVE('',#10574,#10737,#10766,.T.);
#10766 = LINE('',#10767,#10768);
#10767 = CARTESIAN_POINT('',(-0.175244430024,-5.09764641275E-03,0.1));
#10768 = VECTOR('',#10769,1.);
#10769 = DIRECTION('',(0.325636464373,0.945495051849,0.));
#10770 = ORIENTED_EDGE('',*,*,#10573,.F.);
#10771 = PLANE('',#10772);
#10772 = AXIS2_PLACEMENT_3D('',#10773,#10774,#10775);
#10773 = CARTESIAN_POINT('',(-0.189020767793,-4.509764831265E-02,0.));
#10774 = DIRECTION('',(0.945495051849,-0.325636464373,0.));
#10775 = DIRECTION('',(0.325636464373,0.945495051849,0.));
#10776 = ADVANCED_FACE('',(#10777),#10786,.F.);
#10777 = FACE_BOUND('',#10778,.T.);
#10778 = EDGE_LOOP('',(#10779,#10780,#10781,#10782,#10783,#10784,#10785)
  );
#10779 = ORIENTED_EDGE('',*,*,#10758,.T.);
#10780 = ORIENTED_EDGE('',*,*,#10563,.T.);
#10781 = ORIENTED_EDGE('',*,*,#10603,.T.);
#10782 = ORIENTED_EDGE('',*,*,#10634,.T.);
#10783 = ORIENTED_EDGE('',*,*,#10665,.T.);
#10784 = ORIENTED_EDGE('',*,*,#10696,.T.);
#10785 = ORIENTED_EDGE('',*,*,#10727,.T.);
#10786 = PLANE('',#10787);
#10787 = AXIS2_PLACEMENT_3D('',#10788,#10789,#10790);
#10788 = CARTESIAN_POINT('',(-0.191848768359,-2.308674743105E-02,0.));
#10789 = DIRECTION('',(0.,0.,1.));
#10790 = DIRECTION('',(1.,0.,-0.));
#10791 = ADVANCED_FACE('',(#10792),#10801,.T.);
#10792 = FACE_BOUND('',#10793,.T.);
#10793 = EDGE_LOOP('',(#10794,#10795,#10796,#10797,#10798,#10799,#10800)
  );
#10794 = ORIENTED_EDGE('',*,*,#10765,.T.);
#10795 = ORIENTED_EDGE('',*,*,#10736,.T.);
#10796 = ORIENTED_EDGE('',*,*,#10705,.T.);
#10797 = ORIENTED_EDGE('',*,*,#10674,.T.);
#10798 = ORIENTED_EDGE('',*,*,#10643,.T.);
#10799 = ORIENTED_EDGE('',*,*,#10612,.T.);
#10800 = ORIENTED_EDGE('',*,*,#10581,.T.);
#10801 = PLANE('',#10802);
#10802 = AXIS2_PLACEMENT_3D('',#10803,#10804,#10805);
#10803 = CARTESIAN_POINT('',(-0.191848768359,-2.308674743105E-02,0.1));
#10804 = DIRECTION('',(0.,0.,1.));
#10805 = DIRECTION('',(1.,0.,-0.));
#10806 = MANIFOLD_SOLID_BREP('',#10807);
#10807 = CLOSED_SHELL('',(#10808,#10848,#10885,#10922,#10959,#10996,
    #11033,#11070,#11107,#11144,#11175,#11212,#11249,#11286,#11323,
    #11360,#11397,#11434,#11462,#11488));
#10808 = ADVANCED_FACE('',(#10809),#10843,.T.);
#10809 = FACE_BOUND('',#10810,.T.);
#10810 = EDGE_LOOP('',(#10811,#10821,#10829,#10837));
#10811 = ORIENTED_EDGE('',*,*,#10812,.F.);
#10812 = EDGE_CURVE('',#10813,#10815,#10817,.T.);
#10813 = VERTEX_POINT('',#10814);
#10814 = CARTESIAN_POINT('',(-0.152878140469,-4.269894479515E-02,0.));
#10815 = VERTEX_POINT('',#10816);
#10816 = CARTESIAN_POINT('',(-0.15248916152,-3.602147284103E-02,0.));
#10817 = LINE('',#10818,#10819);
#10818 = CARTESIAN_POINT('',(-0.152878140469,-4.269894479515E-02,0.));
#10819 = VECTOR('',#10820,1.);
#10820 = DIRECTION('',(0.,1.,0.));
#10821 = ORIENTED_EDGE('',*,*,#10822,.T.);
#10822 = EDGE_CURVE('',#10813,#10823,#10825,.T.);
#10823 = VERTEX_POINT('',#10824);
#10824 = CARTESIAN_POINT('',(-0.152878140469,-4.269894479515E-02,0.1));
#10825 = LINE('',#10826,#10827);
#10826 = CARTESIAN_POINT('',(-0.152878140469,-4.269894479515E-02,0.));
#10827 = VECTOR('',#10828,1.);
#10828 = DIRECTION('',(0.,0.,1.));
#10829 = ORIENTED_EDGE('',*,*,#10830,.F.);
#10830 = EDGE_CURVE('',#10831,#10823,#10833,.T.);
#10831 = VERTEX_POINT('',#10832);
#10832 = CARTESIAN_POINT('',(-0.15248916152,-3.602147284103E-02,0.1));
#10833 = LINE('',#10834,#10835);
#10834 = CARTESIAN_POINT('',(-0.152878140469,-4.269894479515E-02,0.1));
#10835 = VECTOR('',#10836,1.);
#10836 = DIRECTION('',(0.,-1.,0.));
#10837 = ORIENTED_EDGE('',*,*,#10838,.F.);
#10838 = EDGE_CURVE('',#10815,#10831,#10839,.T.);
#10839 = LINE('',#10840,#10841);
#10840 = CARTESIAN_POINT('',(-0.15248916152,-3.602147284103E-02,0.));
#10841 = VECTOR('',#10842,1.);
#10842 = DIRECTION('',(0.,0.,1.));
#10843 = PLANE('',#10844);
#10844 = AXIS2_PLACEMENT_3D('',#10845,#10846,#10847);
#10845 = CARTESIAN_POINT('',(-0.152878140469,-3.602147284103E-02,0.));
#10846 = DIRECTION('',(-1.,0.,0.));
#10847 = DIRECTION('',(0.,-1.,0.));
#10848 = ADVANCED_FACE('',(#10849),#10876,.T.);
#10849 = FACE_BOUND('',#10850,.T.);
#10850 = EDGE_LOOP('',(#10851,#10860,#10861,#10870));
#10851 = ORIENTED_EDGE('',*,*,#10852,.F.);
#10852 = EDGE_CURVE('',#10815,#10853,#10855,.T.);
#10853 = VERTEX_POINT('',#10854);
#10854 = CARTESIAN_POINT('',(-0.140139079896,-4.120785882481E-02,0.));
#10855 = B_SPLINE_CURVE_WITH_KNOTS('',2,(#10856,#10857,#10858,#10859),
  .UNSPECIFIED.,.F.,.F.,(3,1,3),(0.,1.,2.),.QUASI_UNIFORM_KNOTS.);
#10856 = CARTESIAN_POINT('',(-0.15248916152,-3.602147284103E-02,0.));
#10857 = CARTESIAN_POINT('',(-0.149863553616,-3.848500618333E-02,0.));
#10858 = CARTESIAN_POINT('',(-0.143218496574,-4.120785882481E-02,0.));
#10859 = CARTESIAN_POINT('',(-0.140139079896,-4.120785882481E-02,0.));
#10860 = ORIENTED_EDGE('',*,*,#10838,.T.);
#10861 = ORIENTED_EDGE('',*,*,#10862,.F.);
#10862 = EDGE_CURVE('',#10863,#10831,#10865,.T.);
#10863 = VERTEX_POINT('',#10864);
#10864 = CARTESIAN_POINT('',(-0.140139079896,-4.120785882481E-02,0.1));
#10865 = B_SPLINE_CURVE_WITH_KNOTS('',2,(#10866,#10867,#10868,#10869),
  .UNSPECIFIED.,.F.,.F.,(3,1,3),(-2.,-1.,0.),.QUASI_UNIFORM_KNOTS.);
#10866 = CARTESIAN_POINT('',(-0.140139079896,-4.120785882481E-02,0.1));
#10867 = CARTESIAN_POINT('',(-0.143218496574,-4.120785882481E-02,0.1));
#10868 = CARTESIAN_POINT('',(-0.149863553616,-3.848500618333E-02,0.1));
#10869 = CARTESIAN_POINT('',(-0.15248916152,-3.602147284103E-02,0.1));
#10870 = ORIENTED_EDGE('',*,*,#10871,.F.);
#10871 = EDGE_CURVE('',#10853,#10863,#10872,.T.);
#10872 = LINE('',#10873,#10874);
#10873 = CARTESIAN_POINT('',(-0.140139079896,-4.120785882481E-02,0.));
#10874 = VECTOR('',#10875,1.);
#10875 = DIRECTION('',(0.,0.,1.));
#10876 = B_SPLINE_SURFACE_WITH_KNOTS('',2,1,(
    (#10877,#10878)
    ,(#10879,#10880)
    ,(#10881,#10882)
    ,(#10883,#10884
    )),.UNSPECIFIED.,.F.,.F.,.F.,(3,1,3),(2,2),(-2.,-1.,0.),(0.,1.E-02),
  .UNSPECIFIED.);
#10877 = CARTESIAN_POINT('',(-0.140139079896,-4.120785882481E-02,0.));
#10878 = CARTESIAN_POINT('',(-0.140139079896,-4.120785882481E-02,0.1));
#10879 = CARTESIAN_POINT('',(-0.143218496574,-4.120785882481E-02,0.));
#10880 = CARTESIAN_POINT('',(-0.143218496574,-4.120785882481E-02,0.1));
#10881 = CARTESIAN_POINT('',(-0.149863553616,-3.848500618333E-02,0.));
#10882 = CARTESIAN_POINT('',(-0.149863553616,-3.848500618333E-02,0.1));
#10883 = CARTESIAN_POINT('',(-0.15248916152,-3.602147284103E-02,0.));
#10884 = CARTESIAN_POINT('',(-0.15248916152,-3.602147284103E-02,0.1));
#10885 = ADVANCED_FACE('',(#10886),#10913,.T.);
#10886 = FACE_BOUND('',#10887,.T.);
#10887 = EDGE_LOOP('',(#10888,#10897,#10898,#10907));
#10888 = ORIENTED_EDGE('',*,*,#10889,.F.);
#10889 = EDGE_CURVE('',#10853,#10890,#10892,.T.);
#10890 = VERTEX_POINT('',#10891);
#10891 = CARTESIAN_POINT('',(-0.131224978987,-3.45303868707E-02,0.));
#10892 = B_SPLINE_CURVE_WITH_KNOTS('',2,(#10893,#10894,#10895,#10896),
  .UNSPECIFIED.,.F.,.F.,(3,1,3),(0.,1.,2.),.QUASI_UNIFORM_KNOTS.);
#10893 = CARTESIAN_POINT('',(-0.140139079896,-4.120785882481E-02,0.));
#10894 = CARTESIAN_POINT('',(-0.13573065181,-4.120785882481E-02,0.));
#10895 = CARTESIAN_POINT('',(-0.131224978987,-3.754497372377E-02,0.));
#10896 = CARTESIAN_POINT('',(-0.131224978987,-3.45303868707E-02,0.));
#10897 = ORIENTED_EDGE('',*,*,#10871,.T.);
#10898 = ORIENTED_EDGE('',*,*,#10899,.F.);
#10899 = EDGE_CURVE('',#10900,#10863,#10902,.T.);
#10900 = VERTEX_POINT('',#10901);
#10901 = CARTESIAN_POINT('',(-0.131224978987,-3.45303868707E-02,0.1));
#10902 = B_SPLINE_CURVE_WITH_KNOTS('',2,(#10903,#10904,#10905,#10906),
  .UNSPECIFIED.,.F.,.F.,(3,1,3),(-2.,-1.,0.),.QUASI_UNIFORM_KNOTS.);
#10903 = CARTESIAN_POINT('',(-0.131224978987,-3.45303868707E-02,0.1));
#10904 = CARTESIAN_POINT('',(-0.131224978987,-3.754497372377E-02,0.1));
#10905 = CARTESIAN_POINT('',(-0.13573065181,-4.120785882481E-02,0.1));
#10906 = CARTESIAN_POINT('',(-0.140139079896,-4.120785882481E-02,0.1));
#10907 = ORIENTED_EDGE('',*,*,#10908,.F.);
#10908 = EDGE_CURVE('',#10890,#10900,#10909,.T.);
#10909 = LINE('',#10910,#10911);
#10910 = CARTESIAN_POINT('',(-0.131224978987,-3.45303868707E-02,0.));
#10911 = VECTOR('',#10912,1.);
#10912 = DIRECTION('',(0.,0.,1.));
#10913 = B_SPLINE_SURFACE_WITH_KNOTS('',2,1,(
    (#10914,#10915)
    ,(#10916,#10917)
    ,(#10918,#10919)
    ,(#10920,#10921
    )),.UNSPECIFIED.,.F.,.F.,.F.,(3,1,3),(2,2),(-2.,-1.,0.),(0.,1.E-02),
  .UNSPECIFIED.);
#10914 = CARTESIAN_POINT('',(-0.131224978987,-3.45303868707E-02,0.));
#10915 = CARTESIAN_POINT('',(-0.131224978987,-3.45303868707E-02,0.1));
#10916 = CARTESIAN_POINT('',(-0.131224978987,-3.754497372377E-02,0.));
#10917 = CARTESIAN_POINT('',(-0.131224978987,-3.754497372377E-02,0.1));
#10918 = CARTESIAN_POINT('',(-0.13573065181,-4.120785882481E-02,0.));
#10919 = CARTESIAN_POINT('',(-0.13573065181,-4.120785882481E-02,0.1));
#10920 = CARTESIAN_POINT('',(-0.140139079896,-4.120785882481E-02,0.));
#10921 = CARTESIAN_POINT('',(-0.140139079896,-4.120785882481E-02,0.1));
#10922 = ADVANCED_FACE('',(#10923),#10950,.T.);
#10923 = FACE_BOUND('',#10924,.T.);
#10924 = EDGE_LOOP('',(#10925,#10934,#10935,#10944));
#10925 = ORIENTED_EDGE('',*,*,#10926,.F.);
#10926 = EDGE_CURVE('',#10890,#10927,#10929,.T.);
#10927 = VERTEX_POINT('',#10928);
#10928 = CARTESIAN_POINT('',(-0.136152045671,-2.840396842736E-02,0.));
#10929 = B_SPLINE_CURVE_WITH_KNOTS('',2,(#10930,#10931,#10932,#10933),
  .UNSPECIFIED.,.F.,.F.,(3,1,3),(0.,1.,2.),.QUASI_UNIFORM_KNOTS.);
#10930 = CARTESIAN_POINT('',(-0.131224978987,-3.45303868707E-02,0.));
#10931 = CARTESIAN_POINT('',(-0.131224978987,-3.21316833532E-02,0.));
#10932 = CARTESIAN_POINT('',(-0.133591267592,-2.914951141253E-02,0.));
#10933 = CARTESIAN_POINT('',(-0.136152045671,-2.840396842736E-02,0.));
#10934 = ORIENTED_EDGE('',*,*,#10908,.T.);
#10935 = ORIENTED_EDGE('',*,*,#10936,.F.);
#10936 = EDGE_CURVE('',#10937,#10900,#10939,.T.);
#10937 = VERTEX_POINT('',#10938);
#10938 = CARTESIAN_POINT('',(-0.136152045671,-2.840396842736E-02,0.1));
#10939 = B_SPLINE_CURVE_WITH_KNOTS('',2,(#10940,#10941,#10942,#10943),
  .UNSPECIFIED.,.F.,.F.,(3,1,3),(-2.,-1.,0.),.QUASI_UNIFORM_KNOTS.);
#10940 = CARTESIAN_POINT('',(-0.136152045671,-2.840396842736E-02,0.1));
#10941 = CARTESIAN_POINT('',(-0.133591267592,-2.914951141253E-02,0.1));
#10942 = CARTESIAN_POINT('',(-0.131224978987,-3.21316833532E-02,0.1));
#10943 = CARTESIAN_POINT('',(-0.131224978987,-3.45303868707E-02,0.1));
#10944 = ORIENTED_EDGE('',*,*,#10945,.F.);
#10945 = EDGE_CURVE('',#10927,#10937,#10946,.T.);
#10946 = LINE('',#10947,#10948);
#10947 = CARTESIAN_POINT('',(-0.136152045671,-2.840396842736E-02,0.));
#10948 = VECTOR('',#10949,1.);
#10949 = DIRECTION('',(0.,0.,1.));
#10950 = B_SPLINE_SURFACE_WITH_KNOTS('',2,1,(
    (#10951,#10952)
    ,(#10953,#10954)
    ,(#10955,#10956)
    ,(#10957,#10958
    )),.UNSPECIFIED.,.F.,.F.,.F.,(3,1,3),(2,2),(-2.,-1.,0.),(0.,1.E-02),
  .UNSPECIFIED.);
#10951 = CARTESIAN_POINT('',(-0.136152045671,-2.840396842736E-02,0.));
#10952 = CARTESIAN_POINT('',(-0.136152045671,-2.840396842736E-02,0.1));
#10953 = CARTESIAN_POINT('',(-0.133591267592,-2.914951141253E-02,0.));
#10954 = CARTESIAN_POINT('',(-0.133591267592,-2.914951141253E-02,0.1));
#10955 = CARTESIAN_POINT('',(-0.131224978987,-3.21316833532E-02,0.));
#10956 = CARTESIAN_POINT('',(-0.131224978987,-3.21316833532E-02,0.1));
#10957 = CARTESIAN_POINT('',(-0.131224978987,-3.45303868707E-02,0.));
#10958 = CARTESIAN_POINT('',(-0.131224978987,-3.45303868707E-02,0.1));
#10959 = ADVANCED_FACE('',(#10960),#10987,.T.);
#10960 = FACE_BOUND('',#10961,.T.);
#10961 = EDGE_LOOP('',(#10962,#10971,#10972,#10981));
#10962 = ORIENTED_EDGE('',*,*,#10963,.F.);
#10963 = EDGE_CURVE('',#10927,#10964,#10966,.T.);
#10964 = VERTEX_POINT('',#10965);
#10965 = CARTESIAN_POINT('',(-0.143380571136,-2.658873333304E-02,0.));
#10966 = B_SPLINE_CURVE_WITH_KNOTS('',2,(#10967,#10968,#10969,#10970),
  .UNSPECIFIED.,.F.,.F.,(3,1,3),(0.,1.,2.),.QUASI_UNIFORM_KNOTS.);
#10967 = CARTESIAN_POINT('',(-0.136152045671,-2.840396842736E-02,0.));
#10968 = CARTESIAN_POINT('',(-0.137999695678,-2.788532982898E-02,0.));
#10969 = CARTESIAN_POINT('',(-0.141079112356,-2.717220175621E-02,0.));
#10970 = CARTESIAN_POINT('',(-0.143380571136,-2.658873333304E-02,0.));
#10971 = ORIENTED_EDGE('',*,*,#10945,.T.);
#10972 = ORIENTED_EDGE('',*,*,#10973,.F.);
#10973 = EDGE_CURVE('',#10974,#10937,#10976,.T.);
#10974 = VERTEX_POINT('',#10975);
#10975 = CARTESIAN_POINT('',(-0.143380571136,-2.658873333304E-02,0.1));
#10976 = B_SPLINE_CURVE_WITH_KNOTS('',2,(#10977,#10978,#10979,#10980),
  .UNSPECIFIED.,.F.,.F.,(3,1,3),(-2.,-1.,0.),.QUASI_UNIFORM_KNOTS.);
#10977 = CARTESIAN_POINT('',(-0.143380571136,-2.658873333304E-02,0.1));
#10978 = CARTESIAN_POINT('',(-0.141079112356,-2.717220175621E-02,0.1));
#10979 = CARTESIAN_POINT('',(-0.137999695678,-2.788532982898E-02,0.1));
#10980 = CARTESIAN_POINT('',(-0.136152045671,-2.840396842736E-02,0.1));
#10981 = ORIENTED_EDGE('',*,*,#10982,.F.);
#10982 = EDGE_CURVE('',#10964,#10974,#10983,.T.);
#10983 = LINE('',#10984,#10985);
#10984 = CARTESIAN_POINT('',(-0.143380571136,-2.658873333304E-02,0.));
#10985 = VECTOR('',#10986,1.);
#10986 = DIRECTION('',(0.,0.,1.));
#10987 = B_SPLINE_SURFACE_WITH_KNOTS('',2,1,(
    (#10988,#10989)
    ,(#10990,#10991)
    ,(#10992,#10993)
    ,(#10994,#10995
    )),.UNSPECIFIED.,.F.,.F.,.F.,(3,1,3),(2,2),(-2.,-1.,0.),(0.,1.E-02),
  .UNSPECIFIED.);
#10988 = CARTESIAN_POINT('',(-0.143380571136,-2.658873333304E-02,0.));
#10989 = CARTESIAN_POINT('',(-0.143380571136,-2.658873333304E-02,0.1));
#10990 = CARTESIAN_POINT('',(-0.141079112356,-2.717220175621E-02,0.));
#10991 = CARTESIAN_POINT('',(-0.141079112356,-2.717220175621E-02,0.1));
#10992 = CARTESIAN_POINT('',(-0.137999695678,-2.788532982898E-02,0.));
#10993 = CARTESIAN_POINT('',(-0.137999695678,-2.788532982898E-02,0.1));
#10994 = CARTESIAN_POINT('',(-0.136152045671,-2.840396842736E-02,0.));
#10995 = CARTESIAN_POINT('',(-0.136152045671,-2.840396842736E-02,0.1));
#10996 = ADVANCED_FACE('',(#10997),#11024,.T.);
#10997 = FACE_BOUND('',#10998,.T.);
#10998 = EDGE_LOOP('',(#10999,#11008,#11009,#11018));
#10999 = ORIENTED_EDGE('',*,*,#11000,.F.);
#11000 = EDGE_CURVE('',#10964,#11001,#11003,.T.);
#11001 = VERTEX_POINT('',#11002);
#11002 = CARTESIAN_POINT('',(-0.149993213265,-2.305550788159E-02,0.));
#11003 = B_SPLINE_CURVE_WITH_KNOTS('',2,(#11004,#11005,#11006,#11007),
  .UNSPECIFIED.,.F.,.F.,(3,1,3),(0.,1.,2.),.QUASI_UNIFORM_KNOTS.);
#11004 = CARTESIAN_POINT('',(-0.143380571136,-2.658873333304E-02,0.));
#11005 = CARTESIAN_POINT('',(-0.14545512553,-2.603767982226E-02,0.));
#11006 = CARTESIAN_POINT('',(-0.148729031682,-2.438451928993E-02,0.));
#11007 = CARTESIAN_POINT('',(-0.149993213265,-2.305550788159E-02,0.));
#11008 = ORIENTED_EDGE('',*,*,#10982,.T.);
#11009 = ORIENTED_EDGE('',*,*,#11010,.F.);
#11010 = EDGE_CURVE('',#11011,#10974,#11013,.T.);
#11011 = VERTEX_POINT('',#11012);
#11012 = CARTESIAN_POINT('',(-0.149993213265,-2.305550788159E-02,0.1));
#11013 = B_SPLINE_CURVE_WITH_KNOTS('',2,(#11014,#11015,#11016,#11017),
  .UNSPECIFIED.,.F.,.F.,(3,1,3),(-2.,-1.,0.),.QUASI_UNIFORM_KNOTS.);
#11014 = CARTESIAN_POINT('',(-0.149993213265,-2.305550788159E-02,0.1));
#11015 = CARTESIAN_POINT('',(-0.148729031682,-2.438451928993E-02,0.1));
#11016 = CARTESIAN_POINT('',(-0.14545512553,-2.603767982226E-02,0.1));
#11017 = CARTESIAN_POINT('',(-0.143380571136,-2.658873333304E-02,0.1));
#11018 = ORIENTED_EDGE('',*,*,#11019,.F.);
#11019 = EDGE_CURVE('',#11001,#11011,#11020,.T.);
#11020 = LINE('',#11021,#11022);
#11021 = CARTESIAN_POINT('',(-0.149993213265,-2.305550788159E-02,0.));
#11022 = VECTOR('',#11023,1.);
#11023 = DIRECTION('',(0.,0.,1.));
#11024 = B_SPLINE_SURFACE_WITH_KNOTS('',2,1,(
    (#11025,#11026)
    ,(#11027,#11028)
    ,(#11029,#11030)
    ,(#11031,#11032
    )),.UNSPECIFIED.,.F.,.F.,.F.,(3,1,3),(2,2),(-2.,-1.,0.),(0.,1.E-02),
  .UNSPECIFIED.);
#11025 = CARTESIAN_POINT('',(-0.149993213265,-2.305550788159E-02,0.));
#11026 = CARTESIAN_POINT('',(-0.149993213265,-2.305550788159E-02,0.1));
#11027 = CARTESIAN_POINT('',(-0.148729031682,-2.438451928993E-02,0.));
#11028 = CARTESIAN_POINT('',(-0.148729031682,-2.438451928993E-02,0.1));
#11029 = CARTESIAN_POINT('',(-0.14545512553,-2.603767982226E-02,0.));
#11030 = CARTESIAN_POINT('',(-0.14545512553,-2.603767982226E-02,0.1));
#11031 = CARTESIAN_POINT('',(-0.143380571136,-2.658873333304E-02,0.));
#11032 = CARTESIAN_POINT('',(-0.143380571136,-2.658873333304E-02,0.1));
#11033 = ADVANCED_FACE('',(#11034),#11061,.T.);
#11034 = FACE_BOUND('',#11035,.T.);
#11035 = EDGE_LOOP('',(#11036,#11045,#11046,#11055));
#11036 = ORIENTED_EDGE('',*,*,#11037,.F.);
#11037 = EDGE_CURVE('',#11001,#11038,#11040,.T.);
#11038 = VERTEX_POINT('',#11039);
#11039 = CARTESIAN_POINT('',(-0.152586406257,-1.582698241669E-02,0.));
#11040 = B_SPLINE_CURVE_WITH_KNOTS('',2,(#11041,#11042,#11043,#11044),
  .UNSPECIFIED.,.F.,.F.,(3,1,3),(0.,1.,2.),.QUASI_UNIFORM_KNOTS.);
#11041 = CARTESIAN_POINT('',(-0.149993213265,-2.305550788159E-02,0.));
#11042 = CARTESIAN_POINT('',(-0.151224979937,-2.172649647324E-02,0.));
#11043 = CARTESIAN_POINT('',(-0.152586406257,-1.816085610939E-02,0.));
#11044 = CARTESIAN_POINT('',(-0.152586406257,-1.582698241669E-02,0.));
#11045 = ORIENTED_EDGE('',*,*,#11019,.T.);
#11046 = ORIENTED_EDGE('',*,*,#11047,.F.);
#11047 = EDGE_CURVE('',#11048,#11011,#11050,.T.);
#11048 = VERTEX_POINT('',#11049);
#11049 = CARTESIAN_POINT('',(-0.152586406257,-1.582698241669E-02,0.1));
#11050 = B_SPLINE_CURVE_WITH_KNOTS('',2,(#11051,#11052,#11053,#11054),
  .UNSPECIFIED.,.F.,.F.,(3,1,3),(-2.,-1.,0.),.QUASI_UNIFORM_KNOTS.);
#11051 = CARTESIAN_POINT('',(-0.152586406257,-1.582698241669E-02,0.1));
#11052 = CARTESIAN_POINT('',(-0.152586406257,-1.816085610939E-02,0.1));
#11053 = CARTESIAN_POINT('',(-0.151224979937,-2.172649647324E-02,0.1));
#11054 = CARTESIAN_POINT('',(-0.149993213265,-2.305550788159E-02,0.1));
#11055 = ORIENTED_EDGE('',*,*,#11056,.F.);
#11056 = EDGE_CURVE('',#11038,#11048,#11057,.T.);
#11057 = LINE('',#11058,#11059);
#11058 = CARTESIAN_POINT('',(-0.152586406257,-1.582698241669E-02,0.));
#11059 = VECTOR('',#11060,1.);
#11060 = DIRECTION('',(0.,0.,1.));
#11061 = B_SPLINE_SURFACE_WITH_KNOTS('',2,1,(
    (#11062,#11063)
    ,(#11064,#11065)
    ,(#11066,#11067)
    ,(#11068,#11069
    )),.UNSPECIFIED.,.F.,.F.,.F.,(3,1,3),(2,2),(-2.,-1.,0.),(0.,1.E-02),
  .UNSPECIFIED.);
#11062 = CARTESIAN_POINT('',(-0.152586406257,-1.582698241669E-02,0.));
#11063 = CARTESIAN_POINT('',(-0.152586406257,-1.582698241669E-02,0.1));
#11064 = CARTESIAN_POINT('',(-0.152586406257,-1.816085610939E-02,0.));
#11065 = CARTESIAN_POINT('',(-0.152586406257,-1.816085610939E-02,0.1));
#11066 = CARTESIAN_POINT('',(-0.151224979937,-2.172649647324E-02,0.));
#11067 = CARTESIAN_POINT('',(-0.151224979937,-2.172649647324E-02,0.1));
#11068 = CARTESIAN_POINT('',(-0.149993213265,-2.305550788159E-02,0.));
#11069 = CARTESIAN_POINT('',(-0.149993213265,-2.305550788159E-02,0.1));
#11070 = ADVANCED_FACE('',(#11071),#11098,.T.);
#11071 = FACE_BOUND('',#11072,.T.);
#11072 = EDGE_LOOP('',(#11073,#11082,#11083,#11092));
#11073 = ORIENTED_EDGE('',*,*,#11074,.F.);
#11074 = EDGE_CURVE('',#11038,#11075,#11077,.T.);
#11075 = VERTEX_POINT('',#11076);
#11076 = CARTESIAN_POINT('',(-0.139134217612,-4.38451833998E-03,0.));
#11077 = B_SPLINE_CURVE_WITH_KNOTS('',2,(#11078,#11079,#11080,#11081),
  .UNSPECIFIED.,.F.,.F.,(3,1,3),(0.,1.,2.),.QUASI_UNIFORM_KNOTS.);
#11078 = CARTESIAN_POINT('',(-0.152586406257,-1.582698241669E-02,0.));
#11079 = CARTESIAN_POINT('',(-0.152586406257,-1.09647455569E-02,0.));
#11080 = CARTESIAN_POINT('',(-0.145001316756,-4.38451833998E-03,0.));
#11081 = CARTESIAN_POINT('',(-0.139134217612,-4.38451833998E-03,0.));
#11082 = ORIENTED_EDGE('',*,*,#11056,.T.);
#11083 = ORIENTED_EDGE('',*,*,#11084,.F.);
#11084 = EDGE_CURVE('',#11085,#11048,#11087,.T.);
#11085 = VERTEX_POINT('',#11086);
#11086 = CARTESIAN_POINT('',(-0.139134217612,-4.38451833998E-03,0.1));
#11087 = B_SPLINE_CURVE_WITH_KNOTS('',2,(#11088,#11089,#11090,#11091),
  .UNSPECIFIED.,.F.,.F.,(3,1,3),(-2.,-1.,0.),.QUASI_UNIFORM_KNOTS.);
#11088 = CARTESIAN_POINT('',(-0.139134217612,-4.38451833998E-03,0.1));
#11089 = CARTESIAN_POINT('',(-0.145001316756,-4.38451833998E-03,0.1));
#11090 = CARTESIAN_POINT('',(-0.152586406257,-1.09647455569E-02,0.1));
#11091 = CARTESIAN_POINT('',(-0.152586406257,-1.582698241669E-02,0.1));
#11092 = ORIENTED_EDGE('',*,*,#11093,.F.);
#11093 = EDGE_CURVE('',#11075,#11085,#11094,.T.);
#11094 = LINE('',#11095,#11096);
#11095 = CARTESIAN_POINT('',(-0.139134217612,-4.38451833998E-03,0.));
#11096 = VECTOR('',#11097,1.);
#11097 = DIRECTION('',(0.,0.,1.));
#11098 = B_SPLINE_SURFACE_WITH_KNOTS('',2,1,(
    (#11099,#11100)
    ,(#11101,#11102)
    ,(#11103,#11104)
    ,(#11105,#11106
    )),.UNSPECIFIED.,.F.,.F.,.F.,(3,1,3),(2,2),(-2.,-1.,0.),(0.,1.E-02),
  .UNSPECIFIED.);
#11099 = CARTESIAN_POINT('',(-0.139134217612,-4.38451833998E-03,0.));
#11100 = CARTESIAN_POINT('',(-0.139134217612,-4.38451833998E-03,0.1));
#11101 = CARTESIAN_POINT('',(-0.145001316756,-4.38451833998E-03,0.));
#11102 = CARTESIAN_POINT('',(-0.145001316756,-4.38451833998E-03,0.1));
#11103 = CARTESIAN_POINT('',(-0.152586406257,-1.09647455569E-02,0.));
#11104 = CARTESIAN_POINT('',(-0.152586406257,-1.09647455569E-02,0.1));
#11105 = CARTESIAN_POINT('',(-0.152586406257,-1.582698241669E-02,0.));
#11106 = CARTESIAN_POINT('',(-0.152586406257,-1.582698241669E-02,0.1));
#11107 = ADVANCED_FACE('',(#11108),#11135,.T.);
#11108 = FACE_BOUND('',#11109,.T.);
#11109 = EDGE_LOOP('',(#11110,#11119,#11120,#11129));
#11110 = ORIENTED_EDGE('',*,*,#11111,.F.);
#11111 = EDGE_CURVE('',#11075,#11112,#11114,.T.);
#11112 = VERTEX_POINT('',#11113);
#11113 = CARTESIAN_POINT('',(-0.127237944762,-6.97771133187E-03,0.));
#11114 = B_SPLINE_CURVE_WITH_KNOTS('',2,(#11115,#11116,#11117,#11118),
  .UNSPECIFIED.,.F.,.F.,(3,1,3),(0.,1.,2.),.QUASI_UNIFORM_KNOTS.);
#11115 = CARTESIAN_POINT('',(-0.139134217612,-4.38451833998E-03,0.));
#11116 = CARTESIAN_POINT('',(-0.135763066722,-4.38451833998E-03,0.));
#11117 = CARTESIAN_POINT('',(-0.129798722841,-5.713529748324E-03,0.));
#11118 = CARTESIAN_POINT('',(-0.127237944762,-6.97771133187E-03,0.));
#11119 = ORIENTED_EDGE('',*,*,#11093,.T.);
#11120 = ORIENTED_EDGE('',*,*,#11121,.F.);
#11121 = EDGE_CURVE('',#11122,#11085,#11124,.T.);
#11122 = VERTEX_POINT('',#11123);
#11123 = CARTESIAN_POINT('',(-0.127237944762,-6.97771133187E-03,0.1));
#11124 = B_SPLINE_CURVE_WITH_KNOTS('',2,(#11125,#11126,#11127,#11128),
  .UNSPECIFIED.,.F.,.F.,(3,1,3),(-2.,-1.,0.),.QUASI_UNIFORM_KNOTS.);
#11125 = CARTESIAN_POINT('',(-0.127237944762,-6.97771133187E-03,0.1));
#11126 = CARTESIAN_POINT('',(-0.129798722841,-5.713529748324E-03,0.1));
#11127 = CARTESIAN_POINT('',(-0.135763066722,-4.38451833998E-03,0.1));
#11128 = CARTESIAN_POINT('',(-0.139134217612,-4.38451833998E-03,0.1));
#11129 = ORIENTED_EDGE('',*,*,#11130,.F.);
#11130 = EDGE_CURVE('',#11112,#11122,#11131,.T.);
#11131 = LINE('',#11132,#11133);
#11132 = CARTESIAN_POINT('',(-0.127237944762,-6.97771133187E-03,0.));
#11133 = VECTOR('',#11134,1.);
#11134 = DIRECTION('',(0.,0.,1.));
#11135 = B_SPLINE_SURFACE_WITH_KNOTS('',2,1,(
    (#11136,#11137)
    ,(#11138,#11139)
    ,(#11140,#11141)
    ,(#11142,#11143
    )),.UNSPECIFIED.,.F.,.F.,.F.,(3,1,3),(2,2),(-2.,-1.,0.),(0.,1.E-02),
  .UNSPECIFIED.);
#11136 = CARTESIAN_POINT('',(-0.127237944762,-6.97771133187E-03,0.));
#11137 = CARTESIAN_POINT('',(-0.127237944762,-6.97771133187E-03,0.1));
#11138 = CARTESIAN_POINT('',(-0.129798722841,-5.713529748324E-03,0.));
#11139 = CARTESIAN_POINT('',(-0.129798722841,-5.713529748324E-03,0.1));
#11140 = CARTESIAN_POINT('',(-0.135763066722,-4.38451833998E-03,0.));
#11141 = CARTESIAN_POINT('',(-0.135763066722,-4.38451833998E-03,0.1));
#11142 = CARTESIAN_POINT('',(-0.139134217612,-4.38451833998E-03,0.));
#11143 = CARTESIAN_POINT('',(-0.139134217612,-4.38451833998E-03,0.1));
#11144 = ADVANCED_FACE('',(#11145),#11170,.T.);
#11145 = FACE_BOUND('',#11146,.T.);
#11146 = EDGE_LOOP('',(#11147,#11155,#11156,#11164));
#11147 = ORIENTED_EDGE('',*,*,#11148,.F.);
#11148 = EDGE_CURVE('',#11112,#11149,#11151,.T.);
#11149 = VERTEX_POINT('',#11150);
#11150 = CARTESIAN_POINT('',(-0.12762692371,-1.3331034162E-02,0.));
#11151 = LINE('',#11152,#11153);
#11152 = CARTESIAN_POINT('',(-0.127237944762,-6.97771133187E-03,0.));
#11153 = VECTOR('',#11154,1.);
#11154 = DIRECTION('',(0.,-1.,0.));
#11155 = ORIENTED_EDGE('',*,*,#11130,.T.);
#11156 = ORIENTED_EDGE('',*,*,#11157,.F.);
#11157 = EDGE_CURVE('',#11158,#11122,#11160,.T.);
#11158 = VERTEX_POINT('',#11159);
#11159 = CARTESIAN_POINT('',(-0.12762692371,-1.3331034162E-02,0.1));
#11160 = LINE('',#11161,#11162);
#11161 = CARTESIAN_POINT('',(-0.127237944762,-6.97771133187E-03,0.1));
#11162 = VECTOR('',#11163,1.);
#11163 = DIRECTION('',(0.,1.,0.));
#11164 = ORIENTED_EDGE('',*,*,#11165,.F.);
#11165 = EDGE_CURVE('',#11149,#11158,#11166,.T.);
#11166 = LINE('',#11167,#11168);
#11167 = CARTESIAN_POINT('',(-0.12762692371,-1.3331034162E-02,0.));
#11168 = VECTOR('',#11169,1.);
#11169 = DIRECTION('',(0.,0.,1.));
#11170 = PLANE('',#11171);
#11171 = AXIS2_PLACEMENT_3D('',#11172,#11173,#11174);
#11172 = CARTESIAN_POINT('',(-0.127237944762,-1.3331034162E-02,0.));
#11173 = DIRECTION('',(1.,0.,0.));
#11174 = DIRECTION('',(-0.,1.,0.));
#11175 = ADVANCED_FACE('',(#11176),#11203,.T.);
#11176 = FACE_BOUND('',#11177,.T.);
#11177 = EDGE_LOOP('',(#11178,#11187,#11188,#11197));
#11178 = ORIENTED_EDGE('',*,*,#11179,.F.);
#11179 = EDGE_CURVE('',#11149,#11180,#11182,.T.);
#11180 = VERTEX_POINT('',#11181);
#11181 = CARTESIAN_POINT('',(-0.138777653576,-8.987435900584E-03,0.));
#11182 = B_SPLINE_CURVE_WITH_KNOTS('',2,(#11183,#11184,#11185,#11186),
  .UNSPECIFIED.,.F.,.F.,(3,1,3),(0.,1.,2.),.QUASI_UNIFORM_KNOTS.);
#11183 = CARTESIAN_POINT('',(-0.12762692371,-1.3331034162E-02,0.));
#11184 = CARTESIAN_POINT('',(-0.129539403542,-1.158062889247E-02,0.));
#11185 = CARTESIAN_POINT('',(-0.135503747423,-8.987435900584E-03,0.));
#11186 = CARTESIAN_POINT('',(-0.138777653576,-8.987435900584E-03,0.));
#11187 = ORIENTED_EDGE('',*,*,#11165,.T.);
#11188 = ORIENTED_EDGE('',*,*,#11189,.F.);
#11189 = EDGE_CURVE('',#11190,#11158,#11192,.T.);
#11190 = VERTEX_POINT('',#11191);
#11191 = CARTESIAN_POINT('',(-0.138777653576,-8.987435900584E-03,0.1));
#11192 = B_SPLINE_CURVE_WITH_KNOTS('',2,(#11193,#11194,#11195,#11196),
  .UNSPECIFIED.,.F.,.F.,(3,1,3),(-2.,-1.,0.),.QUASI_UNIFORM_KNOTS.);
#11193 = CARTESIAN_POINT('',(-0.138777653576,-8.987435900584E-03,0.1));
#11194 = CARTESIAN_POINT('',(-0.135503747423,-8.987435900584E-03,0.1));
#11195 = CARTESIAN_POINT('',(-0.129539403542,-1.158062889247E-02,0.1));
#11196 = CARTESIAN_POINT('',(-0.12762692371,-1.3331034162E-02,0.1));
#11197 = ORIENTED_EDGE('',*,*,#11198,.F.);
#11198 = EDGE_CURVE('',#11180,#11190,#11199,.T.);
#11199 = LINE('',#11200,#11201);
#11200 = CARTESIAN_POINT('',(-0.138777653576,-8.987435900584E-03,0.));
#11201 = VECTOR('',#11202,1.);
#11202 = DIRECTION('',(0.,0.,1.));
#11203 = B_SPLINE_SURFACE_WITH_KNOTS('',2,1,(
    (#11204,#11205)
    ,(#11206,#11207)
    ,(#11208,#11209)
    ,(#11210,#11211
    )),.UNSPECIFIED.,.F.,.F.,.F.,(3,1,3),(2,2),(-2.,-1.,0.),(0.,1.E-02),
  .UNSPECIFIED.);
#11204 = CARTESIAN_POINT('',(-0.138777653576,-8.987435900584E-03,0.));
#11205 = CARTESIAN_POINT('',(-0.138777653576,-8.987435900584E-03,0.1));
#11206 = CARTESIAN_POINT('',(-0.135503747423,-8.987435900584E-03,0.));
#11207 = CARTESIAN_POINT('',(-0.135503747423,-8.987435900584E-03,0.1));
#11208 = CARTESIAN_POINT('',(-0.129539403542,-1.158062889247E-02,0.));
#11209 = CARTESIAN_POINT('',(-0.129539403542,-1.158062889247E-02,0.1));
#11210 = CARTESIAN_POINT('',(-0.12762692371,-1.3331034162E-02,0.));
#11211 = CARTESIAN_POINT('',(-0.12762692371,-1.3331034162E-02,0.1));
#11212 = ADVANCED_FACE('',(#11213),#11240,.T.);
#11213 = FACE_BOUND('',#11214,.T.);
#11214 = EDGE_LOOP('',(#11215,#11224,#11225,#11234));
#11215 = ORIENTED_EDGE('',*,*,#11216,.F.);
#11216 = EDGE_CURVE('',#11180,#11217,#11219,.T.);
#11217 = VERTEX_POINT('',#11218);
#11218 = CARTESIAN_POINT('',(-0.147043456237,-1.527592890592E-02,0.));
#11219 = B_SPLINE_CURVE_WITH_KNOTS('',2,(#11220,#11221,#11222,#11223),
  .UNSPECIFIED.,.F.,.F.,(3,1,3),(0.,1.,2.),.QUASI_UNIFORM_KNOTS.);
#11220 = CARTESIAN_POINT('',(-0.138777653576,-8.987435900584E-03,0.));
#11221 = CARTESIAN_POINT('',(-0.142472953589,-8.987435900584E-03,0.));
#11222 = CARTESIAN_POINT('',(-0.147043456237,-1.245583152724E-02,0.));
#11223 = CARTESIAN_POINT('',(-0.147043456237,-1.527592890592E-02,0.));
#11224 = ORIENTED_EDGE('',*,*,#11198,.T.);
#11225 = ORIENTED_EDGE('',*,*,#11226,.F.);
#11226 = EDGE_CURVE('',#11227,#11190,#11229,.T.);
#11227 = VERTEX_POINT('',#11228);
#11228 = CARTESIAN_POINT('',(-0.147043456237,-1.527592890592E-02,0.1));
#11229 = B_SPLINE_CURVE_WITH_KNOTS('',2,(#11230,#11231,#11232,#11233),
  .UNSPECIFIED.,.F.,.F.,(3,1,3),(-2.,-1.,0.),.QUASI_UNIFORM_KNOTS.);
#11230 = CARTESIAN_POINT('',(-0.147043456237,-1.527592890592E-02,0.1));
#11231 = CARTESIAN_POINT('',(-0.147043456237,-1.245583152724E-02,0.1));
#11232 = CARTESIAN_POINT('',(-0.142472953589,-8.987435900584E-03,0.1));
#11233 = CARTESIAN_POINT('',(-0.138777653576,-8.987435900584E-03,0.1));
#11234 = ORIENTED_EDGE('',*,*,#11235,.F.);
#11235 = EDGE_CURVE('',#11217,#11227,#11236,.T.);
#11236 = LINE('',#11237,#11238);
#11237 = CARTESIAN_POINT('',(-0.147043456237,-1.527592890592E-02,0.));
#11238 = VECTOR('',#11239,1.);
#11239 = DIRECTION('',(0.,0.,1.));
#11240 = B_SPLINE_SURFACE_WITH_KNOTS('',2,1,(
    (#11241,#11242)
    ,(#11243,#11244)
    ,(#11245,#11246)
    ,(#11247,#11248
    )),.UNSPECIFIED.,.F.,.F.,.F.,(3,1,3),(2,2),(-2.,-1.,0.),(0.,1.E-02),
  .UNSPECIFIED.);
#11241 = CARTESIAN_POINT('',(-0.147043456237,-1.527592890592E-02,0.));
#11242 = CARTESIAN_POINT('',(-0.147043456237,-1.527592890592E-02,0.1));
#11243 = CARTESIAN_POINT('',(-0.147043456237,-1.245583152724E-02,0.));
#11244 = CARTESIAN_POINT('',(-0.147043456237,-1.245583152724E-02,0.1));
#11245 = CARTESIAN_POINT('',(-0.142472953589,-8.987435900584E-03,0.));
#11246 = CARTESIAN_POINT('',(-0.142472953589,-8.987435900584E-03,0.1));
#11247 = CARTESIAN_POINT('',(-0.138777653576,-8.987435900584E-03,0.));
#11248 = CARTESIAN_POINT('',(-0.138777653576,-8.987435900584E-03,0.1));
#11249 = ADVANCED_FACE('',(#11250),#11277,.T.);
#11250 = FACE_BOUND('',#11251,.T.);
#11251 = EDGE_LOOP('',(#11252,#11261,#11262,#11271));
#11252 = ORIENTED_EDGE('',*,*,#11253,.F.);
#11253 = EDGE_CURVE('',#11217,#11254,#11256,.T.);
#11254 = VERTEX_POINT('',#11255);
#11255 = CARTESIAN_POINT('',(-0.141824655341,-2.149959208645E-02,0.));
#11256 = B_SPLINE_CURVE_WITH_KNOTS('',2,(#11257,#11258,#11259,#11260),
  .UNSPECIFIED.,.F.,.F.,(3,1,3),(0.,1.,2.),.QUASI_UNIFORM_KNOTS.);
#11257 = CARTESIAN_POINT('',(-0.147043456237,-1.527592890592E-02,0.));
#11258 = CARTESIAN_POINT('',(-0.147043456237,-1.780429207301E-02,0.));
#11259 = CARTESIAN_POINT('',(-0.144353018508,-2.081887892608E-02,0.));
#11260 = CARTESIAN_POINT('',(-0.141824655341,-2.149959208645E-02,0.));
#11261 = ORIENTED_EDGE('',*,*,#11235,.T.);
#11262 = ORIENTED_EDGE('',*,*,#11263,.F.);
#11263 = EDGE_CURVE('',#11264,#11227,#11266,.T.);
#11264 = VERTEX_POINT('',#11265);
#11265 = CARTESIAN_POINT('',(-0.141824655341,-2.149959208645E-02,0.1));
#11266 = B_SPLINE_CURVE_WITH_KNOTS('',2,(#11267,#11268,#11269,#11270),
  .UNSPECIFIED.,.F.,.F.,(3,1,3),(-2.,-1.,0.),.QUASI_UNIFORM_KNOTS.);
#11267 = CARTESIAN_POINT('',(-0.141824655341,-2.149959208645E-02,0.1));
#11268 = CARTESIAN_POINT('',(-0.144353018508,-2.081887892608E-02,0.1));
#11269 = CARTESIAN_POINT('',(-0.147043456237,-1.780429207301E-02,0.1));
#11270 = CARTESIAN_POINT('',(-0.147043456237,-1.527592890592E-02,0.1));
#11271 = ORIENTED_EDGE('',*,*,#11272,.F.);
#11272 = EDGE_CURVE('',#11254,#11264,#11273,.T.);
#11273 = LINE('',#11274,#11275);
#11274 = CARTESIAN_POINT('',(-0.141824655341,-2.149959208645E-02,0.));
#11275 = VECTOR('',#11276,1.);
#11276 = DIRECTION('',(0.,0.,1.));
#11277 = B_SPLINE_SURFACE_WITH_KNOTS('',2,1,(
    (#11278,#11279)
    ,(#11280,#11281)
    ,(#11282,#11283)
    ,(#11284,#11285
    )),.UNSPECIFIED.,.F.,.F.,.F.,(3,1,3),(2,2),(-2.,-1.,0.),(0.,1.E-02),
  .UNSPECIFIED.);
#11278 = CARTESIAN_POINT('',(-0.141824655341,-2.149959208645E-02,0.));
#11279 = CARTESIAN_POINT('',(-0.141824655341,-2.149959208645E-02,0.1));
#11280 = CARTESIAN_POINT('',(-0.144353018508,-2.081887892608E-02,0.));
#11281 = CARTESIAN_POINT('',(-0.144353018508,-2.081887892608E-02,0.1));
#11282 = CARTESIAN_POINT('',(-0.147043456237,-1.780429207301E-02,0.));
#11283 = CARTESIAN_POINT('',(-0.147043456237,-1.780429207301E-02,0.1));
#11284 = CARTESIAN_POINT('',(-0.147043456237,-1.527592890592E-02,0.));
#11285 = CARTESIAN_POINT('',(-0.147043456237,-1.527592890592E-02,0.1));
#11286 = ADVANCED_FACE('',(#11287),#11314,.T.);
#11287 = FACE_BOUND('',#11288,.T.);
#11288 = EDGE_LOOP('',(#11289,#11298,#11299,#11308));
#11289 = ORIENTED_EDGE('',*,*,#11290,.F.);
#11290 = EDGE_CURVE('',#11254,#11291,#11293,.T.);
#11291 = VERTEX_POINT('',#11292);
#11292 = CARTESIAN_POINT('',(-0.133623682504,-2.360656139236E-02,0.));
#11293 = B_SPLINE_CURVE_WITH_KNOTS('',2,(#11294,#11295,#11296,#11297),
  .UNSPECIFIED.,.F.,.F.,(3,1,3),(0.,1.,2.),.QUASI_UNIFORM_KNOTS.);
#11294 = CARTESIAN_POINT('',(-0.141824655341,-2.149959208645E-02,0.));
#11295 = CARTESIAN_POINT('',(-0.140139079896,-2.195340086003E-02,0.));
#11296 = CARTESIAN_POINT('',(-0.135244428124,-2.312033770638E-02,0.));
#11297 = CARTESIAN_POINT('',(-0.133623682504,-2.360656139236E-02,0.));
#11298 = ORIENTED_EDGE('',*,*,#11272,.T.);
#11299 = ORIENTED_EDGE('',*,*,#11300,.F.);
#11300 = EDGE_CURVE('',#11301,#11264,#11303,.T.);
#11301 = VERTEX_POINT('',#11302);
#11302 = CARTESIAN_POINT('',(-0.133623682504,-2.360656139236E-02,0.1));
#11303 = B_SPLINE_CURVE_WITH_KNOTS('',2,(#11304,#11305,#11306,#11307),
  .UNSPECIFIED.,.F.,.F.,(3,1,3),(-2.,-1.,0.),.QUASI_UNIFORM_KNOTS.);
#11304 = CARTESIAN_POINT('',(-0.133623682504,-2.360656139236E-02,0.1));
#11305 = CARTESIAN_POINT('',(-0.135244428124,-2.312033770638E-02,0.1));
#11306 = CARTESIAN_POINT('',(-0.140139079896,-2.195340086003E-02,0.1));
#11307 = CARTESIAN_POINT('',(-0.141824655341,-2.149959208645E-02,0.1));
#11308 = ORIENTED_EDGE('',*,*,#11309,.F.);
#11309 = EDGE_CURVE('',#11291,#11301,#11310,.T.);
#11310 = LINE('',#11311,#11312);
#11311 = CARTESIAN_POINT('',(-0.133623682504,-2.360656139236E-02,0.));
#11312 = VECTOR('',#11313,1.);
#11313 = DIRECTION('',(0.,0.,1.));
#11314 = B_SPLINE_SURFACE_WITH_KNOTS('',2,1,(
    (#11315,#11316)
    ,(#11317,#11318)
    ,(#11319,#11320)
    ,(#11321,#11322
    )),.UNSPECIFIED.,.F.,.F.,.F.,(3,1,3),(2,2),(-2.,-1.,0.),(0.,1.E-02),
  .UNSPECIFIED.);
#11315 = CARTESIAN_POINT('',(-0.133623682504,-2.360656139236E-02,0.));
#11316 = CARTESIAN_POINT('',(-0.133623682504,-2.360656139236E-02,0.1));
#11317 = CARTESIAN_POINT('',(-0.135244428124,-2.312033770638E-02,0.));
#11318 = CARTESIAN_POINT('',(-0.135244428124,-2.312033770638E-02,0.1));
#11319 = CARTESIAN_POINT('',(-0.140139079896,-2.195340086003E-02,0.));
#11320 = CARTESIAN_POINT('',(-0.140139079896,-2.195340086003E-02,0.1));
#11321 = CARTESIAN_POINT('',(-0.141824655341,-2.149959208645E-02,0.));
#11322 = CARTESIAN_POINT('',(-0.141824655341,-2.149959208645E-02,0.1));
#11323 = ADVANCED_FACE('',(#11324),#11351,.T.);
#11324 = FACE_BOUND('',#11325,.T.);
#11325 = EDGE_LOOP('',(#11326,#11335,#11336,#11345));
#11326 = ORIENTED_EDGE('',*,*,#11327,.F.);
#11327 = EDGE_CURVE('',#11291,#11328,#11330,.T.);
#11328 = VERTEX_POINT('',#11329);
#11329 = CARTESIAN_POINT('',(-0.125682028966,-3.368759914833E-02,0.));
#11330 = B_SPLINE_CURVE_WITH_KNOTS('',2,(#11331,#11332,#11333,#11334),
  .UNSPECIFIED.,.F.,.F.,(3,1,3),(0.,1.,2.),.QUASI_UNIFORM_KNOTS.);
#11331 = CARTESIAN_POINT('',(-0.133623682504,-2.360656139236E-02,0.));
#11332 = CARTESIAN_POINT('',(-0.12950698863,-2.487074297591E-02,0.));
#11333 = CARTESIAN_POINT('',(-0.125682028966,-2.995988422249E-02,0.));
#11334 = CARTESIAN_POINT('',(-0.125682028966,-3.368759914833E-02,0.));
#11335 = ORIENTED_EDGE('',*,*,#11309,.T.);
#11336 = ORIENTED_EDGE('',*,*,#11337,.F.);
#11337 = EDGE_CURVE('',#11338,#11301,#11340,.T.);
#11338 = VERTEX_POINT('',#11339);
#11339 = CARTESIAN_POINT('',(-0.125682028966,-3.368759914833E-02,0.1));
#11340 = B_SPLINE_CURVE_WITH_KNOTS('',2,(#11341,#11342,#11343,#11344),
  .UNSPECIFIED.,.F.,.F.,(3,1,3),(-2.,-1.,0.),.QUASI_UNIFORM_KNOTS.);
#11341 = CARTESIAN_POINT('',(-0.125682028966,-3.368759914833E-02,0.1));
#11342 = CARTESIAN_POINT('',(-0.125682028966,-2.995988422249E-02,0.1));
#11343 = CARTESIAN_POINT('',(-0.12950698863,-2.487074297591E-02,0.1));
#11344 = CARTESIAN_POINT('',(-0.133623682504,-2.360656139236E-02,0.1));
#11345 = ORIENTED_EDGE('',*,*,#11346,.F.);
#11346 = EDGE_CURVE('',#11328,#11338,#11347,.T.);
#11347 = LINE('',#11348,#11349);
#11348 = CARTESIAN_POINT('',(-0.125682028966,-3.368759914833E-02,0.));
#11349 = VECTOR('',#11350,1.);
#11350 = DIRECTION('',(0.,0.,1.));
#11351 = B_SPLINE_SURFACE_WITH_KNOTS('',2,1,(
    (#11352,#11353)
    ,(#11354,#11355)
    ,(#11356,#11357)
    ,(#11358,#11359
    )),.UNSPECIFIED.,.F.,.F.,.F.,(3,1,3),(2,2),(-2.,-1.,0.),(0.,1.E-02),
  .UNSPECIFIED.);
#11352 = CARTESIAN_POINT('',(-0.125682028966,-3.368759914833E-02,0.));
#11353 = CARTESIAN_POINT('',(-0.125682028966,-3.368759914833E-02,0.1));
#11354 = CARTESIAN_POINT('',(-0.125682028966,-2.995988422249E-02,0.));
#11355 = CARTESIAN_POINT('',(-0.125682028966,-2.995988422249E-02,0.1));
#11356 = CARTESIAN_POINT('',(-0.12950698863,-2.487074297591E-02,0.));
#11357 = CARTESIAN_POINT('',(-0.12950698863,-2.487074297591E-02,0.1));
#11358 = CARTESIAN_POINT('',(-0.133623682504,-2.360656139236E-02,0.));
#11359 = CARTESIAN_POINT('',(-0.133623682504,-2.360656139236E-02,0.1));
#11360 = ADVANCED_FACE('',(#11361),#11388,.T.);
#11361 = FACE_BOUND('',#11362,.T.);
#11362 = EDGE_LOOP('',(#11363,#11372,#11373,#11382));
#11363 = ORIENTED_EDGE('',*,*,#11364,.F.);
#11364 = EDGE_CURVE('',#11328,#11365,#11367,.T.);
#11365 = VERTEX_POINT('',#11366);
#11366 = CARTESIAN_POINT('',(-0.129312499155,-4.218030619677E-02,0.));
#11367 = B_SPLINE_CURVE_WITH_KNOTS('',2,(#11368,#11369,#11370,#11371),
  .UNSPECIFIED.,.F.,.F.,(3,1,3),(0.,1.,2.),.QUASI_UNIFORM_KNOTS.);
#11368 = CARTESIAN_POINT('',(-0.125682028966,-3.368759914833E-02,0.));
#11369 = CARTESIAN_POINT('',(-0.125682028966,-3.605388775343E-02,0.));
#11370 = CARTESIAN_POINT('',(-0.127594508798,-4.059197548924E-02,0.));
#11371 = CARTESIAN_POINT('',(-0.129312499155,-4.218030619677E-02,0.));
#11372 = ORIENTED_EDGE('',*,*,#11346,.T.);
#11373 = ORIENTED_EDGE('',*,*,#11374,.F.);
#11374 = EDGE_CURVE('',#11375,#11338,#11377,.T.);
#11375 = VERTEX_POINT('',#11376);
#11376 = CARTESIAN_POINT('',(-0.129312499155,-4.218030619677E-02,0.1));
#11377 = B_SPLINE_CURVE_WITH_KNOTS('',2,(#11378,#11379,#11380,#11381),
  .UNSPECIFIED.,.F.,.F.,(3,1,3),(-2.,-1.,0.),.QUASI_UNIFORM_KNOTS.);
#11378 = CARTESIAN_POINT('',(-0.129312499155,-4.218030619677E-02,0.1));
#11379 = CARTESIAN_POINT('',(-0.127594508798,-4.059197548924E-02,0.1));
#11380 = CARTESIAN_POINT('',(-0.125682028966,-3.605388775343E-02,0.1));
#11381 = CARTESIAN_POINT('',(-0.125682028966,-3.368759914833E-02,0.1));
#11382 = ORIENTED_EDGE('',*,*,#11383,.F.);
#11383 = EDGE_CURVE('',#11365,#11375,#11384,.T.);
#11384 = LINE('',#11385,#11386);
#11385 = CARTESIAN_POINT('',(-0.129312499155,-4.218030619677E-02,0.));
#11386 = VECTOR('',#11387,1.);
#11387 = DIRECTION('',(0.,0.,1.));
#11388 = B_SPLINE_SURFACE_WITH_KNOTS('',2,1,(
    (#11389,#11390)
    ,(#11391,#11392)
    ,(#11393,#11394)
    ,(#11395,#11396
    )),.UNSPECIFIED.,.F.,.F.,.F.,(3,1,3),(2,2),(-2.,-1.,0.),(0.,1.E-02),
  .UNSPECIFIED.);
#11389 = CARTESIAN_POINT('',(-0.129312499155,-4.218030619677E-02,0.));
#11390 = CARTESIAN_POINT('',(-0.129312499155,-4.218030619677E-02,0.1));
#11391 = CARTESIAN_POINT('',(-0.127594508798,-4.059197548924E-02,0.));
#11392 = CARTESIAN_POINT('',(-0.127594508798,-4.059197548924E-02,0.1));
#11393 = CARTESIAN_POINT('',(-0.125682028966,-3.605388775343E-02,0.));
#11394 = CARTESIAN_POINT('',(-0.125682028966,-3.605388775343E-02,0.1));
#11395 = CARTESIAN_POINT('',(-0.125682028966,-3.368759914833E-02,0.));
#11396 = CARTESIAN_POINT('',(-0.125682028966,-3.368759914833E-02,0.1));
#11397 = ADVANCED_FACE('',(#11398),#11425,.T.);
#11398 = FACE_BOUND('',#11399,.T.);
#11399 = EDGE_LOOP('',(#11400,#11409,#11410,#11419));
#11400 = ORIENTED_EDGE('',*,*,#11401,.F.);
#11401 = EDGE_CURVE('',#11365,#11402,#11404,.T.);
#11402 = VERTEX_POINT('',#11403);
#11403 = CARTESIAN_POINT('',(-0.139750100947,-4.581077638542E-02,0.));
#11404 = B_SPLINE_CURVE_WITH_KNOTS('',2,(#11405,#11406,#11407,#11408),
  .UNSPECIFIED.,.F.,.F.,(3,1,3),(0.,1.,2.),.QUASI_UNIFORM_KNOTS.);
#11405 = CARTESIAN_POINT('',(-0.129312499155,-4.218030619677E-02,0.));
#11406 = CARTESIAN_POINT('',(-0.131224978987,-4.39307114663E-02,0.));
#11407 = CARTESIAN_POINT('',(-0.136087215846,-4.581077638542E-02,0.));
#11408 = CARTESIAN_POINT('',(-0.139750100947,-4.581077638542E-02,0.));
#11409 = ORIENTED_EDGE('',*,*,#11383,.T.);
#11410 = ORIENTED_EDGE('',*,*,#11411,.F.);
#11411 = EDGE_CURVE('',#11412,#11375,#11414,.T.);
#11412 = VERTEX_POINT('',#11413);
#11413 = CARTESIAN_POINT('',(-0.139750100947,-4.581077638542E-02,0.1));
#11414 = B_SPLINE_CURVE_WITH_KNOTS('',2,(#11415,#11416,#11417,#11418),
  .UNSPECIFIED.,.F.,.F.,(3,1,3),(-2.,-1.,0.),.QUASI_UNIFORM_KNOTS.);
#11415 = CARTESIAN_POINT('',(-0.139750100947,-4.581077638542E-02,0.1));
#11416 = CARTESIAN_POINT('',(-0.136087215846,-4.581077638542E-02,0.1));
#11417 = CARTESIAN_POINT('',(-0.131224978987,-4.39307114663E-02,0.1));
#11418 = CARTESIAN_POINT('',(-0.129312499155,-4.218030619677E-02,0.1));
#11419 = ORIENTED_EDGE('',*,*,#11420,.F.);
#11420 = EDGE_CURVE('',#11402,#11412,#11421,.T.);
#11421 = LINE('',#11422,#11423);
#11422 = CARTESIAN_POINT('',(-0.139750100947,-4.581077638542E-02,0.));
#11423 = VECTOR('',#11424,1.);
#11424 = DIRECTION('',(0.,0.,1.));
#11425 = B_SPLINE_SURFACE_WITH_KNOTS('',2,1,(
    (#11426,#11427)
    ,(#11428,#11429)
    ,(#11430,#11431)
    ,(#11432,#11433
    )),.UNSPECIFIED.,.F.,.F.,.F.,(3,1,3),(2,2),(-2.,-1.,0.),(0.,1.E-02),
  .UNSPECIFIED.);
#11426 = CARTESIAN_POINT('',(-0.139750100947,-4.581077638542E-02,0.));
#11427 = CARTESIAN_POINT('',(-0.139750100947,-4.581077638542E-02,0.1));
#11428 = CARTESIAN_POINT('',(-0.136087215846,-4.581077638542E-02,0.));
#11429 = CARTESIAN_POINT('',(-0.136087215846,-4.581077638542E-02,0.1));
#11430 = CARTESIAN_POINT('',(-0.131224978987,-4.39307114663E-02,0.));
#11431 = CARTESIAN_POINT('',(-0.131224978987,-4.39307114663E-02,0.1));
#11432 = CARTESIAN_POINT('',(-0.129312499155,-4.218030619677E-02,0.));
#11433 = CARTESIAN_POINT('',(-0.129312499155,-4.218030619677E-02,0.1));
#11434 = ADVANCED_FACE('',(#11435),#11453,.T.);
#11435 = FACE_BOUND('',#11436,.T.);
#11436 = EDGE_LOOP('',(#11437,#11444,#11445,#11452));
#11437 = ORIENTED_EDGE('',*,*,#11438,.F.);
#11438 = EDGE_CURVE('',#11402,#10813,#11439,.T.);
#11439 = B_SPLINE_CURVE_WITH_KNOTS('',2,(#11440,#11441,#11442,#11443),
  .UNSPECIFIED.,.F.,.F.,(3,1,3),(0.,1.,2.),.QUASI_UNIFORM_KNOTS.);
#11440 = CARTESIAN_POINT('',(-0.139750100947,-4.581077638542E-02,0.));
#11441 = CARTESIAN_POINT('',(-0.144093699209,-4.581077638542E-02,0.));
#11442 = CARTESIAN_POINT('',(-0.15018770274,-4.399554129109E-02,0.));
#11443 = CARTESIAN_POINT('',(-0.152878140469,-4.269894479515E-02,0.));
#11444 = ORIENTED_EDGE('',*,*,#11420,.T.);
#11445 = ORIENTED_EDGE('',*,*,#11446,.F.);
#11446 = EDGE_CURVE('',#10823,#11412,#11447,.T.);
#11447 = B_SPLINE_CURVE_WITH_KNOTS('',2,(#11448,#11449,#11450,#11451),
  .UNSPECIFIED.,.F.,.F.,(3,1,3),(-2.,-1.,0.),.QUASI_UNIFORM_KNOTS.);
#11448 = CARTESIAN_POINT('',(-0.152878140469,-4.269894479515E-02,0.1));
#11449 = CARTESIAN_POINT('',(-0.15018770274,-4.399554129109E-02,0.1));
#11450 = CARTESIAN_POINT('',(-0.144093699209,-4.581077638542E-02,0.1));
#11451 = CARTESIAN_POINT('',(-0.139750100947,-4.581077638542E-02,0.1));
#11452 = ORIENTED_EDGE('',*,*,#10822,.F.);
#11453 = B_SPLINE_SURFACE_WITH_KNOTS('',2,1,(
    (#11454,#11455)
    ,(#11456,#11457)
    ,(#11458,#11459)
    ,(#11460,#11461
    )),.UNSPECIFIED.,.F.,.F.,.F.,(3,1,3),(2,2),(-2.,-1.,0.),(0.,1.E-02),
  .UNSPECIFIED.);
#11454 = CARTESIAN_POINT('',(-0.152878140469,-4.269894479515E-02,0.));
#11455 = CARTESIAN_POINT('',(-0.152878140469,-4.269894479515E-02,0.1));
#11456 = CARTESIAN_POINT('',(-0.15018770274,-4.399554129109E-02,0.));
#11457 = CARTESIAN_POINT('',(-0.15018770274,-4.399554129109E-02,0.1));
#11458 = CARTESIAN_POINT('',(-0.144093699209,-4.581077638542E-02,0.));
#11459 = CARTESIAN_POINT('',(-0.144093699209,-4.581077638542E-02,0.1));
#11460 = CARTESIAN_POINT('',(-0.139750100947,-4.581077638542E-02,0.));
#11461 = CARTESIAN_POINT('',(-0.139750100947,-4.581077638542E-02,0.1));
#11462 = ADVANCED_FACE('',(#11463),#11483,.F.);
#11463 = FACE_BOUND('',#11464,.T.);
#11464 = EDGE_LOOP('',(#11465,#11466,#11467,#11468,#11469,#11470,#11471,
    #11472,#11473,#11474,#11475,#11476,#11477,#11478,#11479,#11480,
    #11481,#11482));
#11465 = ORIENTED_EDGE('',*,*,#11179,.T.);
#11466 = ORIENTED_EDGE('',*,*,#11216,.T.);
#11467 = ORIENTED_EDGE('',*,*,#11253,.T.);
#11468 = ORIENTED_EDGE('',*,*,#11290,.T.);
#11469 = ORIENTED_EDGE('',*,*,#11327,.T.);
#11470 = ORIENTED_EDGE('',*,*,#11364,.T.);
#11471 = ORIENTED_EDGE('',*,*,#11401,.T.);
#11472 = ORIENTED_EDGE('',*,*,#11438,.T.);
#11473 = ORIENTED_EDGE('',*,*,#10812,.T.);
#11474 = ORIENTED_EDGE('',*,*,#10852,.T.);
#11475 = ORIENTED_EDGE('',*,*,#10889,.T.);
#11476 = ORIENTED_EDGE('',*,*,#10926,.T.);
#11477 = ORIENTED_EDGE('',*,*,#10963,.T.);
#11478 = ORIENTED_EDGE('',*,*,#11000,.T.);
#11479 = ORIENTED_EDGE('',*,*,#11037,.T.);
#11480 = ORIENTED_EDGE('',*,*,#11074,.T.);
#11481 = ORIENTED_EDGE('',*,*,#11111,.T.);
#11482 = ORIENTED_EDGE('',*,*,#11148,.T.);
#11483 = PLANE('',#11484);
#11484 = AXIS2_PLACEMENT_3D('',#11485,#11486,#11487);
#11485 = CARTESIAN_POINT('',(-0.139488311213,-2.536654617369E-02,0.));
#11486 = DIRECTION('',(0.,0.,1.));
#11487 = DIRECTION('',(1.,0.,-0.));
#11488 = ADVANCED_FACE('',(#11489),#11509,.T.);
#11489 = FACE_BOUND('',#11490,.T.);
#11490 = EDGE_LOOP('',(#11491,#11492,#11493,#11494,#11495,#11496,#11497,
    #11498,#11499,#11500,#11501,#11502,#11503,#11504,#11505,#11506,
    #11507,#11508));
#11491 = ORIENTED_EDGE('',*,*,#11157,.T.);
#11492 = ORIENTED_EDGE('',*,*,#11121,.T.);
#11493 = ORIENTED_EDGE('',*,*,#11084,.T.);
#11494 = ORIENTED_EDGE('',*,*,#11047,.T.);
#11495 = ORIENTED_EDGE('',*,*,#11010,.T.);
#11496 = ORIENTED_EDGE('',*,*,#10973,.T.);
#11497 = ORIENTED_EDGE('',*,*,#10936,.T.);
#11498 = ORIENTED_EDGE('',*,*,#10899,.T.);
#11499 = ORIENTED_EDGE('',*,*,#10862,.T.);
#11500 = ORIENTED_EDGE('',*,*,#10830,.T.);
#11501 = ORIENTED_EDGE('',*,*,#11446,.T.);
#11502 = ORIENTED_EDGE('',*,*,#11411,.T.);
#11503 = ORIENTED_EDGE('',*,*,#11374,.T.);
#11504 = ORIENTED_EDGE('',*,*,#11337,.T.);
#11505 = ORIENTED_EDGE('',*,*,#11300,.T.);
#11506 = ORIENTED_EDGE('',*,*,#11263,.T.);
#11507 = ORIENTED_EDGE('',*,*,#11226,.T.);
#11508 = ORIENTED_EDGE('',*,*,#11189,.T.);
#11509 = PLANE('',#11510);
#11510 = AXIS2_PLACEMENT_3D('',#11511,#11512,#11513);
#11511 = CARTESIAN_POINT('',(-0.139488311213,-2.536654617369E-02,0.1));
#11512 = DIRECTION('',(0.,0.,1.));
#11513 = DIRECTION('',(1.,0.,-0.));
#11514 = MANIFOLD_SOLID_BREP('',#11515);
#11515 = CLOSED_SHELL('',(#11516,#11556,#11587,#11609,#11649,#11680,
    #11711,#11742,#11773,#11804,#11835,#11857,#11878));
#11516 = ADVANCED_FACE('',(#11517),#11551,.F.);
#11517 = FACE_BOUND('',#11518,.T.);
#11518 = EDGE_LOOP('',(#11519,#11529,#11537,#11545));
#11519 = ORIENTED_EDGE('',*,*,#11520,.F.);
#11520 = EDGE_CURVE('',#11521,#11523,#11525,.T.);
#11521 = VERTEX_POINT('',#11522);
#11522 = CARTESIAN_POINT('',(-7.696241563135E-02,-2.937641579932E-02,0.)
  );
#11523 = VERTEX_POINT('',#11524);
#11524 = CARTESIAN_POINT('',(-6.461233400747E-02,-2.937641579932E-02,0.)
  );
#11525 = LINE('',#11526,#11527);
#11526 = CARTESIAN_POINT('',(-7.382472043833E-02,-2.937641579932E-02,0.)
  );
#11527 = VECTOR('',#11528,1.);
#11528 = DIRECTION('',(1.,0.,0.));
#11529 = ORIENTED_EDGE('',*,*,#11530,.T.);
#11530 = EDGE_CURVE('',#11521,#11531,#11533,.T.);
#11531 = VERTEX_POINT('',#11532);
#11532 = CARTESIAN_POINT('',(-7.696241563135E-02,-2.937641579932E-02,0.1
    ));
#11533 = LINE('',#11534,#11535);
#11534 = CARTESIAN_POINT('',(-7.696241563135E-02,-2.937641579932E-02,0.)
  );
#11535 = VECTOR('',#11536,1.);
#11536 = DIRECTION('',(0.,0.,1.));
#11537 = ORIENTED_EDGE('',*,*,#11538,.F.);
#11538 = EDGE_CURVE('',#11539,#11531,#11541,.T.);
#11539 = VERTEX_POINT('',#11540);
#11540 = CARTESIAN_POINT('',(-6.461233400747E-02,-2.937641579932E-02,0.1
    ));
#11541 = LINE('',#11542,#11543);
#11542 = CARTESIAN_POINT('',(-7.382472043833E-02,-2.937641579932E-02,0.1
    ));
#11543 = VECTOR('',#11544,1.);
#11544 = DIRECTION('',(-1.,0.,0.));
#11545 = ORIENTED_EDGE('',*,*,#11546,.F.);
#11546 = EDGE_CURVE('',#11523,#11539,#11547,.T.);
#11547 = LINE('',#11548,#11549);
#11548 = CARTESIAN_POINT('',(-6.461233400747E-02,-2.937641579932E-02,0.)
  );
#11549 = VECTOR('',#11550,1.);
#11550 = DIRECTION('',(0.,0.,1.));
#11551 = PLANE('',#11552);
#11552 = AXIS2_PLACEMENT_3D('',#11553,#11554,#11555);
#11553 = CARTESIAN_POINT('',(-7.696241563135E-02,-2.937641579932E-02,0.)
  );
#11554 = DIRECTION('',(0.,-1.,0.));
#11555 = DIRECTION('',(1.,0.,0.));
#11556 = ADVANCED_FACE('',(#11557),#11582,.F.);
#11557 = FACE_BOUND('',#11558,.T.);
#11558 = EDGE_LOOP('',(#11559,#11567,#11575,#11581));
#11559 = ORIENTED_EDGE('',*,*,#11560,.F.);
#11560 = EDGE_CURVE('',#11561,#11521,#11563,.T.);
#11561 = VERTEX_POINT('',#11562);
#11562 = CARTESIAN_POINT('',(-7.080358227561E-02,-1.054335169572E-02,0.)
  );
#11563 = LINE('',#11564,#11565);
#11564 = CARTESIAN_POINT('',(-7.353792283826E-02,-1.890467731099E-02,0.)
  );
#11565 = VECTOR('',#11566,1.);
#11566 = DIRECTION('',(-0.310824121667,-0.950467445729,0.));
#11567 = ORIENTED_EDGE('',*,*,#11568,.T.);
#11568 = EDGE_CURVE('',#11561,#11569,#11571,.T.);
#11569 = VERTEX_POINT('',#11570);
#11570 = CARTESIAN_POINT('',(-7.080358227561E-02,-1.054335169572E-02,0.1
    ));
#11571 = LINE('',#11572,#11573);
#11572 = CARTESIAN_POINT('',(-7.080358227561E-02,-1.054335169572E-02,0.)
  );
#11573 = VECTOR('',#11574,1.);
#11574 = DIRECTION('',(0.,0.,1.));
#11575 = ORIENTED_EDGE('',*,*,#11576,.F.);
#11576 = EDGE_CURVE('',#11531,#11569,#11577,.T.);
#11577 = LINE('',#11578,#11579);
#11578 = CARTESIAN_POINT('',(-7.353792283826E-02,-1.890467731099E-02,0.1
    ));
#11579 = VECTOR('',#11580,1.);
#11580 = DIRECTION('',(0.310824121667,0.950467445729,0.));
#11581 = ORIENTED_EDGE('',*,*,#11530,.F.);
#11582 = PLANE('',#11583);
#11583 = AXIS2_PLACEMENT_3D('',#11584,#11585,#11586);
#11584 = CARTESIAN_POINT('',(-7.080358227561E-02,-1.054335169572E-02,0.)
  );
#11585 = DIRECTION('',(-0.950467445729,0.310824121667,0.));
#11586 = DIRECTION('',(-0.310824121667,-0.950467445729,0.));
#11587 = ADVANCED_FACE('',(#11588),#11604,.F.);
#11588 = FACE_BOUND('',#11589,.T.);
#11589 = EDGE_LOOP('',(#11590,#11596,#11597,#11603));
#11590 = ORIENTED_EDGE('',*,*,#11591,.F.);
#11591 = EDGE_CURVE('',#11523,#11561,#11592,.T.);
#11592 = LINE('',#11593,#11594);
#11593 = CARTESIAN_POINT('',(-6.495068791601E-02,-2.834718218223E-02,0.)
  );
#11594 = VECTOR('',#11595,1.);
#11595 = DIRECTION('',(-0.312300861313,0.949983248286,0.));
#11596 = ORIENTED_EDGE('',*,*,#11546,.T.);
#11597 = ORIENTED_EDGE('',*,*,#11598,.F.);
#11598 = EDGE_CURVE('',#11569,#11539,#11599,.T.);
#11599 = LINE('',#11600,#11601);
#11600 = CARTESIAN_POINT('',(-6.495068791601E-02,-2.834718218223E-02,0.1
    ));
#11601 = VECTOR('',#11602,1.);
#11602 = DIRECTION('',(0.312300861313,-0.949983248286,0.));
#11603 = ORIENTED_EDGE('',*,*,#11568,.F.);
#11604 = PLANE('',#11605);
#11605 = AXIS2_PLACEMENT_3D('',#11606,#11607,#11608);
#11606 = CARTESIAN_POINT('',(-6.461233400747E-02,-2.937641579932E-02,0.)
  );
#11607 = DIRECTION('',(0.949983248286,0.312300861313,0.));
#11608 = DIRECTION('',(-0.312300861313,0.949983248286,0.));
#11609 = ADVANCED_FACE('',(#11610),#11644,.T.);
#11610 = FACE_BOUND('',#11611,.T.);
#11611 = EDGE_LOOP('',(#11612,#11622,#11630,#11638));
#11612 = ORIENTED_EDGE('',*,*,#11613,.F.);
#11613 = EDGE_CURVE('',#11614,#11616,#11618,.T.);
#11614 = VERTEX_POINT('',#11615);
#11615 = CARTESIAN_POINT('',(-7.394782877827E-02,-5.09764641275E-03,0.)
  );
#11616 = VERTEX_POINT('',#11617);
#11617 = CARTESIAN_POINT('',(-6.740001647375E-02,-5.09764641275E-03,0.)
  );
#11618 = LINE('',#11619,#11620);
#11619 = CARTESIAN_POINT('',(-7.394782877827E-02,-5.09764641275E-03,0.)
  );
#11620 = VECTOR('',#11621,1.);
#11621 = DIRECTION('',(1.,0.,0.));
#11622 = ORIENTED_EDGE('',*,*,#11623,.T.);
#11623 = EDGE_CURVE('',#11614,#11624,#11626,.T.);
#11624 = VERTEX_POINT('',#11625);
#11625 = CARTESIAN_POINT('',(-7.394782877827E-02,-5.09764641275E-03,0.1)
  );
#11626 = LINE('',#11627,#11628);
#11627 = CARTESIAN_POINT('',(-7.394782877827E-02,-5.09764641275E-03,0.)
  );
#11628 = VECTOR('',#11629,1.);
#11629 = DIRECTION('',(0.,0.,1.));
#11630 = ORIENTED_EDGE('',*,*,#11631,.F.);
#11631 = EDGE_CURVE('',#11632,#11624,#11634,.T.);
#11632 = VERTEX_POINT('',#11633);
#11633 = CARTESIAN_POINT('',(-6.740001647375E-02,-5.09764641275E-03,0.1)
  );
#11634 = LINE('',#11635,#11636);
#11635 = CARTESIAN_POINT('',(-7.394782877827E-02,-5.09764641275E-03,0.1)
  );
#11636 = VECTOR('',#11637,1.);
#11637 = DIRECTION('',(-1.,0.,0.));
#11638 = ORIENTED_EDGE('',*,*,#11639,.F.);
#11639 = EDGE_CURVE('',#11616,#11632,#11640,.T.);
#11640 = LINE('',#11641,#11642);
#11641 = CARTESIAN_POINT('',(-6.740001647375E-02,-5.09764641275E-03,0.)
  );
#11642 = VECTOR('',#11643,1.);
#11643 = DIRECTION('',(0.,0.,1.));
#11644 = PLANE('',#11645);
#11645 = AXIS2_PLACEMENT_3D('',#11646,#11647,#11648);
#11646 = CARTESIAN_POINT('',(-6.740001647375E-02,-5.09764641275E-03,0.)
  );
#11647 = DIRECTION('',(0.,1.,0.));
#11648 = DIRECTION('',(-1.,0.,0.));
#11649 = ADVANCED_FACE('',(#11650),#11675,.T.);
#11650 = FACE_BOUND('',#11651,.T.);
#11651 = EDGE_LOOP('',(#11652,#11660,#11661,#11669));
#11652 = ORIENTED_EDGE('',*,*,#11653,.F.);
#11653 = EDGE_CURVE('',#11616,#11654,#11656,.T.);
#11654 = VERTEX_POINT('',#11655);
#11655 = CARTESIAN_POINT('',(-5.391541291593E-02,-4.509764831265E-02,0.)
  );
#11656 = LINE('',#11657,#11658);
#11657 = CARTESIAN_POINT('',(-6.740001647375E-02,-5.09764641275E-03,0.)
  );
#11658 = VECTOR('',#11659,1.);
#11659 = DIRECTION('',(0.319451166675,-0.947602739607,0.));
#11660 = ORIENTED_EDGE('',*,*,#11639,.T.);
#11661 = ORIENTED_EDGE('',*,*,#11662,.F.);
#11662 = EDGE_CURVE('',#11663,#11632,#11665,.T.);
#11663 = VERTEX_POINT('',#11664);
#11664 = CARTESIAN_POINT('',(-5.391541291593E-02,-4.509764831265E-02,0.1
    ));
#11665 = LINE('',#11666,#11667);
#11666 = CARTESIAN_POINT('',(-6.740001647375E-02,-5.09764641275E-03,0.1)
  );
#11667 = VECTOR('',#11668,1.);
#11668 = DIRECTION('',(-0.319451166675,0.947602739607,0.));
#11669 = ORIENTED_EDGE('',*,*,#11670,.F.);
#11670 = EDGE_CURVE('',#11654,#11663,#11671,.T.);
#11671 = LINE('',#11672,#11673);
#11672 = CARTESIAN_POINT('',(-5.391541291593E-02,-4.509764831265E-02,0.)
  );
#11673 = VECTOR('',#11674,1.);
#11674 = DIRECTION('',(0.,0.,1.));
#11675 = PLANE('',#11676);
#11676 = AXIS2_PLACEMENT_3D('',#11677,#11678,#11679);
#11677 = CARTESIAN_POINT('',(-5.391541291593E-02,-4.509764831265E-02,0.)
  );
#11678 = DIRECTION('',(0.947602739607,0.319451166675,0.));
#11679 = DIRECTION('',(-0.319451166675,0.947602739607,0.));
#11680 = ADVANCED_FACE('',(#11681),#11706,.T.);
#11681 = FACE_BOUND('',#11682,.T.);
#11682 = EDGE_LOOP('',(#11683,#11691,#11692,#11700));
#11683 = ORIENTED_EDGE('',*,*,#11684,.F.);
#11684 = EDGE_CURVE('',#11654,#11685,#11687,.T.);
#11685 = VERTEX_POINT('',#11686);
#11686 = CARTESIAN_POINT('',(-5.952319276089E-02,-4.509764831265E-02,0.)
  );
#11687 = LINE('',#11688,#11689);
#11688 = CARTESIAN_POINT('',(-5.391541291593E-02,-4.509764831265E-02,0.)
  );
#11689 = VECTOR('',#11690,1.);
#11690 = DIRECTION('',(-1.,0.,0.));
#11691 = ORIENTED_EDGE('',*,*,#11670,.T.);
#11692 = ORIENTED_EDGE('',*,*,#11693,.F.);
#11693 = EDGE_CURVE('',#11694,#11663,#11696,.T.);
#11694 = VERTEX_POINT('',#11695);
#11695 = CARTESIAN_POINT('',(-5.952319276089E-02,-4.509764831265E-02,0.1
    ));
#11696 = LINE('',#11697,#11698);
#11697 = CARTESIAN_POINT('',(-5.391541291593E-02,-4.509764831265E-02,0.1
    ));
#11698 = VECTOR('',#11699,1.);
#11699 = DIRECTION('',(1.,0.,0.));
#11700 = ORIENTED_EDGE('',*,*,#11701,.F.);
#11701 = EDGE_CURVE('',#11685,#11694,#11702,.T.);
#11702 = LINE('',#11703,#11704);
#11703 = CARTESIAN_POINT('',(-5.952319276089E-02,-4.509764831265E-02,0.)
  );
#11704 = VECTOR('',#11705,1.);
#11705 = DIRECTION('',(0.,0.,1.));
#11706 = PLANE('',#11707);
#11707 = AXIS2_PLACEMENT_3D('',#11708,#11709,#11710);
#11708 = CARTESIAN_POINT('',(-5.952319276089E-02,-4.509764831265E-02,0.)
  );
#11709 = DIRECTION('',(0.,-1.,0.));
#11710 = DIRECTION('',(1.,0.,0.));
#11711 = ADVANCED_FACE('',(#11712),#11737,.T.);
#11712 = FACE_BOUND('',#11713,.T.);
#11713 = EDGE_LOOP('',(#11714,#11722,#11723,#11731));
#11714 = ORIENTED_EDGE('',*,*,#11715,.F.);
#11715 = EDGE_CURVE('',#11685,#11716,#11718,.T.);
#11716 = VERTEX_POINT('',#11717);
#11717 = CARTESIAN_POINT('',(-6.315366294953E-02,-3.391450353512E-02,0.)
  );
#11718 = LINE('',#11719,#11720);
#11719 = CARTESIAN_POINT('',(-5.952319276089E-02,-4.509764831265E-02,0.)
  );
#11720 = VECTOR('',#11721,1.);
#11721 = DIRECTION('',(-0.308774363938,0.951135317489,0.));
#11722 = ORIENTED_EDGE('',*,*,#11701,.T.);
#11723 = ORIENTED_EDGE('',*,*,#11724,.F.);
#11724 = EDGE_CURVE('',#11725,#11694,#11727,.T.);
#11725 = VERTEX_POINT('',#11726);
#11726 = CARTESIAN_POINT('',(-6.315366294953E-02,-3.391450353512E-02,0.1
    ));
#11727 = LINE('',#11728,#11729);
#11728 = CARTESIAN_POINT('',(-5.952319276089E-02,-4.509764831265E-02,0.1
    ));
#11729 = VECTOR('',#11730,1.);
#11730 = DIRECTION('',(0.308774363938,-0.951135317489,0.));
#11731 = ORIENTED_EDGE('',*,*,#11732,.F.);
#11732 = EDGE_CURVE('',#11716,#11725,#11733,.T.);
#11733 = LINE('',#11734,#11735);
#11734 = CARTESIAN_POINT('',(-6.315366294953E-02,-3.391450353512E-02,0.)
  );
#11735 = VECTOR('',#11736,1.);
#11736 = DIRECTION('',(0.,0.,1.));
#11737 = PLANE('',#11738);
#11738 = AXIS2_PLACEMENT_3D('',#11739,#11740,#11741);
#11739 = CARTESIAN_POINT('',(-6.315366294953E-02,-3.391450353512E-02,0.)
  );
#11740 = DIRECTION('',(-0.951135317489,-0.308774363938,0.));
#11741 = DIRECTION('',(0.308774363938,-0.951135317489,0.));
#11742 = ADVANCED_FACE('',(#11743),#11768,.T.);
#11743 = FACE_BOUND('',#11744,.T.);
#11744 = EDGE_LOOP('',(#11745,#11753,#11754,#11762));
#11745 = ORIENTED_EDGE('',*,*,#11746,.F.);
#11746 = EDGE_CURVE('',#11716,#11747,#11749,.T.);
#11747 = VERTEX_POINT('',#11748);
#11748 = CARTESIAN_POINT('',(-7.842108668928E-02,-3.391450353512E-02,0.)
  );
#11749 = LINE('',#11750,#11751);
#11750 = CARTESIAN_POINT('',(-6.315366294953E-02,-3.391450353512E-02,0.)
  );
#11751 = VECTOR('',#11752,1.);
#11752 = DIRECTION('',(-1.,0.,0.));
#11753 = ORIENTED_EDGE('',*,*,#11732,.T.);
#11754 = ORIENTED_EDGE('',*,*,#11755,.F.);
#11755 = EDGE_CURVE('',#11756,#11725,#11758,.T.);
#11756 = VERTEX_POINT('',#11757);
#11757 = CARTESIAN_POINT('',(-7.842108668928E-02,-3.391450353512E-02,0.1
    ));
#11758 = LINE('',#11759,#11760);
#11759 = CARTESIAN_POINT('',(-6.315366294953E-02,-3.391450353512E-02,0.1
    ));
#11760 = VECTOR('',#11761,1.);
#11761 = DIRECTION('',(1.,0.,0.));
#11762 = ORIENTED_EDGE('',*,*,#11763,.F.);
#11763 = EDGE_CURVE('',#11747,#11756,#11764,.T.);
#11764 = LINE('',#11765,#11766);
#11765 = CARTESIAN_POINT('',(-7.842108668928E-02,-3.391450353512E-02,0.)
  );
#11766 = VECTOR('',#11767,1.);
#11767 = DIRECTION('',(0.,0.,1.));
#11768 = PLANE('',#11769);
#11769 = AXIS2_PLACEMENT_3D('',#11770,#11771,#11772);
#11770 = CARTESIAN_POINT('',(-7.842108668928E-02,-3.391450353512E-02,0.)
  );
#11771 = DIRECTION('',(0.,-1.,0.));
#11772 = DIRECTION('',(1.,0.,0.));
#11773 = ADVANCED_FACE('',(#11774),#11799,.T.);
#11774 = FACE_BOUND('',#11775,.T.);
#11775 = EDGE_LOOP('',(#11776,#11784,#11785,#11793));
#11776 = ORIENTED_EDGE('',*,*,#11777,.F.);
#11777 = EDGE_CURVE('',#11747,#11778,#11780,.T.);
#11778 = VERTEX_POINT('',#11779);
#11779 = CARTESIAN_POINT('',(-8.205155687793E-02,-4.509764831265E-02,0.)
  );
#11780 = LINE('',#11781,#11782);
#11781 = CARTESIAN_POINT('',(-7.842108668928E-02,-3.391450353512E-02,0.)
  );
#11782 = VECTOR('',#11783,1.);
#11783 = DIRECTION('',(-0.308774363938,-0.951135317489,0.));
#11784 = ORIENTED_EDGE('',*,*,#11763,.T.);
#11785 = ORIENTED_EDGE('',*,*,#11786,.F.);
#11786 = EDGE_CURVE('',#11787,#11756,#11789,.T.);
#11787 = VERTEX_POINT('',#11788);
#11788 = CARTESIAN_POINT('',(-8.205155687793E-02,-4.509764831265E-02,0.1
    ));
#11789 = LINE('',#11790,#11791);
#11790 = CARTESIAN_POINT('',(-7.842108668928E-02,-3.391450353512E-02,0.1
    ));
#11791 = VECTOR('',#11792,1.);
#11792 = DIRECTION('',(0.308774363938,0.951135317489,0.));
#11793 = ORIENTED_EDGE('',*,*,#11794,.F.);
#11794 = EDGE_CURVE('',#11778,#11787,#11795,.T.);
#11795 = LINE('',#11796,#11797);
#11796 = CARTESIAN_POINT('',(-8.205155687793E-02,-4.509764831265E-02,0.)
  );
#11797 = VECTOR('',#11798,1.);
#11798 = DIRECTION('',(0.,0.,1.));
#11799 = PLANE('',#11800);
#11800 = AXIS2_PLACEMENT_3D('',#11801,#11802,#11803);
#11801 = CARTESIAN_POINT('',(-8.205155687793E-02,-4.509764831265E-02,0.)
  );
#11802 = DIRECTION('',(0.951135317489,-0.308774363938,0.));
#11803 = DIRECTION('',(0.308774363938,0.951135317489,0.));
#11804 = ADVANCED_FACE('',(#11805),#11830,.T.);
#11805 = FACE_BOUND('',#11806,.T.);
#11806 = EDGE_LOOP('',(#11807,#11815,#11816,#11824));
#11807 = ORIENTED_EDGE('',*,*,#11808,.F.);
#11808 = EDGE_CURVE('',#11778,#11809,#11811,.T.);
#11809 = VERTEX_POINT('',#11810);
#11810 = CARTESIAN_POINT('',(-8.74324323361E-02,-4.509764831265E-02,0.)
  );
#11811 = LINE('',#11812,#11813);
#11812 = CARTESIAN_POINT('',(-8.205155687793E-02,-4.509764831265E-02,0.)
  );
#11813 = VECTOR('',#11814,1.);
#11814 = DIRECTION('',(-1.,0.,0.));
#11815 = ORIENTED_EDGE('',*,*,#11794,.T.);
#11816 = ORIENTED_EDGE('',*,*,#11817,.F.);
#11817 = EDGE_CURVE('',#11818,#11787,#11820,.T.);
#11818 = VERTEX_POINT('',#11819);
#11819 = CARTESIAN_POINT('',(-8.74324323361E-02,-4.509764831265E-02,0.1)
  );
#11820 = LINE('',#11821,#11822);
#11821 = CARTESIAN_POINT('',(-8.205155687793E-02,-4.509764831265E-02,0.1
    ));
#11822 = VECTOR('',#11823,1.);
#11823 = DIRECTION('',(1.,0.,0.));
#11824 = ORIENTED_EDGE('',*,*,#11825,.F.);
#11825 = EDGE_CURVE('',#11809,#11818,#11826,.T.);
#11826 = LINE('',#11827,#11828);
#11827 = CARTESIAN_POINT('',(-8.74324323361E-02,-4.509764831265E-02,0.)
  );
#11828 = VECTOR('',#11829,1.);
#11829 = DIRECTION('',(0.,0.,1.));
#11830 = PLANE('',#11831);
#11831 = AXIS2_PLACEMENT_3D('',#11832,#11833,#11834);
#11832 = CARTESIAN_POINT('',(-8.74324323361E-02,-4.509764831265E-02,0.)
  );
#11833 = DIRECTION('',(0.,-1.,0.));
#11834 = DIRECTION('',(1.,0.,0.));
#11835 = ADVANCED_FACE('',(#11836),#11852,.T.);
#11836 = FACE_BOUND('',#11837,.T.);
#11837 = EDGE_LOOP('',(#11838,#11844,#11845,#11851));
#11838 = ORIENTED_EDGE('',*,*,#11839,.F.);
#11839 = EDGE_CURVE('',#11809,#11614,#11840,.T.);
#11840 = LINE('',#11841,#11842);
#11841 = CARTESIAN_POINT('',(-8.74324323361E-02,-4.509764831265E-02,0.)
  );
#11842 = VECTOR('',#11843,1.);
#11843 = DIRECTION('',(0.319451166675,0.947602739607,0.));
#11844 = ORIENTED_EDGE('',*,*,#11825,.T.);
#11845 = ORIENTED_EDGE('',*,*,#11846,.F.);
#11846 = EDGE_CURVE('',#11624,#11818,#11847,.T.);
#11847 = LINE('',#11848,#11849);
#11848 = CARTESIAN_POINT('',(-8.74324323361E-02,-4.509764831265E-02,0.1)
  );
#11849 = VECTOR('',#11850,1.);
#11850 = DIRECTION('',(-0.319451166675,-0.947602739607,0.));
#11851 = ORIENTED_EDGE('',*,*,#11623,.F.);
#11852 = PLANE('',#11853);
#11853 = AXIS2_PLACEMENT_3D('',#11854,#11855,#11856);
#11854 = CARTESIAN_POINT('',(-7.394782877827E-02,-5.09764641275E-03,0.)
  );
#11855 = DIRECTION('',(-0.947602739607,0.319451166675,0.));
#11856 = DIRECTION('',(-0.319451166675,-0.947602739607,0.));
#11857 = ADVANCED_FACE('',(#11858,#11868),#11873,.F.);
#11858 = FACE_BOUND('',#11859,.T.);
#11859 = EDGE_LOOP('',(#11860,#11861,#11862,#11863,#11864,#11865,#11866,
    #11867));
#11860 = ORIENTED_EDGE('',*,*,#11839,.T.);
#11861 = ORIENTED_EDGE('',*,*,#11613,.T.);
#11862 = ORIENTED_EDGE('',*,*,#11653,.T.);
#11863 = ORIENTED_EDGE('',*,*,#11684,.T.);
#11864 = ORIENTED_EDGE('',*,*,#11715,.T.);
#11865 = ORIENTED_EDGE('',*,*,#11746,.T.);
#11866 = ORIENTED_EDGE('',*,*,#11777,.T.);
#11867 = ORIENTED_EDGE('',*,*,#11808,.T.);
#11868 = FACE_BOUND('',#11869,.T.);
#11869 = EDGE_LOOP('',(#11870,#11871,#11872));
#11870 = ORIENTED_EDGE('',*,*,#11520,.T.);
#11871 = ORIENTED_EDGE('',*,*,#11591,.T.);
#11872 = ORIENTED_EDGE('',*,*,#11560,.T.);
#11873 = PLANE('',#11874);
#11874 = AXIS2_PLACEMENT_3D('',#11875,#11876,#11877);
#11875 = CARTESIAN_POINT('',(-7.068702524532E-02,-2.909250077404E-02,0.)
  );
#11876 = DIRECTION('',(0.,0.,1.));
#11877 = DIRECTION('',(1.,0.,-0.));
#11878 = ADVANCED_FACE('',(#11879,#11889),#11894,.T.);
#11879 = FACE_BOUND('',#11880,.T.);
#11880 = EDGE_LOOP('',(#11881,#11882,#11883,#11884,#11885,#11886,#11887,
    #11888));
#11881 = ORIENTED_EDGE('',*,*,#11846,.T.);
#11882 = ORIENTED_EDGE('',*,*,#11817,.T.);
#11883 = ORIENTED_EDGE('',*,*,#11786,.T.);
#11884 = ORIENTED_EDGE('',*,*,#11755,.T.);
#11885 = ORIENTED_EDGE('',*,*,#11724,.T.);
#11886 = ORIENTED_EDGE('',*,*,#11693,.T.);
#11887 = ORIENTED_EDGE('',*,*,#11662,.T.);
#11888 = ORIENTED_EDGE('',*,*,#11631,.T.);
#11889 = FACE_BOUND('',#11890,.T.);
#11890 = EDGE_LOOP('',(#11891,#11892,#11893));
#11891 = ORIENTED_EDGE('',*,*,#11538,.T.);
#11892 = ORIENTED_EDGE('',*,*,#11576,.T.);
#11893 = ORIENTED_EDGE('',*,*,#11598,.T.);
#11894 = PLANE('',#11895);
#11895 = AXIS2_PLACEMENT_3D('',#11896,#11897,#11898);
#11896 = CARTESIAN_POINT('',(-7.068702524532E-02,-2.909250077404E-02,0.1
    ));
#11897 = DIRECTION('',(0.,0.,1.));
#11898 = DIRECTION('',(1.,0.,-0.));
#11899 = MANIFOLD_SOLID_BREP('',#11900);
#11900 = CLOSED_SHELL('',(#11901,#11941,#11972,#12003,#12034,#12065,
    #12096,#12127,#12158,#12180,#12197));
#11901 = ADVANCED_FACE('',(#11902),#11936,.T.);
#11902 = FACE_BOUND('',#11903,.T.);
#11903 = EDGE_LOOP('',(#11904,#11914,#11922,#11930));
#11904 = ORIENTED_EDGE('',*,*,#11905,.F.);
#11905 = EDGE_CURVE('',#11906,#11908,#11910,.T.);
#11906 = VERTEX_POINT('',#11907);
#11907 = CARTESIAN_POINT('',(-3.56334023231E-02,-2.7399106143E-02,0.));
#11908 = VERTEX_POINT('',#11909);
#11909 = CARTESIAN_POINT('',(-3.56334023231E-02,-4.509764831265E-02,0.)
  );
#11910 = LINE('',#11911,#11912);
#11911 = CARTESIAN_POINT('',(-3.56334023231E-02,-2.7399106143E-02,0.));
#11912 = VECTOR('',#11913,1.);
#11913 = DIRECTION('',(0.,-1.,0.));
#11914 = ORIENTED_EDGE('',*,*,#11915,.T.);
#11915 = EDGE_CURVE('',#11906,#11916,#11918,.T.);
#11916 = VERTEX_POINT('',#11917);
#11917 = CARTESIAN_POINT('',(-3.56334023231E-02,-2.7399106143E-02,0.1));
#11918 = LINE('',#11919,#11920);
#11919 = CARTESIAN_POINT('',(-3.56334023231E-02,-2.7399106143E-02,0.));
#11920 = VECTOR('',#11921,1.);
#11921 = DIRECTION('',(0.,0.,1.));
#11922 = ORIENTED_EDGE('',*,*,#11923,.F.);
#11923 = EDGE_CURVE('',#11924,#11916,#11926,.T.);
#11924 = VERTEX_POINT('',#11925);
#11925 = CARTESIAN_POINT('',(-3.56334023231E-02,-4.509764831265E-02,0.1)
  );
#11926 = LINE('',#11927,#11928);
#11927 = CARTESIAN_POINT('',(-3.56334023231E-02,-2.7399106143E-02,0.1));
#11928 = VECTOR('',#11929,1.);
#11929 = DIRECTION('',(0.,1.,0.));
#11930 = ORIENTED_EDGE('',*,*,#11931,.F.);
#11931 = EDGE_CURVE('',#11908,#11924,#11932,.T.);
#11932 = LINE('',#11933,#11934);
#11933 = CARTESIAN_POINT('',(-3.56334023231E-02,-4.509764831265E-02,0.)
  );
#11934 = VECTOR('',#11935,1.);
#11935 = DIRECTION('',(0.,0.,1.));
#11936 = PLANE('',#11937);
#11937 = AXIS2_PLACEMENT_3D('',#11938,#11939,#11940);
#11938 = CARTESIAN_POINT('',(-3.56334023231E-02,-4.509764831265E-02,0.)
  );
#11939 = DIRECTION('',(1.,0.,0.));
#11940 = DIRECTION('',(-0.,1.,0.));
#11941 = ADVANCED_FACE('',(#11942),#11967,.T.);
#11942 = FACE_BOUND('',#11943,.T.);
#11943 = EDGE_LOOP('',(#11944,#11952,#11953,#11961));
#11944 = ORIENTED_EDGE('',*,*,#11945,.F.);
#11945 = EDGE_CURVE('',#11908,#11946,#11948,.T.);
#11946 = VERTEX_POINT('',#11947);
#11947 = CARTESIAN_POINT('',(-4.094944795648E-02,-4.509764831265E-02,0.)
  );
#11948 = LINE('',#11949,#11950);
#11949 = CARTESIAN_POINT('',(-3.56334023231E-02,-4.509764831265E-02,0.)
  );
#11950 = VECTOR('',#11951,1.);
#11951 = DIRECTION('',(-1.,0.,0.));
#11952 = ORIENTED_EDGE('',*,*,#11931,.T.);
#11953 = ORIENTED_EDGE('',*,*,#11954,.F.);
#11954 = EDGE_CURVE('',#11955,#11924,#11957,.T.);
#11955 = VERTEX_POINT('',#11956);
#11956 = CARTESIAN_POINT('',(-4.094944795648E-02,-4.509764831265E-02,0.1
    ));
#11957 = LINE('',#11958,#11959);
#11958 = CARTESIAN_POINT('',(-3.56334023231E-02,-4.509764831265E-02,0.1)
  );
#11959 = VECTOR('',#11960,1.);
#11960 = DIRECTION('',(1.,0.,0.));
#11961 = ORIENTED_EDGE('',*,*,#11962,.F.);
#11962 = EDGE_CURVE('',#11946,#11955,#11963,.T.);
#11963 = LINE('',#11964,#11965);
#11964 = CARTESIAN_POINT('',(-4.094944795648E-02,-4.509764831265E-02,0.)
  );
#11965 = VECTOR('',#11966,1.);
#11966 = DIRECTION('',(0.,0.,1.));
#11967 = PLANE('',#11968);
#11968 = AXIS2_PLACEMENT_3D('',#11969,#11970,#11971);
#11969 = CARTESIAN_POINT('',(-4.094944795648E-02,-4.509764831265E-02,0.)
  );
#11970 = DIRECTION('',(0.,-1.,0.));
#11971 = DIRECTION('',(1.,0.,0.));
#11972 = ADVANCED_FACE('',(#11973),#11998,.T.);
#11973 = FACE_BOUND('',#11974,.T.);
#11974 = EDGE_LOOP('',(#11975,#11983,#11984,#11992));
#11975 = ORIENTED_EDGE('',*,*,#11976,.F.);
#11976 = EDGE_CURVE('',#11946,#11977,#11979,.T.);
#11977 = VERTEX_POINT('',#11978);
#11978 = CARTESIAN_POINT('',(-4.094944795648E-02,-2.795015965378E-02,0.)
  );
#11979 = LINE('',#11980,#11981);
#11980 = CARTESIAN_POINT('',(-4.094944795648E-02,-4.509764831265E-02,0.)
  );
#11981 = VECTOR('',#11982,1.);
#11982 = DIRECTION('',(0.,1.,0.));
#11983 = ORIENTED_EDGE('',*,*,#11962,.T.);
#11984 = ORIENTED_EDGE('',*,*,#11985,.F.);
#11985 = EDGE_CURVE('',#11986,#11955,#11988,.T.);
#11986 = VERTEX_POINT('',#11987);
#11987 = CARTESIAN_POINT('',(-4.094944795648E-02,-2.795015965378E-02,0.1
    ));
#11988 = LINE('',#11989,#11990);
#11989 = CARTESIAN_POINT('',(-4.094944795648E-02,-4.509764831265E-02,0.1
    ));
#11990 = VECTOR('',#11991,1.);
#11991 = DIRECTION('',(0.,-1.,0.));
#11992 = ORIENTED_EDGE('',*,*,#11993,.F.);
#11993 = EDGE_CURVE('',#11977,#11986,#11994,.T.);
#11994 = LINE('',#11995,#11996);
#11995 = CARTESIAN_POINT('',(-4.094944795648E-02,-2.795015965378E-02,0.)
  );
#11996 = VECTOR('',#11997,1.);
#11997 = DIRECTION('',(0.,0.,1.));
#11998 = PLANE('',#11999);
#11999 = AXIS2_PLACEMENT_3D('',#12000,#12001,#12002);
#12000 = CARTESIAN_POINT('',(-4.094944795648E-02,-2.795015965378E-02,0.)
  );
#12001 = DIRECTION('',(-1.,0.,0.));
#12002 = DIRECTION('',(0.,-1.,0.));
#12003 = ADVANCED_FACE('',(#12004),#12029,.T.);
#12004 = FACE_BOUND('',#12005,.T.);
#12005 = EDGE_LOOP('',(#12006,#12014,#12015,#12023));
#12006 = ORIENTED_EDGE('',*,*,#12007,.F.);
#12007 = EDGE_CURVE('',#11977,#12008,#12010,.T.);
#12008 = VERTEX_POINT('',#12009);
#12009 = CARTESIAN_POINT('',(-5.44664664267E-02,-5.09764641275E-03,0.));
#12010 = LINE('',#12011,#12012);
#12011 = CARTESIAN_POINT('',(-4.094944795648E-02,-2.795015965378E-02,0.)
  );
#12012 = VECTOR('',#12013,1.);
#12013 = DIRECTION('',(-0.509099449898,0.860707703064,0.));
#12014 = ORIENTED_EDGE('',*,*,#11993,.T.);
#12015 = ORIENTED_EDGE('',*,*,#12016,.F.);
#12016 = EDGE_CURVE('',#12017,#11986,#12019,.T.);
#12017 = VERTEX_POINT('',#12018);
#12018 = CARTESIAN_POINT('',(-5.44664664267E-02,-5.09764641275E-03,0.1)
  );
#12019 = LINE('',#12020,#12021);
#12020 = CARTESIAN_POINT('',(-4.094944795648E-02,-2.795015965378E-02,0.1
    ));
#12021 = VECTOR('',#12022,1.);
#12022 = DIRECTION('',(0.509099449898,-0.860707703064,0.));
#12023 = ORIENTED_EDGE('',*,*,#12024,.F.);
#12024 = EDGE_CURVE('',#12008,#12017,#12025,.T.);
#12025 = LINE('',#12026,#12027);
#12026 = CARTESIAN_POINT('',(-5.44664664267E-02,-5.09764641275E-03,0.));
#12027 = VECTOR('',#12028,1.);
#12028 = DIRECTION('',(0.,0.,1.));
#12029 = PLANE('',#12030);
#12030 = AXIS2_PLACEMENT_3D('',#12031,#12032,#12033);
#12031 = CARTESIAN_POINT('',(-5.44664664267E-02,-5.09764641275E-03,0.));
#12032 = DIRECTION('',(-0.860707703064,-0.509099449898,0.));
#12033 = DIRECTION('',(0.509099449898,-0.860707703064,0.));
#12034 = ADVANCED_FACE('',(#12035),#12060,.T.);
#12035 = FACE_BOUND('',#12036,.T.);
#12036 = EDGE_LOOP('',(#12037,#12045,#12046,#12054));
#12037 = ORIENTED_EDGE('',*,*,#12038,.F.);
#12038 = EDGE_CURVE('',#12008,#12039,#12041,.T.);
#12039 = VERTEX_POINT('',#12040);
#12040 = CARTESIAN_POINT('',(-4.856695237015E-02,-5.09764641275E-03,0.)
  );
#12041 = LINE('',#12042,#12043);
#12042 = CARTESIAN_POINT('',(-5.44664664267E-02,-5.09764641275E-03,0.));
#12043 = VECTOR('',#12044,1.);
#12044 = DIRECTION('',(1.,0.,0.));
#12045 = ORIENTED_EDGE('',*,*,#12024,.T.);
#12046 = ORIENTED_EDGE('',*,*,#12047,.F.);
#12047 = EDGE_CURVE('',#12048,#12017,#12050,.T.);
#12048 = VERTEX_POINT('',#12049);
#12049 = CARTESIAN_POINT('',(-4.856695237015E-02,-5.09764641275E-03,0.1)
  );
#12050 = LINE('',#12051,#12052);
#12051 = CARTESIAN_POINT('',(-5.44664664267E-02,-5.09764641275E-03,0.1)
  );
#12052 = VECTOR('',#12053,1.);
#12053 = DIRECTION('',(-1.,0.,0.));
#12054 = ORIENTED_EDGE('',*,*,#12055,.F.);
#12055 = EDGE_CURVE('',#12039,#12048,#12056,.T.);
#12056 = LINE('',#12057,#12058);
#12057 = CARTESIAN_POINT('',(-4.856695237015E-02,-5.09764641275E-03,0.)
  );
#12058 = VECTOR('',#12059,1.);
#12059 = DIRECTION('',(0.,0.,1.));
#12060 = PLANE('',#12061);
#12061 = AXIS2_PLACEMENT_3D('',#12062,#12063,#12064);
#12062 = CARTESIAN_POINT('',(-4.856695237015E-02,-5.09764641275E-03,0.)
  );
#12063 = DIRECTION('',(0.,1.,0.));
#12064 = DIRECTION('',(-1.,0.,0.));
#12065 = ADVANCED_FACE('',(#12066),#12091,.T.);
#12066 = FACE_BOUND('',#12067,.T.);
#12067 = EDGE_LOOP('',(#12068,#12076,#12077,#12085));
#12068 = ORIENTED_EDGE('',*,*,#12069,.F.);
#12069 = EDGE_CURVE('',#12039,#12070,#12072,.T.);
#12070 = VERTEX_POINT('',#12071);
#12071 = CARTESIAN_POINT('',(-3.825901022739E-02,-2.26989438452E-02,0.)
  );
#12072 = LINE('',#12073,#12074);
#12073 = CARTESIAN_POINT('',(-4.856695237015E-02,-5.09764641275E-03,0.)
  );
#12074 = VECTOR('',#12075,1.);
#12075 = DIRECTION('',(0.505352400517,-0.862913061259,0.));
#12076 = ORIENTED_EDGE('',*,*,#12055,.T.);
#12077 = ORIENTED_EDGE('',*,*,#12078,.F.);
#12078 = EDGE_CURVE('',#12079,#12048,#12081,.T.);
#12079 = VERTEX_POINT('',#12080);
#12080 = CARTESIAN_POINT('',(-3.825901022739E-02,-2.26989438452E-02,0.1)
  );
#12081 = LINE('',#12082,#12083);
#12082 = CARTESIAN_POINT('',(-4.856695237015E-02,-5.09764641275E-03,0.1)
  );
#12083 = VECTOR('',#12084,1.);
#12084 = DIRECTION('',(-0.505352400517,0.862913061259,0.));
#12085 = ORIENTED_EDGE('',*,*,#12086,.F.);
#12086 = EDGE_CURVE('',#12070,#12079,#12087,.T.);
#12087 = LINE('',#12088,#12089);
#12088 = CARTESIAN_POINT('',(-3.825901022739E-02,-2.26989438452E-02,0.)
  );
#12089 = VECTOR('',#12090,1.);
#12090 = DIRECTION('',(0.,0.,1.));
#12091 = PLANE('',#12092);
#12092 = AXIS2_PLACEMENT_3D('',#12093,#12094,#12095);
#12093 = CARTESIAN_POINT('',(-3.825901022739E-02,-2.26989438452E-02,0.)
  );
#12094 = DIRECTION('',(0.862913061259,0.505352400517,0.));
#12095 = DIRECTION('',(-0.505352400517,0.862913061259,0.));
#12096 = ADVANCED_FACE('',(#12097),#12122,.T.);
#12097 = FACE_BOUND('',#12098,.T.);
#12098 = EDGE_LOOP('',(#12099,#12107,#12108,#12116));
#12099 = ORIENTED_EDGE('',*,*,#12100,.F.);
#12100 = EDGE_CURVE('',#12070,#12101,#12103,.T.);
#12101 = VERTEX_POINT('',#12102);
#12102 = CARTESIAN_POINT('',(-2.775657861024E-02,-5.09764641275E-03,0.)
  );
#12103 = LINE('',#12104,#12105);
#12104 = CARTESIAN_POINT('',(-3.825901022739E-02,-2.26989438452E-02,0.)
  );
#12105 = VECTOR('',#12106,1.);
#12106 = DIRECTION('',(0.512401080946,0.85874625603,0.));
#12107 = ORIENTED_EDGE('',*,*,#12086,.T.);
#12108 = ORIENTED_EDGE('',*,*,#12109,.F.);
#12109 = EDGE_CURVE('',#12110,#12079,#12112,.T.);
#12110 = VERTEX_POINT('',#12111);
#12111 = CARTESIAN_POINT('',(-2.775657861024E-02,-5.09764641275E-03,0.1)
  );
#12112 = LINE('',#12113,#12114);
#12113 = CARTESIAN_POINT('',(-3.825901022739E-02,-2.26989438452E-02,0.1)
  );
#12114 = VECTOR('',#12115,1.);
#12115 = DIRECTION('',(-0.512401080946,-0.85874625603,0.));
#12116 = ORIENTED_EDGE('',*,*,#12117,.F.);
#12117 = EDGE_CURVE('',#12101,#12110,#12118,.T.);
#12118 = LINE('',#12119,#12120);
#12119 = CARTESIAN_POINT('',(-2.775657861024E-02,-5.09764641275E-03,0.)
  );
#12120 = VECTOR('',#12121,1.);
#12121 = DIRECTION('',(0.,0.,1.));
#12122 = PLANE('',#12123);
#12123 = AXIS2_PLACEMENT_3D('',#12124,#12125,#12126);
#12124 = CARTESIAN_POINT('',(-2.775657861024E-02,-5.09764641275E-03,0.)
  );
#12125 = DIRECTION('',(-0.85874625603,0.512401080946,0.));
#12126 = DIRECTION('',(-0.512401080946,-0.85874625603,0.));
#12127 = ADVANCED_FACE('',(#12128),#12153,.T.);
#12128 = FACE_BOUND('',#12129,.T.);
#12129 = EDGE_LOOP('',(#12130,#12138,#12139,#12147));
#12130 = ORIENTED_EDGE('',*,*,#12131,.F.);
#12131 = EDGE_CURVE('',#12101,#12132,#12134,.T.);
#12132 = VERTEX_POINT('',#12133);
#12133 = CARTESIAN_POINT('',(-2.211638385288E-02,-5.09764641275E-03,0.)
  );
#12134 = LINE('',#12135,#12136);
#12135 = CARTESIAN_POINT('',(-2.775657861024E-02,-5.09764641275E-03,0.)
  );
#12136 = VECTOR('',#12137,1.);
#12137 = DIRECTION('',(1.,0.,0.));
#12138 = ORIENTED_EDGE('',*,*,#12117,.T.);
#12139 = ORIENTED_EDGE('',*,*,#12140,.F.);
#12140 = EDGE_CURVE('',#12141,#12110,#12143,.T.);
#12141 = VERTEX_POINT('',#12142);
#12142 = CARTESIAN_POINT('',(-2.211638385288E-02,-5.09764641275E-03,0.1)
  );
#12143 = LINE('',#12144,#12145);
#12144 = CARTESIAN_POINT('',(-2.775657861024E-02,-5.09764641275E-03,0.1)
  );
#12145 = VECTOR('',#12146,1.);
#12146 = DIRECTION('',(-1.,0.,0.));
#12147 = ORIENTED_EDGE('',*,*,#12148,.F.);
#12148 = EDGE_CURVE('',#12132,#12141,#12149,.T.);
#12149 = LINE('',#12150,#12151);
#12150 = CARTESIAN_POINT('',(-2.211638385288E-02,-5.09764641275E-03,0.)
  );
#12151 = VECTOR('',#12152,1.);
#12152 = DIRECTION('',(0.,0.,1.));
#12153 = PLANE('',#12154);
#12154 = AXIS2_PLACEMENT_3D('',#12155,#12156,#12157);
#12155 = CARTESIAN_POINT('',(-2.211638385288E-02,-5.09764641275E-03,0.)
  );
#12156 = DIRECTION('',(0.,1.,0.));
#12157 = DIRECTION('',(-1.,0.,0.));
#12158 = ADVANCED_FACE('',(#12159),#12175,.T.);
#12159 = FACE_BOUND('',#12160,.T.);
#12160 = EDGE_LOOP('',(#12161,#12167,#12168,#12174));
#12161 = ORIENTED_EDGE('',*,*,#12162,.F.);
#12162 = EDGE_CURVE('',#12132,#11906,#12163,.T.);
#12163 = LINE('',#12164,#12165);
#12164 = CARTESIAN_POINT('',(-2.211638385288E-02,-5.09764641275E-03,0.)
  );
#12165 = VECTOR('',#12166,1.);
#12166 = DIRECTION('',(-0.518329263751,-0.855181135397,0.));
#12167 = ORIENTED_EDGE('',*,*,#12148,.T.);
#12168 = ORIENTED_EDGE('',*,*,#12169,.F.);
#12169 = EDGE_CURVE('',#11916,#12141,#12170,.T.);
#12170 = LINE('',#12171,#12172);
#12171 = CARTESIAN_POINT('',(-2.211638385288E-02,-5.09764641275E-03,0.1)
  );
#12172 = VECTOR('',#12173,1.);
#12173 = DIRECTION('',(0.518329263751,0.855181135397,0.));
#12174 = ORIENTED_EDGE('',*,*,#11915,.F.);
#12175 = PLANE('',#12176);
#12176 = AXIS2_PLACEMENT_3D('',#12177,#12178,#12179);
#12177 = CARTESIAN_POINT('',(-3.56334023231E-02,-2.7399106143E-02,0.));
#12178 = DIRECTION('',(0.855181135397,-0.518329263751,0.));
#12179 = DIRECTION('',(0.518329263751,0.855181135397,0.));
#12180 = ADVANCED_FACE('',(#12181),#12192,.F.);
#12181 = FACE_BOUND('',#12182,.T.);
#12182 = EDGE_LOOP('',(#12183,#12184,#12185,#12186,#12187,#12188,#12189,
    #12190,#12191));
#12183 = ORIENTED_EDGE('',*,*,#12162,.T.);
#12184 = ORIENTED_EDGE('',*,*,#11905,.T.);
#12185 = ORIENTED_EDGE('',*,*,#11945,.T.);
#12186 = ORIENTED_EDGE('',*,*,#11976,.T.);
#12187 = ORIENTED_EDGE('',*,*,#12007,.T.);
#12188 = ORIENTED_EDGE('',*,*,#12038,.T.);
#12189 = ORIENTED_EDGE('',*,*,#12069,.T.);
#12190 = ORIENTED_EDGE('',*,*,#12100,.T.);
#12191 = ORIENTED_EDGE('',*,*,#12131,.T.);
#12192 = PLANE('',#12193);
#12193 = AXIS2_PLACEMENT_3D('',#12194,#12195,#12196);
#12194 = CARTESIAN_POINT('',(-3.830421021877E-02,-2.063842969425E-02,0.)
  );
#12195 = DIRECTION('',(0.,0.,1.));
#12196 = DIRECTION('',(1.,0.,-0.));
#12197 = ADVANCED_FACE('',(#12198),#12209,.T.);
#12198 = FACE_BOUND('',#12199,.T.);
#12199 = EDGE_LOOP('',(#12200,#12201,#12202,#12203,#12204,#12205,#12206,
    #12207,#12208));
#12200 = ORIENTED_EDGE('',*,*,#12169,.T.);
#12201 = ORIENTED_EDGE('',*,*,#12140,.T.);
#12202 = ORIENTED_EDGE('',*,*,#12109,.T.);
#12203 = ORIENTED_EDGE('',*,*,#12078,.T.);
#12204 = ORIENTED_EDGE('',*,*,#12047,.T.);
#12205 = ORIENTED_EDGE('',*,*,#12016,.T.);
#12206 = ORIENTED_EDGE('',*,*,#11985,.T.);
#12207 = ORIENTED_EDGE('',*,*,#11954,.T.);
#12208 = ORIENTED_EDGE('',*,*,#11923,.T.);
#12209 = PLANE('',#12210);
#12210 = AXIS2_PLACEMENT_3D('',#12211,#12212,#12213);
#12211 = CARTESIAN_POINT('',(-3.830421021877E-02,-2.063842969425E-02,0.1
    ));
#12212 = DIRECTION('',(0.,0.,1.));
#12213 = DIRECTION('',(1.,0.,-0.));
#12214 = ( GEOMETRIC_REPRESENTATION_CONTEXT(3) 
GLOBAL_UNCERTAINTY_ASSIGNED_CONTEXT((#12218)) 
GLOBAL_UNIT_ASSIGNED_CONTEXT((#12215,#12216,#12217)) 
REPRESENTATION_CONTEXT('Context #1',
  '3D Context with UNIT and UNCERTAINTY') );
#12215 = ( LENGTH_UNIT() NAMED_UNIT(*) SI_UNIT(.MILLI.,.METRE.) );
#12216 = ( NAMED_UNIT(*) PLANE_ANGLE_UNIT() SI_UNIT($,.RADIAN.) );
#12217 = ( NAMED_UNIT(*) SI_UNIT($,.STERADIAN.) SOLID_ANGLE_UNIT() );
#12218 = UNCERTAINTY_MEASURE_WITH_UNIT(LENGTH_MEASURE(1.E-05),#12215,
  'distance_accuracy_value','confusion accuracy');
#12219 = SHAPE_DEFINITION_REPRESENTATION(#12220,#9728);
#12220 = PRODUCT_DEFINITION_SHAPE('','',#12221);
#12221 = PRODUCT_DEFINITION('design','',#12222,#12225);
#12222 = PRODUCT_DEFINITION_FORMATION('','',#12223);
#12223 = PRODUCT('Vishay logo','Vishay logo','',(#12224));
#12224 = PRODUCT_CONTEXT('',#2,'mechanical');
#12225 = PRODUCT_DEFINITION_CONTEXT('part definition',#2,'design');
#12226 = CONTEXT_DEPENDENT_SHAPE_REPRESENTATION(#12227,#12229);
#12227 = ( REPRESENTATION_RELATIONSHIP('','',#9728,#7811) 
REPRESENTATION_RELATIONSHIP_WITH_TRANSFORMATION(#12228) 
SHAPE_REPRESENTATION_RELATIONSHIP() );
#12228 = ITEM_DEFINED_TRANSFORMATION('','',#11,#7828);
#12229 = PRODUCT_DEFINITION_SHAPE('Placement','Placement of an item',
  #12230);
#12230 = NEXT_ASSEMBLY_USAGE_OCCURRENCE('62','Vishay logo:1','',#7806,
  #12221,$);
#12231 = PRODUCT_RELATED_PRODUCT_CATEGORY('part',$,(#12223));
#12232 = CONTEXT_DEPENDENT_SHAPE_REPRESENTATION(#12233,#12235);
#12233 = ( REPRESENTATION_RELATIONSHIP('','',#7811,#7794) 
REPRESENTATION_RELATIONSHIP_WITH_TRANSFORMATION(#12234) 
SHAPE_REPRESENTATION_RELATIONSHIP() );
#12234 = ITEM_DEFINED_TRANSFORMATION('','',#11,#7795);
#12235 = PRODUCT_DEFINITION_SHAPE('Placement','Placement of an item',
  #12236);
#12236 = NEXT_ASSEMBLY_USAGE_OCCURRENCE('63','','',#7789,#7806,$);
#12237 = PRODUCT_RELATED_PRODUCT_CATEGORY('part',$,(#7808));
#12238 = CONTEXT_DEPENDENT_SHAPE_REPRESENTATION(#12239,#12241);
#12239 = ( REPRESENTATION_RELATIONSHIP('','',#7794,#10) 
REPRESENTATION_RELATIONSHIP_WITH_TRANSFORMATION(#12240) 
SHAPE_REPRESENTATION_RELATIONSHIP() );
#12240 = ITEM_DEFINED_TRANSFORMATION('','',#11,#55);
#12241 = PRODUCT_DEFINITION_SHAPE('Placement','Placement of an item',
  #12242);
#12242 = NEXT_ASSEMBLY_USAGE_OCCURRENCE('64','','',#5,#7789,$);
#12243 = PRODUCT_RELATED_PRODUCT_CATEGORY('part',$,(#7791));
#12244 = SHAPE_DEFINITION_REPRESENTATION(#12245,#12251);
#12245 = PRODUCT_DEFINITION_SHAPE('','',#12246);
#12246 = PRODUCT_DEFINITION('design','',#12247,#12250);
#12247 = PRODUCT_DEFINITION_FORMATION('','',#12248);
#12248 = PRODUCT('R2','R2','',(#12249));
#12249 = PRODUCT_CONTEXT('',#2,'mechanical');
#12250 = PRODUCT_DEFINITION_CONTEXT('part definition',#2,'design');
#12251 = SHAPE_REPRESENTATION('',(#11,#12252),#12256);
#12252 = AXIS2_PLACEMENT_3D('',#12253,#12254,#12255);
#12253 = CARTESIAN_POINT('',(25.25251159668,10.250371551514,
    -0.411479830742));
#12254 = DIRECTION('',(-6.617444900424E-24,8.74227395471E-08,-1.));
#12255 = DIRECTION('',(0.707106781187,-0.707106781187,
    -6.181721196366E-08));
#12256 = ( GEOMETRIC_REPRESENTATION_CONTEXT(3) 
GLOBAL_UNCERTAINTY_ASSIGNED_CONTEXT((#12260)) 
GLOBAL_UNIT_ASSIGNED_CONTEXT((#12257,#12258,#12259)) 
REPRESENTATION_CONTEXT('Context #1',
  '3D Context with UNIT and UNCERTAINTY') );
#12257 = ( LENGTH_UNIT() NAMED_UNIT(*) SI_UNIT(.MILLI.,.METRE.) );
#12258 = ( NAMED_UNIT(*) PLANE_ANGLE_UNIT() SI_UNIT($,.RADIAN.) );
#12259 = ( NAMED_UNIT(*) SI_UNIT($,.STERADIAN.) SOLID_ANGLE_UNIT() );
#12260 = UNCERTAINTY_MEASURE_WITH_UNIT(LENGTH_MEASURE(1.E-07),#12257,
  'distance_accuracy_value','confusion accuracy');
#12261 = CONTEXT_DEPENDENT_SHAPE_REPRESENTATION(#12262,#12264);
#12262 = ( REPRESENTATION_RELATIONSHIP('','',#4236,#12251) 
REPRESENTATION_RELATIONSHIP_WITH_TRANSFORMATION(#12263) 
SHAPE_REPRESENTATION_RELATIONSHIP() );
#12263 = ITEM_DEFINED_TRANSFORMATION('','',#11,#12252);
#12264 = PRODUCT_DEFINITION_SHAPE('Placement','Placement of an item',
  #12265);
#12265 = NEXT_ASSEMBLY_USAGE_OCCURRENCE('65','','',#12246,#7714,$);
#12266 = CONTEXT_DEPENDENT_SHAPE_REPRESENTATION(#12267,#12269);
#12267 = ( REPRESENTATION_RELATIONSHIP('','',#12251,#10) 
REPRESENTATION_RELATIONSHIP_WITH_TRANSFORMATION(#12268) 
SHAPE_REPRESENTATION_RELATIONSHIP() );
#12268 = ITEM_DEFINED_TRANSFORMATION('','',#11,#59);
#12269 = PRODUCT_DEFINITION_SHAPE('Placement','Placement of an item',
  #12270);
#12270 = NEXT_ASSEMBLY_USAGE_OCCURRENCE('66','','',#5,#12246,$);
#12271 = PRODUCT_RELATED_PRODUCT_CATEGORY('part',$,(#12248));
#12272 = SHAPE_DEFINITION_REPRESENTATION(#12273,#12279);
#12273 = PRODUCT_DEFINITION_SHAPE('','',#12274);
#12274 = PRODUCT_DEFINITION('design','',#12275,#12278);
#12275 = PRODUCT_DEFINITION_FORMATION('','',#12276);
#12276 = PRODUCT('R1','R1','',(#12277));
#12277 = PRODUCT_CONTEXT('',#2,'mechanical');
#12278 = PRODUCT_DEFINITION_CONTEXT('part definition',#2,'design');
#12279 = SHAPE_REPRESENTATION('',(#11,#12280),#12284);
#12280 = AXIS2_PLACEMENT_3D('',#12281,#12282,#12283);
#12281 = CARTESIAN_POINT('',(27.800057983398,20.699998474121,
    -0.411479830742));
#12282 = DIRECTION('',(3.345166241291E-16,8.74227345228E-08,-1.));
#12283 = DIRECTION('',(0.707106661977,0.707106900396,6.181721906908E-08)
  );
#12284 = ( GEOMETRIC_REPRESENTATION_CONTEXT(3) 
GLOBAL_UNCERTAINTY_ASSIGNED_CONTEXT((#12288)) 
GLOBAL_UNIT_ASSIGNED_CONTEXT((#12285,#12286,#12287)) 
REPRESENTATION_CONTEXT('Context #1',
  '3D Context with UNIT and UNCERTAINTY') );
#12285 = ( LENGTH_UNIT() NAMED_UNIT(*) SI_UNIT(.MILLI.,.METRE.) );
#12286 = ( NAMED_UNIT(*) PLANE_ANGLE_UNIT() SI_UNIT($,.RADIAN.) );
#12287 = ( NAMED_UNIT(*) SI_UNIT($,.STERADIAN.) SOLID_ANGLE_UNIT() );
#12288 = UNCERTAINTY_MEASURE_WITH_UNIT(LENGTH_MEASURE(1.E-07),#12285,
  'distance_accuracy_value','confusion accuracy');
#12289 = CONTEXT_DEPENDENT_SHAPE_REPRESENTATION(#12290,#12292);
#12290 = ( REPRESENTATION_RELATIONSHIP('','',#4236,#12279) 
REPRESENTATION_RELATIONSHIP_WITH_TRANSFORMATION(#12291) 
SHAPE_REPRESENTATION_RELATIONSHIP() );
#12291 = ITEM_DEFINED_TRANSFORMATION('','',#11,#12280);
#12292 = PRODUCT_DEFINITION_SHAPE('Placement','Placement of an item',
  #12293);
#12293 = NEXT_ASSEMBLY_USAGE_OCCURRENCE('67','','',#12274,#7714,$);
#12294 = CONTEXT_DEPENDENT_SHAPE_REPRESENTATION(#12295,#12297);
#12295 = ( REPRESENTATION_RELATIONSHIP('','',#12279,#10) 
REPRESENTATION_RELATIONSHIP_WITH_TRANSFORMATION(#12296) 
SHAPE_REPRESENTATION_RELATIONSHIP() );
#12296 = ITEM_DEFINED_TRANSFORMATION('','',#11,#63);
#12297 = PRODUCT_DEFINITION_SHAPE('Placement','Placement of an item',
  #12298);
#12298 = NEXT_ASSEMBLY_USAGE_OCCURRENCE('68','','',#5,#12274,$);
#12299 = PRODUCT_RELATED_PRODUCT_CATEGORY('part',$,(#12276));
#12300 = SHAPE_DEFINITION_REPRESENTATION(#12301,#12307);
#12301 = PRODUCT_DEFINITION_SHAPE('','',#12302);
#12302 = PRODUCT_DEFINITION('design','',#12303,#12306);
#12303 = PRODUCT_DEFINITION_FORMATION('','',#12304);
#12304 = PRODUCT('D20','D20','',(#12305));
#12305 = PRODUCT_CONTEXT('',#2,'mechanical');
#12306 = PRODUCT_DEFINITION_CONTEXT('part definition',#2,'design');
#12307 = SHAPE_REPRESENTATION('',(#11,#12308),#12312);
#12308 = AXIS2_PLACEMENT_3D('',#12309,#12310,#12311);
#12309 = CARTESIAN_POINT('',(4.000091171265,27.840131378174,
    0.149999633431));
#12310 = DIRECTION('',(0.,-0.,1.));
#12311 = DIRECTION('',(1.,1.748455531469E-07,0.));
#12312 = ( GEOMETRIC_REPRESENTATION_CONTEXT(3) 
GLOBAL_UNCERTAINTY_ASSIGNED_CONTEXT((#12316)) 
GLOBAL_UNIT_ASSIGNED_CONTEXT((#12313,#12314,#12315)) 
REPRESENTATION_CONTEXT('Context #1',
  '3D Context with UNIT and UNCERTAINTY') );
#12313 = ( LENGTH_UNIT() NAMED_UNIT(*) SI_UNIT(.MILLI.,.METRE.) );
#12314 = ( NAMED_UNIT(*) PLANE_ANGLE_UNIT() SI_UNIT($,.RADIAN.) );
#12315 = ( NAMED_UNIT(*) SI_UNIT($,.STERADIAN.) SOLID_ANGLE_UNIT() );
#12316 = UNCERTAINTY_MEASURE_WITH_UNIT(LENGTH_MEASURE(2.E-07),#12313,
  'distance_accuracy_value','confusion accuracy');
#12317 = CONTEXT_DEPENDENT_SHAPE_REPRESENTATION(#12318,#12320);
#12318 = ( REPRESENTATION_RELATIONSHIP('','',#2040,#12307) 
REPRESENTATION_RELATIONSHIP_WITH_TRANSFORMATION(#12319) 
SHAPE_REPRESENTATION_RELATIONSHIP() );
#12319 = ITEM_DEFINED_TRANSFORMATION('','',#11,#12308);
#12320 = PRODUCT_DEFINITION_SHAPE('Placement','Placement of an item',
  #12321);
#12321 = NEXT_ASSEMBLY_USAGE_OCCURRENCE('69','','',#12302,#2035,$);
#12322 = CONTEXT_DEPENDENT_SHAPE_REPRESENTATION(#12323,#12325);
#12323 = ( REPRESENTATION_RELATIONSHIP('','',#12307,#10) 
REPRESENTATION_RELATIONSHIP_WITH_TRANSFORMATION(#12324) 
SHAPE_REPRESENTATION_RELATIONSHIP() );
#12324 = ITEM_DEFINED_TRANSFORMATION('','',#11,#67);
#12325 = PRODUCT_DEFINITION_SHAPE('Placement','Placement of an item',
  #12326);
#12326 = NEXT_ASSEMBLY_USAGE_OCCURRENCE('70','','',#5,#12302,$);
#12327 = PRODUCT_RELATED_PRODUCT_CATEGORY('part',$,(#12304));
#12328 = SHAPE_DEFINITION_REPRESENTATION(#12329,#12335);
#12329 = PRODUCT_DEFINITION_SHAPE('','',#12330);
#12330 = PRODUCT_DEFINITION('design','',#12331,#12334);
#12331 = PRODUCT_DEFINITION_FORMATION('','',#12332);
#12332 = PRODUCT('D15','D15','',(#12333));
#12333 = PRODUCT_CONTEXT('',#2,'mechanical');
#12334 = PRODUCT_DEFINITION_CONTEXT('part definition',#2,'design');
#12335 = SHAPE_REPRESENTATION('',(#11,#12336),#12340);
#12336 = AXIS2_PLACEMENT_3D('',#12337,#12338,#12339);
#12337 = CARTESIAN_POINT('',(9.506669616699,3.500091171265,
    0.149999633431));
#12338 = DIRECTION('',(0.,0.,1.));
#12339 = DIRECTION('',(-4.371138828674E-08,1.,0.));
#12340 = ( GEOMETRIC_REPRESENTATION_CONTEXT(3) 
GLOBAL_UNCERTAINTY_ASSIGNED_CONTEXT((#12344)) 
GLOBAL_UNIT_ASSIGNED_CONTEXT((#12341,#12342,#12343)) 
REPRESENTATION_CONTEXT('Context #1',
  '3D Context with UNIT and UNCERTAINTY') );
#12341 = ( LENGTH_UNIT() NAMED_UNIT(*) SI_UNIT(.MILLI.,.METRE.) );
#12342 = ( NAMED_UNIT(*) PLANE_ANGLE_UNIT() SI_UNIT($,.RADIAN.) );
#12343 = ( NAMED_UNIT(*) SI_UNIT($,.STERADIAN.) SOLID_ANGLE_UNIT() );
#12344 = UNCERTAINTY_MEASURE_WITH_UNIT(LENGTH_MEASURE(2.E-07),#12341,
  'distance_accuracy_value','confusion accuracy');
#12345 = CONTEXT_DEPENDENT_SHAPE_REPRESENTATION(#12346,#12348);
#12346 = ( REPRESENTATION_RELATIONSHIP('','',#2040,#12335) 
REPRESENTATION_RELATIONSHIP_WITH_TRANSFORMATION(#12347) 
SHAPE_REPRESENTATION_RELATIONSHIP() );
#12347 = ITEM_DEFINED_TRANSFORMATION('','',#11,#12336);
#12348 = PRODUCT_DEFINITION_SHAPE('Placement','Placement of an item',
  #12349);
#12349 = NEXT_ASSEMBLY_USAGE_OCCURRENCE('71','','',#12330,#2035,$);
#12350 = CONTEXT_DEPENDENT_SHAPE_REPRESENTATION(#12351,#12353);
#12351 = ( REPRESENTATION_RELATIONSHIP('','',#12335,#10) 
REPRESENTATION_RELATIONSHIP_WITH_TRANSFORMATION(#12352) 
SHAPE_REPRESENTATION_RELATIONSHIP() );
#12352 = ITEM_DEFINED_TRANSFORMATION('','',#11,#71);
#12353 = PRODUCT_DEFINITION_SHAPE('Placement','Placement of an item',
  #12354);
#12354 = NEXT_ASSEMBLY_USAGE_OCCURRENCE('72','','',#5,#12330,$);
#12355 = PRODUCT_RELATED_PRODUCT_CATEGORY('part',$,(#12332));
#12356 = SHAPE_DEFINITION_REPRESENTATION(#12357,#12363);
#12357 = PRODUCT_DEFINITION_SHAPE('','',#12358);
#12358 = PRODUCT_DEFINITION('design','',#12359,#12362);
#12359 = PRODUCT_DEFINITION_FORMATION('','',#12360);
#12360 = PRODUCT('D19','D19','',(#12361));
#12361 = PRODUCT_CONTEXT('',#2,'mechanical');
#12362 = PRODUCT_DEFINITION_CONTEXT('part definition',#2,'design');
#12363 = SHAPE_REPRESENTATION('',(#11,#12364),#12368);
#12364 = AXIS2_PLACEMENT_3D('',#12365,#12366,#12367);
#12365 = CARTESIAN_POINT('',(4.000091171265,23.256795501709,
    0.149999633431));
#12366 = DIRECTION('',(0.,-0.,1.));
#12367 = DIRECTION('',(1.,1.748455531469E-07,0.));
#12368 = ( GEOMETRIC_REPRESENTATION_CONTEXT(3) 
GLOBAL_UNCERTAINTY_ASSIGNED_CONTEXT((#12372)) 
GLOBAL_UNIT_ASSIGNED_CONTEXT((#12369,#12370,#12371)) 
REPRESENTATION_CONTEXT('Context #1',
  '3D Context with UNIT and UNCERTAINTY') );
#12369 = ( LENGTH_UNIT() NAMED_UNIT(*) SI_UNIT(.MILLI.,.METRE.) );
#12370 = ( NAMED_UNIT(*) PLANE_ANGLE_UNIT() SI_UNIT($,.RADIAN.) );
#12371 = ( NAMED_UNIT(*) SI_UNIT($,.STERADIAN.) SOLID_ANGLE_UNIT() );
#12372 = UNCERTAINTY_MEASURE_WITH_UNIT(LENGTH_MEASURE(2.E-07),#12369,
  'distance_accuracy_value','confusion accuracy');
#12373 = CONTEXT_DEPENDENT_SHAPE_REPRESENTATION(#12374,#12376);
#12374 = ( REPRESENTATION_RELATIONSHIP('','',#2040,#12363) 
REPRESENTATION_RELATIONSHIP_WITH_TRANSFORMATION(#12375) 
SHAPE_REPRESENTATION_RELATIONSHIP() );
#12375 = ITEM_DEFINED_TRANSFORMATION('','',#11,#12364);
#12376 = PRODUCT_DEFINITION_SHAPE('Placement','Placement of an item',
  #12377);
#12377 = NEXT_ASSEMBLY_USAGE_OCCURRENCE('73','','',#12358,#2035,$);
#12378 = CONTEXT_DEPENDENT_SHAPE_REPRESENTATION(#12379,#12381);
#12379 = ( REPRESENTATION_RELATIONSHIP('','',#12363,#10) 
REPRESENTATION_RELATIONSHIP_WITH_TRANSFORMATION(#12380) 
SHAPE_REPRESENTATION_RELATIONSHIP() );
#12380 = ITEM_DEFINED_TRANSFORMATION('','',#11,#75);
#12381 = PRODUCT_DEFINITION_SHAPE('Placement','Placement of an item',
  #12382);
#12382 = NEXT_ASSEMBLY_USAGE_OCCURRENCE('74','','',#5,#12358,$);
#12383 = PRODUCT_RELATED_PRODUCT_CATEGORY('part',$,(#12360));
#12384 = SHAPE_DEFINITION_REPRESENTATION(#12385,#12391);
#12385 = PRODUCT_DEFINITION_SHAPE('','',#12386);
#12386 = PRODUCT_DEFINITION('design','',#12387,#12390);
#12387 = PRODUCT_DEFINITION_FORMATION('','',#12388);
#12388 = PRODUCT('D14','D14','',(#12389));
#12389 = PRODUCT_CONTEXT('',#2,'mechanical');
#12390 = PRODUCT_DEFINITION_CONTEXT('part definition',#2,'design');
#12391 = SHAPE_REPRESENTATION('',(#11,#12392),#12396);
#12392 = AXIS2_PLACEMENT_3D('',#12393,#12394,#12395);
#12393 = CARTESIAN_POINT('',(14.090001678467,3.500094985962,
    0.149999633431));
#12394 = DIRECTION('',(0.,0.,1.));
#12395 = DIRECTION('',(-4.371138828674E-08,1.,0.));
#12396 = ( GEOMETRIC_REPRESENTATION_CONTEXT(3) 
GLOBAL_UNCERTAINTY_ASSIGNED_CONTEXT((#12400)) 
GLOBAL_UNIT_ASSIGNED_CONTEXT((#12397,#12398,#12399)) 
REPRESENTATION_CONTEXT('Context #1',
  '3D Context with UNIT and UNCERTAINTY') );
#12397 = ( LENGTH_UNIT() NAMED_UNIT(*) SI_UNIT(.MILLI.,.METRE.) );
#12398 = ( NAMED_UNIT(*) PLANE_ANGLE_UNIT() SI_UNIT($,.RADIAN.) );
#12399 = ( NAMED_UNIT(*) SI_UNIT($,.STERADIAN.) SOLID_ANGLE_UNIT() );
#12400 = UNCERTAINTY_MEASURE_WITH_UNIT(LENGTH_MEASURE(2.E-07),#12397,
  'distance_accuracy_value','confusion accuracy');
#12401 = CONTEXT_DEPENDENT_SHAPE_REPRESENTATION(#12402,#12404);
#12402 = ( REPRESENTATION_RELATIONSHIP('','',#2040,#12391) 
REPRESENTATION_RELATIONSHIP_WITH_TRANSFORMATION(#12403) 
SHAPE_REPRESENTATION_RELATIONSHIP() );
#12403 = ITEM_DEFINED_TRANSFORMATION('','',#11,#12392);
#12404 = PRODUCT_DEFINITION_SHAPE('Placement','Placement of an item',
  #12405);
#12405 = NEXT_ASSEMBLY_USAGE_OCCURRENCE('75','','',#12386,#2035,$);
#12406 = CONTEXT_DEPENDENT_SHAPE_REPRESENTATION(#12407,#12409);
#12407 = ( REPRESENTATION_RELATIONSHIP('','',#12391,#10) 
REPRESENTATION_RELATIONSHIP_WITH_TRANSFORMATION(#12408) 
SHAPE_REPRESENTATION_RELATIONSHIP() );
#12408 = ITEM_DEFINED_TRANSFORMATION('','',#11,#79);
#12409 = PRODUCT_DEFINITION_SHAPE('Placement','Placement of an item',
  #12410);
#12410 = NEXT_ASSEMBLY_USAGE_OCCURRENCE('76','','',#5,#12386,$);
#12411 = PRODUCT_RELATED_PRODUCT_CATEGORY('part',$,(#12388));
#12412 = SHAPE_DEFINITION_REPRESENTATION(#12413,#12419);
#12413 = PRODUCT_DEFINITION_SHAPE('','',#12414);
#12414 = PRODUCT_DEFINITION('design','',#12415,#12418);
#12415 = PRODUCT_DEFINITION_FORMATION('','',#12416);
#12416 = PRODUCT('D18','D18','',(#12417));
#12417 = PRODUCT_CONTEXT('',#2,'mechanical');
#12418 = PRODUCT_DEFINITION_CONTEXT('part definition',#2,'design');
#12419 = SHAPE_REPRESENTATION('',(#11,#12420),#12424);
#12420 = AXIS2_PLACEMENT_3D('',#12421,#12422,#12423);
#12421 = CARTESIAN_POINT('',(4.000091171265,18.673463439941,
    0.149999633431));
#12422 = DIRECTION('',(0.,-0.,1.));
#12423 = DIRECTION('',(1.,1.748455531469E-07,0.));
#12424 = ( GEOMETRIC_REPRESENTATION_CONTEXT(3) 
GLOBAL_UNCERTAINTY_ASSIGNED_CONTEXT((#12428)) 
GLOBAL_UNIT_ASSIGNED_CONTEXT((#12425,#12426,#12427)) 
REPRESENTATION_CONTEXT('Context #1',
  '3D Context with UNIT and UNCERTAINTY') );
#12425 = ( LENGTH_UNIT() NAMED_UNIT(*) SI_UNIT(.MILLI.,.METRE.) );
#12426 = ( NAMED_UNIT(*) PLANE_ANGLE_UNIT() SI_UNIT($,.RADIAN.) );
#12427 = ( NAMED_UNIT(*) SI_UNIT($,.STERADIAN.) SOLID_ANGLE_UNIT() );
#12428 = UNCERTAINTY_MEASURE_WITH_UNIT(LENGTH_MEASURE(2.E-07),#12425,
  'distance_accuracy_value','confusion accuracy');
#12429 = CONTEXT_DEPENDENT_SHAPE_REPRESENTATION(#12430,#12432);
#12430 = ( REPRESENTATION_RELATIONSHIP('','',#2040,#12419) 
REPRESENTATION_RELATIONSHIP_WITH_TRANSFORMATION(#12431) 
SHAPE_REPRESENTATION_RELATIONSHIP() );
#12431 = ITEM_DEFINED_TRANSFORMATION('','',#11,#12420);
#12432 = PRODUCT_DEFINITION_SHAPE('Placement','Placement of an item',
  #12433);
#12433 = NEXT_ASSEMBLY_USAGE_OCCURRENCE('77','','',#12414,#2035,$);
#12434 = CONTEXT_DEPENDENT_SHAPE_REPRESENTATION(#12435,#12437);
#12435 = ( REPRESENTATION_RELATIONSHIP('','',#12419,#10) 
REPRESENTATION_RELATIONSHIP_WITH_TRANSFORMATION(#12436) 
SHAPE_REPRESENTATION_RELATIONSHIP() );
#12436 = ITEM_DEFINED_TRANSFORMATION('','',#11,#83);
#12437 = PRODUCT_DEFINITION_SHAPE('Placement','Placement of an item',
  #12438);
#12438 = NEXT_ASSEMBLY_USAGE_OCCURRENCE('78','','',#5,#12414,$);
#12439 = PRODUCT_RELATED_PRODUCT_CATEGORY('part',$,(#12416));
#12440 = SHAPE_DEFINITION_REPRESENTATION(#12441,#12447);
#12441 = PRODUCT_DEFINITION_SHAPE('','',#12442);
#12442 = PRODUCT_DEFINITION('design','',#12443,#12446);
#12443 = PRODUCT_DEFINITION_FORMATION('','',#12444);
#12444 = PRODUCT('D13','D13','',(#12445));
#12445 = PRODUCT_CONTEXT('',#2,'mechanical');
#12446 = PRODUCT_DEFINITION_CONTEXT('part definition',#2,'design');
#12447 = SHAPE_REPRESENTATION('',(#11,#12448),#12452);
#12448 = AXIS2_PLACEMENT_3D('',#12449,#12450,#12451);
#12449 = CARTESIAN_POINT('',(18.673337554932,3.500091171265,
    0.149999633431));
#12450 = DIRECTION('',(0.,0.,1.));
#12451 = DIRECTION('',(-4.371138828674E-08,1.,0.));
#12452 = ( GEOMETRIC_REPRESENTATION_CONTEXT(3) 
GLOBAL_UNCERTAINTY_ASSIGNED_CONTEXT((#12456)) 
GLOBAL_UNIT_ASSIGNED_CONTEXT((#12453,#12454,#12455)) 
REPRESENTATION_CONTEXT('Context #1',
  '3D Context with UNIT and UNCERTAINTY') );
#12453 = ( LENGTH_UNIT() NAMED_UNIT(*) SI_UNIT(.MILLI.,.METRE.) );
#12454 = ( NAMED_UNIT(*) PLANE_ANGLE_UNIT() SI_UNIT($,.RADIAN.) );
#12455 = ( NAMED_UNIT(*) SI_UNIT($,.STERADIAN.) SOLID_ANGLE_UNIT() );
#12456 = UNCERTAINTY_MEASURE_WITH_UNIT(LENGTH_MEASURE(2.E-07),#12453,
  'distance_accuracy_value','confusion accuracy');
#12457 = CONTEXT_DEPENDENT_SHAPE_REPRESENTATION(#12458,#12460);
#12458 = ( REPRESENTATION_RELATIONSHIP('','',#2040,#12447) 
REPRESENTATION_RELATIONSHIP_WITH_TRANSFORMATION(#12459) 
SHAPE_REPRESENTATION_RELATIONSHIP() );
#12459 = ITEM_DEFINED_TRANSFORMATION('','',#11,#12448);
#12460 = PRODUCT_DEFINITION_SHAPE('Placement','Placement of an item',
  #12461);
#12461 = NEXT_ASSEMBLY_USAGE_OCCURRENCE('79','','',#12442,#2035,$);
#12462 = CONTEXT_DEPENDENT_SHAPE_REPRESENTATION(#12463,#12465);
#12463 = ( REPRESENTATION_RELATIONSHIP('','',#12447,#10) 
REPRESENTATION_RELATIONSHIP_WITH_TRANSFORMATION(#12464) 
SHAPE_REPRESENTATION_RELATIONSHIP() );
#12464 = ITEM_DEFINED_TRANSFORMATION('','',#11,#87);
#12465 = PRODUCT_DEFINITION_SHAPE('Placement','Placement of an item',
  #12466);
#12466 = NEXT_ASSEMBLY_USAGE_OCCURRENCE('80','','',#5,#12442,$);
#12467 = PRODUCT_RELATED_PRODUCT_CATEGORY('part',$,(#12444));
#12468 = SHAPE_DEFINITION_REPRESENTATION(#12469,#12475);
#12469 = PRODUCT_DEFINITION_SHAPE('','',#12470);
#12470 = PRODUCT_DEFINITION('design','',#12471,#12474);
#12471 = PRODUCT_DEFINITION_FORMATION('','',#12472);
#12472 = PRODUCT('D17','D17','',(#12473));
#12473 = PRODUCT_CONTEXT('',#2,'mechanical');
#12474 = PRODUCT_DEFINITION_CONTEXT('part definition',#2,'design');
#12475 = SHAPE_REPRESENTATION('',(#11,#12476),#12480);
#12476 = AXIS2_PLACEMENT_3D('',#12477,#12478,#12479);
#12477 = CARTESIAN_POINT('',(4.000091171265,14.090127563477,
    0.149999633431));
#12478 = DIRECTION('',(0.,-0.,1.));
#12479 = DIRECTION('',(1.,1.748455531469E-07,0.));
#12480 = ( GEOMETRIC_REPRESENTATION_CONTEXT(3) 
GLOBAL_UNCERTAINTY_ASSIGNED_CONTEXT((#12484)) 
GLOBAL_UNIT_ASSIGNED_CONTEXT((#12481,#12482,#12483)) 
REPRESENTATION_CONTEXT('Context #1',
  '3D Context with UNIT and UNCERTAINTY') );
#12481 = ( LENGTH_UNIT() NAMED_UNIT(*) SI_UNIT(.MILLI.,.METRE.) );
#12482 = ( NAMED_UNIT(*) PLANE_ANGLE_UNIT() SI_UNIT($,.RADIAN.) );
#12483 = ( NAMED_UNIT(*) SI_UNIT($,.STERADIAN.) SOLID_ANGLE_UNIT() );
#12484 = UNCERTAINTY_MEASURE_WITH_UNIT(LENGTH_MEASURE(2.E-07),#12481,
  'distance_accuracy_value','confusion accuracy');
#12485 = CONTEXT_DEPENDENT_SHAPE_REPRESENTATION(#12486,#12488);
#12486 = ( REPRESENTATION_RELATIONSHIP('','',#2040,#12475) 
REPRESENTATION_RELATIONSHIP_WITH_TRANSFORMATION(#12487) 
SHAPE_REPRESENTATION_RELATIONSHIP() );
#12487 = ITEM_DEFINED_TRANSFORMATION('','',#11,#12476);
#12488 = PRODUCT_DEFINITION_SHAPE('Placement','Placement of an item',
  #12489);
#12489 = NEXT_ASSEMBLY_USAGE_OCCURRENCE('81','','',#12470,#2035,$);
#12490 = CONTEXT_DEPENDENT_SHAPE_REPRESENTATION(#12491,#12493);
#12491 = ( REPRESENTATION_RELATIONSHIP('','',#12475,#10) 
REPRESENTATION_RELATIONSHIP_WITH_TRANSFORMATION(#12492) 
SHAPE_REPRESENTATION_RELATIONSHIP() );
#12492 = ITEM_DEFINED_TRANSFORMATION('','',#11,#91);
#12493 = PRODUCT_DEFINITION_SHAPE('Placement','Placement of an item',
  #12494);
#12494 = NEXT_ASSEMBLY_USAGE_OCCURRENCE('82','','',#5,#12470,$);
#12495 = PRODUCT_RELATED_PRODUCT_CATEGORY('part',$,(#12472));
#12496 = SHAPE_DEFINITION_REPRESENTATION(#12497,#12503);
#12497 = PRODUCT_DEFINITION_SHAPE('','',#12498);
#12498 = PRODUCT_DEFINITION('design','',#12499,#12502);
#12499 = PRODUCT_DEFINITION_FORMATION('','',#12500);
#12500 = PRODUCT('D12','D12','',(#12501));
#12501 = PRODUCT_CONTEXT('',#2,'mechanical');
#12502 = PRODUCT_DEFINITION_CONTEXT('part definition',#2,'design');
#12503 = SHAPE_REPRESENTATION('',(#11,#12504),#12508);
#12504 = AXIS2_PLACEMENT_3D('',#12505,#12506,#12507);
#12505 = CARTESIAN_POINT('',(23.256673431396,3.500091171265,
    0.149999633431));
#12506 = DIRECTION('',(0.,0.,1.));
#12507 = DIRECTION('',(-4.371138828674E-08,1.,0.));
#12508 = ( GEOMETRIC_REPRESENTATION_CONTEXT(3) 
GLOBAL_UNCERTAINTY_ASSIGNED_CONTEXT((#12512)) 
GLOBAL_UNIT_ASSIGNED_CONTEXT((#12509,#12510,#12511)) 
REPRESENTATION_CONTEXT('Context #1',
  '3D Context with UNIT and UNCERTAINTY') );
#12509 = ( LENGTH_UNIT() NAMED_UNIT(*) SI_UNIT(.MILLI.,.METRE.) );
#12510 = ( NAMED_UNIT(*) PLANE_ANGLE_UNIT() SI_UNIT($,.RADIAN.) );
#12511 = ( NAMED_UNIT(*) SI_UNIT($,.STERADIAN.) SOLID_ANGLE_UNIT() );
#12512 = UNCERTAINTY_MEASURE_WITH_UNIT(LENGTH_MEASURE(2.E-07),#12509,
  'distance_accuracy_value','confusion accuracy');
#12513 = CONTEXT_DEPENDENT_SHAPE_REPRESENTATION(#12514,#12516);
#12514 = ( REPRESENTATION_RELATIONSHIP('','',#2040,#12503) 
REPRESENTATION_RELATIONSHIP_WITH_TRANSFORMATION(#12515) 
SHAPE_REPRESENTATION_RELATIONSHIP() );
#12515 = ITEM_DEFINED_TRANSFORMATION('','',#11,#12504);
#12516 = PRODUCT_DEFINITION_SHAPE('Placement','Placement of an item',
  #12517);
#12517 = NEXT_ASSEMBLY_USAGE_OCCURRENCE('83','','',#12498,#2035,$);
#12518 = CONTEXT_DEPENDENT_SHAPE_REPRESENTATION(#12519,#12521);
#12519 = ( REPRESENTATION_RELATIONSHIP('','',#12503,#10) 
REPRESENTATION_RELATIONSHIP_WITH_TRANSFORMATION(#12520) 
SHAPE_REPRESENTATION_RELATIONSHIP() );
#12520 = ITEM_DEFINED_TRANSFORMATION('','',#11,#95);
#12521 = PRODUCT_DEFINITION_SHAPE('Placement','Placement of an item',
  #12522);
#12522 = NEXT_ASSEMBLY_USAGE_OCCURRENCE('84','','',#5,#12498,$);
#12523 = PRODUCT_RELATED_PRODUCT_CATEGORY('part',$,(#12500));
#12524 = SHAPE_DEFINITION_REPRESENTATION(#12525,#12531);
#12525 = PRODUCT_DEFINITION_SHAPE('','',#12526);
#12526 = PRODUCT_DEFINITION('design','',#12527,#12530);
#12527 = PRODUCT_DEFINITION_FORMATION('','',#12528);
#12528 = PRODUCT('D16','D16','',(#12529));
#12529 = PRODUCT_CONTEXT('',#2,'mechanical');
#12530 = PRODUCT_DEFINITION_CONTEXT('part definition',#2,'design');
#12531 = SHAPE_REPRESENTATION('',(#11,#12532),#12536);
#12532 = AXIS2_PLACEMENT_3D('',#12533,#12534,#12535);
#12533 = CARTESIAN_POINT('',(4.000091171265,9.506795501709,
    0.149999633431));
#12534 = DIRECTION('',(0.,-0.,1.));
#12535 = DIRECTION('',(1.,1.748455531469E-07,0.));
#12536 = ( GEOMETRIC_REPRESENTATION_CONTEXT(3) 
GLOBAL_UNCERTAINTY_ASSIGNED_CONTEXT((#12540)) 
GLOBAL_UNIT_ASSIGNED_CONTEXT((#12537,#12538,#12539)) 
REPRESENTATION_CONTEXT('Context #1',
  '3D Context with UNIT and UNCERTAINTY') );
#12537 = ( LENGTH_UNIT() NAMED_UNIT(*) SI_UNIT(.MILLI.,.METRE.) );
#12538 = ( NAMED_UNIT(*) PLANE_ANGLE_UNIT() SI_UNIT($,.RADIAN.) );
#12539 = ( NAMED_UNIT(*) SI_UNIT($,.STERADIAN.) SOLID_ANGLE_UNIT() );
#12540 = UNCERTAINTY_MEASURE_WITH_UNIT(LENGTH_MEASURE(2.E-07),#12537,
  'distance_accuracy_value','confusion accuracy');
#12541 = CONTEXT_DEPENDENT_SHAPE_REPRESENTATION(#12542,#12544);
#12542 = ( REPRESENTATION_RELATIONSHIP('','',#2040,#12531) 
REPRESENTATION_RELATIONSHIP_WITH_TRANSFORMATION(#12543) 
SHAPE_REPRESENTATION_RELATIONSHIP() );
#12543 = ITEM_DEFINED_TRANSFORMATION('','',#11,#12532);
#12544 = PRODUCT_DEFINITION_SHAPE('Placement','Placement of an item',
  #12545);
#12545 = NEXT_ASSEMBLY_USAGE_OCCURRENCE('85','','',#12526,#2035,$);
#12546 = CONTEXT_DEPENDENT_SHAPE_REPRESENTATION(#12547,#12549);
#12547 = ( REPRESENTATION_RELATIONSHIP('','',#12531,#10) 
REPRESENTATION_RELATIONSHIP_WITH_TRANSFORMATION(#12548) 
SHAPE_REPRESENTATION_RELATIONSHIP() );
#12548 = ITEM_DEFINED_TRANSFORMATION('','',#11,#99);
#12549 = PRODUCT_DEFINITION_SHAPE('Placement','Placement of an item',
  #12550);
#12550 = NEXT_ASSEMBLY_USAGE_OCCURRENCE('86','','',#5,#12526,$);
#12551 = PRODUCT_RELATED_PRODUCT_CATEGORY('part',$,(#12528));
#12552 = SHAPE_DEFINITION_REPRESENTATION(#12553,#12559);
#12553 = PRODUCT_DEFINITION_SHAPE('','',#12554);
#12554 = PRODUCT_DEFINITION('design','',#12555,#12558);
#12555 = PRODUCT_DEFINITION_FORMATION('','',#12556);
#12556 = PRODUCT('D11','D11','',(#12557));
#12557 = PRODUCT_CONTEXT('',#2,'mechanical');
#12558 = PRODUCT_DEFINITION_CONTEXT('part definition',#2,'design');
#12559 = SHAPE_REPRESENTATION('',(#11,#12560),#12564);
#12560 = AXIS2_PLACEMENT_3D('',#12561,#12562,#12563);
#12561 = CARTESIAN_POINT('',(27.840005493164,3.500091171265,
    0.149999633431));
#12562 = DIRECTION('',(0.,0.,1.));
#12563 = DIRECTION('',(-4.371138828674E-08,1.,0.));
#12564 = ( GEOMETRIC_REPRESENTATION_CONTEXT(3) 
GLOBAL_UNCERTAINTY_ASSIGNED_CONTEXT((#12568)) 
GLOBAL_UNIT_ASSIGNED_CONTEXT((#12565,#12566,#12567)) 
REPRESENTATION_CONTEXT('Context #1',
  '3D Context with UNIT and UNCERTAINTY') );
#12565 = ( LENGTH_UNIT() NAMED_UNIT(*) SI_UNIT(.MILLI.,.METRE.) );
#12566 = ( NAMED_UNIT(*) PLANE_ANGLE_UNIT() SI_UNIT($,.RADIAN.) );
#12567 = ( NAMED_UNIT(*) SI_UNIT($,.STERADIAN.) SOLID_ANGLE_UNIT() );
#12568 = UNCERTAINTY_MEASURE_WITH_UNIT(LENGTH_MEASURE(2.E-07),#12565,
  'distance_accuracy_value','confusion accuracy');
#12569 = CONTEXT_DEPENDENT_SHAPE_REPRESENTATION(#12570,#12572);
#12570 = ( REPRESENTATION_RELATIONSHIP('','',#2040,#12559) 
REPRESENTATION_RELATIONSHIP_WITH_TRANSFORMATION(#12571) 
SHAPE_REPRESENTATION_RELATIONSHIP() );
#12571 = ITEM_DEFINED_TRANSFORMATION('','',#11,#12560);
#12572 = PRODUCT_DEFINITION_SHAPE('Placement','Placement of an item',
  #12573);
#12573 = NEXT_ASSEMBLY_USAGE_OCCURRENCE('87','','',#12554,#2035,$);
#12574 = CONTEXT_DEPENDENT_SHAPE_REPRESENTATION(#12575,#12577);
#12575 = ( REPRESENTATION_RELATIONSHIP('','',#12559,#10) 
REPRESENTATION_RELATIONSHIP_WITH_TRANSFORMATION(#12576) 
SHAPE_REPRESENTATION_RELATIONSHIP() );
#12576 = ITEM_DEFINED_TRANSFORMATION('','',#11,#103);
#12577 = PRODUCT_DEFINITION_SHAPE('Placement','Placement of an item',
  #12578);
#12578 = NEXT_ASSEMBLY_USAGE_OCCURRENCE('88','','',#5,#12554,$);
#12579 = PRODUCT_RELATED_PRODUCT_CATEGORY('part',$,(#12556));
#12580 = SHAPE_DEFINITION_REPRESENTATION(#12581,#12587);
#12581 = PRODUCT_DEFINITION_SHAPE('','',#12582);
#12582 = PRODUCT_DEFINITION('design','',#12583,#12586);
#12583 = PRODUCT_DEFINITION_FORMATION('','',#12584);
#12584 = PRODUCT('D10','D10','',(#12585));
#12585 = PRODUCT_CONTEXT('',#2,'mechanical');
#12586 = PRODUCT_DEFINITION_CONTEXT('part definition',#2,'design');
#12587 = SHAPE_REPRESENTATION('',(#11,#12588),#12592);
#12588 = AXIS2_PLACEMENT_3D('',#12589,#12590,#12591);
#12589 = CARTESIAN_POINT('',(33.999909973145,9.506669616699,
    0.149999633431));
#12590 = DIRECTION('',(0.,0.,1.));
#12591 = DIRECTION('',(-1.,-8.742277657348E-08,0.));
#12592 = ( GEOMETRIC_REPRESENTATION_CONTEXT(3) 
GLOBAL_UNCERTAINTY_ASSIGNED_CONTEXT((#12596)) 
GLOBAL_UNIT_ASSIGNED_CONTEXT((#12593,#12594,#12595)) 
REPRESENTATION_CONTEXT('Context #1',
  '3D Context with UNIT and UNCERTAINTY') );
#12593 = ( LENGTH_UNIT() NAMED_UNIT(*) SI_UNIT(.MILLI.,.METRE.) );
#12594 = ( NAMED_UNIT(*) PLANE_ANGLE_UNIT() SI_UNIT($,.RADIAN.) );
#12595 = ( NAMED_UNIT(*) SI_UNIT($,.STERADIAN.) SOLID_ANGLE_UNIT() );
#12596 = UNCERTAINTY_MEASURE_WITH_UNIT(LENGTH_MEASURE(2.E-07),#12593,
  'distance_accuracy_value','confusion accuracy');
#12597 = CONTEXT_DEPENDENT_SHAPE_REPRESENTATION(#12598,#12600);
#12598 = ( REPRESENTATION_RELATIONSHIP('','',#2040,#12587) 
REPRESENTATION_RELATIONSHIP_WITH_TRANSFORMATION(#12599) 
SHAPE_REPRESENTATION_RELATIONSHIP() );
#12599 = ITEM_DEFINED_TRANSFORMATION('','',#11,#12588);
#12600 = PRODUCT_DEFINITION_SHAPE('Placement','Placement of an item',
  #12601);
#12601 = NEXT_ASSEMBLY_USAGE_OCCURRENCE('89','','',#12582,#2035,$);
#12602 = CONTEXT_DEPENDENT_SHAPE_REPRESENTATION(#12603,#12605);
#12603 = ( REPRESENTATION_RELATIONSHIP('','',#12587,#10) 
REPRESENTATION_RELATIONSHIP_WITH_TRANSFORMATION(#12604) 
SHAPE_REPRESENTATION_RELATIONSHIP() );
#12604 = ITEM_DEFINED_TRANSFORMATION('','',#11,#107);
#12605 = PRODUCT_DEFINITION_SHAPE('Placement','Placement of an item',
  #12606);
#12606 = NEXT_ASSEMBLY_USAGE_OCCURRENCE('90','','',#5,#12582,$);
#12607 = PRODUCT_RELATED_PRODUCT_CATEGORY('part',$,(#12584));
#12608 = SHAPE_DEFINITION_REPRESENTATION(#12609,#12615);
#12609 = PRODUCT_DEFINITION_SHAPE('','',#12610);
#12610 = PRODUCT_DEFINITION('design','',#12611,#12614);
#12611 = PRODUCT_DEFINITION_FORMATION('','',#12612);
#12612 = PRODUCT('D4','D4','',(#12613));
#12613 = PRODUCT_CONTEXT('',#2,'mechanical');
#12614 = PRODUCT_DEFINITION_CONTEXT('part definition',#2,'design');
#12615 = SHAPE_REPRESENTATION('',(#11,#12616),#12620);
#12616 = AXIS2_PLACEMENT_3D('',#12617,#12618,#12619);
#12617 = CARTESIAN_POINT('',(24.000062561035,33.999909973145,
    0.149999633431));
#12618 = DIRECTION('',(-0.,0.,1.));
#12619 = DIRECTION('',(1.19248806385E-08,-1.,0.));
#12620 = ( GEOMETRIC_REPRESENTATION_CONTEXT(3) 
GLOBAL_UNCERTAINTY_ASSIGNED_CONTEXT((#12624)) 
GLOBAL_UNIT_ASSIGNED_CONTEXT((#12621,#12622,#12623)) 
REPRESENTATION_CONTEXT('Context #1',
  '3D Context with UNIT and UNCERTAINTY') );
#12621 = ( LENGTH_UNIT() NAMED_UNIT(*) SI_UNIT(.MILLI.,.METRE.) );
#12622 = ( NAMED_UNIT(*) PLANE_ANGLE_UNIT() SI_UNIT($,.RADIAN.) );
#12623 = ( NAMED_UNIT(*) SI_UNIT($,.STERADIAN.) SOLID_ANGLE_UNIT() );
#12624 = UNCERTAINTY_MEASURE_WITH_UNIT(LENGTH_MEASURE(2.E-07),#12621,
  'distance_accuracy_value','confusion accuracy');
#12625 = CONTEXT_DEPENDENT_SHAPE_REPRESENTATION(#12626,#12628);
#12626 = ( REPRESENTATION_RELATIONSHIP('','',#2040,#12615) 
REPRESENTATION_RELATIONSHIP_WITH_TRANSFORMATION(#12627) 
SHAPE_REPRESENTATION_RELATIONSHIP() );
#12627 = ITEM_DEFINED_TRANSFORMATION('','',#11,#12616);
#12628 = PRODUCT_DEFINITION_SHAPE('Placement','Placement of an item',
  #12629);
#12629 = NEXT_ASSEMBLY_USAGE_OCCURRENCE('91','','',#12610,#2035,$);
#12630 = CONTEXT_DEPENDENT_SHAPE_REPRESENTATION(#12631,#12633);
#12631 = ( REPRESENTATION_RELATIONSHIP('','',#12615,#10) 
REPRESENTATION_RELATIONSHIP_WITH_TRANSFORMATION(#12632) 
SHAPE_REPRESENTATION_RELATIONSHIP() );
#12632 = ITEM_DEFINED_TRANSFORMATION('','',#11,#111);
#12633 = PRODUCT_DEFINITION_SHAPE('Placement','Placement of an item',
  #12634);
#12634 = NEXT_ASSEMBLY_USAGE_OCCURRENCE('92','','',#5,#12610,$);
#12635 = PRODUCT_RELATED_PRODUCT_CATEGORY('part',$,(#12612));
#12636 = SHAPE_DEFINITION_REPRESENTATION(#12637,#12643);
#12637 = PRODUCT_DEFINITION_SHAPE('','',#12638);
#12638 = PRODUCT_DEFINITION('design','',#12639,#12642);
#12639 = PRODUCT_DEFINITION_FORMATION('','',#12640);
#12640 = PRODUCT('D9','D9','',(#12641));
#12641 = PRODUCT_CONTEXT('',#2,'mechanical');
#12642 = PRODUCT_DEFINITION_CONTEXT('part definition',#2,'design');
#12643 = SHAPE_REPRESENTATION('',(#11,#12644),#12648);
#12644 = AXIS2_PLACEMENT_3D('',#12645,#12646,#12647);
#12645 = CARTESIAN_POINT('',(33.999909973145,14.090005493164,
    0.149999633431));
#12646 = DIRECTION('',(0.,0.,1.));
#12647 = DIRECTION('',(-1.,-8.742277657348E-08,0.));
#12648 = ( GEOMETRIC_REPRESENTATION_CONTEXT(3) 
GLOBAL_UNCERTAINTY_ASSIGNED_CONTEXT((#12652)) 
GLOBAL_UNIT_ASSIGNED_CONTEXT((#12649,#12650,#12651)) 
REPRESENTATION_CONTEXT('Context #1',
  '3D Context with UNIT and UNCERTAINTY') );
#12649 = ( LENGTH_UNIT() NAMED_UNIT(*) SI_UNIT(.MILLI.,.METRE.) );
#12650 = ( NAMED_UNIT(*) PLANE_ANGLE_UNIT() SI_UNIT($,.RADIAN.) );
#12651 = ( NAMED_UNIT(*) SI_UNIT($,.STERADIAN.) SOLID_ANGLE_UNIT() );
#12652 = UNCERTAINTY_MEASURE_WITH_UNIT(LENGTH_MEASURE(2.E-07),#12649,
  'distance_accuracy_value','confusion accuracy');
#12653 = CONTEXT_DEPENDENT_SHAPE_REPRESENTATION(#12654,#12656);
#12654 = ( REPRESENTATION_RELATIONSHIP('','',#2040,#12643) 
REPRESENTATION_RELATIONSHIP_WITH_TRANSFORMATION(#12655) 
SHAPE_REPRESENTATION_RELATIONSHIP() );
#12655 = ITEM_DEFINED_TRANSFORMATION('','',#11,#12644);
#12656 = PRODUCT_DEFINITION_SHAPE('Placement','Placement of an item',
  #12657);
#12657 = NEXT_ASSEMBLY_USAGE_OCCURRENCE('93','','',#12638,#2035,$);
#12658 = CONTEXT_DEPENDENT_SHAPE_REPRESENTATION(#12659,#12661);
#12659 = ( REPRESENTATION_RELATIONSHIP('','',#12643,#10) 
REPRESENTATION_RELATIONSHIP_WITH_TRANSFORMATION(#12660) 
SHAPE_REPRESENTATION_RELATIONSHIP() );
#12660 = ITEM_DEFINED_TRANSFORMATION('','',#11,#115);
#12661 = PRODUCT_DEFINITION_SHAPE('Placement','Placement of an item',
  #12662);
#12662 = NEXT_ASSEMBLY_USAGE_OCCURRENCE('94','','',#5,#12638,$);
#12663 = PRODUCT_RELATED_PRODUCT_CATEGORY('part',$,(#12640));
#12664 = SHAPE_DEFINITION_REPRESENTATION(#12665,#12671);
#12665 = PRODUCT_DEFINITION_SHAPE('','',#12666);
#12666 = PRODUCT_DEFINITION('design','',#12667,#12670);
#12667 = PRODUCT_DEFINITION_FORMATION('','',#12668);
#12668 = PRODUCT('D3','D3','',(#12669));
#12669 = PRODUCT_CONTEXT('',#2,'mechanical');
#12670 = PRODUCT_DEFINITION_CONTEXT('part definition',#2,'design');
#12671 = SHAPE_REPRESENTATION('',(#11,#12672),#12676);
#12672 = AXIS2_PLACEMENT_3D('',#12673,#12674,#12675);
#12673 = CARTESIAN_POINT('',(19.500062561035,33.999909973145,
    0.149999633431));
#12674 = DIRECTION('',(-0.,0.,1.));
#12675 = DIRECTION('',(1.19248806385E-08,-1.,0.));
#12676 = ( GEOMETRIC_REPRESENTATION_CONTEXT(3) 
GLOBAL_UNCERTAINTY_ASSIGNED_CONTEXT((#12680)) 
GLOBAL_UNIT_ASSIGNED_CONTEXT((#12677,#12678,#12679)) 
REPRESENTATION_CONTEXT('Context #1',
  '3D Context with UNIT and UNCERTAINTY') );
#12677 = ( LENGTH_UNIT() NAMED_UNIT(*) SI_UNIT(.MILLI.,.METRE.) );
#12678 = ( NAMED_UNIT(*) PLANE_ANGLE_UNIT() SI_UNIT($,.RADIAN.) );
#12679 = ( NAMED_UNIT(*) SI_UNIT($,.STERADIAN.) SOLID_ANGLE_UNIT() );
#12680 = UNCERTAINTY_MEASURE_WITH_UNIT(LENGTH_MEASURE(2.E-07),#12677,
  'distance_accuracy_value','confusion accuracy');
#12681 = CONTEXT_DEPENDENT_SHAPE_REPRESENTATION(#12682,#12684);
#12682 = ( REPRESENTATION_RELATIONSHIP('','',#2040,#12671) 
REPRESENTATION_RELATIONSHIP_WITH_TRANSFORMATION(#12683) 
SHAPE_REPRESENTATION_RELATIONSHIP() );
#12683 = ITEM_DEFINED_TRANSFORMATION('','',#11,#12672);
#12684 = PRODUCT_DEFINITION_SHAPE('Placement','Placement of an item',
  #12685);
#12685 = NEXT_ASSEMBLY_USAGE_OCCURRENCE('95','','',#12666,#2035,$);
#12686 = CONTEXT_DEPENDENT_SHAPE_REPRESENTATION(#12687,#12689);
#12687 = ( REPRESENTATION_RELATIONSHIP('','',#12671,#10) 
REPRESENTATION_RELATIONSHIP_WITH_TRANSFORMATION(#12688) 
SHAPE_REPRESENTATION_RELATIONSHIP() );
#12688 = ITEM_DEFINED_TRANSFORMATION('','',#11,#119);
#12689 = PRODUCT_DEFINITION_SHAPE('Placement','Placement of an item',
  #12690);
#12690 = NEXT_ASSEMBLY_USAGE_OCCURRENCE('96','','',#5,#12666,$);
#12691 = PRODUCT_RELATED_PRODUCT_CATEGORY('part',$,(#12668));
#12692 = SHAPE_DEFINITION_REPRESENTATION(#12693,#12699);
#12693 = PRODUCT_DEFINITION_SHAPE('','',#12694);
#12694 = PRODUCT_DEFINITION('design','',#12695,#12698);
#12695 = PRODUCT_DEFINITION_FORMATION('','',#12696);
#12696 = PRODUCT('D8','D8','',(#12697));
#12697 = PRODUCT_CONTEXT('',#2,'mechanical');
#12698 = PRODUCT_DEFINITION_CONTEXT('part definition',#2,'design');
#12699 = SHAPE_REPRESENTATION('',(#11,#12700),#12704);
#12700 = AXIS2_PLACEMENT_3D('',#12701,#12702,#12703);
#12701 = CARTESIAN_POINT('',(33.999909973145,18.673333740234,
    0.149999633431));
#12702 = DIRECTION('',(0.,0.,1.));
#12703 = DIRECTION('',(-1.,-8.742277657348E-08,0.));
#12704 = ( GEOMETRIC_REPRESENTATION_CONTEXT(3) 
GLOBAL_UNCERTAINTY_ASSIGNED_CONTEXT((#12708)) 
GLOBAL_UNIT_ASSIGNED_CONTEXT((#12705,#12706,#12707)) 
REPRESENTATION_CONTEXT('Context #1',
  '3D Context with UNIT and UNCERTAINTY') );
#12705 = ( LENGTH_UNIT() NAMED_UNIT(*) SI_UNIT(.MILLI.,.METRE.) );
#12706 = ( NAMED_UNIT(*) PLANE_ANGLE_UNIT() SI_UNIT($,.RADIAN.) );
#12707 = ( NAMED_UNIT(*) SI_UNIT($,.STERADIAN.) SOLID_ANGLE_UNIT() );
#12708 = UNCERTAINTY_MEASURE_WITH_UNIT(LENGTH_MEASURE(2.E-07),#12705,
  'distance_accuracy_value','confusion accuracy');
#12709 = CONTEXT_DEPENDENT_SHAPE_REPRESENTATION(#12710,#12712);
#12710 = ( REPRESENTATION_RELATIONSHIP('','',#2040,#12699) 
REPRESENTATION_RELATIONSHIP_WITH_TRANSFORMATION(#12711) 
SHAPE_REPRESENTATION_RELATIONSHIP() );
#12711 = ITEM_DEFINED_TRANSFORMATION('','',#11,#12700);
#12712 = PRODUCT_DEFINITION_SHAPE('Placement','Placement of an item',
  #12713);
#12713 = NEXT_ASSEMBLY_USAGE_OCCURRENCE('97','','',#12694,#2035,$);
#12714 = CONTEXT_DEPENDENT_SHAPE_REPRESENTATION(#12715,#12717);
#12715 = ( REPRESENTATION_RELATIONSHIP('','',#12699,#10) 
REPRESENTATION_RELATIONSHIP_WITH_TRANSFORMATION(#12716) 
SHAPE_REPRESENTATION_RELATIONSHIP() );
#12716 = ITEM_DEFINED_TRANSFORMATION('','',#11,#123);
#12717 = PRODUCT_DEFINITION_SHAPE('Placement','Placement of an item',
  #12718);
#12718 = NEXT_ASSEMBLY_USAGE_OCCURRENCE('98','','',#5,#12694,$);
#12719 = PRODUCT_RELATED_PRODUCT_CATEGORY('part',$,(#12696));
#12720 = SHAPE_DEFINITION_REPRESENTATION(#12721,#12727);
#12721 = PRODUCT_DEFINITION_SHAPE('','',#12722);
#12722 = PRODUCT_DEFINITION('design','',#12723,#12726);
#12723 = PRODUCT_DEFINITION_FORMATION('','',#12724);
#12724 = PRODUCT('D2','D2','',(#12725));
#12725 = PRODUCT_CONTEXT('',#2,'mechanical');
#12726 = PRODUCT_DEFINITION_CONTEXT('part definition',#2,'design');
#12727 = SHAPE_REPRESENTATION('',(#11,#12728),#12732);
#12728 = AXIS2_PLACEMENT_3D('',#12729,#12730,#12731);
#12729 = CARTESIAN_POINT('',(15.000062561035,33.924909210205,
    0.149999633431));
#12730 = DIRECTION('',(-0.,0.,1.));
#12731 = DIRECTION('',(1.19248806385E-08,-1.,0.));
#12732 = ( GEOMETRIC_REPRESENTATION_CONTEXT(3) 
GLOBAL_UNCERTAINTY_ASSIGNED_CONTEXT((#12736)) 
GLOBAL_UNIT_ASSIGNED_CONTEXT((#12733,#12734,#12735)) 
REPRESENTATION_CONTEXT('Context #1',
  '3D Context with UNIT and UNCERTAINTY') );
#12733 = ( LENGTH_UNIT() NAMED_UNIT(*) SI_UNIT(.MILLI.,.METRE.) );
#12734 = ( NAMED_UNIT(*) PLANE_ANGLE_UNIT() SI_UNIT($,.RADIAN.) );
#12735 = ( NAMED_UNIT(*) SI_UNIT($,.STERADIAN.) SOLID_ANGLE_UNIT() );
#12736 = UNCERTAINTY_MEASURE_WITH_UNIT(LENGTH_MEASURE(2.E-07),#12733,
  'distance_accuracy_value','confusion accuracy');
#12737 = CONTEXT_DEPENDENT_SHAPE_REPRESENTATION(#12738,#12740);
#12738 = ( REPRESENTATION_RELATIONSHIP('','',#2040,#12727) 
REPRESENTATION_RELATIONSHIP_WITH_TRANSFORMATION(#12739) 
SHAPE_REPRESENTATION_RELATIONSHIP() );
#12739 = ITEM_DEFINED_TRANSFORMATION('','',#11,#12728);
#12740 = PRODUCT_DEFINITION_SHAPE('Placement','Placement of an item',
  #12741);
#12741 = NEXT_ASSEMBLY_USAGE_OCCURRENCE('99','','',#12722,#2035,$);
#12742 = CONTEXT_DEPENDENT_SHAPE_REPRESENTATION(#12743,#12745);
#12743 = ( REPRESENTATION_RELATIONSHIP('','',#12727,#10) 
REPRESENTATION_RELATIONSHIP_WITH_TRANSFORMATION(#12744) 
SHAPE_REPRESENTATION_RELATIONSHIP() );
#12744 = ITEM_DEFINED_TRANSFORMATION('','',#11,#127);
#12745 = PRODUCT_DEFINITION_SHAPE('Placement','Placement of an item',
  #12746);
#12746 = NEXT_ASSEMBLY_USAGE_OCCURRENCE('100','','',#5,#12722,$);
#12747 = PRODUCT_RELATED_PRODUCT_CATEGORY('part',$,(#12724));
#12748 = SHAPE_DEFINITION_REPRESENTATION(#12749,#12755);
#12749 = PRODUCT_DEFINITION_SHAPE('','',#12750);
#12750 = PRODUCT_DEFINITION('design','',#12751,#12754);
#12751 = PRODUCT_DEFINITION_FORMATION('','',#12752);
#12752 = PRODUCT('D7','D7','',(#12753));
#12753 = PRODUCT_CONTEXT('',#2,'mechanical');
#12754 = PRODUCT_DEFINITION_CONTEXT('part definition',#2,'design');
#12755 = SHAPE_REPRESENTATION('',(#11,#12756),#12760);
#12756 = AXIS2_PLACEMENT_3D('',#12757,#12758,#12759);
#12757 = CARTESIAN_POINT('',(33.999909973145,23.256673431396,
    0.149999633431));
#12758 = DIRECTION('',(0.,0.,1.));
#12759 = DIRECTION('',(-1.,-8.742277657348E-08,0.));
#12760 = ( GEOMETRIC_REPRESENTATION_CONTEXT(3) 
GLOBAL_UNCERTAINTY_ASSIGNED_CONTEXT((#12764)) 
GLOBAL_UNIT_ASSIGNED_CONTEXT((#12761,#12762,#12763)) 
REPRESENTATION_CONTEXT('Context #1',
  '3D Context with UNIT and UNCERTAINTY') );
#12761 = ( LENGTH_UNIT() NAMED_UNIT(*) SI_UNIT(.MILLI.,.METRE.) );
#12762 = ( NAMED_UNIT(*) PLANE_ANGLE_UNIT() SI_UNIT($,.RADIAN.) );
#12763 = ( NAMED_UNIT(*) SI_UNIT($,.STERADIAN.) SOLID_ANGLE_UNIT() );
#12764 = UNCERTAINTY_MEASURE_WITH_UNIT(LENGTH_MEASURE(2.E-07),#12761,
  'distance_accuracy_value','confusion accuracy');
#12765 = CONTEXT_DEPENDENT_SHAPE_REPRESENTATION(#12766,#12768);
#12766 = ( REPRESENTATION_RELATIONSHIP('','',#2040,#12755) 
REPRESENTATION_RELATIONSHIP_WITH_TRANSFORMATION(#12767) 
SHAPE_REPRESENTATION_RELATIONSHIP() );
#12767 = ITEM_DEFINED_TRANSFORMATION('','',#11,#12756);
#12768 = PRODUCT_DEFINITION_SHAPE('Placement','Placement of an item',
  #12769);
#12769 = NEXT_ASSEMBLY_USAGE_OCCURRENCE('101','','',#12750,#2035,$);
#12770 = CONTEXT_DEPENDENT_SHAPE_REPRESENTATION(#12771,#12773);
#12771 = ( REPRESENTATION_RELATIONSHIP('','',#12755,#10) 
REPRESENTATION_RELATIONSHIP_WITH_TRANSFORMATION(#12772) 
SHAPE_REPRESENTATION_RELATIONSHIP() );
#12772 = ITEM_DEFINED_TRANSFORMATION('','',#11,#131);
#12773 = PRODUCT_DEFINITION_SHAPE('Placement','Placement of an item',
  #12774);
#12774 = NEXT_ASSEMBLY_USAGE_OCCURRENCE('102','','',#5,#12750,$);
#12775 = PRODUCT_RELATED_PRODUCT_CATEGORY('part',$,(#12752));
#12776 = SHAPE_DEFINITION_REPRESENTATION(#12777,#12783);
#12777 = PRODUCT_DEFINITION_SHAPE('','',#12778);
#12778 = PRODUCT_DEFINITION('design','',#12779,#12782);
#12779 = PRODUCT_DEFINITION_FORMATION('','',#12780);
#12780 = PRODUCT('D6','D6','',(#12781));
#12781 = PRODUCT_CONTEXT('',#2,'mechanical');
#12782 = PRODUCT_DEFINITION_CONTEXT('part definition',#2,'design');
#12783 = SHAPE_REPRESENTATION('',(#11,#12784),#12788);
#12784 = AXIS2_PLACEMENT_3D('',#12785,#12786,#12787);
#12785 = CARTESIAN_POINT('',(33.999909973145,27.840005493164,
    0.149999633431));
#12786 = DIRECTION('',(0.,0.,1.));
#12787 = DIRECTION('',(-1.,-8.742277657348E-08,0.));
#12788 = ( GEOMETRIC_REPRESENTATION_CONTEXT(3) 
GLOBAL_UNCERTAINTY_ASSIGNED_CONTEXT((#12792)) 
GLOBAL_UNIT_ASSIGNED_CONTEXT((#12789,#12790,#12791)) 
REPRESENTATION_CONTEXT('Context #1',
  '3D Context with UNIT and UNCERTAINTY') );
#12789 = ( LENGTH_UNIT() NAMED_UNIT(*) SI_UNIT(.MILLI.,.METRE.) );
#12790 = ( NAMED_UNIT(*) PLANE_ANGLE_UNIT() SI_UNIT($,.RADIAN.) );
#12791 = ( NAMED_UNIT(*) SI_UNIT($,.STERADIAN.) SOLID_ANGLE_UNIT() );
#12792 = UNCERTAINTY_MEASURE_WITH_UNIT(LENGTH_MEASURE(2.E-07),#12789,
  'distance_accuracy_value','confusion accuracy');
#12793 = CONTEXT_DEPENDENT_SHAPE_REPRESENTATION(#12794,#12796);
#12794 = ( REPRESENTATION_RELATIONSHIP('','',#2040,#12783) 
REPRESENTATION_RELATIONSHIP_WITH_TRANSFORMATION(#12795) 
SHAPE_REPRESENTATION_RELATIONSHIP() );
#12795 = ITEM_DEFINED_TRANSFORMATION('','',#11,#12784);
#12796 = PRODUCT_DEFINITION_SHAPE('Placement','Placement of an item',
  #12797);
#12797 = NEXT_ASSEMBLY_USAGE_OCCURRENCE('103','','',#12778,#2035,$);
#12798 = CONTEXT_DEPENDENT_SHAPE_REPRESENTATION(#12799,#12801);
#12799 = ( REPRESENTATION_RELATIONSHIP('','',#12783,#10) 
REPRESENTATION_RELATIONSHIP_WITH_TRANSFORMATION(#12800) 
SHAPE_REPRESENTATION_RELATIONSHIP() );
#12800 = ITEM_DEFINED_TRANSFORMATION('','',#11,#135);
#12801 = PRODUCT_DEFINITION_SHAPE('Placement','Placement of an item',
  #12802);
#12802 = NEXT_ASSEMBLY_USAGE_OCCURRENCE('104','','',#5,#12778,$);
#12803 = PRODUCT_RELATED_PRODUCT_CATEGORY('part',$,(#12780));
#12804 = SHAPE_DEFINITION_REPRESENTATION(#12805,#12811);
#12805 = PRODUCT_DEFINITION_SHAPE('','',#12806);
#12806 = PRODUCT_DEFINITION('design','',#12807,#12810);
#12807 = PRODUCT_DEFINITION_FORMATION('','',#12808);
#12808 = PRODUCT('C8','C8','',(#12809));
#12809 = PRODUCT_CONTEXT('',#2,'mechanical');
#12810 = PRODUCT_DEFINITION_CONTEXT('part definition',#2,'design');
#12811 = SHAPE_REPRESENTATION('',(#11,#12812),#12816);
#12812 = AXIS2_PLACEMENT_3D('',#12813,#12814,#12815);
#12813 = CARTESIAN_POINT('',(22.755025482178,25.755025482178,
    -1.711479187012));
#12814 = DIRECTION('',(0.,0.,1.));
#12815 = DIRECTION('',(1.,0.,0.));
#12816 = ( GEOMETRIC_REPRESENTATION_CONTEXT(3) 
GLOBAL_UNCERTAINTY_ASSIGNED_CONTEXT((#12820)) 
GLOBAL_UNIT_ASSIGNED_CONTEXT((#12817,#12818,#12819)) 
REPRESENTATION_CONTEXT('Context #1',
  '3D Context with UNIT and UNCERTAINTY') );
#12817 = ( LENGTH_UNIT() NAMED_UNIT(*) SI_UNIT(.MILLI.,.METRE.) );
#12818 = ( NAMED_UNIT(*) PLANE_ANGLE_UNIT() SI_UNIT($,.RADIAN.) );
#12819 = ( NAMED_UNIT(*) SI_UNIT($,.STERADIAN.) SOLID_ANGLE_UNIT() );
#12820 = UNCERTAINTY_MEASURE_WITH_UNIT(LENGTH_MEASURE(1.E-07),#12817,
  'distance_accuracy_value','confusion accuracy');
#12821 = SHAPE_DEFINITION_REPRESENTATION(#12822,#12828);
#12822 = PRODUCT_DEFINITION_SHAPE('','',#12823);
#12823 = PRODUCT_DEFINITION('design','',#12824,#12827);
#12824 = PRODUCT_DEFINITION_FORMATION('','',#12825);
#12825 = PRODUCT('6136472592','6136472592','',(#12826));
#12826 = PRODUCT_CONTEXT('',#2,'mechanical');
#12827 = PRODUCT_DEFINITION_CONTEXT('part definition',#2,'design');
#12828 = SHAPE_REPRESENTATION('',(#11,#12829),#12833);
#12829 = AXIS2_PLACEMENT_3D('',#12830,#12831,#12832);
#12830 = CARTESIAN_POINT('',(0.,0.,0.));
#12831 = DIRECTION('',(0.,0.,1.));
#12832 = DIRECTION('',(1.,0.,0.));
#12833 = ( GEOMETRIC_REPRESENTATION_CONTEXT(3) 
GLOBAL_UNCERTAINTY_ASSIGNED_CONTEXT((#12837)) 
GLOBAL_UNIT_ASSIGNED_CONTEXT((#12834,#12835,#12836)) 
REPRESENTATION_CONTEXT('Context #1',
  '3D Context with UNIT and UNCERTAINTY') );
#12834 = ( LENGTH_UNIT() NAMED_UNIT(*) SI_UNIT(.MILLI.,.METRE.) );
#12835 = ( NAMED_UNIT(*) PLANE_ANGLE_UNIT() SI_UNIT($,.RADIAN.) );
#12836 = ( NAMED_UNIT(*) SI_UNIT($,.STERADIAN.) SOLID_ANGLE_UNIT() );
#12837 = UNCERTAINTY_MEASURE_WITH_UNIT(LENGTH_MEASURE(1.E-07),#12834,
  'distance_accuracy_value','confusion accuracy');
#12838 = ADVANCED_BREP_SHAPE_REPRESENTATION('',(#11,#12839),#12989);
#12839 = MANIFOLD_SOLID_BREP('',#12840);
#12840 = CLOSED_SHELL('',(#12841,#12881,#12912,#12943,#12965,#12977));
#12841 = ADVANCED_FACE('',(#12842),#12876,.F.);
#12842 = FACE_BOUND('',#12843,.F.);
#12843 = EDGE_LOOP('',(#12844,#12854,#12862,#12870));
#12844 = ORIENTED_EDGE('',*,*,#12845,.T.);
#12845 = EDGE_CURVE('',#12846,#12848,#12850,.T.);
#12846 = VERTEX_POINT('',#12847);
#12847 = CARTESIAN_POINT('',(-0.28283916,-0.95459296,0.));
#12848 = VERTEX_POINT('',#12849);
#12849 = CARTESIAN_POINT('',(-0.28283916,-0.95459296,1.29999994));
#12850 = LINE('',#12851,#12852);
#12851 = CARTESIAN_POINT('',(-0.28283916,-0.95459296,0.));
#12852 = VECTOR('',#12853,1.);
#12853 = DIRECTION('',(0.,0.,1.));
#12854 = ORIENTED_EDGE('',*,*,#12855,.T.);
#12855 = EDGE_CURVE('',#12848,#12856,#12858,.T.);
#12856 = VERTEX_POINT('',#12857);
#12857 = CARTESIAN_POINT('',(0.95459296,0.2828417,1.29999994));
#12858 = LINE('',#12859,#12860);
#12859 = CARTESIAN_POINT('',(-0.28283916,-0.95459296,1.29999994));
#12860 = VECTOR('',#12861,1.);
#12861 = DIRECTION('',(0.70710605547,0.707107506902,0.));
#12862 = ORIENTED_EDGE('',*,*,#12863,.F.);
#12863 = EDGE_CURVE('',#12864,#12856,#12866,.T.);
#12864 = VERTEX_POINT('',#12865);
#12865 = CARTESIAN_POINT('',(0.95459296,0.2828417,0.));
#12866 = LINE('',#12867,#12868);
#12867 = CARTESIAN_POINT('',(0.95459296,0.2828417,0.));
#12868 = VECTOR('',#12869,1.);
#12869 = DIRECTION('',(0.,0.,1.));
#12870 = ORIENTED_EDGE('',*,*,#12871,.F.);
#12871 = EDGE_CURVE('',#12846,#12864,#12872,.T.);
#12872 = LINE('',#12873,#12874);
#12873 = CARTESIAN_POINT('',(-0.28283916,-0.95459296,0.));
#12874 = VECTOR('',#12875,1.);
#12875 = DIRECTION('',(0.70710605547,0.707107506902,0.));
#12876 = PLANE('',#12877);
#12877 = AXIS2_PLACEMENT_3D('',#12878,#12879,#12880);
#12878 = CARTESIAN_POINT('',(-0.28283916,-0.95459296,0.));
#12879 = DIRECTION('',(-0.707107506902,0.70710605547,0.));
#12880 = DIRECTION('',(0.70710605547,0.707107506902,0.));
#12881 = ADVANCED_FACE('',(#12882),#12907,.F.);
#12882 = FACE_BOUND('',#12883,.F.);
#12883 = EDGE_LOOP('',(#12884,#12885,#12893,#12901));
#12884 = ORIENTED_EDGE('',*,*,#12863,.T.);
#12885 = ORIENTED_EDGE('',*,*,#12886,.T.);
#12886 = EDGE_CURVE('',#12856,#12887,#12889,.T.);
#12887 = VERTEX_POINT('',#12888);
#12888 = CARTESIAN_POINT('',(0.28283916,0.9545955,1.29999994));
#12889 = LINE('',#12890,#12891);
#12890 = CARTESIAN_POINT('',(0.95459296,0.2828417,1.29999994));
#12891 = VECTOR('',#12892,1.);
#12892 = DIRECTION('',(-0.707106781187,0.707106781187,0.));
#12893 = ORIENTED_EDGE('',*,*,#12894,.F.);
#12894 = EDGE_CURVE('',#12895,#12887,#12897,.T.);
#12895 = VERTEX_POINT('',#12896);
#12896 = CARTESIAN_POINT('',(0.28283916,0.9545955,0.));
#12897 = LINE('',#12898,#12899);
#12898 = CARTESIAN_POINT('',(0.28283916,0.9545955,0.));
#12899 = VECTOR('',#12900,1.);
#12900 = DIRECTION('',(0.,0.,1.));
#12901 = ORIENTED_EDGE('',*,*,#12902,.F.);
#12902 = EDGE_CURVE('',#12864,#12895,#12903,.T.);
#12903 = LINE('',#12904,#12905);
#12904 = CARTESIAN_POINT('',(0.95459296,0.2828417,0.));
#12905 = VECTOR('',#12906,1.);
#12906 = DIRECTION('',(-0.707106781187,0.707106781187,0.));
#12907 = PLANE('',#12908);
#12908 = AXIS2_PLACEMENT_3D('',#12909,#12910,#12911);
#12909 = CARTESIAN_POINT('',(0.95459296,0.2828417,0.));
#12910 = DIRECTION('',(-0.707106781187,-0.707106781187,0.));
#12911 = DIRECTION('',(-0.707106781187,0.707106781187,0.));
#12912 = ADVANCED_FACE('',(#12913),#12938,.F.);
#12913 = FACE_BOUND('',#12914,.F.);
#12914 = EDGE_LOOP('',(#12915,#12916,#12924,#12932));
#12915 = ORIENTED_EDGE('',*,*,#12894,.T.);
#12916 = ORIENTED_EDGE('',*,*,#12917,.T.);
#12917 = EDGE_CURVE('',#12887,#12918,#12920,.T.);
#12918 = VERTEX_POINT('',#12919);
#12919 = CARTESIAN_POINT('',(-0.95459296,-0.28283916,1.29999994));
#12920 = LINE('',#12921,#12922);
#12921 = CARTESIAN_POINT('',(0.28283916,0.9545955,1.29999994));
#12922 = VECTOR('',#12923,1.);
#12923 = DIRECTION('',(-0.70710605547,-0.707107506902,0.));
#12924 = ORIENTED_EDGE('',*,*,#12925,.F.);
#12925 = EDGE_CURVE('',#12926,#12918,#12928,.T.);
#12926 = VERTEX_POINT('',#12927);
#12927 = CARTESIAN_POINT('',(-0.95459296,-0.28283916,0.));
#12928 = LINE('',#12929,#12930);
#12929 = CARTESIAN_POINT('',(-0.95459296,-0.28283916,0.));
#12930 = VECTOR('',#12931,1.);
#12931 = DIRECTION('',(0.,0.,1.));
#12932 = ORIENTED_EDGE('',*,*,#12933,.F.);
#12933 = EDGE_CURVE('',#12895,#12926,#12934,.T.);
#12934 = LINE('',#12935,#12936);
#12935 = CARTESIAN_POINT('',(0.28283916,0.9545955,0.));
#12936 = VECTOR('',#12937,1.);
#12937 = DIRECTION('',(-0.70710605547,-0.707107506902,0.));
#12938 = PLANE('',#12939);
#12939 = AXIS2_PLACEMENT_3D('',#12940,#12941,#12942);
#12940 = CARTESIAN_POINT('',(0.28283916,0.9545955,0.));
#12941 = DIRECTION('',(0.707107506902,-0.70710605547,0.));
#12942 = DIRECTION('',(-0.70710605547,-0.707107506902,0.));
#12943 = ADVANCED_FACE('',(#12944),#12960,.F.);
#12944 = FACE_BOUND('',#12945,.F.);
#12945 = EDGE_LOOP('',(#12946,#12947,#12953,#12954));
#12946 = ORIENTED_EDGE('',*,*,#12925,.T.);
#12947 = ORIENTED_EDGE('',*,*,#12948,.T.);
#12948 = EDGE_CURVE('',#12918,#12848,#12949,.T.);
#12949 = LINE('',#12950,#12951);
#12950 = CARTESIAN_POINT('',(-0.95459296,-0.28283916,1.29999994));
#12951 = VECTOR('',#12952,1.);
#12952 = DIRECTION('',(0.707106781187,-0.707106781187,0.));
#12953 = ORIENTED_EDGE('',*,*,#12845,.F.);
#12954 = ORIENTED_EDGE('',*,*,#12955,.F.);
#12955 = EDGE_CURVE('',#12926,#12846,#12956,.T.);
#12956 = LINE('',#12957,#12958);
#12957 = CARTESIAN_POINT('',(-0.95459296,-0.28283916,0.));
#12958 = VECTOR('',#12959,1.);
#12959 = DIRECTION('',(0.707106781187,-0.707106781187,0.));
#12960 = PLANE('',#12961);
#12961 = AXIS2_PLACEMENT_3D('',#12962,#12963,#12964);
#12962 = CARTESIAN_POINT('',(-0.95459296,-0.28283916,0.));
#12963 = DIRECTION('',(0.707106781187,0.707106781187,-0.));
#12964 = DIRECTION('',(0.707106781187,-0.707106781187,0.));
#12965 = ADVANCED_FACE('',(#12966),#12972,.F.);
#12966 = FACE_BOUND('',#12967,.F.);
#12967 = EDGE_LOOP('',(#12968,#12969,#12970,#12971));
#12968 = ORIENTED_EDGE('',*,*,#12871,.T.);
#12969 = ORIENTED_EDGE('',*,*,#12902,.T.);
#12970 = ORIENTED_EDGE('',*,*,#12933,.T.);
#12971 = ORIENTED_EDGE('',*,*,#12955,.T.);
#12972 = PLANE('',#12973);
#12973 = AXIS2_PLACEMENT_3D('',#12974,#12975,#12976);
#12974 = CARTESIAN_POINT('',(-3.597947096397E-17,1.270000002047E-06,0.)
  );
#12975 = DIRECTION('',(0.,0.,1.));
#12976 = DIRECTION('',(1.,0.,-0.));
#12977 = ADVANCED_FACE('',(#12978),#12984,.T.);
#12978 = FACE_BOUND('',#12979,.T.);
#12979 = EDGE_LOOP('',(#12980,#12981,#12982,#12983));
#12980 = ORIENTED_EDGE('',*,*,#12855,.T.);
#12981 = ORIENTED_EDGE('',*,*,#12886,.T.);
#12982 = ORIENTED_EDGE('',*,*,#12917,.T.);
#12983 = ORIENTED_EDGE('',*,*,#12948,.T.);
#12984 = PLANE('',#12985);
#12985 = AXIS2_PLACEMENT_3D('',#12986,#12987,#12988);
#12986 = CARTESIAN_POINT('',(-3.597947096397E-17,1.270000002047E-06,
    1.29999994));
#12987 = DIRECTION('',(0.,0.,1.));
#12988 = DIRECTION('',(1.,0.,-0.));
#12989 = ( GEOMETRIC_REPRESENTATION_CONTEXT(3) 
GLOBAL_UNCERTAINTY_ASSIGNED_CONTEXT((#12993)) 
GLOBAL_UNIT_ASSIGNED_CONTEXT((#12990,#12991,#12992)) 
REPRESENTATION_CONTEXT('Context #1',
  '3D Context with UNIT and UNCERTAINTY') );
#12990 = ( LENGTH_UNIT() NAMED_UNIT(*) SI_UNIT(.MILLI.,.METRE.) );
#12991 = ( NAMED_UNIT(*) PLANE_ANGLE_UNIT() SI_UNIT($,.RADIAN.) );
#12992 = ( NAMED_UNIT(*) SI_UNIT($,.STERADIAN.) SOLID_ANGLE_UNIT() );
#12993 = UNCERTAINTY_MEASURE_WITH_UNIT(LENGTH_MEASURE(1.E-07),#12990,
  'distance_accuracy_value','confusion accuracy');
#12994 = SHAPE_DEFINITION_REPRESENTATION(#12995,#12838);
#12995 = PRODUCT_DEFINITION_SHAPE('','',#12996);
#12996 = PRODUCT_DEFINITION('design','',#12997,#13000);
#12997 = PRODUCT_DEFINITION_FORMATION('','',#12998);
#12998 = PRODUCT('Extruded','Extruded','',(#12999));
#12999 = PRODUCT_CONTEXT('',#2,'mechanical');
#13000 = PRODUCT_DEFINITION_CONTEXT('part definition',#2,'design');
#13001 = CONTEXT_DEPENDENT_SHAPE_REPRESENTATION(#13002,#13004);
#13002 = ( REPRESENTATION_RELATIONSHIP('','',#12838,#12828) 
REPRESENTATION_RELATIONSHIP_WITH_TRANSFORMATION(#13003) 
SHAPE_REPRESENTATION_RELATIONSHIP() );
#13003 = ITEM_DEFINED_TRANSFORMATION('','',#11,#12829);
#13004 = PRODUCT_DEFINITION_SHAPE('Placement','Placement of an item',
  #13005);
#13005 = NEXT_ASSEMBLY_USAGE_OCCURRENCE('105','2','',#12823,#12996,$);
#13006 = PRODUCT_RELATED_PRODUCT_CATEGORY('part',$,(#12998));
#13007 = CONTEXT_DEPENDENT_SHAPE_REPRESENTATION(#13008,#13010);
#13008 = ( REPRESENTATION_RELATIONSHIP('','',#12828,#12811) 
REPRESENTATION_RELATIONSHIP_WITH_TRANSFORMATION(#13009) 
SHAPE_REPRESENTATION_RELATIONSHIP() );
#13009 = ITEM_DEFINED_TRANSFORMATION('','',#11,#12812);
#13010 = PRODUCT_DEFINITION_SHAPE('Placement','Placement of an item',
  #13011);
#13011 = NEXT_ASSEMBLY_USAGE_OCCURRENCE('106','','',#12806,#12823,$);
#13012 = PRODUCT_RELATED_PRODUCT_CATEGORY('part',$,(#12825));
#13013 = CONTEXT_DEPENDENT_SHAPE_REPRESENTATION(#13014,#13016);
#13014 = ( REPRESENTATION_RELATIONSHIP('','',#12811,#10) 
REPRESENTATION_RELATIONSHIP_WITH_TRANSFORMATION(#13015) 
SHAPE_REPRESENTATION_RELATIONSHIP() );
#13015 = ITEM_DEFINED_TRANSFORMATION('','',#11,#139);
#13016 = PRODUCT_DEFINITION_SHAPE('Placement','Placement of an item',
  #13017);
#13017 = NEXT_ASSEMBLY_USAGE_OCCURRENCE('107','','',#5,#12806,$);
#13018 = PRODUCT_RELATED_PRODUCT_CATEGORY('part',$,(#12808));
#13019 = SHAPE_DEFINITION_REPRESENTATION(#13020,#13026);
#13020 = PRODUCT_DEFINITION_SHAPE('','',#13021);
#13021 = PRODUCT_DEFINITION('design','',#13022,#13025);
#13022 = PRODUCT_DEFINITION_FORMATION('','',#13023);
#13023 = PRODUCT('C7','C7','',(#13024));
#13024 = PRODUCT_CONTEXT('',#2,'mechanical');
#13025 = PRODUCT_DEFINITION_CONTEXT('part definition',#2,'design');
#13026 = SHAPE_REPRESENTATION('',(#11,#13027),#13031);
#13027 = AXIS2_PLACEMENT_3D('',#13028,#13029,#13030);
#13028 = CARTESIAN_POINT('',(23.755029296875,24.755025482178,
    -1.711479187012));
#13029 = DIRECTION('',(0.,0.,1.));
#13030 = DIRECTION('',(1.,0.,0.));
#13031 = ( GEOMETRIC_REPRESENTATION_CONTEXT(3) 
GLOBAL_UNCERTAINTY_ASSIGNED_CONTEXT((#13035)) 
GLOBAL_UNIT_ASSIGNED_CONTEXT((#13032,#13033,#13034)) 
REPRESENTATION_CONTEXT('Context #1',
  '3D Context with UNIT and UNCERTAINTY') );
#13032 = ( LENGTH_UNIT() NAMED_UNIT(*) SI_UNIT(.MILLI.,.METRE.) );
#13033 = ( NAMED_UNIT(*) PLANE_ANGLE_UNIT() SI_UNIT($,.RADIAN.) );
#13034 = ( NAMED_UNIT(*) SI_UNIT($,.STERADIAN.) SOLID_ANGLE_UNIT() );
#13035 = UNCERTAINTY_MEASURE_WITH_UNIT(LENGTH_MEASURE(1.E-07),#13032,
  'distance_accuracy_value','confusion accuracy');
#13036 = CONTEXT_DEPENDENT_SHAPE_REPRESENTATION(#13037,#13039);
#13037 = ( REPRESENTATION_RELATIONSHIP('','',#12828,#13026) 
REPRESENTATION_RELATIONSHIP_WITH_TRANSFORMATION(#13038) 
SHAPE_REPRESENTATION_RELATIONSHIP() );
#13038 = ITEM_DEFINED_TRANSFORMATION('','',#11,#13027);
#13039 = PRODUCT_DEFINITION_SHAPE('Placement','Placement of an item',
  #13040);
#13040 = NEXT_ASSEMBLY_USAGE_OCCURRENCE('108','','',#13021,#12823,$);
#13041 = CONTEXT_DEPENDENT_SHAPE_REPRESENTATION(#13042,#13044);
#13042 = ( REPRESENTATION_RELATIONSHIP('','',#13026,#10) 
REPRESENTATION_RELATIONSHIP_WITH_TRANSFORMATION(#13043) 
SHAPE_REPRESENTATION_RELATIONSHIP() );
#13043 = ITEM_DEFINED_TRANSFORMATION('','',#11,#143);
#13044 = PRODUCT_DEFINITION_SHAPE('Placement','Placement of an item',
  #13045);
#13045 = NEXT_ASSEMBLY_USAGE_OCCURRENCE('109','','',#5,#13021,$);
#13046 = PRODUCT_RELATED_PRODUCT_CATEGORY('part',$,(#13023));
#13047 = SHAPE_DEFINITION_REPRESENTATION(#13048,#13054);
#13048 = PRODUCT_DEFINITION_SHAPE('','',#13049);
#13049 = PRODUCT_DEFINITION('design','',#13050,#13053);
#13050 = PRODUCT_DEFINITION_FORMATION('','',#13051);
#13051 = PRODUCT('C6','C6','',(#13052));
#13052 = PRODUCT_CONTEXT('',#2,'mechanical');
#13053 = PRODUCT_DEFINITION_CONTEXT('part definition',#2,'design');
#13054 = SHAPE_REPRESENTATION('',(#11,#13055),#13059);
#13055 = AXIS2_PLACEMENT_3D('',#13056,#13057,#13058);
#13056 = CARTESIAN_POINT('',(13.199994659424,17.1,-1.711479187012));
#13057 = DIRECTION('',(0.,0.,1.));
#13058 = DIRECTION('',(1.,0.,0.));
#13059 = ( GEOMETRIC_REPRESENTATION_CONTEXT(3) 
GLOBAL_UNCERTAINTY_ASSIGNED_CONTEXT((#13063)) 
GLOBAL_UNIT_ASSIGNED_CONTEXT((#13060,#13061,#13062)) 
REPRESENTATION_CONTEXT('Context #1',
  '3D Context with UNIT and UNCERTAINTY') );
#13060 = ( LENGTH_UNIT() NAMED_UNIT(*) SI_UNIT(.MILLI.,.METRE.) );
#13061 = ( NAMED_UNIT(*) PLANE_ANGLE_UNIT() SI_UNIT($,.RADIAN.) );
#13062 = ( NAMED_UNIT(*) SI_UNIT($,.STERADIAN.) SOLID_ANGLE_UNIT() );
#13063 = UNCERTAINTY_MEASURE_WITH_UNIT(LENGTH_MEASURE(1.E-07),#13060,
  'distance_accuracy_value','confusion accuracy');
#13064 = SHAPE_DEFINITION_REPRESENTATION(#13065,#13071);
#13065 = PRODUCT_DEFINITION_SHAPE('','',#13066);
#13066 = PRODUCT_DEFINITION('design','',#13067,#13070);
#13067 = PRODUCT_DEFINITION_FORMATION('','',#13068);
#13068 = PRODUCT('6370873216','6370873216','',(#13069));
#13069 = PRODUCT_CONTEXT('',#2,'mechanical');
#13070 = PRODUCT_DEFINITION_CONTEXT('part definition',#2,'design');
#13071 = SHAPE_REPRESENTATION('',(#11,#13072),#13076);
#13072 = AXIS2_PLACEMENT_3D('',#13073,#13074,#13075);
#13073 = CARTESIAN_POINT('',(0.,0.,0.));
#13074 = DIRECTION('',(0.,0.,1.));
#13075 = DIRECTION('',(1.,0.,0.));
#13076 = ( GEOMETRIC_REPRESENTATION_CONTEXT(3) 
GLOBAL_UNCERTAINTY_ASSIGNED_CONTEXT((#13080)) 
GLOBAL_UNIT_ASSIGNED_CONTEXT((#13077,#13078,#13079)) 
REPRESENTATION_CONTEXT('Context #1',
  '3D Context with UNIT and UNCERTAINTY') );
#13077 = ( LENGTH_UNIT() NAMED_UNIT(*) SI_UNIT(.MILLI.,.METRE.) );
#13078 = ( NAMED_UNIT(*) PLANE_ANGLE_UNIT() SI_UNIT($,.RADIAN.) );
#13079 = ( NAMED_UNIT(*) SI_UNIT($,.STERADIAN.) SOLID_ANGLE_UNIT() );
#13080 = UNCERTAINTY_MEASURE_WITH_UNIT(LENGTH_MEASURE(1.E-07),#13077,
  'distance_accuracy_value','confusion accuracy');
#13081 = ADVANCED_BREP_SHAPE_REPRESENTATION('',(#11,#13082),#13232);
#13082 = MANIFOLD_SOLID_BREP('',#13083);
#13083 = CLOSED_SHELL('',(#13084,#13124,#13155,#13186,#13208,#13220));
#13084 = ADVANCED_FACE('',(#13085),#13119,.T.);
#13085 = FACE_BOUND('',#13086,.T.);
#13086 = EDGE_LOOP('',(#13087,#13097,#13105,#13113));
#13087 = ORIENTED_EDGE('',*,*,#13088,.T.);
#13088 = EDGE_CURVE('',#13089,#13091,#13093,.T.);
#13089 = VERTEX_POINT('',#13090);
#13090 = CARTESIAN_POINT('',(-0.87499952,0.47500286,0.));
#13091 = VERTEX_POINT('',#13092);
#13092 = CARTESIAN_POINT('',(-0.87499952,0.47500286,1.29999994));
#13093 = LINE('',#13094,#13095);
#13094 = CARTESIAN_POINT('',(-0.87499952,0.47500286,0.));
#13095 = VECTOR('',#13096,1.);
#13096 = DIRECTION('',(0.,0.,1.));
#13097 = ORIENTED_EDGE('',*,*,#13098,.T.);
#13098 = EDGE_CURVE('',#13091,#13099,#13101,.T.);
#13099 = VERTEX_POINT('',#13100);
#13100 = CARTESIAN_POINT('',(0.87499698,0.47500286,1.29999994));
#13101 = LINE('',#13102,#13103);
#13102 = CARTESIAN_POINT('',(-0.87499952,0.47500286,1.29999994));
#13103 = VECTOR('',#13104,1.);
#13104 = DIRECTION('',(1.,0.,0.));
#13105 = ORIENTED_EDGE('',*,*,#13106,.F.);
#13106 = EDGE_CURVE('',#13107,#13099,#13109,.T.);
#13107 = VERTEX_POINT('',#13108);
#13108 = CARTESIAN_POINT('',(0.87499698,0.47500286,0.));
#13109 = LINE('',#13110,#13111);
#13110 = CARTESIAN_POINT('',(0.87499698,0.47500286,0.));
#13111 = VECTOR('',#13112,1.);
#13112 = DIRECTION('',(0.,0.,1.));
#13113 = ORIENTED_EDGE('',*,*,#13114,.F.);
#13114 = EDGE_CURVE('',#13089,#13107,#13115,.T.);
#13115 = LINE('',#13116,#13117);
#13116 = CARTESIAN_POINT('',(-0.87499952,0.47500286,0.));
#13117 = VECTOR('',#13118,1.);
#13118 = DIRECTION('',(1.,0.,0.));
#13119 = PLANE('',#13120);
#13120 = AXIS2_PLACEMENT_3D('',#13121,#13122,#13123);
#13121 = CARTESIAN_POINT('',(-0.87499952,0.47500286,0.));
#13122 = DIRECTION('',(0.,1.,0.));
#13123 = DIRECTION('',(1.,0.,0.));
#13124 = ADVANCED_FACE('',(#13125),#13150,.T.);
#13125 = FACE_BOUND('',#13126,.T.);
#13126 = EDGE_LOOP('',(#13127,#13128,#13136,#13144));
#13127 = ORIENTED_EDGE('',*,*,#13106,.T.);
#13128 = ORIENTED_EDGE('',*,*,#13129,.T.);
#13129 = EDGE_CURVE('',#13099,#13130,#13132,.T.);
#13130 = VERTEX_POINT('',#13131);
#13131 = CARTESIAN_POINT('',(0.87499952,-0.47499778,1.29999994));
#13132 = LINE('',#13133,#13134);
#13133 = CARTESIAN_POINT('',(0.87499698,0.47500286,1.29999994));
#13134 = VECTOR('',#13135,1.);
#13135 = DIRECTION('',(2.673682413619E-06,-0.999999999996,0.));
#13136 = ORIENTED_EDGE('',*,*,#13137,.F.);
#13137 = EDGE_CURVE('',#13138,#13130,#13140,.T.);
#13138 = VERTEX_POINT('',#13139);
#13139 = CARTESIAN_POINT('',(0.87499952,-0.47499778,0.));
#13140 = LINE('',#13141,#13142);
#13141 = CARTESIAN_POINT('',(0.87499952,-0.47499778,0.));
#13142 = VECTOR('',#13143,1.);
#13143 = DIRECTION('',(0.,0.,1.));
#13144 = ORIENTED_EDGE('',*,*,#13145,.F.);
#13145 = EDGE_CURVE('',#13107,#13138,#13146,.T.);
#13146 = LINE('',#13147,#13148);
#13147 = CARTESIAN_POINT('',(0.87499698,0.47500286,0.));
#13148 = VECTOR('',#13149,1.);
#13149 = DIRECTION('',(2.673682413619E-06,-0.999999999996,0.));
#13150 = PLANE('',#13151);
#13151 = AXIS2_PLACEMENT_3D('',#13152,#13153,#13154);
#13152 = CARTESIAN_POINT('',(0.87499698,0.47500286,0.));
#13153 = DIRECTION('',(0.999999999996,2.673682413619E-06,-0.));
#13154 = DIRECTION('',(2.673682413619E-06,-0.999999999996,0.));
#13155 = ADVANCED_FACE('',(#13156),#13181,.T.);
#13156 = FACE_BOUND('',#13157,.T.);
#13157 = EDGE_LOOP('',(#13158,#13159,#13167,#13175));
#13158 = ORIENTED_EDGE('',*,*,#13137,.T.);
#13159 = ORIENTED_EDGE('',*,*,#13160,.T.);
#13160 = EDGE_CURVE('',#13130,#13161,#13163,.T.);
#13161 = VERTEX_POINT('',#13162);
#13162 = CARTESIAN_POINT('',(-0.87499952,-0.47500032,1.29999994));
#13163 = LINE('',#13164,#13165);
#13164 = CARTESIAN_POINT('',(0.87499952,-0.47499778,1.29999994));
#13165 = VECTOR('',#13166,1.);
#13166 = DIRECTION('',(-0.999999999999,-1.451429365924E-06,0.));
#13167 = ORIENTED_EDGE('',*,*,#13168,.F.);
#13168 = EDGE_CURVE('',#13169,#13161,#13171,.T.);
#13169 = VERTEX_POINT('',#13170);
#13170 = CARTESIAN_POINT('',(-0.87499952,-0.47500032,0.));
#13171 = LINE('',#13172,#13173);
#13172 = CARTESIAN_POINT('',(-0.87499952,-0.47500032,0.));
#13173 = VECTOR('',#13174,1.);
#13174 = DIRECTION('',(0.,0.,1.));
#13175 = ORIENTED_EDGE('',*,*,#13176,.F.);
#13176 = EDGE_CURVE('',#13138,#13169,#13177,.T.);
#13177 = LINE('',#13178,#13179);
#13178 = CARTESIAN_POINT('',(0.87499952,-0.47499778,0.));
#13179 = VECTOR('',#13180,1.);
#13180 = DIRECTION('',(-0.999999999999,-1.451429365924E-06,0.));
#13181 = PLANE('',#13182);
#13182 = AXIS2_PLACEMENT_3D('',#13183,#13184,#13185);
#13183 = CARTESIAN_POINT('',(0.87499952,-0.47499778,0.));
#13184 = DIRECTION('',(1.451429365924E-06,-0.999999999999,0.));
#13185 = DIRECTION('',(-0.999999999999,-1.451429365924E-06,0.));
#13186 = ADVANCED_FACE('',(#13187),#13203,.T.);
#13187 = FACE_BOUND('',#13188,.T.);
#13188 = EDGE_LOOP('',(#13189,#13190,#13196,#13197));
#13189 = ORIENTED_EDGE('',*,*,#13168,.T.);
#13190 = ORIENTED_EDGE('',*,*,#13191,.T.);
#13191 = EDGE_CURVE('',#13161,#13091,#13192,.T.);
#13192 = LINE('',#13193,#13194);
#13193 = CARTESIAN_POINT('',(-0.87499952,-0.47500032,1.29999994));
#13194 = VECTOR('',#13195,1.);
#13195 = DIRECTION('',(0.,1.,0.));
#13196 = ORIENTED_EDGE('',*,*,#13088,.F.);
#13197 = ORIENTED_EDGE('',*,*,#13198,.F.);
#13198 = EDGE_CURVE('',#13169,#13089,#13199,.T.);
#13199 = LINE('',#13200,#13201);
#13200 = CARTESIAN_POINT('',(-0.87499952,-0.47500032,0.));
#13201 = VECTOR('',#13202,1.);
#13202 = DIRECTION('',(0.,1.,0.));
#13203 = PLANE('',#13204);
#13204 = AXIS2_PLACEMENT_3D('',#13205,#13206,#13207);
#13205 = CARTESIAN_POINT('',(-0.87499952,-0.47500032,0.));
#13206 = DIRECTION('',(-1.,0.,0.));
#13207 = DIRECTION('',(0.,1.,0.));
#13208 = ADVANCED_FACE('',(#13209),#13215,.T.);
#13209 = FACE_BOUND('',#13210,.T.);
#13210 = EDGE_LOOP('',(#13211,#13212,#13213,#13214));
#13211 = ORIENTED_EDGE('',*,*,#13114,.T.);
#13212 = ORIENTED_EDGE('',*,*,#13145,.T.);
#13213 = ORIENTED_EDGE('',*,*,#13176,.T.);
#13214 = ORIENTED_EDGE('',*,*,#13198,.T.);
#13215 = PLANE('',#13216);
#13216 = AXIS2_PLACEMENT_3D('',#13217,#13218,#13219);
#13217 = CARTESIAN_POINT('',(-1.046572750048E-06,1.681573142013E-06,0.)
  );
#13218 = DIRECTION('',(-0.,-0.,-1.));
#13219 = DIRECTION('',(-1.,0.,0.));
#13220 = ADVANCED_FACE('',(#13221),#13227,.F.);
#13221 = FACE_BOUND('',#13222,.F.);
#13222 = EDGE_LOOP('',(#13223,#13224,#13225,#13226));
#13223 = ORIENTED_EDGE('',*,*,#13098,.T.);
#13224 = ORIENTED_EDGE('',*,*,#13129,.T.);
#13225 = ORIENTED_EDGE('',*,*,#13160,.T.);
#13226 = ORIENTED_EDGE('',*,*,#13191,.T.);
#13227 = PLANE('',#13228);
#13228 = AXIS2_PLACEMENT_3D('',#13229,#13230,#13231);
#13229 = CARTESIAN_POINT('',(-1.046572750048E-06,1.681573142013E-06,
    1.29999994));
#13230 = DIRECTION('',(-0.,-0.,-1.));
#13231 = DIRECTION('',(-1.,0.,0.));
#13232 = ( GEOMETRIC_REPRESENTATION_CONTEXT(3) 
GLOBAL_UNCERTAINTY_ASSIGNED_CONTEXT((#13236)) 
GLOBAL_UNIT_ASSIGNED_CONTEXT((#13233,#13234,#13235)) 
REPRESENTATION_CONTEXT('Context #1',
  '3D Context with UNIT and UNCERTAINTY') );
#13233 = ( LENGTH_UNIT() NAMED_UNIT(*) SI_UNIT(.MILLI.,.METRE.) );
#13234 = ( NAMED_UNIT(*) PLANE_ANGLE_UNIT() SI_UNIT($,.RADIAN.) );
#13235 = ( NAMED_UNIT(*) SI_UNIT($,.STERADIAN.) SOLID_ANGLE_UNIT() );
#13236 = UNCERTAINTY_MEASURE_WITH_UNIT(LENGTH_MEASURE(1.E-07),#13233,
  'distance_accuracy_value','confusion accuracy');
#13237 = SHAPE_DEFINITION_REPRESENTATION(#13238,#13081);
#13238 = PRODUCT_DEFINITION_SHAPE('','',#13239);
#13239 = PRODUCT_DEFINITION('design','',#13240,#13243);
#13240 = PRODUCT_DEFINITION_FORMATION('','',#13241);
#13241 = PRODUCT('Extruded','Extruded','',(#13242));
#13242 = PRODUCT_CONTEXT('',#2,'mechanical');
#13243 = PRODUCT_DEFINITION_CONTEXT('part definition',#2,'design');
#13244 = CONTEXT_DEPENDENT_SHAPE_REPRESENTATION(#13245,#13247);
#13245 = ( REPRESENTATION_RELATIONSHIP('','',#13081,#13071) 
REPRESENTATION_RELATIONSHIP_WITH_TRANSFORMATION(#13246) 
SHAPE_REPRESENTATION_RELATIONSHIP() );
#13246 = ITEM_DEFINED_TRANSFORMATION('','',#11,#13072);
#13247 = PRODUCT_DEFINITION_SHAPE('Placement','Placement of an item',
  #13248);
#13248 = NEXT_ASSEMBLY_USAGE_OCCURRENCE('110','23','',#13066,#13239,$);
#13249 = PRODUCT_RELATED_PRODUCT_CATEGORY('part',$,(#13241));
#13250 = CONTEXT_DEPENDENT_SHAPE_REPRESENTATION(#13251,#13253);
#13251 = ( REPRESENTATION_RELATIONSHIP('','',#13071,#13054) 
REPRESENTATION_RELATIONSHIP_WITH_TRANSFORMATION(#13252) 
SHAPE_REPRESENTATION_RELATIONSHIP() );
#13252 = ITEM_DEFINED_TRANSFORMATION('','',#11,#13055);
#13253 = PRODUCT_DEFINITION_SHAPE('Placement','Placement of an item',
  #13254);
#13254 = NEXT_ASSEMBLY_USAGE_OCCURRENCE('111','','',#13049,#13066,$);
#13255 = PRODUCT_RELATED_PRODUCT_CATEGORY('part',$,(#13068));
#13256 = CONTEXT_DEPENDENT_SHAPE_REPRESENTATION(#13257,#13259);
#13257 = ( REPRESENTATION_RELATIONSHIP('','',#13054,#10) 
REPRESENTATION_RELATIONSHIP_WITH_TRANSFORMATION(#13258) 
SHAPE_REPRESENTATION_RELATIONSHIP() );
#13258 = ITEM_DEFINED_TRANSFORMATION('','',#11,#147);
#13259 = PRODUCT_DEFINITION_SHAPE('Placement','Placement of an item',
  #13260);
#13260 = NEXT_ASSEMBLY_USAGE_OCCURRENCE('112','','',#5,#13049,$);
#13261 = PRODUCT_RELATED_PRODUCT_CATEGORY('part',$,(#13051));
#13262 = SHAPE_DEFINITION_REPRESENTATION(#13263,#13269);
#13263 = PRODUCT_DEFINITION_SHAPE('','',#13264);
#13264 = PRODUCT_DEFINITION('design','',#13265,#13268);
#13265 = PRODUCT_DEFINITION_FORMATION('','',#13266);
#13266 = PRODUCT('C5','C5','',(#13267));
#13267 = PRODUCT_CONTEXT('',#2,'mechanical');
#13268 = PRODUCT_DEFINITION_CONTEXT('part definition',#2,'design');
#13269 = SHAPE_REPRESENTATION('',(#11,#13270),#13274);
#13270 = AXIS2_PLACEMENT_3D('',#13271,#13272,#13273);
#13271 = CARTESIAN_POINT('',(17.200002288818,24.399999237061,
    -1.711479187012));
#13272 = DIRECTION('',(0.,0.,1.));
#13273 = DIRECTION('',(1.,0.,0.));
#13274 = ( GEOMETRIC_REPRESENTATION_CONTEXT(3) 
GLOBAL_UNCERTAINTY_ASSIGNED_CONTEXT((#13278)) 
GLOBAL_UNIT_ASSIGNED_CONTEXT((#13275,#13276,#13277)) 
REPRESENTATION_CONTEXT('Context #1',
  '3D Context with UNIT and UNCERTAINTY') );
#13275 = ( LENGTH_UNIT() NAMED_UNIT(*) SI_UNIT(.MILLI.,.METRE.) );
#13276 = ( NAMED_UNIT(*) PLANE_ANGLE_UNIT() SI_UNIT($,.RADIAN.) );
#13277 = ( NAMED_UNIT(*) SI_UNIT($,.STERADIAN.) SOLID_ANGLE_UNIT() );
#13278 = UNCERTAINTY_MEASURE_WITH_UNIT(LENGTH_MEASURE(1.E-07),#13275,
  'distance_accuracy_value','confusion accuracy');
#13279 = CONTEXT_DEPENDENT_SHAPE_REPRESENTATION(#13280,#13282);
#13280 = ( REPRESENTATION_RELATIONSHIP('','',#13071,#13269) 
REPRESENTATION_RELATIONSHIP_WITH_TRANSFORMATION(#13281) 
SHAPE_REPRESENTATION_RELATIONSHIP() );
#13281 = ITEM_DEFINED_TRANSFORMATION('','',#11,#13270);
#13282 = PRODUCT_DEFINITION_SHAPE('Placement','Placement of an item',
  #13283);
#13283 = NEXT_ASSEMBLY_USAGE_OCCURRENCE('113','','',#13264,#13066,$);
#13284 = CONTEXT_DEPENDENT_SHAPE_REPRESENTATION(#13285,#13287);
#13285 = ( REPRESENTATION_RELATIONSHIP('','',#13269,#10) 
REPRESENTATION_RELATIONSHIP_WITH_TRANSFORMATION(#13286) 
SHAPE_REPRESENTATION_RELATIONSHIP() );
#13286 = ITEM_DEFINED_TRANSFORMATION('','',#11,#151);
#13287 = PRODUCT_DEFINITION_SHAPE('Placement','Placement of an item',
  #13288);
#13288 = NEXT_ASSEMBLY_USAGE_OCCURRENCE('114','','',#5,#13264,$);
#13289 = PRODUCT_RELATED_PRODUCT_CATEGORY('part',$,(#13266));
#13290 = SHAPE_DEFINITION_REPRESENTATION(#13291,#13297);
#13291 = PRODUCT_DEFINITION_SHAPE('','',#13292);
#13292 = PRODUCT_DEFINITION('design','',#13293,#13296);
#13293 = PRODUCT_DEFINITION_FORMATION('','',#13294);
#13294 = PRODUCT('C4','C4','',(#13295));
#13295 = PRODUCT_CONTEXT('',#2,'mechanical');
#13296 = PRODUCT_DEFINITION_CONTEXT('part definition',#2,'design');
#13297 = SHAPE_REPRESENTATION('',(#11,#13298),#13302);
#13298 = AXIS2_PLACEMENT_3D('',#13299,#13300,#13301);
#13299 = CARTESIAN_POINT('',(22.755025482178,8.744969940186,
    -1.711479187012));
#13300 = DIRECTION('',(0.,0.,1.));
#13301 = DIRECTION('',(1.,0.,0.));
#13302 = ( GEOMETRIC_REPRESENTATION_CONTEXT(3) 
GLOBAL_UNCERTAINTY_ASSIGNED_CONTEXT((#13306)) 
GLOBAL_UNIT_ASSIGNED_CONTEXT((#13303,#13304,#13305)) 
REPRESENTATION_CONTEXT('Context #1',
  '3D Context with UNIT and UNCERTAINTY') );
#13303 = ( LENGTH_UNIT() NAMED_UNIT(*) SI_UNIT(.MILLI.,.METRE.) );
#13304 = ( NAMED_UNIT(*) PLANE_ANGLE_UNIT() SI_UNIT($,.RADIAN.) );
#13305 = ( NAMED_UNIT(*) SI_UNIT($,.STERADIAN.) SOLID_ANGLE_UNIT() );
#13306 = UNCERTAINTY_MEASURE_WITH_UNIT(LENGTH_MEASURE(1.E-07),#13303,
  'distance_accuracy_value','confusion accuracy');
#13307 = SHAPE_DEFINITION_REPRESENTATION(#13308,#13314);
#13308 = PRODUCT_DEFINITION_SHAPE('','',#13309);
#13309 = PRODUCT_DEFINITION('design','',#13310,#13313);
#13310 = PRODUCT_DEFINITION_FORMATION('','',#13311);
#13311 = PRODUCT('6323769232','6323769232','',(#13312));
#13312 = PRODUCT_CONTEXT('',#2,'mechanical');
#13313 = PRODUCT_DEFINITION_CONTEXT('part definition',#2,'design');
#13314 = SHAPE_REPRESENTATION('',(#11,#13315),#13319);
#13315 = AXIS2_PLACEMENT_3D('',#13316,#13317,#13318);
#13316 = CARTESIAN_POINT('',(0.,0.,0.));
#13317 = DIRECTION('',(0.,0.,1.));
#13318 = DIRECTION('',(1.,0.,0.));
#13319 = ( GEOMETRIC_REPRESENTATION_CONTEXT(3) 
GLOBAL_UNCERTAINTY_ASSIGNED_CONTEXT((#13323)) 
GLOBAL_UNIT_ASSIGNED_CONTEXT((#13320,#13321,#13322)) 
REPRESENTATION_CONTEXT('Context #1',
  '3D Context with UNIT and UNCERTAINTY') );
#13320 = ( LENGTH_UNIT() NAMED_UNIT(*) SI_UNIT(.MILLI.,.METRE.) );
#13321 = ( NAMED_UNIT(*) PLANE_ANGLE_UNIT() SI_UNIT($,.RADIAN.) );
#13322 = ( NAMED_UNIT(*) SI_UNIT($,.STERADIAN.) SOLID_ANGLE_UNIT() );
#13323 = UNCERTAINTY_MEASURE_WITH_UNIT(LENGTH_MEASURE(1.E-07),#13320,
  'distance_accuracy_value','confusion accuracy');
#13324 = ADVANCED_BREP_SHAPE_REPRESENTATION('',(#11,#13325),#13475);
#13325 = MANIFOLD_SOLID_BREP('',#13326);
#13326 = CLOSED_SHELL('',(#13327,#13367,#13398,#13429,#13451,#13463));
#13327 = ADVANCED_FACE('',(#13328),#13362,.T.);
#13328 = FACE_BOUND('',#13329,.T.);
#13329 = EDGE_LOOP('',(#13330,#13340,#13348,#13356));
#13330 = ORIENTED_EDGE('',*,*,#13331,.T.);
#13331 = EDGE_CURVE('',#13332,#13334,#13336,.T.);
#13332 = VERTEX_POINT('',#13333);
#13333 = CARTESIAN_POINT('',(0.2828417,-0.95459296,0.));
#13334 = VERTEX_POINT('',#13335);
#13335 = CARTESIAN_POINT('',(0.2828417,-0.95459296,1.29999994));
#13336 = LINE('',#13337,#13338);
#13337 = CARTESIAN_POINT('',(0.2828417,-0.95459296,0.));
#13338 = VECTOR('',#13339,1.);
#13339 = DIRECTION('',(0.,0.,1.));
#13340 = ORIENTED_EDGE('',*,*,#13341,.T.);
#13341 = EDGE_CURVE('',#13334,#13342,#13344,.T.);
#13342 = VERTEX_POINT('',#13343);
#13343 = CARTESIAN_POINT('',(-0.95459296,0.2828417,1.29999994));
#13344 = LINE('',#13345,#13346);
#13345 = CARTESIAN_POINT('',(0.2828417,-0.95459296,1.29999994));
#13346 = VECTOR('',#13347,1.);
#13347 = DIRECTION('',(-0.707106781187,0.707106781187,0.));
#13348 = ORIENTED_EDGE('',*,*,#13349,.F.);
#13349 = EDGE_CURVE('',#13350,#13342,#13352,.T.);
#13350 = VERTEX_POINT('',#13351);
#13351 = CARTESIAN_POINT('',(-0.95459296,0.2828417,0.));
#13352 = LINE('',#13353,#13354);
#13353 = CARTESIAN_POINT('',(-0.95459296,0.2828417,0.));
#13354 = VECTOR('',#13355,1.);
#13355 = DIRECTION('',(0.,0.,1.));
#13356 = ORIENTED_EDGE('',*,*,#13357,.F.);
#13357 = EDGE_CURVE('',#13332,#13350,#13358,.T.);
#13358 = LINE('',#13359,#13360);
#13359 = CARTESIAN_POINT('',(0.2828417,-0.95459296,0.));
#13360 = VECTOR('',#13361,1.);
#13361 = DIRECTION('',(-0.707106781187,0.707106781187,0.));
#13362 = PLANE('',#13363);
#13363 = AXIS2_PLACEMENT_3D('',#13364,#13365,#13366);
#13364 = CARTESIAN_POINT('',(0.2828417,-0.95459296,0.));
#13365 = DIRECTION('',(-0.707106781187,-0.707106781187,0.));
#13366 = DIRECTION('',(-0.707106781187,0.707106781187,0.));
#13367 = ADVANCED_FACE('',(#13368),#13393,.T.);
#13368 = FACE_BOUND('',#13369,.T.);
#13369 = EDGE_LOOP('',(#13370,#13371,#13379,#13387));
#13370 = ORIENTED_EDGE('',*,*,#13349,.T.);
#13371 = ORIENTED_EDGE('',*,*,#13372,.T.);
#13372 = EDGE_CURVE('',#13342,#13373,#13375,.T.);
#13373 = VERTEX_POINT('',#13374);
#13374 = CARTESIAN_POINT('',(-0.2828417,0.95459296,1.29999994));
#13375 = LINE('',#13376,#13377);
#13376 = CARTESIAN_POINT('',(-0.95459296,0.2828417,1.29999994));
#13377 = VECTOR('',#13378,1.);
#13378 = DIRECTION('',(0.707106781187,0.707106781187,0.));
#13379 = ORIENTED_EDGE('',*,*,#13380,.F.);
#13380 = EDGE_CURVE('',#13381,#13373,#13383,.T.);
#13381 = VERTEX_POINT('',#13382);
#13382 = CARTESIAN_POINT('',(-0.2828417,0.95459296,0.));
#13383 = LINE('',#13384,#13385);
#13384 = CARTESIAN_POINT('',(-0.2828417,0.95459296,0.));
#13385 = VECTOR('',#13386,1.);
#13386 = DIRECTION('',(0.,0.,1.));
#13387 = ORIENTED_EDGE('',*,*,#13388,.F.);
#13388 = EDGE_CURVE('',#13350,#13381,#13389,.T.);
#13389 = LINE('',#13390,#13391);
#13390 = CARTESIAN_POINT('',(-0.95459296,0.2828417,0.));
#13391 = VECTOR('',#13392,1.);
#13392 = DIRECTION('',(0.707106781187,0.707106781187,0.));
#13393 = PLANE('',#13394);
#13394 = AXIS2_PLACEMENT_3D('',#13395,#13396,#13397);
#13395 = CARTESIAN_POINT('',(-0.95459296,0.2828417,0.));
#13396 = DIRECTION('',(-0.707106781187,0.707106781187,0.));
#13397 = DIRECTION('',(0.707106781187,0.707106781187,0.));
#13398 = ADVANCED_FACE('',(#13399),#13424,.T.);
#13399 = FACE_BOUND('',#13400,.T.);
#13400 = EDGE_LOOP('',(#13401,#13402,#13410,#13418));
#13401 = ORIENTED_EDGE('',*,*,#13380,.T.);
#13402 = ORIENTED_EDGE('',*,*,#13403,.T.);
#13403 = EDGE_CURVE('',#13373,#13404,#13406,.T.);
#13404 = VERTEX_POINT('',#13405);
#13405 = CARTESIAN_POINT('',(0.95459296,-0.2828417,1.29999994));
#13406 = LINE('',#13407,#13408);
#13407 = CARTESIAN_POINT('',(-0.2828417,0.95459296,1.29999994));
#13408 = VECTOR('',#13409,1.);
#13409 = DIRECTION('',(0.707106781187,-0.707106781187,0.));
#13410 = ORIENTED_EDGE('',*,*,#13411,.F.);
#13411 = EDGE_CURVE('',#13412,#13404,#13414,.T.);
#13412 = VERTEX_POINT('',#13413);
#13413 = CARTESIAN_POINT('',(0.95459296,-0.2828417,0.));
#13414 = LINE('',#13415,#13416);
#13415 = CARTESIAN_POINT('',(0.95459296,-0.2828417,0.));
#13416 = VECTOR('',#13417,1.);
#13417 = DIRECTION('',(0.,0.,1.));
#13418 = ORIENTED_EDGE('',*,*,#13419,.F.);
#13419 = EDGE_CURVE('',#13381,#13412,#13420,.T.);
#13420 = LINE('',#13421,#13422);
#13421 = CARTESIAN_POINT('',(-0.2828417,0.95459296,0.));
#13422 = VECTOR('',#13423,1.);
#13423 = DIRECTION('',(0.707106781187,-0.707106781187,0.));
#13424 = PLANE('',#13425);
#13425 = AXIS2_PLACEMENT_3D('',#13426,#13427,#13428);
#13426 = CARTESIAN_POINT('',(-0.2828417,0.95459296,0.));
#13427 = DIRECTION('',(0.707106781187,0.707106781187,-0.));
#13428 = DIRECTION('',(0.707106781187,-0.707106781187,0.));
#13429 = ADVANCED_FACE('',(#13430),#13446,.T.);
#13430 = FACE_BOUND('',#13431,.T.);
#13431 = EDGE_LOOP('',(#13432,#13433,#13439,#13440));
#13432 = ORIENTED_EDGE('',*,*,#13411,.T.);
#13433 = ORIENTED_EDGE('',*,*,#13434,.T.);
#13434 = EDGE_CURVE('',#13404,#13334,#13435,.T.);
#13435 = LINE('',#13436,#13437);
#13436 = CARTESIAN_POINT('',(0.95459296,-0.2828417,1.29999994));
#13437 = VECTOR('',#13438,1.);
#13438 = DIRECTION('',(-0.707106781187,-0.707106781187,0.));
#13439 = ORIENTED_EDGE('',*,*,#13331,.F.);
#13440 = ORIENTED_EDGE('',*,*,#13441,.F.);
#13441 = EDGE_CURVE('',#13412,#13332,#13442,.T.);
#13442 = LINE('',#13443,#13444);
#13443 = CARTESIAN_POINT('',(0.95459296,-0.2828417,0.));
#13444 = VECTOR('',#13445,1.);
#13445 = DIRECTION('',(-0.707106781187,-0.707106781187,0.));
#13446 = PLANE('',#13447);
#13447 = AXIS2_PLACEMENT_3D('',#13448,#13449,#13450);
#13448 = CARTESIAN_POINT('',(0.95459296,-0.2828417,0.));
#13449 = DIRECTION('',(0.707106781187,-0.707106781187,0.));
#13450 = DIRECTION('',(-0.707106781187,-0.707106781187,0.));
#13451 = ADVANCED_FACE('',(#13452),#13458,.T.);
#13452 = FACE_BOUND('',#13453,.T.);
#13453 = EDGE_LOOP('',(#13454,#13455,#13456,#13457));
#13454 = ORIENTED_EDGE('',*,*,#13357,.T.);
#13455 = ORIENTED_EDGE('',*,*,#13388,.T.);
#13456 = ORIENTED_EDGE('',*,*,#13419,.T.);
#13457 = ORIENTED_EDGE('',*,*,#13441,.T.);
#13458 = PLANE('',#13459);
#13459 = AXIS2_PLACEMENT_3D('',#13460,#13461,#13462);
#13460 = CARTESIAN_POINT('',(-6.496868792957E-15,6.476309081587E-15,0.)
  );
#13461 = DIRECTION('',(-0.,-0.,-1.));
#13462 = DIRECTION('',(-1.,0.,0.));
#13463 = ADVANCED_FACE('',(#13464),#13470,.F.);
#13464 = FACE_BOUND('',#13465,.F.);
#13465 = EDGE_LOOP('',(#13466,#13467,#13468,#13469));
#13466 = ORIENTED_EDGE('',*,*,#13341,.T.);
#13467 = ORIENTED_EDGE('',*,*,#13372,.T.);
#13468 = ORIENTED_EDGE('',*,*,#13403,.T.);
#13469 = ORIENTED_EDGE('',*,*,#13434,.T.);
#13470 = PLANE('',#13471);
#13471 = AXIS2_PLACEMENT_3D('',#13472,#13473,#13474);
#13472 = CARTESIAN_POINT('',(-6.496868792957E-15,6.476309081587E-15,
    1.29999994));
#13473 = DIRECTION('',(-0.,-0.,-1.));
#13474 = DIRECTION('',(-1.,0.,0.));
#13475 = ( GEOMETRIC_REPRESENTATION_CONTEXT(3) 
GLOBAL_UNCERTAINTY_ASSIGNED_CONTEXT((#13479)) 
GLOBAL_UNIT_ASSIGNED_CONTEXT((#13476,#13477,#13478)) 
REPRESENTATION_CONTEXT('Context #1',
  '3D Context with UNIT and UNCERTAINTY') );
#13476 = ( LENGTH_UNIT() NAMED_UNIT(*) SI_UNIT(.MILLI.,.METRE.) );
#13477 = ( NAMED_UNIT(*) PLANE_ANGLE_UNIT() SI_UNIT($,.RADIAN.) );
#13478 = ( NAMED_UNIT(*) SI_UNIT($,.STERADIAN.) SOLID_ANGLE_UNIT() );
#13479 = UNCERTAINTY_MEASURE_WITH_UNIT(LENGTH_MEASURE(1.E-07),#13476,
  'distance_accuracy_value','confusion accuracy');
#13480 = SHAPE_DEFINITION_REPRESENTATION(#13481,#13324);
#13481 = PRODUCT_DEFINITION_SHAPE('','',#13482);
#13482 = PRODUCT_DEFINITION('design','',#13483,#13486);
#13483 = PRODUCT_DEFINITION_FORMATION('','',#13484);
#13484 = PRODUCT('Extruded','Extruded','',(#13485));
#13485 = PRODUCT_CONTEXT('',#2,'mechanical');
#13486 = PRODUCT_DEFINITION_CONTEXT('part definition',#2,'design');
#13487 = CONTEXT_DEPENDENT_SHAPE_REPRESENTATION(#13488,#13490);
#13488 = ( REPRESENTATION_RELATIONSHIP('','',#13324,#13314) 
REPRESENTATION_RELATIONSHIP_WITH_TRANSFORMATION(#13489) 
SHAPE_REPRESENTATION_RELATIONSHIP() );
#13489 = ITEM_DEFINED_TRANSFORMATION('','',#11,#13315);
#13490 = PRODUCT_DEFINITION_SHAPE('Placement','Placement of an item',
  #13491);
#13491 = NEXT_ASSEMBLY_USAGE_OCCURRENCE('115','19','',#13309,#13482,$);
#13492 = PRODUCT_RELATED_PRODUCT_CATEGORY('part',$,(#13484));
#13493 = CONTEXT_DEPENDENT_SHAPE_REPRESENTATION(#13494,#13496);
#13494 = ( REPRESENTATION_RELATIONSHIP('','',#13314,#13297) 
REPRESENTATION_RELATIONSHIP_WITH_TRANSFORMATION(#13495) 
SHAPE_REPRESENTATION_RELATIONSHIP() );
#13495 = ITEM_DEFINED_TRANSFORMATION('','',#11,#13298);
#13496 = PRODUCT_DEFINITION_SHAPE('Placement','Placement of an item',
  #13497);
#13497 = NEXT_ASSEMBLY_USAGE_OCCURRENCE('116','','',#13292,#13309,$);
#13498 = PRODUCT_RELATED_PRODUCT_CATEGORY('part',$,(#13311));
#13499 = CONTEXT_DEPENDENT_SHAPE_REPRESENTATION(#13500,#13502);
#13500 = ( REPRESENTATION_RELATIONSHIP('','',#13297,#10) 
REPRESENTATION_RELATIONSHIP_WITH_TRANSFORMATION(#13501) 
SHAPE_REPRESENTATION_RELATIONSHIP() );
#13501 = ITEM_DEFINED_TRANSFORMATION('','',#11,#155);
#13502 = PRODUCT_DEFINITION_SHAPE('Placement','Placement of an item',
  #13503);
#13503 = NEXT_ASSEMBLY_USAGE_OCCURRENCE('117','','',#5,#13292,$);
#13504 = PRODUCT_RELATED_PRODUCT_CATEGORY('part',$,(#13294));
#13505 = SHAPE_DEFINITION_REPRESENTATION(#13506,#13512);
#13506 = PRODUCT_DEFINITION_SHAPE('','',#13507);
#13507 = PRODUCT_DEFINITION('design','',#13508,#13511);
#13508 = PRODUCT_DEFINITION_FORMATION('','',#13509);
#13509 = PRODUCT('C3','C3','',(#13510));
#13510 = PRODUCT_CONTEXT('',#2,'mechanical');
#13511 = PRODUCT_DEFINITION_CONTEXT('part definition',#2,'design');
#13512 = SHAPE_REPRESENTATION('',(#11,#13513),#13517);
#13513 = AXIS2_PLACEMENT_3D('',#13514,#13515,#13516);
#13514 = CARTESIAN_POINT('',(21.755025482178,7.744969940186,
    -1.711479187012));
#13515 = DIRECTION('',(0.,0.,1.));
#13516 = DIRECTION('',(1.,0.,0.));
#13517 = ( GEOMETRIC_REPRESENTATION_CONTEXT(3) 
GLOBAL_UNCERTAINTY_ASSIGNED_CONTEXT((#13521)) 
GLOBAL_UNIT_ASSIGNED_CONTEXT((#13518,#13519,#13520)) 
REPRESENTATION_CONTEXT('Context #1',
  '3D Context with UNIT and UNCERTAINTY') );
#13518 = ( LENGTH_UNIT() NAMED_UNIT(*) SI_UNIT(.MILLI.,.METRE.) );
#13519 = ( NAMED_UNIT(*) PLANE_ANGLE_UNIT() SI_UNIT($,.RADIAN.) );
#13520 = ( NAMED_UNIT(*) SI_UNIT($,.STERADIAN.) SOLID_ANGLE_UNIT() );
#13521 = UNCERTAINTY_MEASURE_WITH_UNIT(LENGTH_MEASURE(1.E-07),#13518,
  'distance_accuracy_value','confusion accuracy');
#13522 = CONTEXT_DEPENDENT_SHAPE_REPRESENTATION(#13523,#13525);
#13523 = ( REPRESENTATION_RELATIONSHIP('','',#13314,#13512) 
REPRESENTATION_RELATIONSHIP_WITH_TRANSFORMATION(#13524) 
SHAPE_REPRESENTATION_RELATIONSHIP() );
#13524 = ITEM_DEFINED_TRANSFORMATION('','',#11,#13513);
#13525 = PRODUCT_DEFINITION_SHAPE('Placement','Placement of an item',
  #13526);
#13526 = NEXT_ASSEMBLY_USAGE_OCCURRENCE('118','','',#13507,#13309,$);
#13527 = CONTEXT_DEPENDENT_SHAPE_REPRESENTATION(#13528,#13530);
#13528 = ( REPRESENTATION_RELATIONSHIP('','',#13512,#10) 
REPRESENTATION_RELATIONSHIP_WITH_TRANSFORMATION(#13529) 
SHAPE_REPRESENTATION_RELATIONSHIP() );
#13529 = ITEM_DEFINED_TRANSFORMATION('','',#11,#159);
#13530 = PRODUCT_DEFINITION_SHAPE('Placement','Placement of an item',
  #13531);
#13531 = NEXT_ASSEMBLY_USAGE_OCCURRENCE('119','','',#5,#13507,$);
#13532 = PRODUCT_RELATED_PRODUCT_CATEGORY('part',$,(#13509));
#13533 = SHAPE_DEFINITION_REPRESENTATION(#13534,#13540);
#13534 = PRODUCT_DEFINITION_SHAPE('','',#13535);
#13535 = PRODUCT_DEFINITION('design','',#13536,#13539);
#13536 = PRODUCT_DEFINITION_FORMATION('','',#13537);
#13537 = PRODUCT('C9','C9','',(#13538));
#13538 = PRODUCT_CONTEXT('',#2,'mechanical');
#13539 = PRODUCT_DEFINITION_CONTEXT('part definition',#2,'design');
#13540 = SHAPE_REPRESENTATION('',(#11,#13541),#13545);
#13541 = AXIS2_PLACEMENT_3D('',#13542,#13543,#13544);
#13542 = CARTESIAN_POINT('',(24.46967086792,22.359616851807,
    -1.711479187012));
#13543 = DIRECTION('',(0.,0.,1.));
#13544 = DIRECTION('',(1.,0.,0.));
#13545 = ( GEOMETRIC_REPRESENTATION_CONTEXT(3) 
GLOBAL_UNCERTAINTY_ASSIGNED_CONTEXT((#13549)) 
GLOBAL_UNIT_ASSIGNED_CONTEXT((#13546,#13547,#13548)) 
REPRESENTATION_CONTEXT('Context #1',
  '3D Context with UNIT and UNCERTAINTY') );
#13546 = ( LENGTH_UNIT() NAMED_UNIT(*) SI_UNIT(.MILLI.,.METRE.) );
#13547 = ( NAMED_UNIT(*) PLANE_ANGLE_UNIT() SI_UNIT($,.RADIAN.) );
#13548 = ( NAMED_UNIT(*) SI_UNIT($,.STERADIAN.) SOLID_ANGLE_UNIT() );
#13549 = UNCERTAINTY_MEASURE_WITH_UNIT(LENGTH_MEASURE(1.E-07),#13546,
  'distance_accuracy_value','confusion accuracy');
#13550 = CONTEXT_DEPENDENT_SHAPE_REPRESENTATION(#13551,#13553);
#13551 = ( REPRESENTATION_RELATIONSHIP('','',#13314,#13540) 
REPRESENTATION_RELATIONSHIP_WITH_TRANSFORMATION(#13552) 
SHAPE_REPRESENTATION_RELATIONSHIP() );
#13552 = ITEM_DEFINED_TRANSFORMATION('','',#11,#13541);
#13553 = PRODUCT_DEFINITION_SHAPE('Placement','Placement of an item',
  #13554);
#13554 = NEXT_ASSEMBLY_USAGE_OCCURRENCE('120','','',#13535,#13309,$);
#13555 = CONTEXT_DEPENDENT_SHAPE_REPRESENTATION(#13556,#13558);
#13556 = ( REPRESENTATION_RELATIONSHIP('','',#13540,#10) 
REPRESENTATION_RELATIONSHIP_WITH_TRANSFORMATION(#13557) 
SHAPE_REPRESENTATION_RELATIONSHIP() );
#13557 = ITEM_DEFINED_TRANSFORMATION('','',#11,#163);
#13558 = PRODUCT_DEFINITION_SHAPE('Placement','Placement of an item',
  #13559);
#13559 = NEXT_ASSEMBLY_USAGE_OCCURRENCE('121','','',#5,#13535,$);
#13560 = PRODUCT_RELATED_PRODUCT_CATEGORY('part',$,(#13537));
#13561 = MECHANICAL_DESIGN_GEOMETRIC_PRESENTATION_REPRESENTATION('',(
    #13562,#13572),#1520);
#13562 = STYLED_ITEM('color',(#13563),#1220);
#13563 = PRESENTATION_STYLE_ASSIGNMENT((#13564,#13570));
#13564 = SURFACE_STYLE_USAGE(.BOTH.,#13565);
#13565 = SURFACE_SIDE_STYLE('',(#13566));
#13566 = SURFACE_STYLE_FILL_AREA(#13567);
#13567 = FILL_AREA_STYLE('',(#13568));
#13568 = FILL_AREA_STYLE_COLOUR('',#13569);
#13569 = COLOUR_RGB('',0.734000028196,0.773000013638,0.796999989372);
#13570 = CURVE_STYLE('',#13571,POSITIVE_LENGTH_MEASURE(0.1),#13569);
#13571 = DRAUGHTING_PRE_DEFINED_CURVE_FONT('continuous');
#13572 = STYLED_ITEM('color',(#13573),#1370);
#13573 = PRESENTATION_STYLE_ASSIGNMENT((#13574,#13579));
#13574 = SURFACE_STYLE_USAGE(.BOTH.,#13575);
#13575 = SURFACE_SIDE_STYLE('',(#13576));
#13576 = SURFACE_STYLE_FILL_AREA(#13577);
#13577 = FILL_AREA_STYLE('',(#13578));
#13578 = FILL_AREA_STYLE_COLOUR('',#13569);
#13579 = CURVE_STYLE('',#13580,POSITIVE_LENGTH_MEASURE(0.1),#13569);
#13580 = DRAUGHTING_PRE_DEFINED_CURVE_FONT('continuous');
#13581 = MECHANICAL_DESIGN_GEOMETRIC_PRESENTATION_REPRESENTATION('',(
    #13582,#13590,#13597,#13604,#13611,#13618,#13625,#13632,#13639,
    #13646,#13653,#13660,#13667,#13674,#13681,#13688,#13695,#13702,
    #13709,#13716,#13723,#13730,#13737,#13744,#13751,#13758,#13765,
    #13772,#13779,#13786),#2995);
#13582 = STYLED_ITEM('color',(#13583),#2065);
#13583 = PRESENTATION_STYLE_ASSIGNMENT((#13584));
#13584 = SURFACE_STYLE_USAGE(.BOTH.,#13585);
#13585 = SURFACE_SIDE_STYLE('',(#13586));
#13586 = SURFACE_STYLE_FILL_AREA(#13587);
#13587 = FILL_AREA_STYLE('',(#13588));
#13588 = FILL_AREA_STYLE_COLOUR('',#13589);
#13589 = DRAUGHTING_PRE_DEFINED_COLOUR('white');
#13590 = STYLED_ITEM('color',(#13591),#2114);
#13591 = PRESENTATION_STYLE_ASSIGNMENT((#13592));
#13592 = SURFACE_STYLE_USAGE(.BOTH.,#13593);
#13593 = SURFACE_SIDE_STYLE('',(#13594));
#13594 = SURFACE_STYLE_FILL_AREA(#13595);
#13595 = FILL_AREA_STYLE('',(#13596));
#13596 = FILL_AREA_STYLE_COLOUR('',#13589);
#13597 = STYLED_ITEM('color',(#13598),#2145);
#13598 = PRESENTATION_STYLE_ASSIGNMENT((#13599));
#13599 = SURFACE_STYLE_USAGE(.BOTH.,#13600);
#13600 = SURFACE_SIDE_STYLE('',(#13601));
#13601 = SURFACE_STYLE_FILL_AREA(#13602);
#13602 = FILL_AREA_STYLE('',(#13603));
#13603 = FILL_AREA_STYLE_COLOUR('',#13589);
#13604 = STYLED_ITEM('color',(#13605),#2162);
#13605 = PRESENTATION_STYLE_ASSIGNMENT((#13606));
#13606 = SURFACE_STYLE_USAGE(.BOTH.,#13607);
#13607 = SURFACE_SIDE_STYLE('',(#13608));
#13608 = SURFACE_STYLE_FILL_AREA(#13609);
#13609 = FILL_AREA_STYLE('',(#13610));
#13610 = FILL_AREA_STYLE_COLOUR('',#13589);
#13611 = STYLED_ITEM('color',(#13612),#2321);
#13612 = PRESENTATION_STYLE_ASSIGNMENT((#13613));
#13613 = SURFACE_STYLE_USAGE(.BOTH.,#13614);
#13614 = SURFACE_SIDE_STYLE('',(#13615));
#13615 = SURFACE_STYLE_FILL_AREA(#13616);
#13616 = FILL_AREA_STYLE('',(#13617));
#13617 = FILL_AREA_STYLE_COLOUR('',#13589);
#13618 = STYLED_ITEM('color',(#13619),#2398);
#13619 = PRESENTATION_STYLE_ASSIGNMENT((#13620));
#13620 = SURFACE_STYLE_USAGE(.BOTH.,#13621);
#13621 = SURFACE_SIDE_STYLE('',(#13622));
#13622 = SURFACE_STYLE_FILL_AREA(#13623);
#13623 = FILL_AREA_STYLE('',(#13624));
#13624 = FILL_AREA_STYLE_COLOUR('',#13589);
#13625 = STYLED_ITEM('color',(#13626),#2449);
#13626 = PRESENTATION_STYLE_ASSIGNMENT((#13627));
#13627 = SURFACE_STYLE_USAGE(.BOTH.,#13628);
#13628 = SURFACE_SIDE_STYLE('',(#13629));
#13629 = SURFACE_STYLE_FILL_AREA(#13630);
#13630 = FILL_AREA_STYLE('',(#13631));
#13631 = FILL_AREA_STYLE_COLOUR('',#13589);
#13632 = STYLED_ITEM('color',(#13633),#2482);
#13633 = PRESENTATION_STYLE_ASSIGNMENT((#13634));
#13634 = SURFACE_STYLE_USAGE(.BOTH.,#13635);
#13635 = SURFACE_SIDE_STYLE('',(#13636));
#13636 = SURFACE_STYLE_FILL_AREA(#13637);
#13637 = FILL_AREA_STYLE('',(#13638));
#13638 = FILL_AREA_STYLE_COLOUR('',#13589);
#13639 = STYLED_ITEM('color',(#13640),#2545);
#13640 = PRESENTATION_STYLE_ASSIGNMENT((#13641));
#13641 = SURFACE_STYLE_USAGE(.BOTH.,#13642);
#13642 = SURFACE_SIDE_STYLE('',(#13643));
#13643 = SURFACE_STYLE_FILL_AREA(#13644);
#13644 = FILL_AREA_STYLE('',(#13645));
#13645 = FILL_AREA_STYLE_COLOUR('',#13589);
#13646 = STYLED_ITEM('color',(#13647),#2571);
#13647 = PRESENTATION_STYLE_ASSIGNMENT((#13648));
#13648 = SURFACE_STYLE_USAGE(.BOTH.,#13649);
#13649 = SURFACE_SIDE_STYLE('',(#13650));
#13650 = SURFACE_STYLE_FILL_AREA(#13651);
#13651 = FILL_AREA_STYLE('',(#13652));
#13652 = FILL_AREA_STYLE_COLOUR('',#13589);
#13653 = STYLED_ITEM('color',(#13654),#2604);
#13654 = PRESENTATION_STYLE_ASSIGNMENT((#13655));
#13655 = SURFACE_STYLE_USAGE(.BOTH.,#13656);
#13656 = SURFACE_SIDE_STYLE('',(#13657));
#13657 = SURFACE_STYLE_FILL_AREA(#13658);
#13658 = FILL_AREA_STYLE('',(#13659));
#13659 = FILL_AREA_STYLE_COLOUR('',#13589);
#13660 = STYLED_ITEM('color',(#13661),#2637);
#13661 = PRESENTATION_STYLE_ASSIGNMENT((#13662));
#13662 = SURFACE_STYLE_USAGE(.BOTH.,#13663);
#13663 = SURFACE_SIDE_STYLE('',(#13664));
#13664 = SURFACE_STYLE_FILL_AREA(#13665);
#13665 = FILL_AREA_STYLE('',(#13666));
#13666 = FILL_AREA_STYLE_COLOUR('',#13589);
#13667 = STYLED_ITEM('color',(#13668),#2655);
#13668 = PRESENTATION_STYLE_ASSIGNMENT((#13669));
#13669 = SURFACE_STYLE_USAGE(.BOTH.,#13670);
#13670 = SURFACE_SIDE_STYLE('',(#13671));
#13671 = SURFACE_STYLE_FILL_AREA(#13672);
#13672 = FILL_AREA_STYLE('',(#13673));
#13673 = FILL_AREA_STYLE_COLOUR('',#13589);
#13674 = STYLED_ITEM('color',(#13675),#2688);
#13675 = PRESENTATION_STYLE_ASSIGNMENT((#13676));
#13676 = SURFACE_STYLE_USAGE(.BOTH.,#13677);
#13677 = SURFACE_SIDE_STYLE('',(#13678));
#13678 = SURFACE_STYLE_FILL_AREA(#13679);
#13679 = FILL_AREA_STYLE('',(#13680));
#13680 = FILL_AREA_STYLE_COLOUR('',#13589);
#13681 = STYLED_ITEM('color',(#13682),#2700);
#13682 = PRESENTATION_STYLE_ASSIGNMENT((#13683));
#13683 = SURFACE_STYLE_USAGE(.BOTH.,#13684);
#13684 = SURFACE_SIDE_STYLE('',(#13685));
#13685 = SURFACE_STYLE_FILL_AREA(#13686);
#13686 = FILL_AREA_STYLE('',(#13687));
#13687 = FILL_AREA_STYLE_COLOUR('',#13589);
#13688 = STYLED_ITEM('color',(#13689),#2712);
#13689 = PRESENTATION_STYLE_ASSIGNMENT((#13690));
#13690 = SURFACE_STYLE_USAGE(.BOTH.,#13691);
#13691 = SURFACE_SIDE_STYLE('',(#13692));
#13692 = SURFACE_STYLE_FILL_AREA(#13693);
#13693 = FILL_AREA_STYLE('',(#13694));
#13694 = FILL_AREA_STYLE_COLOUR('',#13589);
#13695 = STYLED_ITEM('color',(#13696),#2743);
#13696 = PRESENTATION_STYLE_ASSIGNMENT((#13697));
#13697 = SURFACE_STYLE_USAGE(.BOTH.,#13698);
#13698 = SURFACE_SIDE_STYLE('',(#13699));
#13699 = SURFACE_STYLE_FILL_AREA(#13700);
#13700 = FILL_AREA_STYLE('',(#13701));
#13701 = FILL_AREA_STYLE_COLOUR('',#13589);
#13702 = STYLED_ITEM('color',(#13703),#2761);
#13703 = PRESENTATION_STYLE_ASSIGNMENT((#13704));
#13704 = SURFACE_STYLE_USAGE(.BOTH.,#13705);
#13705 = SURFACE_SIDE_STYLE('',(#13706));
#13706 = SURFACE_STYLE_FILL_AREA(#13707);
#13707 = FILL_AREA_STYLE('',(#13708));
#13708 = FILL_AREA_STYLE_COLOUR('',#13589);
#13709 = STYLED_ITEM('color',(#13710),#2779);
#13710 = PRESENTATION_STYLE_ASSIGNMENT((#13711));
#13711 = SURFACE_STYLE_USAGE(.BOTH.,#13712);
#13712 = SURFACE_SIDE_STYLE('',(#13713));
#13713 = SURFACE_STYLE_FILL_AREA(#13714);
#13714 = FILL_AREA_STYLE('',(#13715));
#13715 = FILL_AREA_STYLE_COLOUR('',#13589);
#13716 = STYLED_ITEM('color',(#13717),#2796);
#13717 = PRESENTATION_STYLE_ASSIGNMENT((#13718));
#13718 = SURFACE_STYLE_USAGE(.BOTH.,#13719);
#13719 = SURFACE_SIDE_STYLE('',(#13720));
#13720 = SURFACE_STYLE_FILL_AREA(#13721);
#13721 = FILL_AREA_STYLE('',(#13722));
#13722 = FILL_AREA_STYLE_COLOUR('',#13589);
#13723 = STYLED_ITEM('color',(#13724),#2809);
#13724 = PRESENTATION_STYLE_ASSIGNMENT((#13725));
#13725 = SURFACE_STYLE_USAGE(.BOTH.,#13726);
#13726 = SURFACE_SIDE_STYLE('',(#13727));
#13727 = SURFACE_STYLE_FILL_AREA(#13728);
#13728 = FILL_AREA_STYLE('',(#13729));
#13729 = FILL_AREA_STYLE_COLOUR('',#13589);
#13730 = STYLED_ITEM('color',(#13731),#2821);
#13731 = PRESENTATION_STYLE_ASSIGNMENT((#13732));
#13732 = SURFACE_STYLE_USAGE(.BOTH.,#13733);
#13733 = SURFACE_SIDE_STYLE('',(#13734));
#13734 = SURFACE_STYLE_FILL_AREA(#13735);
#13735 = FILL_AREA_STYLE('',(#13736));
#13736 = FILL_AREA_STYLE_COLOUR('',#13589);
#13737 = STYLED_ITEM('color',(#13738),#2852);
#13738 = PRESENTATION_STYLE_ASSIGNMENT((#13739));
#13739 = SURFACE_STYLE_USAGE(.BOTH.,#13740);
#13740 = SURFACE_SIDE_STYLE('',(#13741));
#13741 = SURFACE_STYLE_FILL_AREA(#13742);
#13742 = FILL_AREA_STYLE('',(#13743));
#13743 = FILL_AREA_STYLE_COLOUR('',#13589);
#13744 = STYLED_ITEM('color',(#13745),#2870);
#13745 = PRESENTATION_STYLE_ASSIGNMENT((#13746));
#13746 = SURFACE_STYLE_USAGE(.BOTH.,#13747);
#13747 = SURFACE_SIDE_STYLE('',(#13748));
#13748 = SURFACE_STYLE_FILL_AREA(#13749);
#13749 = FILL_AREA_STYLE('',(#13750));
#13750 = FILL_AREA_STYLE_COLOUR('',#13589);
#13751 = STYLED_ITEM('color',(#13752),#2888);
#13752 = PRESENTATION_STYLE_ASSIGNMENT((#13753));
#13753 = SURFACE_STYLE_USAGE(.BOTH.,#13754);
#13754 = SURFACE_SIDE_STYLE('',(#13755));
#13755 = SURFACE_STYLE_FILL_AREA(#13756);
#13756 = FILL_AREA_STYLE('',(#13757));
#13757 = FILL_AREA_STYLE_COLOUR('',#13589);
#13758 = STYLED_ITEM('color',(#13759),#2900);
#13759 = PRESENTATION_STYLE_ASSIGNMENT((#13760));
#13760 = SURFACE_STYLE_USAGE(.BOTH.,#13761);
#13761 = SURFACE_SIDE_STYLE('',(#13762));
#13762 = SURFACE_STYLE_FILL_AREA(#13763);
#13763 = FILL_AREA_STYLE('',(#13764));
#13764 = FILL_AREA_STYLE_COLOUR('',#13589);
#13765 = STYLED_ITEM('color',(#13766),#2931);
#13766 = PRESENTATION_STYLE_ASSIGNMENT((#13767));
#13767 = SURFACE_STYLE_USAGE(.BOTH.,#13768);
#13768 = SURFACE_SIDE_STYLE('',(#13769));
#13769 = SURFACE_STYLE_FILL_AREA(#13770);
#13770 = FILL_AREA_STYLE('',(#13771));
#13771 = FILL_AREA_STYLE_COLOUR('',#13589);
#13772 = STYLED_ITEM('color',(#13773),#2949);
#13773 = PRESENTATION_STYLE_ASSIGNMENT((#13774));
#13774 = SURFACE_STYLE_USAGE(.BOTH.,#13775);
#13775 = SURFACE_SIDE_STYLE('',(#13776));
#13776 = SURFACE_STYLE_FILL_AREA(#13777);
#13777 = FILL_AREA_STYLE('',(#13778));
#13778 = FILL_AREA_STYLE_COLOUR('',#13589);
#13779 = STYLED_ITEM('color',(#13780),#2967);
#13780 = PRESENTATION_STYLE_ASSIGNMENT((#13781));
#13781 = SURFACE_STYLE_USAGE(.BOTH.,#13782);
#13782 = SURFACE_SIDE_STYLE('',(#13783));
#13783 = SURFACE_STYLE_FILL_AREA(#13784);
#13784 = FILL_AREA_STYLE('',(#13785));
#13785 = FILL_AREA_STYLE_COLOUR('',#13589);
#13786 = STYLED_ITEM('color',(#13787),#2979);
#13787 = PRESENTATION_STYLE_ASSIGNMENT((#13788));
#13788 = SURFACE_STYLE_USAGE(.BOTH.,#13789);
#13789 = SURFACE_SIDE_STYLE('',(#13790));
#13790 = SURFACE_STYLE_FILL_AREA(#13791);
#13791 = FILL_AREA_STYLE('',(#13792));
#13792 = FILL_AREA_STYLE_COLOUR('',#13589);
#13793 = MECHANICAL_DESIGN_GEOMETRIC_PRESENTATION_REPRESENTATION('',(
    #13794),#13232);
#13794 = STYLED_ITEM('color',(#13795),#13082);
#13795 = PRESENTATION_STYLE_ASSIGNMENT((#13796,#13802));
#13796 = SURFACE_STYLE_USAGE(.BOTH.,#13797);
#13797 = SURFACE_SIDE_STYLE('',(#13798));
#13798 = SURFACE_STYLE_FILL_AREA(#13799);
#13799 = FILL_AREA_STYLE('',(#13800));
#13800 = FILL_AREA_STYLE_COLOUR('',#13801);
#13801 = COLOUR_RGB('',0.501960785193,0.501960785193,0.501960785193);
#13802 = CURVE_STYLE('',#13803,POSITIVE_LENGTH_MEASURE(0.1),#13801);
#13803 = DRAUGHTING_PRE_DEFINED_CURVE_FONT('continuous');
#13804 = MECHANICAL_DESIGN_GEOMETRIC_PRESENTATION_REPRESENTATION('',(
    #13805,#13812,#13819,#13826,#13833,#13840),#12214);
#13805 = STYLED_ITEM('color',(#13806),#9729);
#13806 = PRESENTATION_STYLE_ASSIGNMENT((#13807));
#13807 = SURFACE_STYLE_USAGE(.BOTH.,#13808);
#13808 = SURFACE_SIDE_STYLE('',(#13809));
#13809 = SURFACE_STYLE_FILL_AREA(#13810);
#13810 = FILL_AREA_STYLE('',(#13811));
#13811 = FILL_AREA_STYLE_COLOUR('',#13589);
#13812 = STYLED_ITEM('color',(#13813),#10143);
#13813 = PRESENTATION_STYLE_ASSIGNMENT((#13814));
#13814 = SURFACE_STYLE_USAGE(.BOTH.,#13815);
#13815 = SURFACE_SIDE_STYLE('',(#13816));
#13816 = SURFACE_STYLE_FILL_AREA(#13817);
#13817 = FILL_AREA_STYLE('',(#13818));
#13818 = FILL_AREA_STYLE_COLOUR('',#13589);
#13819 = STYLED_ITEM('color',(#13820),#10557);
#13820 = PRESENTATION_STYLE_ASSIGNMENT((#13821));
#13821 = SURFACE_STYLE_USAGE(.BOTH.,#13822);
#13822 = SURFACE_SIDE_STYLE('',(#13823));
#13823 = SURFACE_STYLE_FILL_AREA(#13824);
#13824 = FILL_AREA_STYLE('',(#13825));
#13825 = FILL_AREA_STYLE_COLOUR('',#13589);
#13826 = STYLED_ITEM('color',(#13827),#10806);
#13827 = PRESENTATION_STYLE_ASSIGNMENT((#13828));
#13828 = SURFACE_STYLE_USAGE(.BOTH.,#13829);
#13829 = SURFACE_SIDE_STYLE('',(#13830));
#13830 = SURFACE_STYLE_FILL_AREA(#13831);
#13831 = FILL_AREA_STYLE('',(#13832));
#13832 = FILL_AREA_STYLE_COLOUR('',#13589);
#13833 = STYLED_ITEM('color',(#13834),#11514);
#13834 = PRESENTATION_STYLE_ASSIGNMENT((#13835));
#13835 = SURFACE_STYLE_USAGE(.BOTH.,#13836);
#13836 = SURFACE_SIDE_STYLE('',(#13837));
#13837 = SURFACE_STYLE_FILL_AREA(#13838);
#13838 = FILL_AREA_STYLE('',(#13839));
#13839 = FILL_AREA_STYLE_COLOUR('',#13589);
#13840 = STYLED_ITEM('color',(#13841),#11899);
#13841 = PRESENTATION_STYLE_ASSIGNMENT((#13842));
#13842 = SURFACE_STYLE_USAGE(.BOTH.,#13843);
#13843 = SURFACE_SIDE_STYLE('',(#13844));
#13844 = SURFACE_STYLE_FILL_AREA(#13845);
#13845 = FILL_AREA_STYLE('',(#13846));
#13846 = FILL_AREA_STYLE_COLOUR('',#13589);
#13847 = MECHANICAL_DESIGN_GEOMETRIC_PRESENTATION_REPRESENTATION('',(
    #13848),#1201);
#13848 = STYLED_ITEM('color',(#13849),#1051);
#13849 = PRESENTATION_STYLE_ASSIGNMENT((#13850,#13856));
#13850 = SURFACE_STYLE_USAGE(.BOTH.,#13851);
#13851 = SURFACE_SIDE_STYLE('',(#13852));
#13852 = SURFACE_STYLE_FILL_AREA(#13853);
#13853 = FILL_AREA_STYLE('',(#13854));
#13854 = FILL_AREA_STYLE_COLOUR('',#13855);
#13855 = COLOUR_RGB('',0.300000011149,0.300000011149,0.300000011149);
#13856 = CURVE_STYLE('',#13857,POSITIVE_LENGTH_MEASURE(0.1),#13855);
#13857 = DRAUGHTING_PRE_DEFINED_CURVE_FONT('continuous');
#13858 = MECHANICAL_DESIGN_GEOMETRIC_PRESENTATION_REPRESENTATION('',(
    #13859),#9424);
#13859 = STYLED_ITEM('color',(#13860),#9274);
#13860 = PRESENTATION_STYLE_ASSIGNMENT((#13861));
#13861 = SURFACE_STYLE_USAGE(.BOTH.,#13862);
#13862 = SURFACE_SIDE_STYLE('',(#13863));
#13863 = SURFACE_STYLE_FILL_AREA(#13864);
#13864 = FILL_AREA_STYLE('',(#13865));
#13865 = FILL_AREA_STYLE_COLOUR('',#13866);
#13866 = COLOUR_RGB('',0.286274508045,0.286274508045,0.286274508045);
#13867 = MECHANICAL_DESIGN_GEOMETRIC_PRESENTATION_REPRESENTATION('',(
    #13868),#12989);
#13868 = STYLED_ITEM('color',(#13869),#12839);
#13869 = PRESENTATION_STYLE_ASSIGNMENT((#13870,#13875));
#13870 = SURFACE_STYLE_USAGE(.BOTH.,#13871);
#13871 = SURFACE_SIDE_STYLE('',(#13872));
#13872 = SURFACE_STYLE_FILL_AREA(#13873);
#13873 = FILL_AREA_STYLE('',(#13874));
#13874 = FILL_AREA_STYLE_COLOUR('',#13801);
#13875 = CURVE_STYLE('',#13876,POSITIVE_LENGTH_MEASURE(0.1),#13801);
#13876 = DRAUGHTING_PRE_DEFINED_CURVE_FONT('continuous');
#13877 = MECHANICAL_DESIGN_GEOMETRIC_PRESENTATION_REPRESENTATION('',(
    #13878),#1743);
#13878 = STYLED_ITEM('color',(#13879),#1593);
#13879 = PRESENTATION_STYLE_ASSIGNMENT((#13880,#13886));
#13880 = SURFACE_STYLE_USAGE(.BOTH.,#13881);
#13881 = SURFACE_SIDE_STYLE('',(#13882));
#13882 = SURFACE_STYLE_FILL_AREA(#13883);
#13883 = FILL_AREA_STYLE('',(#13884));
#13884 = FILL_AREA_STYLE_COLOUR('',#13885);
#13885 = COLOUR_RGB('',0.752941164258,0.752941164258,0.752941164258);
#13886 = CURVE_STYLE('',#13887,POSITIVE_LENGTH_MEASURE(0.1),#13885);
#13887 = DRAUGHTING_PRE_DEFINED_CURVE_FONT('continuous');
#13888 = MECHANICAL_DESIGN_GEOMETRIC_PRESENTATION_REPRESENTATION('',(
    #13889),#13475);
#13889 = STYLED_ITEM('color',(#13890),#13325);
#13890 = PRESENTATION_STYLE_ASSIGNMENT((#13891,#13896));
#13891 = SURFACE_STYLE_USAGE(.BOTH.,#13892);
#13892 = SURFACE_SIDE_STYLE('',(#13893));
#13893 = SURFACE_STYLE_FILL_AREA(#13894);
#13894 = FILL_AREA_STYLE('',(#13895));
#13895 = FILL_AREA_STYLE_COLOUR('',#13801);
#13896 = CURVE_STYLE('',#13897,POSITIVE_LENGTH_MEASURE(0.1),#13801);
#13897 = DRAUGHTING_PRE_DEFINED_CURVE_FONT('continuous');
#13898 = MECHANICAL_DESIGN_GEOMETRIC_PRESENTATION_REPRESENTATION('',(
    #13899),#1940);
#13899 = STYLED_ITEM('color',(#13900),#1790);
#13900 = PRESENTATION_STYLE_ASSIGNMENT((#13901,#13907));
#13901 = SURFACE_STYLE_USAGE(.BOTH.,#13902);
#13902 = SURFACE_SIDE_STYLE('',(#13903));
#13903 = SURFACE_STYLE_FILL_AREA(#13904);
#13904 = FILL_AREA_STYLE('',(#13905));
#13905 = FILL_AREA_STYLE_COLOUR('',#13906);
#13906 = COLOUR_RGB('',0.811764696686,0.788235302081,0.709803916149);
#13907 = CURVE_STYLE('',#13908,POSITIVE_LENGTH_MEASURE(0.1),#13906);
#13908 = DRAUGHTING_PRE_DEFINED_CURVE_FONT('continuous');
#13909 = MECHANICAL_DESIGN_GEOMETRIC_PRESENTATION_REPRESENTATION('',(
    #13910,#13918,#13926,#13933,#13940,#13947,#13954,#13961,#13968,
    #13975,#13983,#13990,#13997,#14004,#14011,#14018,#14025,#14032,
    #14039,#14046,#14053,#14060,#14067,#14074,#14081,#14088,#14095,
    #14102,#14109,#14116,#14123,#14130,#14137,#14144,#14151,#14158,
    #14165,#14172,#14179,#14186,#14193,#14200,#14207,#14214,#14221,
    #14228,#14235,#14242,#14249,#14256,#14263,#14270,#14277,#14284,
    #14291,#14298,#14305,#14312,#14319,#14326,#14333,#14340,#14347,
    #14354,#14361,#14368,#14375,#14382,#14389,#14396,#14403,#14410,
    #14417,#14424,#14431,#14438,#14445,#14452,#14459,#14466,#14473,
    #14480,#14487,#14494,#14501,#14508,#14515,#14522,#14529,#14536,
    #14543,#14550,#14557,#14564,#14571,#14578,#14585,#14592,#14599,
    #14606,#14613,#14620,#14627,#14634,#14641,#14648,#14655),#7707);
#13910 = STYLED_ITEM('color',(#13911),#4237);
#13911 = PRESENTATION_STYLE_ASSIGNMENT((#13912));
#13912 = SURFACE_STYLE_USAGE(.BOTH.,#13913);
#13913 = SURFACE_SIDE_STYLE('',(#13914));
#13914 = SURFACE_STYLE_FILL_AREA(#13915);
#13915 = FILL_AREA_STYLE('',(#13916));
#13916 = FILL_AREA_STYLE_COLOUR('',#13917);
#13917 = DRAUGHTING_PRE_DEFINED_COLOUR('yellow');
#13918 = OVER_RIDING_STYLED_ITEM('overriding color',(#13919),#4239,
  #13910);
#13919 = PRESENTATION_STYLE_ASSIGNMENT((#13920));
#13920 = SURFACE_STYLE_USAGE(.BOTH.,#13921);
#13921 = SURFACE_SIDE_STYLE('',(#13922));
#13922 = SURFACE_STYLE_FILL_AREA(#13923);
#13923 = FILL_AREA_STYLE('',(#13924));
#13924 = FILL_AREA_STYLE_COLOUR('',#13925);
#13925 = COLOUR_RGB('',0.792156867455,0.792156867455,0.792156867455);
#13926 = OVER_RIDING_STYLED_ITEM('overriding color',(#13927),#4279,
  #13910);
#13927 = PRESENTATION_STYLE_ASSIGNMENT((#13928));
#13928 = SURFACE_STYLE_USAGE(.BOTH.,#13929);
#13929 = SURFACE_SIDE_STYLE('',(#13930));
#13930 = SURFACE_STYLE_FILL_AREA(#13931);
#13931 = FILL_AREA_STYLE('',(#13932));
#13932 = FILL_AREA_STYLE_COLOUR('',#13925);
#13933 = OVER_RIDING_STYLED_ITEM('overriding color',(#13934),#4319,
  #13910);
#13934 = PRESENTATION_STYLE_ASSIGNMENT((#13935));
#13935 = SURFACE_STYLE_USAGE(.BOTH.,#13936);
#13936 = SURFACE_SIDE_STYLE('',(#13937));
#13937 = SURFACE_STYLE_FILL_AREA(#13938);
#13938 = FILL_AREA_STYLE('',(#13939));
#13939 = FILL_AREA_STYLE_COLOUR('',#13925);
#13940 = OVER_RIDING_STYLED_ITEM('overriding color',(#13941),#4359,
  #13910);
#13941 = PRESENTATION_STYLE_ASSIGNMENT((#13942));
#13942 = SURFACE_STYLE_USAGE(.BOTH.,#13943);
#13943 = SURFACE_SIDE_STYLE('',(#13944));
#13944 = SURFACE_STYLE_FILL_AREA(#13945);
#13945 = FILL_AREA_STYLE('',(#13946));
#13946 = FILL_AREA_STYLE_COLOUR('',#13925);
#13947 = OVER_RIDING_STYLED_ITEM('overriding color',(#13948),#4399,
  #13910);
#13948 = PRESENTATION_STYLE_ASSIGNMENT((#13949));
#13949 = SURFACE_STYLE_USAGE(.BOTH.,#13950);
#13950 = SURFACE_SIDE_STYLE('',(#13951));
#13951 = SURFACE_STYLE_FILL_AREA(#13952);
#13952 = FILL_AREA_STYLE('',(#13953));
#13953 = FILL_AREA_STYLE_COLOUR('',#13925);
#13954 = OVER_RIDING_STYLED_ITEM('overriding color',(#13955),#4439,
  #13910);
#13955 = PRESENTATION_STYLE_ASSIGNMENT((#13956));
#13956 = SURFACE_STYLE_USAGE(.BOTH.,#13957);
#13957 = SURFACE_SIDE_STYLE('',(#13958));
#13958 = SURFACE_STYLE_FILL_AREA(#13959);
#13959 = FILL_AREA_STYLE('',(#13960));
#13960 = FILL_AREA_STYLE_COLOUR('',#13925);
#13961 = OVER_RIDING_STYLED_ITEM('overriding color',(#13962),#4479,
  #13910);
#13962 = PRESENTATION_STYLE_ASSIGNMENT((#13963));
#13963 = SURFACE_STYLE_USAGE(.BOTH.,#13964);
#13964 = SURFACE_SIDE_STYLE('',(#13965));
#13965 = SURFACE_STYLE_FILL_AREA(#13966);
#13966 = FILL_AREA_STYLE('',(#13967));
#13967 = FILL_AREA_STYLE_COLOUR('',#13925);
#13968 = OVER_RIDING_STYLED_ITEM('overriding color',(#13969),#4519,
  #13910);
#13969 = PRESENTATION_STYLE_ASSIGNMENT((#13970));
#13970 = SURFACE_STYLE_USAGE(.BOTH.,#13971);
#13971 = SURFACE_SIDE_STYLE('',(#13972));
#13972 = SURFACE_STYLE_FILL_AREA(#13973);
#13973 = FILL_AREA_STYLE('',(#13974));
#13974 = FILL_AREA_STYLE_COLOUR('',#13925);
#13975 = OVER_RIDING_STYLED_ITEM('overriding color',(#13976),#4559,
  #13910);
#13976 = PRESENTATION_STYLE_ASSIGNMENT((#13977));
#13977 = SURFACE_STYLE_USAGE(.BOTH.,#13978);
#13978 = SURFACE_SIDE_STYLE('',(#13979));
#13979 = SURFACE_STYLE_FILL_AREA(#13980);
#13980 = FILL_AREA_STYLE('',(#13981));
#13981 = FILL_AREA_STYLE_COLOUR('',#13982);
#13982 = COLOUR_RGB('',0.211764700943,0.211764700943,0.211764700943);
#13983 = OVER_RIDING_STYLED_ITEM('overriding color',(#13984),#4599,
  #13910);
#13984 = PRESENTATION_STYLE_ASSIGNMENT((#13985));
#13985 = SURFACE_STYLE_USAGE(.BOTH.,#13986);
#13986 = SURFACE_SIDE_STYLE('',(#13987));
#13987 = SURFACE_STYLE_FILL_AREA(#13988);
#13988 = FILL_AREA_STYLE('',(#13989));
#13989 = FILL_AREA_STYLE_COLOUR('',#13982);
#13990 = OVER_RIDING_STYLED_ITEM('overriding color',(#13991),#4639,
  #13910);
#13991 = PRESENTATION_STYLE_ASSIGNMENT((#13992));
#13992 = SURFACE_STYLE_USAGE(.BOTH.,#13993);
#13993 = SURFACE_SIDE_STYLE('',(#13994));
#13994 = SURFACE_STYLE_FILL_AREA(#13995);
#13995 = FILL_AREA_STYLE('',(#13996));
#13996 = FILL_AREA_STYLE_COLOUR('',#13982);
#13997 = OVER_RIDING_STYLED_ITEM('overriding color',(#13998),#4661,
  #13910);
#13998 = PRESENTATION_STYLE_ASSIGNMENT((#13999));
#13999 = SURFACE_STYLE_USAGE(.BOTH.,#14000);
#14000 = SURFACE_SIDE_STYLE('',(#14001));
#14001 = SURFACE_STYLE_FILL_AREA(#14002);
#14002 = FILL_AREA_STYLE('',(#14003));
#14003 = FILL_AREA_STYLE_COLOUR('',#13589);
#14004 = OVER_RIDING_STYLED_ITEM('overriding color',(#14005),#4953,
  #13910);
#14005 = PRESENTATION_STYLE_ASSIGNMENT((#14006));
#14006 = SURFACE_STYLE_USAGE(.BOTH.,#14007);
#14007 = SURFACE_SIDE_STYLE('',(#14008));
#14008 = SURFACE_STYLE_FILL_AREA(#14009);
#14009 = FILL_AREA_STYLE('',(#14010));
#14010 = FILL_AREA_STYLE_COLOUR('',#13589);
#14011 = OVER_RIDING_STYLED_ITEM('overriding color',(#14012),#5245,
  #13910);
#14012 = PRESENTATION_STYLE_ASSIGNMENT((#14013));
#14013 = SURFACE_STYLE_USAGE(.BOTH.,#14014);
#14014 = SURFACE_SIDE_STYLE('',(#14015));
#14015 = SURFACE_STYLE_FILL_AREA(#14016);
#14016 = FILL_AREA_STYLE('',(#14017));
#14017 = FILL_AREA_STYLE_COLOUR('',#13925);
#14018 = OVER_RIDING_STYLED_ITEM('overriding color',(#14019),#5299,
  #13910);
#14019 = PRESENTATION_STYLE_ASSIGNMENT((#14020));
#14020 = SURFACE_STYLE_USAGE(.BOTH.,#14021);
#14021 = SURFACE_SIDE_STYLE('',(#14022));
#14022 = SURFACE_STYLE_FILL_AREA(#14023);
#14023 = FILL_AREA_STYLE('',(#14024));
#14024 = FILL_AREA_STYLE_COLOUR('',#13925);
#14025 = OVER_RIDING_STYLED_ITEM('overriding color',(#14026),#5330,
  #13910);
#14026 = PRESENTATION_STYLE_ASSIGNMENT((#14027));
#14027 = SURFACE_STYLE_USAGE(.BOTH.,#14028);
#14028 = SURFACE_SIDE_STYLE('',(#14029));
#14029 = SURFACE_STYLE_FILL_AREA(#14030);
#14030 = FILL_AREA_STYLE('',(#14031));
#14031 = FILL_AREA_STYLE_COLOUR('',#13925);
#14032 = OVER_RIDING_STYLED_ITEM('overriding color',(#14033),#5375,
  #13910);
#14033 = PRESENTATION_STYLE_ASSIGNMENT((#14034));
#14034 = SURFACE_STYLE_USAGE(.BOTH.,#14035);
#14035 = SURFACE_SIDE_STYLE('',(#14036));
#14036 = SURFACE_STYLE_FILL_AREA(#14037);
#14037 = FILL_AREA_STYLE('',(#14038));
#14038 = FILL_AREA_STYLE_COLOUR('',#13925);
#14039 = OVER_RIDING_STYLED_ITEM('overriding color',(#14040),#5387,
  #13910);
#14040 = PRESENTATION_STYLE_ASSIGNMENT((#14041));
#14041 = SURFACE_STYLE_USAGE(.BOTH.,#14042);
#14042 = SURFACE_SIDE_STYLE('',(#14043));
#14043 = SURFACE_STYLE_FILL_AREA(#14044);
#14044 = FILL_AREA_STYLE('',(#14045));
#14045 = FILL_AREA_STYLE_COLOUR('',#13589);
#14046 = OVER_RIDING_STYLED_ITEM('overriding color',(#14047),#5670,
  #13910);
#14047 = PRESENTATION_STYLE_ASSIGNMENT((#14048));
#14048 = SURFACE_STYLE_USAGE(.BOTH.,#14049);
#14049 = SURFACE_SIDE_STYLE('',(#14050));
#14050 = SURFACE_STYLE_FILL_AREA(#14051);
#14051 = FILL_AREA_STYLE('',(#14052));
#14052 = FILL_AREA_STYLE_COLOUR('',#13925);
#14053 = OVER_RIDING_STYLED_ITEM('overriding color',(#14054),#5715,
  #13910);
#14054 = PRESENTATION_STYLE_ASSIGNMENT((#14055));
#14055 = SURFACE_STYLE_USAGE(.BOTH.,#14056);
#14056 = SURFACE_SIDE_STYLE('',(#14057));
#14057 = SURFACE_STYLE_FILL_AREA(#14058);
#14058 = FILL_AREA_STYLE('',(#14059));
#14059 = FILL_AREA_STYLE_COLOUR('',#13925);
#14060 = OVER_RIDING_STYLED_ITEM('overriding color',(#14061),#5739,
  #13910);
#14061 = PRESENTATION_STYLE_ASSIGNMENT((#14062));
#14062 = SURFACE_STYLE_USAGE(.BOTH.,#14063);
#14063 = SURFACE_SIDE_STYLE('',(#14064));
#14064 = SURFACE_STYLE_FILL_AREA(#14065);
#14065 = FILL_AREA_STYLE('',(#14066));
#14066 = FILL_AREA_STYLE_COLOUR('',#13925);
#14067 = OVER_RIDING_STYLED_ITEM('overriding color',(#14068),#5777,
  #13910);
#14068 = PRESENTATION_STYLE_ASSIGNMENT((#14069));
#14069 = SURFACE_STYLE_USAGE(.BOTH.,#14070);
#14070 = SURFACE_SIDE_STYLE('',(#14071));
#14071 = SURFACE_STYLE_FILL_AREA(#14072);
#14072 = FILL_AREA_STYLE('',(#14073));
#14073 = FILL_AREA_STYLE_COLOUR('',#13925);
#14074 = OVER_RIDING_STYLED_ITEM('overriding color',(#14075),#5789,
  #13910);
#14075 = PRESENTATION_STYLE_ASSIGNMENT((#14076));
#14076 = SURFACE_STYLE_USAGE(.BOTH.,#14077);
#14077 = SURFACE_SIDE_STYLE('',(#14078));
#14078 = SURFACE_STYLE_FILL_AREA(#14079);
#14079 = FILL_AREA_STYLE('',(#14080));
#14080 = FILL_AREA_STYLE_COLOUR('',#13925);
#14081 = OVER_RIDING_STYLED_ITEM('overriding color',(#14082),#5834,
  #13910);
#14082 = PRESENTATION_STYLE_ASSIGNMENT((#14083));
#14083 = SURFACE_STYLE_USAGE(.BOTH.,#14084);
#14084 = SURFACE_SIDE_STYLE('',(#14085));
#14085 = SURFACE_STYLE_FILL_AREA(#14086);
#14086 = FILL_AREA_STYLE('',(#14087));
#14087 = FILL_AREA_STYLE_COLOUR('',#13925);
#14088 = OVER_RIDING_STYLED_ITEM('overriding color',(#14089),#5858,
  #13910);
#14089 = PRESENTATION_STYLE_ASSIGNMENT((#14090));
#14090 = SURFACE_STYLE_USAGE(.BOTH.,#14091);
#14091 = SURFACE_SIDE_STYLE('',(#14092));
#14092 = SURFACE_STYLE_FILL_AREA(#14093);
#14093 = FILL_AREA_STYLE('',(#14094));
#14094 = FILL_AREA_STYLE_COLOUR('',#13925);
#14095 = OVER_RIDING_STYLED_ITEM('overriding color',(#14096),#5896,
  #13910);
#14096 = PRESENTATION_STYLE_ASSIGNMENT((#14097));
#14097 = SURFACE_STYLE_USAGE(.BOTH.,#14098);
#14098 = SURFACE_SIDE_STYLE('',(#14099));
#14099 = SURFACE_STYLE_FILL_AREA(#14100);
#14100 = FILL_AREA_STYLE('',(#14101));
#14101 = FILL_AREA_STYLE_COLOUR('',#13925);
#14102 = OVER_RIDING_STYLED_ITEM('overriding color',(#14103),#5908,
  #13910);
#14103 = PRESENTATION_STYLE_ASSIGNMENT((#14104));
#14104 = SURFACE_STYLE_USAGE(.BOTH.,#14105);
#14105 = SURFACE_SIDE_STYLE('',(#14106));
#14106 = SURFACE_STYLE_FILL_AREA(#14107);
#14107 = FILL_AREA_STYLE('',(#14108));
#14108 = FILL_AREA_STYLE_COLOUR('',#13925);
#14109 = OVER_RIDING_STYLED_ITEM('overriding color',(#14110),#5953,
  #13910);
#14110 = PRESENTATION_STYLE_ASSIGNMENT((#14111));
#14111 = SURFACE_STYLE_USAGE(.BOTH.,#14112);
#14112 = SURFACE_SIDE_STYLE('',(#14113));
#14113 = SURFACE_STYLE_FILL_AREA(#14114);
#14114 = FILL_AREA_STYLE('',(#14115));
#14115 = FILL_AREA_STYLE_COLOUR('',#13925);
#14116 = OVER_RIDING_STYLED_ITEM('overriding color',(#14117),#5977,
  #13910);
#14117 = PRESENTATION_STYLE_ASSIGNMENT((#14118));
#14118 = SURFACE_STYLE_USAGE(.BOTH.,#14119);
#14119 = SURFACE_SIDE_STYLE('',(#14120));
#14120 = SURFACE_STYLE_FILL_AREA(#14121);
#14121 = FILL_AREA_STYLE('',(#14122));
#14122 = FILL_AREA_STYLE_COLOUR('',#13925);
#14123 = OVER_RIDING_STYLED_ITEM('overriding color',(#14124),#6015,
  #13910);
#14124 = PRESENTATION_STYLE_ASSIGNMENT((#14125));
#14125 = SURFACE_STYLE_USAGE(.BOTH.,#14126);
#14126 = SURFACE_SIDE_STYLE('',(#14127));
#14127 = SURFACE_STYLE_FILL_AREA(#14128);
#14128 = FILL_AREA_STYLE('',(#14129));
#14129 = FILL_AREA_STYLE_COLOUR('',#13925);
#14130 = OVER_RIDING_STYLED_ITEM('overriding color',(#14131),#6027,
  #13910);
#14131 = PRESENTATION_STYLE_ASSIGNMENT((#14132));
#14132 = SURFACE_STYLE_USAGE(.BOTH.,#14133);
#14133 = SURFACE_SIDE_STYLE('',(#14134));
#14134 = SURFACE_STYLE_FILL_AREA(#14135);
#14135 = FILL_AREA_STYLE('',(#14136));
#14136 = FILL_AREA_STYLE_COLOUR('',#13925);
#14137 = OVER_RIDING_STYLED_ITEM('overriding color',(#14138),#6058,
  #13910);
#14138 = PRESENTATION_STYLE_ASSIGNMENT((#14139));
#14139 = SURFACE_STYLE_USAGE(.BOTH.,#14140);
#14140 = SURFACE_SIDE_STYLE('',(#14141));
#14141 = SURFACE_STYLE_FILL_AREA(#14142);
#14142 = FILL_AREA_STYLE('',(#14143));
#14143 = FILL_AREA_STYLE_COLOUR('',#13925);
#14144 = OVER_RIDING_STYLED_ITEM('overriding color',(#14145),#6080,
  #13910);
#14145 = PRESENTATION_STYLE_ASSIGNMENT((#14146));
#14146 = SURFACE_STYLE_USAGE(.BOTH.,#14147);
#14147 = SURFACE_SIDE_STYLE('',(#14148));
#14148 = SURFACE_STYLE_FILL_AREA(#14149);
#14149 = FILL_AREA_STYLE('',(#14150));
#14150 = FILL_AREA_STYLE_COLOUR('',#13925);
#14151 = OVER_RIDING_STYLED_ITEM('overriding color',(#14152),#6111,
  #13910);
#14152 = PRESENTATION_STYLE_ASSIGNMENT((#14153));
#14153 = SURFACE_STYLE_USAGE(.BOTH.,#14154);
#14154 = SURFACE_SIDE_STYLE('',(#14155));
#14155 = SURFACE_STYLE_FILL_AREA(#14156);
#14156 = FILL_AREA_STYLE('',(#14157));
#14157 = FILL_AREA_STYLE_COLOUR('',#13925);
#14158 = OVER_RIDING_STYLED_ITEM('overriding color',(#14159),#6133,
  #13910);
#14159 = PRESENTATION_STYLE_ASSIGNMENT((#14160));
#14160 = SURFACE_STYLE_USAGE(.BOTH.,#14161);
#14161 = SURFACE_SIDE_STYLE('',(#14162));
#14162 = SURFACE_STYLE_FILL_AREA(#14163);
#14163 = FILL_AREA_STYLE('',(#14164));
#14164 = FILL_AREA_STYLE_COLOUR('',#13925);
#14165 = OVER_RIDING_STYLED_ITEM('overriding color',(#14166),#6164,
  #13910);
#14166 = PRESENTATION_STYLE_ASSIGNMENT((#14167));
#14167 = SURFACE_STYLE_USAGE(.BOTH.,#14168);
#14168 = SURFACE_SIDE_STYLE('',(#14169));
#14169 = SURFACE_STYLE_FILL_AREA(#14170);
#14170 = FILL_AREA_STYLE('',(#14171));
#14171 = FILL_AREA_STYLE_COLOUR('',#13925);
#14172 = OVER_RIDING_STYLED_ITEM('overriding color',(#14173),#6186,
  #13910);
#14173 = PRESENTATION_STYLE_ASSIGNMENT((#14174));
#14174 = SURFACE_STYLE_USAGE(.BOTH.,#14175);
#14175 = SURFACE_SIDE_STYLE('',(#14176));
#14176 = SURFACE_STYLE_FILL_AREA(#14177);
#14177 = FILL_AREA_STYLE('',(#14178));
#14178 = FILL_AREA_STYLE_COLOUR('',#13925);
#14179 = OVER_RIDING_STYLED_ITEM('overriding color',(#14180),#6217,
  #13910);
#14180 = PRESENTATION_STYLE_ASSIGNMENT((#14181));
#14181 = SURFACE_STYLE_USAGE(.BOTH.,#14182);
#14182 = SURFACE_SIDE_STYLE('',(#14183));
#14183 = SURFACE_STYLE_FILL_AREA(#14184);
#14184 = FILL_AREA_STYLE('',(#14185));
#14185 = FILL_AREA_STYLE_COLOUR('',#13925);
#14186 = OVER_RIDING_STYLED_ITEM('overriding color',(#14187),#6239,
  #13910);
#14187 = PRESENTATION_STYLE_ASSIGNMENT((#14188));
#14188 = SURFACE_STYLE_USAGE(.BOTH.,#14189);
#14189 = SURFACE_SIDE_STYLE('',(#14190));
#14190 = SURFACE_STYLE_FILL_AREA(#14191);
#14191 = FILL_AREA_STYLE('',(#14192));
#14192 = FILL_AREA_STYLE_COLOUR('',#13589);
#14193 = OVER_RIDING_STYLED_ITEM('overriding color',(#14194),#6251,
  #13910);
#14194 = PRESENTATION_STYLE_ASSIGNMENT((#14195));
#14195 = SURFACE_STYLE_USAGE(.BOTH.,#14196);
#14196 = SURFACE_SIDE_STYLE('',(#14197));
#14197 = SURFACE_STYLE_FILL_AREA(#14198);
#14198 = FILL_AREA_STYLE('',(#14199));
#14199 = FILL_AREA_STYLE_COLOUR('',#13589);
#14200 = OVER_RIDING_STYLED_ITEM('overriding color',(#14201),#6263,
  #13910);
#14201 = PRESENTATION_STYLE_ASSIGNMENT((#14202));
#14202 = SURFACE_STYLE_USAGE(.BOTH.,#14203);
#14203 = SURFACE_SIDE_STYLE('',(#14204));
#14204 = SURFACE_STYLE_FILL_AREA(#14205);
#14205 = FILL_AREA_STYLE('',(#14206));
#14206 = FILL_AREA_STYLE_COLOUR('',#13589);
#14207 = OVER_RIDING_STYLED_ITEM('overriding color',(#14208),#6275,
  #13910);
#14208 = PRESENTATION_STYLE_ASSIGNMENT((#14209));
#14209 = SURFACE_STYLE_USAGE(.BOTH.,#14210);
#14210 = SURFACE_SIDE_STYLE('',(#14211));
#14211 = SURFACE_STYLE_FILL_AREA(#14212);
#14212 = FILL_AREA_STYLE('',(#14213));
#14213 = FILL_AREA_STYLE_COLOUR('',#13589);
#14214 = OVER_RIDING_STYLED_ITEM('overriding color',(#14215),#6297,
  #13910);
#14215 = PRESENTATION_STYLE_ASSIGNMENT((#14216));
#14216 = SURFACE_STYLE_USAGE(.BOTH.,#14217);
#14217 = SURFACE_SIDE_STYLE('',(#14218));
#14218 = SURFACE_STYLE_FILL_AREA(#14219);
#14219 = FILL_AREA_STYLE('',(#14220));
#14220 = FILL_AREA_STYLE_COLOUR('',#13589);
#14221 = OVER_RIDING_STYLED_ITEM('overriding color',(#14222),#6319,
  #13910);
#14222 = PRESENTATION_STYLE_ASSIGNMENT((#14223));
#14223 = SURFACE_STYLE_USAGE(.BOTH.,#14224);
#14224 = SURFACE_SIDE_STYLE('',(#14225));
#14225 = SURFACE_STYLE_FILL_AREA(#14226);
#14226 = FILL_AREA_STYLE('',(#14227));
#14227 = FILL_AREA_STYLE_COLOUR('',#13589);
#14228 = OVER_RIDING_STYLED_ITEM('overriding color',(#14229),#6341,
  #13910);
#14229 = PRESENTATION_STYLE_ASSIGNMENT((#14230));
#14230 = SURFACE_STYLE_USAGE(.BOTH.,#14231);
#14231 = SURFACE_SIDE_STYLE('',(#14232));
#14232 = SURFACE_STYLE_FILL_AREA(#14233);
#14233 = FILL_AREA_STYLE('',(#14234));
#14234 = FILL_AREA_STYLE_COLOUR('',#13589);
#14235 = OVER_RIDING_STYLED_ITEM('overriding color',(#14236),#6358,
  #13910);
#14236 = PRESENTATION_STYLE_ASSIGNMENT((#14237));
#14237 = SURFACE_STYLE_USAGE(.BOTH.,#14238);
#14238 = SURFACE_SIDE_STYLE('',(#14239));
#14239 = SURFACE_STYLE_FILL_AREA(#14240);
#14240 = FILL_AREA_STYLE('',(#14241));
#14241 = FILL_AREA_STYLE_COLOUR('',#13589);
#14242 = OVER_RIDING_STYLED_ITEM('overriding color',(#14243),#6375,
  #13910);
#14243 = PRESENTATION_STYLE_ASSIGNMENT((#14244));
#14244 = SURFACE_STYLE_USAGE(.BOTH.,#14245);
#14245 = SURFACE_SIDE_STYLE('',(#14246));
#14246 = SURFACE_STYLE_FILL_AREA(#14247);
#14247 = FILL_AREA_STYLE('',(#14248));
#14248 = FILL_AREA_STYLE_COLOUR('',#13589);
#14249 = OVER_RIDING_STYLED_ITEM('overriding color',(#14250),#6396,
  #13910);
#14250 = PRESENTATION_STYLE_ASSIGNMENT((#14251));
#14251 = SURFACE_STYLE_USAGE(.BOTH.,#14252);
#14252 = SURFACE_SIDE_STYLE('',(#14253));
#14253 = SURFACE_STYLE_FILL_AREA(#14254);
#14254 = FILL_AREA_STYLE('',(#14255));
#14255 = FILL_AREA_STYLE_COLOUR('',#13589);
#14256 = OVER_RIDING_STYLED_ITEM('overriding color',(#14257),#6418,
  #13910);
#14257 = PRESENTATION_STYLE_ASSIGNMENT((#14258));
#14258 = SURFACE_STYLE_USAGE(.BOTH.,#14259);
#14259 = SURFACE_SIDE_STYLE('',(#14260));
#14260 = SURFACE_STYLE_FILL_AREA(#14261);
#14261 = FILL_AREA_STYLE('',(#14262));
#14262 = FILL_AREA_STYLE_COLOUR('',#13589);
#14263 = OVER_RIDING_STYLED_ITEM('overriding color',(#14264),#6435,
  #13910);
#14264 = PRESENTATION_STYLE_ASSIGNMENT((#14265));
#14265 = SURFACE_STYLE_USAGE(.BOTH.,#14266);
#14266 = SURFACE_SIDE_STYLE('',(#14267));
#14267 = SURFACE_STYLE_FILL_AREA(#14268);
#14268 = FILL_AREA_STYLE('',(#14269));
#14269 = FILL_AREA_STYLE_COLOUR('',#13925);
#14270 = OVER_RIDING_STYLED_ITEM('overriding color',(#14271),#6466,
  #13910);
#14271 = PRESENTATION_STYLE_ASSIGNMENT((#14272));
#14272 = SURFACE_STYLE_USAGE(.BOTH.,#14273);
#14273 = SURFACE_SIDE_STYLE('',(#14274));
#14274 = SURFACE_STYLE_FILL_AREA(#14275);
#14275 = FILL_AREA_STYLE('',(#14276));
#14276 = FILL_AREA_STYLE_COLOUR('',#13925);
#14277 = OVER_RIDING_STYLED_ITEM('overriding color',(#14278),#6483,
  #13910);
#14278 = PRESENTATION_STYLE_ASSIGNMENT((#14279));
#14279 = SURFACE_STYLE_USAGE(.BOTH.,#14280);
#14280 = SURFACE_SIDE_STYLE('',(#14281));
#14281 = SURFACE_STYLE_FILL_AREA(#14282);
#14282 = FILL_AREA_STYLE('',(#14283));
#14283 = FILL_AREA_STYLE_COLOUR('',#13925);
#14284 = OVER_RIDING_STYLED_ITEM('overriding color',(#14285),#6507,
  #13910);
#14285 = PRESENTATION_STYLE_ASSIGNMENT((#14286));
#14286 = SURFACE_STYLE_USAGE(.BOTH.,#14287);
#14287 = SURFACE_SIDE_STYLE('',(#14288));
#14288 = SURFACE_STYLE_FILL_AREA(#14289);
#14289 = FILL_AREA_STYLE('',(#14290));
#14290 = FILL_AREA_STYLE_COLOUR('',#13925);
#14291 = OVER_RIDING_STYLED_ITEM('overriding color',(#14292),#6531,
  #13910);
#14292 = PRESENTATION_STYLE_ASSIGNMENT((#14293));
#14293 = SURFACE_STYLE_USAGE(.BOTH.,#14294);
#14294 = SURFACE_SIDE_STYLE('',(#14295));
#14295 = SURFACE_STYLE_FILL_AREA(#14296);
#14296 = FILL_AREA_STYLE('',(#14297));
#14297 = FILL_AREA_STYLE_COLOUR('',#13925);
#14298 = OVER_RIDING_STYLED_ITEM('overriding color',(#14299),#6548,
  #13910);
#14299 = PRESENTATION_STYLE_ASSIGNMENT((#14300));
#14300 = SURFACE_STYLE_USAGE(.BOTH.,#14301);
#14301 = SURFACE_SIDE_STYLE('',(#14302));
#14302 = SURFACE_STYLE_FILL_AREA(#14303);
#14303 = FILL_AREA_STYLE('',(#14304));
#14304 = FILL_AREA_STYLE_COLOUR('',#13925);
#14305 = OVER_RIDING_STYLED_ITEM('overriding color',(#14306),#6564,
  #13910);
#14306 = PRESENTATION_STYLE_ASSIGNMENT((#14307));
#14307 = SURFACE_STYLE_USAGE(.BOTH.,#14308);
#14308 = SURFACE_SIDE_STYLE('',(#14309));
#14309 = SURFACE_STYLE_FILL_AREA(#14310);
#14310 = FILL_AREA_STYLE('',(#14311));
#14311 = FILL_AREA_STYLE_COLOUR('',#13925);
#14312 = OVER_RIDING_STYLED_ITEM('overriding color',(#14313),#6595,
  #13910);
#14313 = PRESENTATION_STYLE_ASSIGNMENT((#14314));
#14314 = SURFACE_STYLE_USAGE(.BOTH.,#14315);
#14315 = SURFACE_SIDE_STYLE('',(#14316));
#14316 = SURFACE_STYLE_FILL_AREA(#14317);
#14317 = FILL_AREA_STYLE('',(#14318));
#14318 = FILL_AREA_STYLE_COLOUR('',#13925);
#14319 = OVER_RIDING_STYLED_ITEM('overriding color',(#14320),#6619,
  #13910);
#14320 = PRESENTATION_STYLE_ASSIGNMENT((#14321));
#14321 = SURFACE_STYLE_USAGE(.BOTH.,#14322);
#14322 = SURFACE_SIDE_STYLE('',(#14323));
#14323 = SURFACE_STYLE_FILL_AREA(#14324);
#14324 = FILL_AREA_STYLE('',(#14325));
#14325 = FILL_AREA_STYLE_COLOUR('',#13925);
#14326 = OVER_RIDING_STYLED_ITEM('overriding color',(#14327),#6643,
  #13910);
#14327 = PRESENTATION_STYLE_ASSIGNMENT((#14328));
#14328 = SURFACE_STYLE_USAGE(.BOTH.,#14329);
#14329 = SURFACE_SIDE_STYLE('',(#14330));
#14330 = SURFACE_STYLE_FILL_AREA(#14331);
#14331 = FILL_AREA_STYLE('',(#14332));
#14332 = FILL_AREA_STYLE_COLOUR('',#13925);
#14333 = OVER_RIDING_STYLED_ITEM('overriding color',(#14334),#6660,
  #13910);
#14334 = PRESENTATION_STYLE_ASSIGNMENT((#14335));
#14335 = SURFACE_STYLE_USAGE(.BOTH.,#14336);
#14336 = SURFACE_SIDE_STYLE('',(#14337));
#14337 = SURFACE_STYLE_FILL_AREA(#14338);
#14338 = FILL_AREA_STYLE('',(#14339));
#14339 = FILL_AREA_STYLE_COLOUR('',#13925);
#14340 = OVER_RIDING_STYLED_ITEM('overriding color',(#14341),#6677,
  #13910);
#14341 = PRESENTATION_STYLE_ASSIGNMENT((#14342));
#14342 = SURFACE_STYLE_USAGE(.BOTH.,#14343);
#14343 = SURFACE_SIDE_STYLE('',(#14344));
#14344 = SURFACE_STYLE_FILL_AREA(#14345);
#14345 = FILL_AREA_STYLE('',(#14346));
#14346 = FILL_AREA_STYLE_COLOUR('',#13925);
#14347 = OVER_RIDING_STYLED_ITEM('overriding color',(#14348),#6693,
  #13910);
#14348 = PRESENTATION_STYLE_ASSIGNMENT((#14349));
#14349 = SURFACE_STYLE_USAGE(.BOTH.,#14350);
#14350 = SURFACE_SIDE_STYLE('',(#14351));
#14351 = SURFACE_STYLE_FILL_AREA(#14352);
#14352 = FILL_AREA_STYLE('',(#14353));
#14353 = FILL_AREA_STYLE_COLOUR('',#13925);
#14354 = OVER_RIDING_STYLED_ITEM('overriding color',(#14355),#6724,
  #13910);
#14355 = PRESENTATION_STYLE_ASSIGNMENT((#14356));
#14356 = SURFACE_STYLE_USAGE(.BOTH.,#14357);
#14357 = SURFACE_SIDE_STYLE('',(#14358));
#14358 = SURFACE_STYLE_FILL_AREA(#14359);
#14359 = FILL_AREA_STYLE('',(#14360));
#14360 = FILL_AREA_STYLE_COLOUR('',#13925);
#14361 = OVER_RIDING_STYLED_ITEM('overriding color',(#14362),#6741,
  #13910);
#14362 = PRESENTATION_STYLE_ASSIGNMENT((#14363));
#14363 = SURFACE_STYLE_USAGE(.BOTH.,#14364);
#14364 = SURFACE_SIDE_STYLE('',(#14365));
#14365 = SURFACE_STYLE_FILL_AREA(#14366);
#14366 = FILL_AREA_STYLE('',(#14367));
#14367 = FILL_AREA_STYLE_COLOUR('',#13925);
#14368 = OVER_RIDING_STYLED_ITEM('overriding color',(#14369),#6765,
  #13910);
#14369 = PRESENTATION_STYLE_ASSIGNMENT((#14370));
#14370 = SURFACE_STYLE_USAGE(.BOTH.,#14371);
#14371 = SURFACE_SIDE_STYLE('',(#14372));
#14372 = SURFACE_STYLE_FILL_AREA(#14373);
#14373 = FILL_AREA_STYLE('',(#14374));
#14374 = FILL_AREA_STYLE_COLOUR('',#13925);
#14375 = OVER_RIDING_STYLED_ITEM('overriding color',(#14376),#6789,
  #13910);
#14376 = PRESENTATION_STYLE_ASSIGNMENT((#14377));
#14377 = SURFACE_STYLE_USAGE(.BOTH.,#14378);
#14378 = SURFACE_SIDE_STYLE('',(#14379));
#14379 = SURFACE_STYLE_FILL_AREA(#14380);
#14380 = FILL_AREA_STYLE('',(#14381));
#14381 = FILL_AREA_STYLE_COLOUR('',#13925);
#14382 = OVER_RIDING_STYLED_ITEM('overriding color',(#14383),#6806,
  #13910);
#14383 = PRESENTATION_STYLE_ASSIGNMENT((#14384));
#14384 = SURFACE_STYLE_USAGE(.BOTH.,#14385);
#14385 = SURFACE_SIDE_STYLE('',(#14386));
#14386 = SURFACE_STYLE_FILL_AREA(#14387);
#14387 = FILL_AREA_STYLE('',(#14388));
#14388 = FILL_AREA_STYLE_COLOUR('',#13925);
#14389 = OVER_RIDING_STYLED_ITEM('overriding color',(#14390),#6822,
  #13910);
#14390 = PRESENTATION_STYLE_ASSIGNMENT((#14391));
#14391 = SURFACE_STYLE_USAGE(.BOTH.,#14392);
#14392 = SURFACE_SIDE_STYLE('',(#14393));
#14393 = SURFACE_STYLE_FILL_AREA(#14394);
#14394 = FILL_AREA_STYLE('',(#14395));
#14395 = FILL_AREA_STYLE_COLOUR('',#13925);
#14396 = OVER_RIDING_STYLED_ITEM('overriding color',(#14397),#6853,
  #13910);
#14397 = PRESENTATION_STYLE_ASSIGNMENT((#14398));
#14398 = SURFACE_STYLE_USAGE(.BOTH.,#14399);
#14399 = SURFACE_SIDE_STYLE('',(#14400));
#14400 = SURFACE_STYLE_FILL_AREA(#14401);
#14401 = FILL_AREA_STYLE('',(#14402));
#14402 = FILL_AREA_STYLE_COLOUR('',#13925);
#14403 = OVER_RIDING_STYLED_ITEM('overriding color',(#14404),#6877,
  #13910);
#14404 = PRESENTATION_STYLE_ASSIGNMENT((#14405));
#14405 = SURFACE_STYLE_USAGE(.BOTH.,#14406);
#14406 = SURFACE_SIDE_STYLE('',(#14407));
#14407 = SURFACE_STYLE_FILL_AREA(#14408);
#14408 = FILL_AREA_STYLE('',(#14409));
#14409 = FILL_AREA_STYLE_COLOUR('',#13925);
#14410 = OVER_RIDING_STYLED_ITEM('overriding color',(#14411),#6901,
  #13910);
#14411 = PRESENTATION_STYLE_ASSIGNMENT((#14412));
#14412 = SURFACE_STYLE_USAGE(.BOTH.,#14413);
#14413 = SURFACE_SIDE_STYLE('',(#14414));
#14414 = SURFACE_STYLE_FILL_AREA(#14415);
#14415 = FILL_AREA_STYLE('',(#14416));
#14416 = FILL_AREA_STYLE_COLOUR('',#13925);
#14417 = OVER_RIDING_STYLED_ITEM('overriding color',(#14418),#6918,
  #13910);
#14418 = PRESENTATION_STYLE_ASSIGNMENT((#14419));
#14419 = SURFACE_STYLE_USAGE(.BOTH.,#14420);
#14420 = SURFACE_SIDE_STYLE('',(#14421));
#14421 = SURFACE_STYLE_FILL_AREA(#14422);
#14422 = FILL_AREA_STYLE('',(#14423));
#14423 = FILL_AREA_STYLE_COLOUR('',#13925);
#14424 = OVER_RIDING_STYLED_ITEM('overriding color',(#14425),#6935,
  #13910);
#14425 = PRESENTATION_STYLE_ASSIGNMENT((#14426));
#14426 = SURFACE_STYLE_USAGE(.BOTH.,#14427);
#14427 = SURFACE_SIDE_STYLE('',(#14428));
#14428 = SURFACE_STYLE_FILL_AREA(#14429);
#14429 = FILL_AREA_STYLE('',(#14430));
#14430 = FILL_AREA_STYLE_COLOUR('',#13925);
#14431 = OVER_RIDING_STYLED_ITEM('overriding color',(#14432),#6951,
  #13910);
#14432 = PRESENTATION_STYLE_ASSIGNMENT((#14433));
#14433 = SURFACE_STYLE_USAGE(.BOTH.,#14434);
#14434 = SURFACE_SIDE_STYLE('',(#14435));
#14435 = SURFACE_STYLE_FILL_AREA(#14436);
#14436 = FILL_AREA_STYLE('',(#14437));
#14437 = FILL_AREA_STYLE_COLOUR('',#13925);
#14438 = OVER_RIDING_STYLED_ITEM('overriding color',(#14439),#6982,
  #13910);
#14439 = PRESENTATION_STYLE_ASSIGNMENT((#14440));
#14440 = SURFACE_STYLE_USAGE(.BOTH.,#14441);
#14441 = SURFACE_SIDE_STYLE('',(#14442));
#14442 = SURFACE_STYLE_FILL_AREA(#14443);
#14443 = FILL_AREA_STYLE('',(#14444));
#14444 = FILL_AREA_STYLE_COLOUR('',#13925);
#14445 = OVER_RIDING_STYLED_ITEM('overriding color',(#14446),#7006,
  #13910);
#14446 = PRESENTATION_STYLE_ASSIGNMENT((#14447));
#14447 = SURFACE_STYLE_USAGE(.BOTH.,#14448);
#14448 = SURFACE_SIDE_STYLE('',(#14449));
#14449 = SURFACE_STYLE_FILL_AREA(#14450);
#14450 = FILL_AREA_STYLE('',(#14451));
#14451 = FILL_AREA_STYLE_COLOUR('',#13925);
#14452 = OVER_RIDING_STYLED_ITEM('overriding color',(#14453),#7030,
  #13910);
#14453 = PRESENTATION_STYLE_ASSIGNMENT((#14454));
#14454 = SURFACE_STYLE_USAGE(.BOTH.,#14455);
#14455 = SURFACE_SIDE_STYLE('',(#14456));
#14456 = SURFACE_STYLE_FILL_AREA(#14457);
#14457 = FILL_AREA_STYLE('',(#14458));
#14458 = FILL_AREA_STYLE_COLOUR('',#13925);
#14459 = OVER_RIDING_STYLED_ITEM('overriding color',(#14460),#7054,
  #13910);
#14460 = PRESENTATION_STYLE_ASSIGNMENT((#14461));
#14461 = SURFACE_STYLE_USAGE(.BOTH.,#14462);
#14462 = SURFACE_SIDE_STYLE('',(#14463));
#14463 = SURFACE_STYLE_FILL_AREA(#14464);
#14464 = FILL_AREA_STYLE('',(#14465));
#14465 = FILL_AREA_STYLE_COLOUR('',#13925);
#14466 = OVER_RIDING_STYLED_ITEM('overriding color',(#14467),#7075,
  #13910);
#14467 = PRESENTATION_STYLE_ASSIGNMENT((#14468));
#14468 = SURFACE_STYLE_USAGE(.BOTH.,#14469);
#14469 = SURFACE_SIDE_STYLE('',(#14470));
#14470 = SURFACE_STYLE_FILL_AREA(#14471);
#14471 = FILL_AREA_STYLE('',(#14472));
#14472 = FILL_AREA_STYLE_COLOUR('',#13925);
#14473 = OVER_RIDING_STYLED_ITEM('overriding color',(#14474),#7099,
  #13910);
#14474 = PRESENTATION_STYLE_ASSIGNMENT((#14475));
#14475 = SURFACE_STYLE_USAGE(.BOTH.,#14476);
#14476 = SURFACE_SIDE_STYLE('',(#14477));
#14477 = SURFACE_STYLE_FILL_AREA(#14478);
#14478 = FILL_AREA_STYLE('',(#14479));
#14479 = FILL_AREA_STYLE_COLOUR('',#13925);
#14480 = OVER_RIDING_STYLED_ITEM('overriding color',(#14481),#7120,
  #13910);
#14481 = PRESENTATION_STYLE_ASSIGNMENT((#14482));
#14482 = SURFACE_STYLE_USAGE(.BOTH.,#14483);
#14483 = SURFACE_SIDE_STYLE('',(#14484));
#14484 = SURFACE_STYLE_FILL_AREA(#14485);
#14485 = FILL_AREA_STYLE('',(#14486));
#14486 = FILL_AREA_STYLE_COLOUR('',#13925);
#14487 = OVER_RIDING_STYLED_ITEM('overriding color',(#14488),#7136,
  #13910);
#14488 = PRESENTATION_STYLE_ASSIGNMENT((#14489));
#14489 = SURFACE_STYLE_USAGE(.BOTH.,#14490);
#14490 = SURFACE_SIDE_STYLE('',(#14491));
#14491 = SURFACE_STYLE_FILL_AREA(#14492);
#14492 = FILL_AREA_STYLE('',(#14493));
#14493 = FILL_AREA_STYLE_COLOUR('',#13925);
#14494 = OVER_RIDING_STYLED_ITEM('overriding color',(#14495),#7167,
  #13910);
#14495 = PRESENTATION_STYLE_ASSIGNMENT((#14496));
#14496 = SURFACE_STYLE_USAGE(.BOTH.,#14497);
#14497 = SURFACE_SIDE_STYLE('',(#14498));
#14498 = SURFACE_STYLE_FILL_AREA(#14499);
#14499 = FILL_AREA_STYLE('',(#14500));
#14500 = FILL_AREA_STYLE_COLOUR('',#13925);
#14501 = OVER_RIDING_STYLED_ITEM('overriding color',(#14502),#7191,
  #13910);
#14502 = PRESENTATION_STYLE_ASSIGNMENT((#14503));
#14503 = SURFACE_STYLE_USAGE(.BOTH.,#14504);
#14504 = SURFACE_SIDE_STYLE('',(#14505));
#14505 = SURFACE_STYLE_FILL_AREA(#14506);
#14506 = FILL_AREA_STYLE('',(#14507));
#14507 = FILL_AREA_STYLE_COLOUR('',#13925);
#14508 = OVER_RIDING_STYLED_ITEM('overriding color',(#14509),#7212,
  #13910);
#14509 = PRESENTATION_STYLE_ASSIGNMENT((#14510));
#14510 = SURFACE_STYLE_USAGE(.BOTH.,#14511);
#14511 = SURFACE_SIDE_STYLE('',(#14512));
#14512 = SURFACE_STYLE_FILL_AREA(#14513);
#14513 = FILL_AREA_STYLE('',(#14514));
#14514 = FILL_AREA_STYLE_COLOUR('',#13925);
#14515 = OVER_RIDING_STYLED_ITEM('overriding color',(#14516),#7236,
  #13910);
#14516 = PRESENTATION_STYLE_ASSIGNMENT((#14517));
#14517 = SURFACE_STYLE_USAGE(.BOTH.,#14518);
#14518 = SURFACE_SIDE_STYLE('',(#14519));
#14519 = SURFACE_STYLE_FILL_AREA(#14520);
#14520 = FILL_AREA_STYLE('',(#14521));
#14521 = FILL_AREA_STYLE_COLOUR('',#13925);
#14522 = OVER_RIDING_STYLED_ITEM('overriding color',(#14523),#7260,
  #13910);
#14523 = PRESENTATION_STYLE_ASSIGNMENT((#14524));
#14524 = SURFACE_STYLE_USAGE(.BOTH.,#14525);
#14525 = SURFACE_SIDE_STYLE('',(#14526));
#14526 = SURFACE_STYLE_FILL_AREA(#14527);
#14527 = FILL_AREA_STYLE('',(#14528));
#14528 = FILL_AREA_STYLE_COLOUR('',#13925);
#14529 = OVER_RIDING_STYLED_ITEM('overriding color',(#14530),#7284,
  #13910);
#14530 = PRESENTATION_STYLE_ASSIGNMENT((#14531));
#14531 = SURFACE_STYLE_USAGE(.BOTH.,#14532);
#14532 = SURFACE_SIDE_STYLE('',(#14533));
#14533 = SURFACE_STYLE_FILL_AREA(#14534);
#14534 = FILL_AREA_STYLE('',(#14535));
#14535 = FILL_AREA_STYLE_COLOUR('',#13925);
#14536 = OVER_RIDING_STYLED_ITEM('overriding color',(#14537),#7305,
  #13910);
#14537 = PRESENTATION_STYLE_ASSIGNMENT((#14538));
#14538 = SURFACE_STYLE_USAGE(.BOTH.,#14539);
#14539 = SURFACE_SIDE_STYLE('',(#14540));
#14540 = SURFACE_STYLE_FILL_AREA(#14541);
#14541 = FILL_AREA_STYLE('',(#14542));
#14542 = FILL_AREA_STYLE_COLOUR('',#13925);
#14543 = OVER_RIDING_STYLED_ITEM('overriding color',(#14544),#7321,
  #13910);
#14544 = PRESENTATION_STYLE_ASSIGNMENT((#14545));
#14545 = SURFACE_STYLE_USAGE(.BOTH.,#14546);
#14546 = SURFACE_SIDE_STYLE('',(#14547));
#14547 = SURFACE_STYLE_FILL_AREA(#14548);
#14548 = FILL_AREA_STYLE('',(#14549));
#14549 = FILL_AREA_STYLE_COLOUR('',#13925);
#14550 = OVER_RIDING_STYLED_ITEM('overriding color',(#14551),#7352,
  #13910);
#14551 = PRESENTATION_STYLE_ASSIGNMENT((#14552));
#14552 = SURFACE_STYLE_USAGE(.BOTH.,#14553);
#14553 = SURFACE_SIDE_STYLE('',(#14554));
#14554 = SURFACE_STYLE_FILL_AREA(#14555);
#14555 = FILL_AREA_STYLE('',(#14556));
#14556 = FILL_AREA_STYLE_COLOUR('',#13925);
#14557 = OVER_RIDING_STYLED_ITEM('overriding color',(#14558),#7376,
  #13910);
#14558 = PRESENTATION_STYLE_ASSIGNMENT((#14559));
#14559 = SURFACE_STYLE_USAGE(.BOTH.,#14560);
#14560 = SURFACE_SIDE_STYLE('',(#14561));
#14561 = SURFACE_STYLE_FILL_AREA(#14562);
#14562 = FILL_AREA_STYLE('',(#14563));
#14563 = FILL_AREA_STYLE_COLOUR('',#13925);
#14564 = OVER_RIDING_STYLED_ITEM('overriding color',(#14565),#7400,
  #13910);
#14565 = PRESENTATION_STYLE_ASSIGNMENT((#14566));
#14566 = SURFACE_STYLE_USAGE(.BOTH.,#14567);
#14567 = SURFACE_SIDE_STYLE('',(#14568));
#14568 = SURFACE_STYLE_FILL_AREA(#14569);
#14569 = FILL_AREA_STYLE('',(#14570));
#14570 = FILL_AREA_STYLE_COLOUR('',#13925);
#14571 = OVER_RIDING_STYLED_ITEM('overriding color',(#14572),#7424,
  #13910);
#14572 = PRESENTATION_STYLE_ASSIGNMENT((#14573));
#14573 = SURFACE_STYLE_USAGE(.BOTH.,#14574);
#14574 = SURFACE_SIDE_STYLE('',(#14575));
#14575 = SURFACE_STYLE_FILL_AREA(#14576);
#14576 = FILL_AREA_STYLE('',(#14577));
#14577 = FILL_AREA_STYLE_COLOUR('',#13925);
#14578 = OVER_RIDING_STYLED_ITEM('overriding color',(#14579),#7445,
  #13910);
#14579 = PRESENTATION_STYLE_ASSIGNMENT((#14580));
#14580 = SURFACE_STYLE_USAGE(.BOTH.,#14581);
#14581 = SURFACE_SIDE_STYLE('',(#14582));
#14582 = SURFACE_STYLE_FILL_AREA(#14583);
#14583 = FILL_AREA_STYLE('',(#14584));
#14584 = FILL_AREA_STYLE_COLOUR('',#13925);
#14585 = OVER_RIDING_STYLED_ITEM('overriding color',(#14586),#7469,
  #13910);
#14586 = PRESENTATION_STYLE_ASSIGNMENT((#14587));
#14587 = SURFACE_STYLE_USAGE(.BOTH.,#14588);
#14588 = SURFACE_SIDE_STYLE('',(#14589));
#14589 = SURFACE_STYLE_FILL_AREA(#14590);
#14590 = FILL_AREA_STYLE('',(#14591));
#14591 = FILL_AREA_STYLE_COLOUR('',#13925);
#14592 = OVER_RIDING_STYLED_ITEM('overriding color',(#14593),#7490,
  #13910);
#14593 = PRESENTATION_STYLE_ASSIGNMENT((#14594));
#14594 = SURFACE_STYLE_USAGE(.BOTH.,#14595);
#14595 = SURFACE_SIDE_STYLE('',(#14596));
#14596 = SURFACE_STYLE_FILL_AREA(#14597);
#14597 = FILL_AREA_STYLE('',(#14598));
#14598 = FILL_AREA_STYLE_COLOUR('',#13925);
#14599 = OVER_RIDING_STYLED_ITEM('overriding color',(#14600),#7506,
  #13910);
#14600 = PRESENTATION_STYLE_ASSIGNMENT((#14601));
#14601 = SURFACE_STYLE_USAGE(.BOTH.,#14602);
#14602 = SURFACE_SIDE_STYLE('',(#14603));
#14603 = SURFACE_STYLE_FILL_AREA(#14604);
#14604 = FILL_AREA_STYLE('',(#14605));
#14605 = FILL_AREA_STYLE_COLOUR('',#13925);
#14606 = OVER_RIDING_STYLED_ITEM('overriding color',(#14607),#7537,
  #13910);
#14607 = PRESENTATION_STYLE_ASSIGNMENT((#14608));
#14608 = SURFACE_STYLE_USAGE(.BOTH.,#14609);
#14609 = SURFACE_SIDE_STYLE('',(#14610));
#14610 = SURFACE_STYLE_FILL_AREA(#14611);
#14611 = FILL_AREA_STYLE('',(#14612));
#14612 = FILL_AREA_STYLE_COLOUR('',#13925);
#14613 = OVER_RIDING_STYLED_ITEM('overriding color',(#14614),#7561,
  #13910);
#14614 = PRESENTATION_STYLE_ASSIGNMENT((#14615));
#14615 = SURFACE_STYLE_USAGE(.BOTH.,#14616);
#14616 = SURFACE_SIDE_STYLE('',(#14617));
#14617 = SURFACE_STYLE_FILL_AREA(#14618);
#14618 = FILL_AREA_STYLE('',(#14619));
#14619 = FILL_AREA_STYLE_COLOUR('',#13925);
#14620 = OVER_RIDING_STYLED_ITEM('overriding color',(#14621),#7582,
  #13910);
#14621 = PRESENTATION_STYLE_ASSIGNMENT((#14622));
#14622 = SURFACE_STYLE_USAGE(.BOTH.,#14623);
#14623 = SURFACE_SIDE_STYLE('',(#14624));
#14624 = SURFACE_STYLE_FILL_AREA(#14625);
#14625 = FILL_AREA_STYLE('',(#14626));
#14626 = FILL_AREA_STYLE_COLOUR('',#13925);
#14627 = OVER_RIDING_STYLED_ITEM('overriding color',(#14628),#7606,
  #13910);
#14628 = PRESENTATION_STYLE_ASSIGNMENT((#14629));
#14629 = SURFACE_STYLE_USAGE(.BOTH.,#14630);
#14630 = SURFACE_SIDE_STYLE('',(#14631));
#14631 = SURFACE_STYLE_FILL_AREA(#14632);
#14632 = FILL_AREA_STYLE('',(#14633));
#14633 = FILL_AREA_STYLE_COLOUR('',#13925);
#14634 = OVER_RIDING_STYLED_ITEM('overriding color',(#14635),#7630,
  #13910);
#14635 = PRESENTATION_STYLE_ASSIGNMENT((#14636));
#14636 = SURFACE_STYLE_USAGE(.BOTH.,#14637);
#14637 = SURFACE_SIDE_STYLE('',(#14638));
#14638 = SURFACE_STYLE_FILL_AREA(#14639);
#14639 = FILL_AREA_STYLE('',(#14640));
#14640 = FILL_AREA_STYLE_COLOUR('',#13925);
#14641 = OVER_RIDING_STYLED_ITEM('overriding color',(#14642),#7654,
  #13910);
#14642 = PRESENTATION_STYLE_ASSIGNMENT((#14643));
#14643 = SURFACE_STYLE_USAGE(.BOTH.,#14644);
#14644 = SURFACE_SIDE_STYLE('',(#14645));
#14645 = SURFACE_STYLE_FILL_AREA(#14646);
#14646 = FILL_AREA_STYLE('',(#14647));
#14647 = FILL_AREA_STYLE_COLOUR('',#13925);
#14648 = OVER_RIDING_STYLED_ITEM('overriding color',(#14649),#7675,
  #13910);
#14649 = PRESENTATION_STYLE_ASSIGNMENT((#14650));
#14650 = SURFACE_STYLE_USAGE(.BOTH.,#14651);
#14651 = SURFACE_SIDE_STYLE('',(#14652));
#14652 = SURFACE_STYLE_FILL_AREA(#14653);
#14653 = FILL_AREA_STYLE('',(#14654));
#14654 = FILL_AREA_STYLE_COLOUR('',#13925);
#14655 = OVER_RIDING_STYLED_ITEM('overriding color',(#14656),#7691,
  #13910);
#14656 = PRESENTATION_STYLE_ASSIGNMENT((#14657));
#14657 = SURFACE_STYLE_USAGE(.BOTH.,#14658);
#14658 = SURFACE_SIDE_STYLE('',(#14659));
#14659 = SURFACE_STYLE_FILL_AREA(#14660);
#14660 = FILL_AREA_STYLE('',(#14661));
#14661 = FILL_AREA_STYLE_COLOUR('',#13589);
#14662 = MECHANICAL_DESIGN_GEOMETRIC_PRESENTATION_REPRESENTATION('',(
    #14663),#9255);
#14663 = STYLED_ITEM('color',(#14664),#8965);
#14664 = PRESENTATION_STYLE_ASSIGNMENT((#14665));
#14665 = SURFACE_STYLE_USAGE(.BOTH.,#14666);
#14666 = SURFACE_SIDE_STYLE('',(#14667));
#14667 = SURFACE_STYLE_FILL_AREA(#14668);
#14668 = FILL_AREA_STYLE('',(#14669));
#14669 = FILL_AREA_STYLE_COLOUR('',#14670);
#14670 = COLOUR_RGB('',1.,1.,0.956862747054);
#14671 = MECHANICAL_DESIGN_GEOMETRIC_PRESENTATION_REPRESENTATION('',(
    #14672,#14679,#14686,#14694,#14701,#14708,#14715,#14722,#14729),
  #3268);
#14672 = STYLED_ITEM('color',(#14673),#3016);
#14673 = PRESENTATION_STYLE_ASSIGNMENT((#14674));
#14674 = SURFACE_STYLE_USAGE(.BOTH.,#14675);
#14675 = SURFACE_SIDE_STYLE('',(#14676));
#14676 = SURFACE_STYLE_FILL_AREA(#14677);
#14677 = FILL_AREA_STYLE('',(#14678));
#14678 = FILL_AREA_STYLE_COLOUR('',#13589);
#14679 = STYLED_ITEM('color',(#14680),#3048);
#14680 = PRESENTATION_STYLE_ASSIGNMENT((#14681));
#14681 = SURFACE_STYLE_USAGE(.BOTH.,#14682);
#14682 = SURFACE_SIDE_STYLE('',(#14683));
#14683 = SURFACE_STYLE_FILL_AREA(#14684);
#14684 = FILL_AREA_STYLE('',(#14685));
#14685 = FILL_AREA_STYLE_COLOUR('',#13589);
#14686 = STYLED_ITEM('color',(#14687),#3079);
#14687 = PRESENTATION_STYLE_ASSIGNMENT((#14688));
#14688 = SURFACE_STYLE_USAGE(.BOTH.,#14689);
#14689 = SURFACE_SIDE_STYLE('',(#14690));
#14690 = SURFACE_STYLE_FILL_AREA(#14691);
#14691 = FILL_AREA_STYLE('',(#14692));
#14692 = FILL_AREA_STYLE_COLOUR('',#14693);
#14693 = COLOUR_RGB('',0.119999996332,0.750000000934,0.119999996332);
#14694 = STYLED_ITEM('color',(#14695),#3129);
#14695 = PRESENTATION_STYLE_ASSIGNMENT((#14696));
#14696 = SURFACE_STYLE_USAGE(.BOTH.,#14697);
#14697 = SURFACE_SIDE_STYLE('',(#14698));
#14698 = SURFACE_STYLE_FILL_AREA(#14699);
#14699 = FILL_AREA_STYLE('',(#14700));
#14700 = FILL_AREA_STYLE_COLOUR('',#13589);
#14701 = STYLED_ITEM('color',(#14702),#3162);
#14702 = PRESENTATION_STYLE_ASSIGNMENT((#14703));
#14703 = SURFACE_STYLE_USAGE(.BOTH.,#14704);
#14704 = SURFACE_SIDE_STYLE('',(#14705));
#14705 = SURFACE_STYLE_FILL_AREA(#14706);
#14706 = FILL_AREA_STYLE('',(#14707));
#14707 = FILL_AREA_STYLE_COLOUR('',#13589);
#14708 = STYLED_ITEM('color',(#14709),#3204);
#14709 = PRESENTATION_STYLE_ASSIGNMENT((#14710));
#14710 = SURFACE_STYLE_USAGE(.BOTH.,#14711);
#14711 = SURFACE_SIDE_STYLE('',(#14712));
#14712 = SURFACE_STYLE_FILL_AREA(#14713);
#14713 = FILL_AREA_STYLE('',(#14714));
#14714 = FILL_AREA_STYLE_COLOUR('',#13589);
#14715 = STYLED_ITEM('color',(#14716),#3223);
#14716 = PRESENTATION_STYLE_ASSIGNMENT((#14717));
#14717 = SURFACE_STYLE_USAGE(.BOTH.,#14718);
#14718 = SURFACE_SIDE_STYLE('',(#14719));
#14719 = SURFACE_STYLE_FILL_AREA(#14720);
#14720 = FILL_AREA_STYLE('',(#14721));
#14721 = FILL_AREA_STYLE_COLOUR('',#13589);
#14722 = STYLED_ITEM('color',(#14723),#3240);
#14723 = PRESENTATION_STYLE_ASSIGNMENT((#14724));
#14724 = SURFACE_STYLE_USAGE(.BOTH.,#14725);
#14725 = SURFACE_SIDE_STYLE('',(#14726));
#14726 = SURFACE_STYLE_FILL_AREA(#14727);
#14727 = FILL_AREA_STYLE('',(#14728));
#14728 = FILL_AREA_STYLE_COLOUR('',#13589);
#14729 = STYLED_ITEM('color',(#14730),#3252);
#14730 = PRESENTATION_STYLE_ASSIGNMENT((#14731));
#14731 = SURFACE_STYLE_USAGE(.BOTH.,#14732);
#14732 = SURFACE_SIDE_STYLE('',(#14733));
#14733 = SURFACE_STYLE_FILL_AREA(#14734);
#14734 = FILL_AREA_STYLE('',(#14735));
#14735 = FILL_AREA_STYLE_COLOUR('',#13589);
#14736 = MECHANICAL_DESIGN_GEOMETRIC_PRESENTATION_REPRESENTATION('',(
    #14737),#4189);
#14737 = STYLED_ITEM('color',(#14738),#4039);
#14738 = PRESENTATION_STYLE_ASSIGNMENT((#14739,#14744));
#14739 = SURFACE_STYLE_USAGE(.BOTH.,#14740);
#14740 = SURFACE_SIDE_STYLE('',(#14741));
#14741 = SURFACE_STYLE_FILL_AREA(#14742);
#14742 = FILL_AREA_STYLE('',(#14743));
#14743 = FILL_AREA_STYLE_COLOUR('',#13801);
#14744 = CURVE_STYLE('',#14745,POSITIVE_LENGTH_MEASURE(0.1),#13801);
#14745 = DRAUGHTING_PRE_DEFINED_CURVE_FONT('continuous');
#14746 = MECHANICAL_DESIGN_GEOMETRIC_PRESENTATION_REPRESENTATION('',(
    #14747),#988);
#14747 = STYLED_ITEM('color',(#14748),#191);
#14748 = PRESENTATION_STYLE_ASSIGNMENT((#14749,#14755));
#14749 = SURFACE_STYLE_USAGE(.BOTH.,#14750);
#14750 = SURFACE_SIDE_STYLE('',(#14751));
#14751 = SURFACE_STYLE_FILL_AREA(#14752);
#14752 = FILL_AREA_STYLE('',(#14753));
#14753 = FILL_AREA_STYLE_COLOUR('',#14754);
#14754 = COLOUR_RGB('',0.,0.501960785193,0.);
#14755 = CURVE_STYLE('',#14756,POSITIVE_LENGTH_MEASURE(0.1),#14754);
#14756 = DRAUGHTING_PRE_DEFINED_CURVE_FONT('continuous');
#14757 = MECHANICAL_DESIGN_GEOMETRIC_PRESENTATION_REPRESENTATION('',(
    #14758,#14766,#14773,#14780,#14787,#14794,#14801,#14808,#14815,
    #14822,#14829,#14836,#14843,#14850,#14857,#14864,#14871,#14878,
    #14885,#14892,#14899,#14906),#3941);
#14758 = STYLED_ITEM('color',(#14759),#3289);
#14759 = PRESENTATION_STYLE_ASSIGNMENT((#14760));
#14760 = SURFACE_STYLE_USAGE(.BOTH.,#14761);
#14761 = SURFACE_SIDE_STYLE('',(#14762));
#14762 = SURFACE_STYLE_FILL_AREA(#14763);
#14763 = FILL_AREA_STYLE('',(#14764));
#14764 = FILL_AREA_STYLE_COLOUR('',#14765);
#14765 = COLOUR_RGB('',0.750000000934,0.750000000934,0.750000000934);
#14766 = STYLED_ITEM('color',(#14767),#3329);
#14767 = PRESENTATION_STYLE_ASSIGNMENT((#14768));
#14768 = SURFACE_STYLE_USAGE(.BOTH.,#14769);
#14769 = SURFACE_SIDE_STYLE('',(#14770));
#14770 = SURFACE_STYLE_FILL_AREA(#14771);
#14771 = FILL_AREA_STYLE('',(#14772));
#14772 = FILL_AREA_STYLE_COLOUR('',#14765);
#14773 = STYLED_ITEM('color',(#14774),#3369);
#14774 = PRESENTATION_STYLE_ASSIGNMENT((#14775));
#14775 = SURFACE_STYLE_USAGE(.BOTH.,#14776);
#14776 = SURFACE_SIDE_STYLE('',(#14777));
#14777 = SURFACE_STYLE_FILL_AREA(#14778);
#14778 = FILL_AREA_STYLE('',(#14779));
#14779 = FILL_AREA_STYLE_COLOUR('',#14765);
#14780 = STYLED_ITEM('color',(#14781),#3402);
#14781 = PRESENTATION_STYLE_ASSIGNMENT((#14782));
#14782 = SURFACE_STYLE_USAGE(.BOTH.,#14783);
#14783 = SURFACE_SIDE_STYLE('',(#14784));
#14784 = SURFACE_STYLE_FILL_AREA(#14785);
#14785 = FILL_AREA_STYLE('',(#14786));
#14786 = FILL_AREA_STYLE_COLOUR('',#14765);
#14787 = STYLED_ITEM('color',(#14788),#3442);
#14788 = PRESENTATION_STYLE_ASSIGNMENT((#14789));
#14789 = SURFACE_STYLE_USAGE(.BOTH.,#14790);
#14790 = SURFACE_SIDE_STYLE('',(#14791));
#14791 = SURFACE_STYLE_FILL_AREA(#14792);
#14792 = FILL_AREA_STYLE('',(#14793));
#14793 = FILL_AREA_STYLE_COLOUR('',#14765);
#14794 = STYLED_ITEM('color',(#14795),#3464);
#14795 = PRESENTATION_STYLE_ASSIGNMENT((#14796));
#14796 = SURFACE_STYLE_USAGE(.BOTH.,#14797);
#14797 = SURFACE_SIDE_STYLE('',(#14798));
#14798 = SURFACE_STYLE_FILL_AREA(#14799);
#14799 = FILL_AREA_STYLE('',(#14800));
#14800 = FILL_AREA_STYLE_COLOUR('',#14765);
#14801 = STYLED_ITEM('color',(#14802),#3497);
#14802 = PRESENTATION_STYLE_ASSIGNMENT((#14803));
#14803 = SURFACE_STYLE_USAGE(.BOTH.,#14804);
#14804 = SURFACE_SIDE_STYLE('',(#14805));
#14805 = SURFACE_STYLE_FILL_AREA(#14806);
#14806 = FILL_AREA_STYLE('',(#14807));
#14807 = FILL_AREA_STYLE_COLOUR('',#14765);
#14808 = STYLED_ITEM('color',(#14809),#3528);
#14809 = PRESENTATION_STYLE_ASSIGNMENT((#14810));
#14810 = SURFACE_STYLE_USAGE(.BOTH.,#14811);
#14811 = SURFACE_SIDE_STYLE('',(#14812));
#14812 = SURFACE_STYLE_FILL_AREA(#14813);
#14813 = FILL_AREA_STYLE('',(#14814));
#14814 = FILL_AREA_STYLE_COLOUR('',#14765);
#14815 = STYLED_ITEM('color',(#14816),#3620);
#14816 = PRESENTATION_STYLE_ASSIGNMENT((#14817));
#14817 = SURFACE_STYLE_USAGE(.BOTH.,#14818);
#14818 = SURFACE_SIDE_STYLE('',(#14819));
#14819 = SURFACE_STYLE_FILL_AREA(#14820);
#14820 = FILL_AREA_STYLE('',(#14821));
#14821 = FILL_AREA_STYLE_COLOUR('',#14765);
#14822 = STYLED_ITEM('color',(#14823),#3651);
#14823 = PRESENTATION_STYLE_ASSIGNMENT((#14824));
#14824 = SURFACE_STYLE_USAGE(.BOTH.,#14825);
#14825 = SURFACE_SIDE_STYLE('',(#14826));
#14826 = SURFACE_STYLE_FILL_AREA(#14827);
#14827 = FILL_AREA_STYLE('',(#14828));
#14828 = FILL_AREA_STYLE_COLOUR('',#14765);
#14829 = STYLED_ITEM('color',(#14830),#3675);
#14830 = PRESENTATION_STYLE_ASSIGNMENT((#14831));
#14831 = SURFACE_STYLE_USAGE(.BOTH.,#14832);
#14832 = SURFACE_SIDE_STYLE('',(#14833));
#14833 = SURFACE_STYLE_FILL_AREA(#14834);
#14834 = FILL_AREA_STYLE('',(#14835));
#14835 = FILL_AREA_STYLE_COLOUR('',#14765);
#14836 = STYLED_ITEM('color',(#14837),#3694);
#14837 = PRESENTATION_STYLE_ASSIGNMENT((#14838));
#14838 = SURFACE_STYLE_USAGE(.BOTH.,#14839);
#14839 = SURFACE_SIDE_STYLE('',(#14840));
#14840 = SURFACE_STYLE_FILL_AREA(#14841);
#14841 = FILL_AREA_STYLE('',(#14842));
#14842 = FILL_AREA_STYLE_COLOUR('',#14765);
#14843 = STYLED_ITEM('color',(#14844),#3719);
#14844 = PRESENTATION_STYLE_ASSIGNMENT((#14845));
#14845 = SURFACE_STYLE_USAGE(.BOTH.,#14846);
#14846 = SURFACE_SIDE_STYLE('',(#14847));
#14847 = SURFACE_STYLE_FILL_AREA(#14848);
#14848 = FILL_AREA_STYLE('',(#14849));
#14849 = FILL_AREA_STYLE_COLOUR('',#14765);
#14850 = STYLED_ITEM('color',(#14851),#3750);
#14851 = PRESENTATION_STYLE_ASSIGNMENT((#14852));
#14852 = SURFACE_STYLE_USAGE(.BOTH.,#14853);
#14853 = SURFACE_SIDE_STYLE('',(#14854));
#14854 = SURFACE_STYLE_FILL_AREA(#14855);
#14855 = FILL_AREA_STYLE('',(#14856));
#14856 = FILL_AREA_STYLE_COLOUR('',#14765);
#14857 = STYLED_ITEM('color',(#14858),#3775);
#14858 = PRESENTATION_STYLE_ASSIGNMENT((#14859));
#14859 = SURFACE_STYLE_USAGE(.BOTH.,#14860);
#14860 = SURFACE_SIDE_STYLE('',(#14861));
#14861 = SURFACE_STYLE_FILL_AREA(#14862);
#14862 = FILL_AREA_STYLE('',(#14863));
#14863 = FILL_AREA_STYLE_COLOUR('',#14765);
#14864 = STYLED_ITEM('color',(#14865),#3792);
#14865 = PRESENTATION_STYLE_ASSIGNMENT((#14866));
#14866 = SURFACE_STYLE_USAGE(.BOTH.,#14867);
#14867 = SURFACE_SIDE_STYLE('',(#14868));
#14868 = SURFACE_STYLE_FILL_AREA(#14869);
#14869 = FILL_AREA_STYLE('',(#14870));
#14870 = FILL_AREA_STYLE_COLOUR('',#14765);
#14871 = STYLED_ITEM('color',(#14872),#3832);
#14872 = PRESENTATION_STYLE_ASSIGNMENT((#14873));
#14873 = SURFACE_STYLE_USAGE(.BOTH.,#14874);
#14874 = SURFACE_SIDE_STYLE('',(#14875));
#14875 = SURFACE_STYLE_FILL_AREA(#14876);
#14876 = FILL_AREA_STYLE('',(#14877));
#14877 = FILL_AREA_STYLE_COLOUR('',#14765);
#14878 = STYLED_ITEM('color',(#14879),#3849);
#14879 = PRESENTATION_STYLE_ASSIGNMENT((#14880));
#14880 = SURFACE_STYLE_USAGE(.BOTH.,#14881);
#14881 = SURFACE_SIDE_STYLE('',(#14882));
#14882 = SURFACE_STYLE_FILL_AREA(#14883);
#14883 = FILL_AREA_STYLE('',(#14884));
#14884 = FILL_AREA_STYLE_COLOUR('',#14765);
#14885 = STYLED_ITEM('color',(#14886),#3866);
#14886 = PRESENTATION_STYLE_ASSIGNMENT((#14887));
#14887 = SURFACE_STYLE_USAGE(.BOTH.,#14888);
#14888 = SURFACE_SIDE_STYLE('',(#14889));
#14889 = SURFACE_STYLE_FILL_AREA(#14890);
#14890 = FILL_AREA_STYLE('',(#14891));
#14891 = FILL_AREA_STYLE_COLOUR('',#14765);
#14892 = STYLED_ITEM('color',(#14893),#3892);
#14893 = PRESENTATION_STYLE_ASSIGNMENT((#14894));
#14894 = SURFACE_STYLE_USAGE(.BOTH.,#14895);
#14895 = SURFACE_SIDE_STYLE('',(#14896));
#14896 = SURFACE_STYLE_FILL_AREA(#14897);
#14897 = FILL_AREA_STYLE('',(#14898));
#14898 = FILL_AREA_STYLE_COLOUR('',#14765);
#14899 = STYLED_ITEM('color',(#14900),#3910);
#14900 = PRESENTATION_STYLE_ASSIGNMENT((#14901));
#14901 = SURFACE_STYLE_USAGE(.BOTH.,#14902);
#14902 = SURFACE_SIDE_STYLE('',(#14903));
#14903 = SURFACE_STYLE_FILL_AREA(#14904);
#14904 = FILL_AREA_STYLE('',(#14905));
#14905 = FILL_AREA_STYLE_COLOUR('',#14765);
#14906 = STYLED_ITEM('color',(#14907),#3929);
#14907 = PRESENTATION_STYLE_ASSIGNMENT((#14908));
#14908 = SURFACE_STYLE_USAGE(.BOTH.,#14909);
#14909 = SURFACE_SIDE_STYLE('',(#14910));
#14910 = SURFACE_STYLE_FILL_AREA(#14911);
#14911 = FILL_AREA_STYLE('',(#14912));
#14912 = FILL_AREA_STYLE_COLOUR('',#14765);
#14913 = MECHANICAL_DESIGN_GEOMETRIC_PRESENTATION_REPRESENTATION('',(
    #14914,#14922),#8946);
#14914 = STYLED_ITEM('color',(#14915),#7838);
#14915 = PRESENTATION_STYLE_ASSIGNMENT((#14916));
#14916 = SURFACE_STYLE_USAGE(.BOTH.,#14917);
#14917 = SURFACE_SIDE_STYLE('',(#14918));
#14918 = SURFACE_STYLE_FILL_AREA(#14919);
#14919 = FILL_AREA_STYLE('',(#14920));
#14920 = FILL_AREA_STYLE_COLOUR('',#14921);
#14921 = COLOUR_RGB('',0.83137256512,0.83137256512,0.83137256512);
#14922 = STYLED_ITEM('color',(#14923),#8392);
#14923 = PRESENTATION_STYLE_ASSIGNMENT((#14924));
#14924 = SURFACE_STYLE_USAGE(.BOTH.,#14925);
#14925 = SURFACE_SIDE_STYLE('',(#14926));
#14926 = SURFACE_STYLE_FILL_AREA(#14927);
#14927 = FILL_AREA_STYLE('',(#14928));
#14928 = FILL_AREA_STYLE_COLOUR('',#14921);
#14929 = MECHANICAL_DESIGN_GEOMETRIC_PRESENTATION_REPRESENTATION('',(
    #14930,#14938),#9710);
#14930 = STYLED_ITEM('color',(#14931),#9443);
#14931 = PRESENTATION_STYLE_ASSIGNMENT((#14932));
#14932 = SURFACE_STYLE_USAGE(.BOTH.,#14933);
#14933 = SURFACE_SIDE_STYLE('',(#14934));
#14934 = SURFACE_STYLE_FILL_AREA(#14935);
#14935 = FILL_AREA_STYLE('',(#14936));
#14936 = FILL_AREA_STYLE_COLOUR('',#14937);
#14937 = COLOUR_RGB('',0.,0.501960785193,0.752941164258);
#14938 = STYLED_ITEM('color',(#14939),#9560);
#14939 = PRESENTATION_STYLE_ASSIGNMENT((#14940));
#14940 = SURFACE_STYLE_USAGE(.BOTH.,#14941);
#14941 = SURFACE_SIDE_STYLE('',(#14942));
#14942 = SURFACE_STYLE_FILL_AREA(#14943);
#14943 = FILL_AREA_STYLE('',(#14944));
#14944 = FILL_AREA_STYLE_COLOUR('',#14937);
#14945 = SHAPE_DEFINITION_REPRESENTATION(#14946,#14948);
#14946 = PROPERTY_DEFINITION('shape with specific properties',
  'properties for subshape',#14947);
#14947 = SHAPE_ASPECT('','',#7713,.F.);
#14948 = SHAPE_REPRESENTATION('',(#4237),#7707);
#14949 = PROPERTY_DEFINITION_REPRESENTATION(#14950,#14951);
#14950 = PROPERTY_DEFINITION('geometric validation property',
  'surface area',#14947);
#14951 = REPRESENTATION('surface area',(#14952),#7707);
#14952 = MEASURE_REPRESENTATION_ITEM('surface area measure',AREA_MEASURE
  (15.89952311182),#14953);
#14953 = DERIVED_UNIT((#14954));
#14954 = DERIVED_UNIT_ELEMENT(#14955,2.);
#14955 = ( LENGTH_UNIT() NAMED_UNIT(*) SI_UNIT(.MILLI.,.METRE.) );
#14956 = PROPERTY_DEFINITION_REPRESENTATION(#14957,#14958);
#14957 = PROPERTY_DEFINITION('geometric validation property','volume',
  #14947);
#14958 = REPRESENTATION('volume',(#14959),#7707);
#14959 = MEASURE_REPRESENTATION_ITEM('volume measure',VOLUME_MEASURE(
    2.902428101148),#14960);
#14960 = DERIVED_UNIT((#14961));
#14961 = DERIVED_UNIT_ELEMENT(#14962,3.);
#14962 = ( LENGTH_UNIT() NAMED_UNIT(*) SI_UNIT(.MILLI.,.METRE.) );
#14963 = PROPERTY_DEFINITION_REPRESENTATION(#14964,#14965);
#14964 = PROPERTY_DEFINITION('geometric validation property','centroid',
  #14947);
#14965 = REPRESENTATION('centroid',(#14966),#7707);
#14966 = CARTESIAN_POINT('centre point',(1.02142592756E-17,
    -7.44181747222E-17,0.300057434899));
ENDSEC;
END-ISO-10303-21;
